ISO-10303-21;
HEADER;
FILE_DESCRIPTION(('Open CASCADE Model'),'2;1');
FILE_NAME('Open CASCADE Shape Model','2026-03-28T15:05:42',('Author'),(
    'Open CASCADE'),'Open CASCADE STEP processor 7.8','build123d',
  'Unknown');
FILE_SCHEMA(('AUTOMOTIVE_DESIGN { 1 0 10303 214 1 1 1 1 }'));
ENDSEC;
DATA;
#1 = APPLICATION_PROTOCOL_DEFINITION('international standard',
  'automotive_design',2000,#2);
#2 = APPLICATION_CONTEXT(
  'core data for automotive mechanical design processes');
#3 = SHAPE_DEFINITION_REPRESENTATION(#4,#10);
#4 = PRODUCT_DEFINITION_SHAPE('','',#5);
#5 = PRODUCT_DEFINITION('design','',#6,#9);
#6 = PRODUCT_DEFINITION_FORMATION('','',#7);
#7 = PRODUCT('COMPOUND','COMPOUND','',(#8));
#8 = PRODUCT_CONTEXT('',#2,'mechanical');
#9 = PRODUCT_DEFINITION_CONTEXT('part definition',#2,'design');
#10 = ADVANCED_BREP_SHAPE_REPRESENTATION('',(#11,#15),#2792);
#11 = AXIS2_PLACEMENT_3D('',#12,#13,#14);
#12 = CARTESIAN_POINT('',(0.,0.,0.));
#13 = DIRECTION('',(0.,0.,1.));
#14 = DIRECTION('',(1.,0.,-0.));
#15 = MANIFOLD_SOLID_BREP('',#16);
#16 = CLOSED_SHELL('',(#17,#1130,#1314,#1349,#1384,#1696,#1723,#1778,
    #1832,#1952,#2007,#2080,#2127,#2175,#2202,#2256,#2294,#2329,#2384,
    #2439,#2443,#2498,#2533,#2588,#2643,#2678,#2733,#2788));
#17 = ADVANCED_FACE('',(#18,#336,#418),#64,.T.);
#18 = FACE_BOUND('',#19,.T.);
#19 = EDGE_LOOP('',(#20));
#20 = ORIENTED_EDGE('',*,*,#21,.F.);
#21 = EDGE_CURVE('',#22,#22,#24,.T.);
#22 = VERTEX_POINT('',#23);
#23 = CARTESIAN_POINT('',(1.133096589505,-2.777785470272,11.05));
#24 = SURFACE_CURVE('',#25,(#63,#254),.PCURVE_S1.);
#25 = B_SPLINE_CURVE_WITH_KNOTS('',6,(#26,#27,#28,#29,#30,#31,#32,#33,
    #34,#35,#36,#37,#38,#39,#40,#41,#42,#43,#44,#45,#46,#47,#48,#49,#50,
    #51,#52,#53,#54,#55,#56,#57,#58,#59,#60,#61,#62),.UNSPECIFIED.,.T.,
  .F.,(7,5,5,5,5,5,5,7),(1.351649950094E-16,0.78990358206,1.544583425073
    ,2.287199672738,3.082724455061,3.776167864097,4.475195199087,
    5.368527942628),.UNSPECIFIED.);
#26 = CARTESIAN_POINT('',(1.133096589505,-2.777785470272,11.05));
#27 = CARTESIAN_POINT('',(1.133096589505,-2.777785470272,11.215981770657
    ));
#28 = CARTESIAN_POINT('',(1.105707345081,-2.788958280065,11.381956824308
    ));
#29 = CARTESIAN_POINT('',(1.050490008121,-2.811491960579,11.542366290695
    ));
#30 = CARTESIAN_POINT('',(0.96923144797,-2.842191927556,11.691275039657)
  );
#31 = CARTESIAN_POINT('',(0.861093485538,-2.877089311016,11.82506616892)
  );
#32 = CARTESIAN_POINT('',(0.598733329604,-2.942613748367,12.045097881434
    ));
#33 = CARTESIAN_POINT('',(0.44463114935,-2.973846084765,12.134887666721)
  );
#34 = CARTESIAN_POINT('',(0.269110674129,-2.998462850245,12.196068345897
    ));
#35 = CARTESIAN_POINT('',(7.91775496372E-02,-3.00869248178,
    12.221583029347));
#36 = CARTESIAN_POINT('',(-0.109153605826,-3.003246987667,
    12.209303216408));
#37 = CARTESIAN_POINT('',(-0.459164420863,-2.969777593373,
    12.119250051066));
#38 = CARTESIAN_POINT('',(-0.61802991784,-2.942370041453,12.043287116559
    ));
#39 = CARTESIAN_POINT('',(-0.756205876892,-2.908274743162,
    11.941955678386));
#40 = CARTESIAN_POINT('',(-0.870474447748,-2.873643427064,
    11.821782499571));
#41 = CARTESIAN_POINT('',(-0.960762091911,-2.84285605305,11.686823571564
    ));
#42 = CARTESIAN_POINT('',(-1.096919041186,-2.793274995657,11.38917904845
    ));
#43 = CARTESIAN_POINT('',(-1.140262493875,-2.775101505491,
    11.223093238148));
#44 = CARTESIAN_POINT('',(-1.154777592623,-2.768378242588,
    11.050012371852));
#45 = CARTESIAN_POINT('',(-1.140252866476,-2.775106175868,
    10.876867577137));
#46 = CARTESIAN_POINT('',(-1.096898837956,-2.793282351749,
    10.710776881236));
#47 = CARTESIAN_POINT('',(-0.965132560504,-2.841264563556,
    10.422730364546));
#48 = CARTESIAN_POINT('',(-0.882504054864,-2.869536556506,
    10.296448121838));
#49 = CARTESIAN_POINT('',(-0.778978485454,-2.901312179424,
    10.182693620206));
#50 = CARTESIAN_POINT('',(-0.654874426868,-2.933097830507,
    10.084668094054));
#51 = CARTESIAN_POINT('',(-0.512043756036,-2.960229967514,
    10.007514282609));
#52 = CARTESIAN_POINT('',(-0.195822008599,-2.997867689462,9.904439807841
    ));
#53 = CARTESIAN_POINT('',(-2.371359548248E-02,-3.008084640514,
    9.879404880443));
#54 = CARTESIAN_POINT('',(0.15380902305,-3.005540864938,9.886387453546)
  );
#55 = CARTESIAN_POINT('',(0.323982882504,-2.989305237599,9.92572338303)
  );
#56 = CARTESIAN_POINT('',(0.478543980485,-2.96473955773,9.992463441242)
  );
#57 = CARTESIAN_POINT('',(0.783370133117,-2.901180358267,10.187782107605
    ));
#58 = CARTESIAN_POINT('',(0.922366596819,-2.859717110357,10.329570641737
    ));
#59 = CARTESIAN_POINT('',(1.026820600833,-2.82114971022,10.493269804656)
  );
#60 = CARTESIAN_POINT('',(1.097872719841,-2.792155663544,10.673446926422
    ));
#61 = CARTESIAN_POINT('',(1.133096589505,-2.777785470272,10.861803814286
    ));
#62 = CARTESIAN_POINT('',(1.133096589505,-2.777785470272,11.05));
#63 = PCURVE('',#64,#69);
#64 = CYLINDRICAL_SURFACE('',#65,3.);
#65 = AXIS2_PLACEMENT_3D('',#66,#67,#68);
#66 = CARTESIAN_POINT('',(0.,0.,8.3));
#67 = DIRECTION('',(0.,0.,1.));
#68 = DIRECTION('',(1.,0.,0.));
#69 = DEFINITIONAL_REPRESENTATION('',(#70),#253);
#70 = B_SPLINE_CURVE_WITH_KNOTS('',10,(#71,#72,#73,#74,#75,#76,#77,#78,
    #79,#80,#81,#82,#83,#84,#85,#86,#87,#88,#89,#90,#91,#92,#93,#94,#95,
    #96,#97,#98,#99,#100,#101,#102,#103,#104,#105,#106,#107,#108,#109,
    #110,#111,#112,#113,#114,#115,#116,#117,#118,#119,#120,#121,#122,
    #123,#124,#125,#126,#127,#128,#129,#130,#131,#132,#133,#134,#135,
    #136,#137,#138,#139,#140,#141,#142,#143,#144,#145,#146,#147,#148,
    #149,#150,#151,#152,#153,#154,#155,#156,#157,#158,#159,#160,#161,
    #162,#163,#164,#165,#166,#167,#168,#169,#170,#171,#172,#173,#174,
    #175,#176,#177,#178,#179,#180,#181,#182,#183,#184,#185,#186,#187,
    #188,#189,#190,#191,#192,#193,#194,#195,#196,#197,#198,#199,#200,
    #201,#202,#203,#204,#205,#206,#207,#208,#209,#210,#211,#212,#213,
    #214,#215,#216,#217,#218,#219,#220,#221,#222,#223,#224,#225,#226,
    #227,#228,#229,#230,#231,#232,#233,#234,#235,#236,#237,#238,#239,
    #240,#241,#242,#243,#244,#245,#246,#247,#248,#249,#250,#251,#252),
  .UNSPECIFIED.,.F.,.F.,(11,9,9,9,9,9,9,9,9,9,9,9,9,9,9,9,9,9,9,9,11),(
    1.351649950094E-16,0.671065992829,0.838832491036,1.006598989243,
    1.342131985657,1.509898483864,1.677664982071,2.013197978486,
    2.180964476693,2.3487309749,2.684263971314,3.019796967728,
    3.187563465936,3.355329964143,3.690862960557,3.858629458764,
    4.026395956971,4.361928953386,4.529695451593,4.6974619498,
    5.368527942628),.UNSPECIFIED.);
#71 = CARTESIAN_POINT('',(5.099698792417,2.75));
#72 = CARTESIAN_POINT('',(5.099698792417,2.834606317211));
#73 = CARTESIAN_POINT('',(5.09732677437,2.919211049569));
#74 = CARTESIAN_POINT('',(5.092566056582,3.003246041504));
#75 = CARTESIAN_POINT('',(5.085442049048,3.086129238294));
#76 = CARTESIAN_POINT('',(5.076002262403,3.167292995898));
#77 = CARTESIAN_POINT('',(5.064301698972,3.246198917693));
#78 = CARTESIAN_POINT('',(5.050393625655,3.322339217989));
#79 = CARTESIAN_POINT('',(5.034325728947,3.395224612459));
#80 = CARTESIAN_POINT('',(5.016141651814,3.464358735367));
#81 = CARTESIAN_POINT('',(4.99082447785,3.545409170745));
#82 = CARTESIAN_POINT('',(4.985635573312,3.561342254904));
#83 = CARTESIAN_POINT('',(4.980295733556,3.577048364952));
#84 = CARTESIAN_POINT('',(4.974882130155,3.592347012473));
#85 = CARTESIAN_POINT('',(4.969278792425,3.607494440594));
#86 = CARTESIAN_POINT('',(4.963559334596,3.622311648831));
#87 = CARTESIAN_POINT('',(4.957780656759,3.636666045791));
#88 = CARTESIAN_POINT('',(4.951801693259,3.650877463309));
#89 = CARTESIAN_POINT('',(4.945709036582,3.664722098013));
#90 = CARTESIAN_POINT('',(4.933261296687,3.691749358388));
#91 = CARTESIAN_POINT('',(4.926908321242,3.704926288026));
#92 = CARTESIAN_POINT('',(4.92042972928,3.717747899837));
#93 = CARTESIAN_POINT('',(4.913829176674,3.730196316331));
#94 = CARTESIAN_POINT('',(4.907110486166,3.742254399791));
#95 = CARTESIAN_POINT('',(4.90027764741,3.753905752299));
#96 = CARTESIAN_POINT('',(4.893334816918,3.765134715702));
#97 = CARTESIAN_POINT('',(4.88628631811,3.775926371647));
#98 = CARTESIAN_POINT('',(4.879136641278,3.786266541552));
#99 = CARTESIAN_POINT('',(4.857398048261,3.815892276771));
#100 = CARTESIAN_POINT('',(4.842519853451,3.833783181803));
#101 = CARTESIAN_POINT('',(4.827293009277,3.849707609644));
#102 = CARTESIAN_POINT('',(4.811758146359,3.863571275931));
#103 = CARTESIAN_POINT('',(4.795959004798,3.875293097948));
#104 = CARTESIAN_POINT('',(4.779942063225,3.884805788626));
#105 = CARTESIAN_POINT('',(4.763756167729,3.892056450455));
#106 = CARTESIAN_POINT('',(4.747452160921,3.897007169486));
#107 = CARTESIAN_POINT('',(4.731082510874,3.899635609262));
#108 = CARTESIAN_POINT('',(4.706510154792,3.900085602557));
#109 = CARTESIAN_POINT('',(4.698316228117,3.89965357391));
#110 = CARTESIAN_POINT('',(4.690125944827,3.898638681023));
#111 = CARTESIAN_POINT('',(4.681946025338,3.897041175204));
#112 = CARTESIAN_POINT('',(4.673783125804,3.894862396907));
#113 = CARTESIAN_POINT('',(4.665643838088,3.892104775718));
#114 = CARTESIAN_POINT('',(4.65753468979,3.888771830371));
#115 = CARTESIAN_POINT('',(4.649462144229,3.884868168735));
#116 = CARTESIAN_POINT('',(4.64143260045,3.880399487819));
#117 = CARTESIAN_POINT('',(4.625472185995,3.870345659728));
#118 = CARTESIAN_POINT('',(4.617547200152,3.864764044073));
#119 = CARTESIAN_POINT('',(4.609650301517,3.858618279007));
#120 = CARTESIAN_POINT('',(4.601827887681,3.851914968234));
#121 = CARTESIAN_POINT('',(4.594207095749,3.844812747235));
#122 = CARTESIAN_POINT('',(4.586482686667,3.837042800712));
#123 = CARTESIAN_POINT('',(4.579007629384,3.828910206924));
#124 = CARTESIAN_POINT('',(4.571538576507,3.820227821646));
#125 = CARTESIAN_POINT('',(4.564190228598,3.811095390463));
#126 = CARTESIAN_POINT('',(4.542424115319,3.782311428799));
#127 = CARTESIAN_POINT('',(4.528300896931,3.761284812014));
#128 = CARTESIAN_POINT('',(4.514587259404,3.738513863854));
#129 = CARTESIAN_POINT('',(4.501303657822,3.714089790596));
#130 = CARTESIAN_POINT('',(4.488468945309,3.688102027171));
#131 = CARTESIAN_POINT('',(4.476100373001,3.660638237151));
#132 = CARTESIAN_POINT('',(4.464213590075,3.631784312765));
#133 = CARTESIAN_POINT('',(4.452822643727,3.601624374882));
#134 = CARTESIAN_POINT('',(4.441939979185,3.570240773027));
#135 = CARTESIAN_POINT('',(4.42639466996,3.521450741537));
#136 = CARTESIAN_POINT('',(4.421343028494,3.5049016034));
#137 = CARTESIAN_POINT('',(4.416422686161,3.488076826036));
#138 = CARTESIAN_POINT('',(4.411634813815,3.470986564519));
#139 = CARTESIAN_POINT('',(4.406980582322,3.453640973937));
#140 = CARTESIAN_POINT('',(4.402461162527,3.436050209357));
#141 = CARTESIAN_POINT('',(4.398077725299,3.418224425868));
#142 = CARTESIAN_POINT('',(4.393831441488,3.400173778543));
#143 = CARTESIAN_POINT('',(4.389723481955,3.381908422462));
#144 = CARTESIAN_POINT('',(4.381786553157,3.344968602947));
#145 = CARTESIAN_POINT('',(4.377957363265,3.32629576473));
#146 = CARTESIAN_POINT('',(4.374267062465,3.307414867112));
#147 = CARTESIAN_POINT('',(4.37072542194,3.288407976255));
#148 = CARTESIAN_POINT('',(4.367309252159,3.269118922675));
#149 = CARTESIAN_POINT('',(4.364049144496,3.249740757327));
#150 = CARTESIAN_POINT('',(4.360948705863,3.230320042151));
#151 = CARTESIAN_POINT('',(4.357954457949,3.210531830849));
#152 = CARTESIAN_POINT('',(4.355117712933,3.190670865773));
#153 = CARTESIAN_POINT('',(4.34702601469,3.130572106551));
#154 = CARTESIAN_POINT('',(4.342201464091,3.0898826787));
#155 = CARTESIAN_POINT('',(4.337957371983,3.048641165841));
#156 = CARTESIAN_POINT('',(4.334302788662,3.006920907835));
#157 = CARTESIAN_POINT('',(4.331245271098,2.96479708103));
#158 = CARTESIAN_POINT('',(4.328790882979,2.922346698285));
#159 = CARTESIAN_POINT('',(4.326944194658,2.879648608937));
#160 = CARTESIAN_POINT('',(4.325708283201,2.836783498833));
#161 = CARTESIAN_POINT('',(4.325084732352,2.793833890307));
#162 = CARTESIAN_POINT('',(4.32506253276,2.70793439408));
#163 = CARTESIAN_POINT('',(4.325663873489,2.664981148267));
#164 = CARTESIAN_POINT('',(4.326877591458,2.62210900485));
#165 = CARTESIAN_POINT('',(4.328702118981,2.579400812234));
#166 = CARTESIAN_POINT('',(4.331134383984,2.536937667149));
#167 = CARTESIAN_POINT('',(4.334169809988,2.49479891463));
#168 = CARTESIAN_POINT('',(4.337802316131,2.453062148041));
#169 = CARTESIAN_POINT('',(4.342024317144,2.411803209051));
#170 = CARTESIAN_POINT('',(4.346826723371,2.371096187652));
#171 = CARTESIAN_POINT('',(4.354885049449,2.310972039398));
#172 = CARTESIAN_POINT('',(4.357711158474,2.291100359417));
#173 = CARTESIAN_POINT('',(4.3606914944,2.271316816836));
#174 = CARTESIAN_POINT('',(4.363786048005,2.251861739443));
#175 = CARTESIAN_POINT('',(4.367032431643,2.232489269684));
#176 = CARTESIAN_POINT('',(4.37043232985,2.213216541031));
#177 = CARTESIAN_POINT('',(4.373963602234,2.194194192424));
#178 = CARTESIAN_POINT('',(4.377637462826,2.175328476928));
#179 = CARTESIAN_POINT('',(4.381451516156,2.15666125132));
#180 = CARTESIAN_POINT('',(4.389356034846,2.119738789093));
#181 = CARTESIAN_POINT('',(4.393447035856,2.101483142581));
#182 = CARTESIAN_POINT('',(4.397675633951,2.08344282604));
#183 = CARTESIAN_POINT('',(4.402040684563,2.065627584844));
#184 = CARTESIAN_POINT('',(4.406541043104,2.048047164359));
#185 = CARTESIAN_POINT('',(4.411175565013,2.030711309961));
#186 = CARTESIAN_POINT('',(4.415943105701,2.013629767017));
#187 = CARTESIAN_POINT('',(4.420842520602,1.996812280901));
#188 = CARTESIAN_POINT('',(4.425872665134,1.980268596982));
#189 = CARTESIAN_POINT('',(4.441351853903,1.931488187929));
#190 = CARTESIAN_POINT('',(4.452188374571,1.900102517913));
#191 = CARTESIAN_POINT('',(4.463531646469,1.869929848254));
#192 = CARTESIAN_POINT('',(4.475370013494,1.841050849369));
#193 = CARTESIAN_POINT('',(4.487690473687,1.813548464411));
#194 = CARTESIAN_POINT('',(4.500478679258,1.787507909285));
#195 = CARTESIAN_POINT('',(4.513718936552,1.763016672631));
#196 = CARTESIAN_POINT('',(4.527394206082,1.740164515836));
#197 = CARTESIAN_POINT('',(4.541486102505,1.719043473027));
#198 = CARTESIAN_POINT('',(4.563219290699,1.6901000401));
#199 = CARTESIAN_POINT('',(4.570558645374,1.680912127439));
#200 = CARTESIAN_POINT('',(4.578019613194,1.672169832296));
#201 = CARTESIAN_POINT('',(4.585512867175,1.663963580934));
#202 = CARTESIAN_POINT('',(4.593165029294,1.656183814441));
#203 = CARTESIAN_POINT('',(4.600909163144,1.648908252025));
#204 = CARTESIAN_POINT('',(4.608661720515,1.642221515028));
#205 = CARTESIAN_POINT('',(4.61652862078,1.636020815996));
#206 = CARTESIAN_POINT('',(4.624439443123,1.630382658557));
#207 = CARTESIAN_POINT('',(4.64037361407,1.620206697033));
#208 = CARTESIAN_POINT('',(4.648394633079,1.615671606414));
#209 = CARTESIAN_POINT('',(4.656462878423,1.61169755866));
#210 = CARTESIAN_POINT('',(4.664571590313,1.608291520983));
#211 = CARTESIAN_POINT('',(4.67271395644,1.6054592751));
#212 = CARTESIAN_POINT('',(4.68088311188,1.603205417211));
#213 = CARTESIAN_POINT('',(4.689072139202,1.601533358027));
#214 = CARTESIAN_POINT('',(4.697274068365,1.60044532274));
#215 = CARTESIAN_POINT('',(4.705481876798,1.599942351049));
#216 = CARTESIAN_POINT('',(4.730101714461,1.600188189334));
#217 = CARTESIAN_POINT('',(4.74651066276,1.602691647822));
#218 = CARTESIAN_POINT('',(4.762859556473,1.607533941066));
#219 = CARTESIAN_POINT('',(4.779093633291,1.614695342376));
#220 = CARTESIAN_POINT('',(4.795159526159,1.624137692213));
#221 = CARTESIAN_POINT('',(4.811005643034,1.63580496048));
#222 = CARTESIAN_POINT('',(4.826582546668,1.649623808823));
#223 = CARTESIAN_POINT('',(4.841843334381,1.66550415292));
#224 = CARTESIAN_POINT('',(4.856744017829,1.683339724778));
#225 = CARTESIAN_POINT('',(4.878493845264,1.71284309016));
#226 = CARTESIAN_POINT('',(4.885645668514,1.723139612229));
#227 = CARTESIAN_POINT('',(4.892683826852,1.733865092838));
#228 = CARTESIAN_POINT('',(4.899621443986,1.745033656458));
#229 = CARTESIAN_POINT('',(4.906446333461,1.756617593308));
#230 = CARTESIAN_POINT('',(4.913141211651,1.768576573168));
#231 = CARTESIAN_POINT('',(4.919706778856,1.780897099341));
#232 = CARTESIAN_POINT('',(4.926156355796,1.793590769052));
#233 = CARTESIAN_POINT('',(4.932490774311,1.806656513554));
#234 = CARTESIAN_POINT('',(4.944913691386,1.833480683089));
#235 = CARTESIAN_POINT('',(4.951004102162,1.84724303769));
#236 = CARTESIAN_POINT('',(4.956972439812,1.861345314016));
#237 = CARTESIAN_POINT('',(4.962817702836,1.87577741022));
#238 = CARTESIAN_POINT('',(4.968538913587,1.890529470706));
#239 = CARTESIAN_POINT('',(4.974135118291,1.905591886144));
#240 = CARTESIAN_POINT('',(4.979605387025,1.920955293454));
#241 = CARTESIAN_POINT('',(4.984948813734,1.93661057582));
#242 = CARTESIAN_POINT('',(4.990164516221,1.952548862678));
#243 = CARTESIAN_POINT('',(5.015600115869,2.033612197918));
#244 = CARTESIAN_POINT('',(5.03389107788,2.102851595849));
#245 = CARTESIAN_POINT('',(5.050067981102,2.17591900078));
#246 = CARTESIAN_POINT('',(5.064076299922,2.252291263307));
#247 = CARTESIAN_POINT('',(5.075860033824,2.331454135247));
#248 = CARTESIAN_POINT('',(5.085361988085,2.412882457791));
#249 = CARTESIAN_POINT('',(5.092527825308,2.496029209838));
#250 = CARTESIAN_POINT('',(5.09731388807,2.580323416615));
#251 = CARTESIAN_POINT('',(5.099698792417,2.665176918482));
#252 = CARTESIAN_POINT('',(5.099698792417,2.75));
#253 = ( GEOMETRIC_REPRESENTATION_CONTEXT(2) 
PARAMETRIC_REPRESENTATION_CONTEXT() REPRESENTATION_CONTEXT('2D SPACE',''
  ) );
#254 = PCURVE('',#255,#330);
#255 = B_SPLINE_SURFACE_WITH_KNOTS('',1,6,(
    (#256,#257,#258,#259,#260,#261,#262,#263,#264,#265,#266,#267,#268
      ,#269,#270,#271,#272,#273,#274,#275,#276,#277,#278,#279,#280,#281
      ,#282,#283,#284,#285,#286,#287,#288,#289,#290,#291,#292)
    ,(#293,#294,#295,#296,#297,#298,#299,#300,#301,#302,#303,#304,#305
      ,#306,#307,#308,#309,#310,#311,#312,#313,#314,#315,#316,#317,#318
      ,#319,#320,#321,#322,#323,#324,#325,#326,#327,#328,#329
  )),.UNSPECIFIED.,.F.,.T.,.F.,(2,2),(7,5,5,5,5,5,5,7),(0.,
    5.368527942628),(1.351649950094E-16,0.78990358206,1.544583425073,
    2.287199672738,3.082724455061,3.776167864097,4.475195199087,
    5.368527942628),.UNSPECIFIED.);
#256 = CARTESIAN_POINT('',(1.133096589505,-2.777785470272,11.05));
#257 = CARTESIAN_POINT('',(1.133096589505,-2.777785470272,
    11.215981770657));
#258 = CARTESIAN_POINT('',(1.105707345081,-2.788958280065,
    11.381956824308));
#259 = CARTESIAN_POINT('',(1.050490008121,-2.811491960579,
    11.542366290695));
#260 = CARTESIAN_POINT('',(0.96923144797,-2.842191927556,11.691275039657
    ));
#261 = CARTESIAN_POINT('',(0.861093485538,-2.877089311016,11.82506616892
    ));
#262 = CARTESIAN_POINT('',(0.598733329604,-2.942613748367,
    12.045097881434));
#263 = CARTESIAN_POINT('',(0.44463114935,-2.973846084765,12.134887666721
    ));
#264 = CARTESIAN_POINT('',(0.269110674129,-2.998462850245,
    12.196068345897));
#265 = CARTESIAN_POINT('',(7.91775496372E-02,-3.00869248178,
    12.221583029347));
#266 = CARTESIAN_POINT('',(-0.109153605826,-3.003246987667,
    12.209303216408));
#267 = CARTESIAN_POINT('',(-0.459164420863,-2.969777593373,
    12.119250051066));
#268 = CARTESIAN_POINT('',(-0.61802991784,-2.942370041453,
    12.043287116559));
#269 = CARTESIAN_POINT('',(-0.756205876892,-2.908274743162,
    11.941955678386));
#270 = CARTESIAN_POINT('',(-0.870474447748,-2.873643427064,
    11.821782499571));
#271 = CARTESIAN_POINT('',(-0.960762091911,-2.84285605305,
    11.686823571564));
#272 = CARTESIAN_POINT('',(-1.096919041186,-2.793274995657,
    11.38917904845));
#273 = CARTESIAN_POINT('',(-1.140262493875,-2.775101505491,
    11.223093238148));
#274 = CARTESIAN_POINT('',(-1.154777592623,-2.768378242588,
    11.050012371852));
#275 = CARTESIAN_POINT('',(-1.140252866476,-2.775106175868,
    10.876867577137));
#276 = CARTESIAN_POINT('',(-1.096898837956,-2.793282351749,
    10.710776881236));
#277 = CARTESIAN_POINT('',(-0.965132560504,-2.841264563556,
    10.422730364546));
#278 = CARTESIAN_POINT('',(-0.882504054864,-2.869536556506,
    10.296448121838));
#279 = CARTESIAN_POINT('',(-0.778978485454,-2.901312179424,
    10.182693620206));
#280 = CARTESIAN_POINT('',(-0.654874426868,-2.933097830507,
    10.084668094054));
#281 = CARTESIAN_POINT('',(-0.512043756036,-2.960229967514,
    10.007514282609));
#282 = CARTESIAN_POINT('',(-0.195822008599,-2.997867689462,
    9.904439807841));
#283 = CARTESIAN_POINT('',(-2.371359548248E-02,-3.008084640514,
    9.879404880443));
#284 = CARTESIAN_POINT('',(0.15380902305,-3.005540864938,9.886387453546)
  );
#285 = CARTESIAN_POINT('',(0.323982882504,-2.989305237599,9.92572338303)
  );
#286 = CARTESIAN_POINT('',(0.478543980485,-2.96473955773,9.992463441242)
  );
#287 = CARTESIAN_POINT('',(0.783370133117,-2.901180358267,
    10.187782107605));
#288 = CARTESIAN_POINT('',(0.922366596819,-2.859717110357,
    10.329570641737));
#289 = CARTESIAN_POINT('',(1.026820600833,-2.82114971022,10.493269804656
    ));
#290 = CARTESIAN_POINT('',(1.097872719841,-2.792155663544,
    10.673446926422));
#291 = CARTESIAN_POINT('',(1.133096589505,-2.777785470272,
    10.861803814286));
#292 = CARTESIAN_POINT('',(1.133096589505,-2.777785470272,11.05));
#293 = CARTESIAN_POINT('',(0.85,-2.577064476163,11.05));
#294 = CARTESIAN_POINT('',(0.85,-2.577064476163,11.184026292275));
#295 = CARTESIAN_POINT('',(0.824611525641,-2.583845883533,
    11.318040906307));
#296 = CARTESIAN_POINT('',(0.774015522395,-2.597434133188,
    11.445051452113));
#297 = CARTESIAN_POINT('',(0.700926016788,-2.61578234872,11.55798033483)
  );
#298 = CARTESIAN_POINT('',(0.612275014206,-2.635346946647,
    11.653584864493));
#299 = CARTESIAN_POINT('',(0.409872937157,-2.671093909898,
    11.804813738301));
#300 = CARTESIAN_POINT('',(0.297566438482,-2.687393284495,
    11.862035570151));
#301 = CARTESIAN_POINT('',(0.176064218095,-2.6993069167,11.897706160061)
  );
#302 = CARTESIAN_POINT('',(5.346631631131E-02,-2.704157397059,
    11.912734053351));
#303 = CARTESIAN_POINT('',(-7.174126077744E-02,-2.701652443032,
    11.905838661884));
#304 = CARTESIAN_POINT('',(-0.309325909665,-2.684968332541,
    11.85090261897));
#305 = CARTESIAN_POINT('',(-0.422692554967,-2.67094674254,
    11.803396960535));
#306 = CARTESIAN_POINT('',(-0.526533927357,-2.653061318728,
    11.737338409287));
#307 = CARTESIAN_POINT('',(-0.619905073578,-2.633503026165,
    11.652755168508));
#308 = CARTESIAN_POINT('',(-0.696526870136,-2.615744531139,
    11.552955110142));
#309 = CARTESIAN_POINT('',(-0.815911391059,-2.586517308941,
    11.323324324401));
#310 = CARTESIAN_POINT('',(-0.855964691546,-2.575544450814,
    11.191500958808));
#311 = CARTESIAN_POINT('',(-0.87108121653,-2.571200503544,
    11.049998832582));
#312 = CARTESIAN_POINT('',(-0.855988406353,-2.575542746016,
    10.908505179447));
#313 = CARTESIAN_POINT('',(-0.815878868583,-2.586525364214,
    10.776613195839));
#314 = CARTESIAN_POINT('',(-0.70037201543,-2.614803097361,
    10.554440788788));
#315 = CARTESIAN_POINT('',(-0.630085652714,-2.631136740293,
    10.460766995947));
#316 = CARTESIAN_POINT('',(-0.545314690738,-2.64911207463,10.37999965247
    ));
#317 = CARTESIAN_POINT('',(-0.45041589287,-2.666066622262,
    10.315006107227));
#318 = CARTESIAN_POINT('',(-0.347238338497,-2.680075917514,
    10.265974736934));
#319 = CARTESIAN_POINT('',(-0.129456795206,-2.699044068376,
    10.202227917332));
#320 = CARTESIAN_POINT('',(-1.439549502868E-02,-2.703947035941,
    10.18772082542));
#321 = CARTESIAN_POINT('',(0.100394299719,-2.70262270881,10.192249626632
    ));
#322 = CARTESIAN_POINT('',(0.214653462204,-2.694990058637,
    10.214543767416));
#323 = CARTESIAN_POINT('',(0.323348140856,-2.682522270065,
    10.255659628023));
#324 = CARTESIAN_POINT('',(0.549000338669,-2.648799277073,10.38488330167
    ));
#325 = CARTESIAN_POINT('',(0.659624652012,-2.626085911892,
    10.482834930034));
#326 = CARTESIAN_POINT('',(0.752061450175,-2.603323465807,
    10.604089434861));
#327 = CARTESIAN_POINT('',(0.817400662712,-2.585771047826,
    10.745955502799));
#328 = CARTESIAN_POINT('',(0.85,-2.577064476163,10.898036191529));
#329 = CARTESIAN_POINT('',(0.85,-2.577064476163,11.05));
#330 = DEFINITIONAL_REPRESENTATION('',(#331),#335);
#331 = LINE('',#332,#333);
#332 = CARTESIAN_POINT('',(0.,0.));
#333 = VECTOR('',#334,1.);
#334 = DIRECTION('',(0.,1.));
#335 = ( GEOMETRIC_REPRESENTATION_CONTEXT(2) 
PARAMETRIC_REPRESENTATION_CONTEXT() REPRESENTATION_CONTEXT('2D SPACE',''
  ) );
#336 = FACE_BOUND('',#337,.T.);
#337 = EDGE_LOOP('',(#338,#363,#390,#391));
#338 = ORIENTED_EDGE('',*,*,#339,.T.);
#339 = EDGE_CURVE('',#340,#342,#344,.T.);
#340 = VERTEX_POINT('',#341);
#341 = CARTESIAN_POINT('',(3.,-7.347880794884E-16,8.3));
#342 = VERTEX_POINT('',#343);
#343 = CARTESIAN_POINT('',(3.,-7.347880794884E-16,13.8));
#344 = SEAM_CURVE('',#345,(#349,#356),.PCURVE_S1.);
#345 = LINE('',#346,#347);
#346 = CARTESIAN_POINT('',(3.,-7.347880794884E-16,8.3));
#347 = VECTOR('',#348,1.);
#348 = DIRECTION('',(0.,0.,1.));
#349 = PCURVE('',#64,#350);
#350 = DEFINITIONAL_REPRESENTATION('',(#351),#355);
#351 = LINE('',#352,#353);
#352 = CARTESIAN_POINT('',(6.28318530718,-0.));
#353 = VECTOR('',#354,1.);
#354 = DIRECTION('',(0.,1.));
#355 = ( GEOMETRIC_REPRESENTATION_CONTEXT(2) 
PARAMETRIC_REPRESENTATION_CONTEXT() REPRESENTATION_CONTEXT('2D SPACE',''
  ) );
#356 = PCURVE('',#64,#357);
#357 = DEFINITIONAL_REPRESENTATION('',(#358),#362);
#358 = LINE('',#359,#360);
#359 = CARTESIAN_POINT('',(0.,-0.));
#360 = VECTOR('',#361,1.);
#361 = DIRECTION('',(0.,1.));
#362 = ( GEOMETRIC_REPRESENTATION_CONTEXT(2) 
PARAMETRIC_REPRESENTATION_CONTEXT() REPRESENTATION_CONTEXT('2D SPACE',''
  ) );
#363 = ORIENTED_EDGE('',*,*,#364,.F.);
#364 = EDGE_CURVE('',#342,#342,#365,.T.);
#365 = SURFACE_CURVE('',#366,(#371,#378),.PCURVE_S1.);
#366 = CIRCLE('',#367,3.);
#367 = AXIS2_PLACEMENT_3D('',#368,#369,#370);
#368 = CARTESIAN_POINT('',(0.,0.,13.8));
#369 = DIRECTION('',(0.,0.,1.));
#370 = DIRECTION('',(1.,0.,0.));
#371 = PCURVE('',#64,#372);
#372 = DEFINITIONAL_REPRESENTATION('',(#373),#377);
#373 = LINE('',#374,#375);
#374 = CARTESIAN_POINT('',(0.,5.5));
#375 = VECTOR('',#376,1.);
#376 = DIRECTION('',(1.,0.));
#377 = ( GEOMETRIC_REPRESENTATION_CONTEXT(2) 
PARAMETRIC_REPRESENTATION_CONTEXT() REPRESENTATION_CONTEXT('2D SPACE',''
  ) );
#378 = PCURVE('',#379,#384);
#379 = PLANE('',#380);
#380 = AXIS2_PLACEMENT_3D('',#381,#382,#383);
#381 = CARTESIAN_POINT('',(0.,0.,13.8));
#382 = DIRECTION('',(0.,0.,1.));
#383 = DIRECTION('',(1.,0.,0.));
#384 = DEFINITIONAL_REPRESENTATION('',(#385),#389);
#385 = CIRCLE('',#386,3.);
#386 = AXIS2_PLACEMENT_2D('',#387,#388);
#387 = CARTESIAN_POINT('',(0.,0.));
#388 = DIRECTION('',(1.,0.));
#389 = ( GEOMETRIC_REPRESENTATION_CONTEXT(2) 
PARAMETRIC_REPRESENTATION_CONTEXT() REPRESENTATION_CONTEXT('2D SPACE',''
  ) );
#390 = ORIENTED_EDGE('',*,*,#339,.F.);
#391 = ORIENTED_EDGE('',*,*,#392,.T.);
#392 = EDGE_CURVE('',#340,#340,#393,.T.);
#393 = SURFACE_CURVE('',#394,(#399,#406),.PCURVE_S1.);
#394 = CIRCLE('',#395,3.);
#395 = AXIS2_PLACEMENT_3D('',#396,#397,#398);
#396 = CARTESIAN_POINT('',(0.,0.,8.3));
#397 = DIRECTION('',(0.,0.,1.));
#398 = DIRECTION('',(1.,0.,0.));
#399 = PCURVE('',#64,#400);
#400 = DEFINITIONAL_REPRESENTATION('',(#401),#405);
#401 = LINE('',#402,#403);
#402 = CARTESIAN_POINT('',(0.,0.));
#403 = VECTOR('',#404,1.);
#404 = DIRECTION('',(1.,0.));
#405 = ( GEOMETRIC_REPRESENTATION_CONTEXT(2) 
PARAMETRIC_REPRESENTATION_CONTEXT() REPRESENTATION_CONTEXT('2D SPACE',''
  ) );
#406 = PCURVE('',#407,#412);
#407 = PLANE('',#408);
#408 = AXIS2_PLACEMENT_3D('',#409,#410,#411);
#409 = CARTESIAN_POINT('',(0.,0.,8.3));
#410 = DIRECTION('',(0.,0.,1.));
#411 = DIRECTION('',(1.,0.,0.));
#412 = DEFINITIONAL_REPRESENTATION('',(#413),#417);
#413 = CIRCLE('',#414,3.);
#414 = AXIS2_PLACEMENT_2D('',#415,#416);
#415 = CARTESIAN_POINT('',(0.,0.));
#416 = DIRECTION('',(1.,0.));
#417 = ( GEOMETRIC_REPRESENTATION_CONTEXT(2) 
PARAMETRIC_REPRESENTATION_CONTEXT() REPRESENTATION_CONTEXT('2D SPACE',''
  ) );
#418 = FACE_BOUND('',#419,.T.);
#419 = EDGE_LOOP('',(#420));
#420 = ORIENTED_EDGE('',*,*,#421,.T.);
#421 = EDGE_CURVE('',#422,#422,#424,.T.);
#422 = VERTEX_POINT('',#423);
#423 = CARTESIAN_POINT('',(1.133096589505,2.777785470272,11.05));
#424 = SURFACE_CURVE('',#425,(#584,#806),.PCURVE_S1.);
#425 = B_SPLINE_CURVE_WITH_KNOTS('',14,(#426,#427,#428,#429,#430,#431,
    #432,#433,#434,#435,#436,#437,#438,#439,#440,#441,#442,#443,#444,
    #445,#446,#447,#448,#449,#450,#451,#452,#453,#454,#455,#456,#457,
    #458,#459,#460,#461,#462,#463,#464,#465,#466,#467,#468,#469,#470,
    #471,#472,#473,#474,#475,#476,#477,#478,#479,#480,#481,#482,#483,
    #484,#485,#486,#487,#488,#489,#490,#491,#492,#493,#494,#495,#496,
    #497,#498,#499,#500,#501,#502,#503,#504,#505,#506,#507,#508,#509,
    #510,#511,#512,#513,#514,#515,#516,#517,#518,#519,#520,#521,#522,
    #523,#524,#525,#526,#527,#528,#529,#530,#531,#532,#533,#534,#535,
    #536,#537,#538,#539,#540,#541,#542,#543,#544,#545,#546,#547,#548,
    #549,#550,#551,#552,#553,#554,#555,#556,#557,#558,#559,#560,#561,
    #562,#563,#564,#565,#566,#567,#568,#569,#570,#571,#572,#573,#574,
    #575,#576,#577,#578,#579,#580,#581,#582,#583),.UNSPECIFIED.,.T.,.F.,
  (15,13,13,13,13,13,13,13,13,13,13,13,15),(2.19191185995E-15,
    0.700675986621,1.413221607133,2.042871561598,2.756838006366,
    3.522978211354,4.254954344591,4.81174114249,5.09013454144,
    5.229331240914,5.298929590652,5.33372876552,5.368527940389),
  .UNSPECIFIED.);
#426 = CARTESIAN_POINT('',(1.133096589505,2.777785470272,11.05));
#427 = CARTESIAN_POINT('',(1.133096589505,2.777785470273,11.112631081906
    ));
#428 = CARTESIAN_POINT('',(1.129598538931,2.779211880354,11.175238090012
    ));
#429 = CARTESIAN_POINT('',(1.122585109085,2.782073273567,11.237576983284
    ));
#430 = CARTESIAN_POINT('',(1.112075154372,2.78633979012,11.299393351547)
  );
#431 = CARTESIAN_POINT('',(1.098113619609,2.791949392687,11.3604323083)
  );
#432 = CARTESIAN_POINT('',(1.080763189663,2.798813528082,11.420446479745
    ));
#433 = CARTESIAN_POINT('',(1.06009768275,2.806822197253,11.479202094697)
  );
#434 = CARTESIAN_POINT('',(1.036197185368,2.815848430733,11.536483168811
    ));
#435 = CARTESIAN_POINT('',(1.009144931479,2.825752173073,11.592093790753
    ));
#436 = CARTESIAN_POINT('',(0.979025923048,2.836383572591,11.645858503054
    ));
#437 = CARTESIAN_POINT('',(0.945927294694,2.847585679666,11.697620783181
    ));
#438 = CARTESIAN_POINT('',(0.909940420194,2.859196551174,11.747239621644
    ));
#439 = CARTESIAN_POINT('',(0.871164762426,2.87105076256,11.794584198251)
  );
#440 = CARTESIAN_POINT('',(0.787559973414,2.895111980949,11.885230452006
    ));
#441 = CARTESIAN_POINT('',(0.742169259669,2.907453334759,11.928951407791
    ));
#442 = CARTESIAN_POINT('',(0.693617432817,2.919820848824,11.970366175615
    ));
#443 = CARTESIAN_POINT('',(0.641992304786,2.932013910194,12.00917818549)
  );
#444 = CARTESIAN_POINT('',(0.587405684268,2.94382041618,12.045110062402)
  );
#445 = CARTESIAN_POINT('',(0.530002670188,2.955022627758,12.077898412843
    ));
#446 = CARTESIAN_POINT('',(0.469967946436,2.96540329756,12.107291000719)
  );
#447 = CARTESIAN_POINT('',(0.407529076474,2.97475206475,12.133046282749)
  );
#448 = CARTESIAN_POINT('',(0.342956799663,2.982872126823,12.154935342347
    ));
#449 = CARTESIAN_POINT('',(0.276562327226,2.989587177137,12.172746178433
    ));
#450 = CARTESIAN_POINT('',(0.208691639854,2.994748618914,12.186290391054
    ));
#451 = CARTESIAN_POINT('',(0.139716785309,2.998243046819,12.195412229066
    ));
#452 = CARTESIAN_POINT('',(7.00241771685E-02,3.000000002475,
    12.200000024738));
#453 = CARTESIAN_POINT('',(-6.18779498651E-02,2.999999997813,
    12.199999978139));
#454 = CARTESIAN_POINT('',(-0.123790378799,2.998625899086,
    12.196402204721));
#455 = CARTESIAN_POINT('',(-0.185463065923,2.995874144224,
    12.189217827253));
#456 = CARTESIAN_POINT('',(-0.246628203951,2.991768907131,
    12.178468245605));
#457 = CARTESIAN_POINT('',(-0.307027596744,2.986359799335,
    12.164187811015));
#458 = CARTESIAN_POINT('',(-0.36641494599,2.979719586177,12.146425824971
    ));
#459 = CARTESIAN_POINT('',(-0.424557332391,2.971941910058,
    12.125247819653));
#460 = CARTESIAN_POINT('',(-0.481235892284,2.963139028485,
    12.100736148072));
#461 = CARTESIAN_POINT('',(-0.536245688442,2.953439556761,
    12.072989847127));
#462 = CARTESIAN_POINT('',(-0.589394776493,2.942986226721,
    12.042123814822));
#463 = CARTESIAN_POINT('',(-0.64050246555,2.931933650502,12.008267261803
    ));
#464 = CARTESIAN_POINT('',(-0.689396774232,2.920446098512,11.97156147041
    ));
#465 = CARTESIAN_POINT('',(-0.735911081229,2.908695285034,11.93215683742
    ));
#466 = CARTESIAN_POINT('',(-0.829736739179,2.883435936041,
    11.842644382454));
#467 = CARTESIAN_POINT('',(-0.875950539496,2.870003890597,
    11.792169602855));
#468 = CARTESIAN_POINT('',(-0.918470876162,2.856793625741,
    11.739063975611));
#469 = CARTESIAN_POINT('',(-0.95725158292,2.844028267958,11.68358679438)
  );
#470 = CARTESIAN_POINT('',(-0.99225173926,2.83191885218,11.62598273711)
  );
#471 = CARTESIAN_POINT('',(-1.023436234683,2.820661084959,
    11.566486499186));
#472 = CARTESIAN_POINT('',(-1.050775982109,2.810432497293,
    11.505326892718));
#473 = CARTESIAN_POINT('',(-1.074247778585,2.801389979179,
    11.442730375786));
#474 = CARTESIAN_POINT('',(-1.093833815768,2.793667706513,
    11.378924060307));
#475 = CARTESIAN_POINT('',(-1.109520837342,2.787375448147,
    11.314138142425));
#476 = CARTESIAN_POINT('',(-1.121298946167,2.782597265125,
    11.248607811053));
#477 = CARTESIAN_POINT('',(-1.129160058792,2.779390591923,
    11.182574587117));
#478 = CARTESIAN_POINT('',(-1.133096009052,2.777785707047,
    11.116287128171));
#479 = CARTESIAN_POINT('',(-1.13309661156,2.777785461275,10.978871940173
    ));
#480 = CARTESIAN_POINT('',(-1.128582050008,2.779626621086,
    10.907741286992));
#481 = CARTESIAN_POINT('',(-1.119530629508,2.783319466157,
    10.836912753055));
#482 = CARTESIAN_POINT('',(-1.105949547247,2.788824484201,
    10.766696700743));
#483 = CARTESIAN_POINT('',(-1.087863540354,2.796059363531,
    10.697402349451));
#484 = CARTESIAN_POINT('',(-1.065305498574,2.804905169719,
    10.629331954764));
#485 = CARTESIAN_POINT('',(-1.038309333782,2.815211591151,
    10.562777451501));
#486 = CARTESIAN_POINT('',(-1.006905104149,2.826801248179,
    10.498019536654));
#487 = CARTESIAN_POINT('',(-0.971116395845,2.839473072915,
    10.435329224433));
#488 = CARTESIAN_POINT('',(-0.930959959028,2.853004751683,10.37497183653
    ));
#489 = CARTESIAN_POINT('',(-0.88644760127,2.867154237886,10.317213463805
    ));
#490 = CARTESIAN_POINT('',(-0.837590335792,2.881660328825,
    10.262329868927));
#491 = CARTESIAN_POINT('',(-0.784404786386,2.896242311065,
    10.210617851856));
#492 = CARTESIAN_POINT('',(-0.672002214667,2.924314846774,
    10.116350026039));
#493 = CARTESIAN_POINT('',(-0.612808276396,2.937903239126,
    10.073217805949));
#494 = CARTESIAN_POINT('',(-0.549589374077,2.951043046793,
    10.033597055651));
#495 = CARTESIAN_POINT('',(-0.482629627785,2.963385074063,9.998023762095
    ));
#496 = CARTESIAN_POINT('',(-0.412268438518,2.974576383492,9.966979102952
    ));
#497 = CARTESIAN_POINT('',(-0.338913906016,2.984282023235,9.940883417424
    ));
#498 = CARTESIAN_POINT('',(-0.263049163113,2.992203834397,9.920090312392
    ));
#499 = CARTESIAN_POINT('',(-0.185231625736,2.998096331085,9.904880874076
    ));
#500 = CARTESIAN_POINT('',(-0.106085159709,3.00177966259,9.895458024266)
  );
#501 = CARTESIAN_POINT('',(-2.628516308254E-02,3.003149647278,
    9.891940977221));
#502 = CARTESIAN_POINT('',(5.346343480463E-02,3.002184888137,
    9.894359839851));
#503 = CARTESIAN_POINT('',(0.132455258508,2.998950961758,9.90265031938)
  );
#504 = CARTESIAN_POINT('',(0.210020655229,2.993601686632,9.916648564495)
  );
#505 = CARTESIAN_POINT('',(0.343035700673,2.980882274246,9.950871546193)
  );
#506 = CARTESIAN_POINT('',(0.398937390112,2.974333471386,9.96872078747)
  );
#507 = CARTESIAN_POINT('',(0.453149147926,2.96684401174,9.989455051606)
  );
#508 = CARTESIAN_POINT('',(0.505561200383,2.958531786097,10.012905906031
    ));
#509 = CARTESIAN_POINT('',(0.556077795168,2.94951830936,10.038914316158)
  );
#510 = CARTESIAN_POINT('',(0.604616129083,2.939927409128,10.067329687037
    ));
#511 = CARTESIAN_POINT('',(0.651105274931,2.92988391064,10.098008892712)
  );
#512 = CARTESIAN_POINT('',(0.695485109593,2.919512327078,10.130815323563
    ));
#513 = CARTESIAN_POINT('',(0.737705240619,2.908935543165,10.16561791131)
  );
#514 = CARTESIAN_POINT('',(0.777723934403,2.898273505936,10.202290177719
    ));
#515 = CARTESIAN_POINT('',(0.815507042907,2.887641908933,10.240709261788
    ));
#516 = CARTESIAN_POINT('',(0.851026931529,2.877150881561,10.280754963621
    ));
#517 = CARTESIAN_POINT('',(0.884261406199,2.866903674992,10.322308777312
    ));
#518 = CARTESIAN_POINT('',(0.930658258273,2.852041187529,10.386725006202
    ));
#519 = CARTESIAN_POINT('',(0.945547471191,2.847171997353,10.408544671522
    ));
#520 = CARTESIAN_POINT('',(0.959857765625,2.842400282329,10.430697776459
    ));
#521 = CARTESIAN_POINT('',(0.973586743935,2.837738075803,10.453170073366
    ));
#522 = CARTESIAN_POINT('',(0.986732125026,2.833196941863,10.475947216415
    ));
#523 = CARTESIAN_POINT('',(0.999291744065,2.828787974887,10.499014761503
    ));
#524 = CARTESIAN_POINT('',(1.011263552955,2.824521800282,10.522358166447
    ));
#525 = CARTESIAN_POINT('',(1.022645619669,2.820408573453,10.545962790604
    ));
#526 = CARTESIAN_POINT('',(1.033436129037,2.816457981022,10.569813895461
    ));
#527 = CARTESIAN_POINT('',(1.043633381961,2.812679239613,10.593896643923
    ));
#528 = CARTESIAN_POINT('',(1.053235796078,2.809081096867,10.61819610098)
  );
#529 = CARTESIAN_POINT('',(1.062241905287,2.805671830739,10.642697233229
    ));
#530 = CARTESIAN_POINT('',(1.07065036003,2.802459249894,10.66738490912)
  );
#531 = CARTESIAN_POINT('',(1.082364710722,2.797946415351,10.704673393775
    ));
#532 = CARTESIAN_POINT('',(1.08611963454,2.796493527437,10.717145773906)
  );
#533 = CARTESIAN_POINT('',(1.08972462495,2.795092690829,10.729659033762)
  );
#534 = CARTESIAN_POINT('',(1.093179608224,2.793744566368,10.742211167203
    ));
#535 = CARTESIAN_POINT('',(1.096484510788,2.792449815373,10.754800169542
    ));
#536 = CARTESIAN_POINT('',(1.099639258779,2.791209098262,10.767424033413
    ));
#537 = CARTESIAN_POINT('',(1.102643778781,2.790023076844,10.780080755495
    ));
#538 = CARTESIAN_POINT('',(1.105497996799,2.788892411131,10.792768327365
    ));
#539 = CARTESIAN_POINT('',(1.108201839472,2.787817763097,10.805484746026
    ));
#540 = CARTESIAN_POINT('',(1.110755232851,2.786799792899,10.818228003598
    ));
#541 = CARTESIAN_POINT('',(1.113158103448,2.785839162118,10.830996095918
    ));
#542 = CARTESIAN_POINT('',(1.115410377472,2.784936531399,10.843787016443
    ));
#543 = CARTESIAN_POINT('',(1.117511981295,2.784092561895,10.856598759894
    ));
#544 = CARTESIAN_POINT('',(1.120438271183,2.782915590859,10.875844600729
    ));
#545 = CARTESIAN_POINT('',(1.121376043611,2.782538012241,10.882264559168
    ));
#546 = CARTESIAN_POINT('',(1.122276166727,2.782175215488,10.888688935119
    ));
#547 = CARTESIAN_POINT('',(1.123138648782,2.781827237499,10.895117468207
    ));
#548 = CARTESIAN_POINT('',(1.123963497959,2.781494114941,10.901549897388
    ));
#549 = CARTESIAN_POINT('',(1.124750722574,2.781175884938,10.907985962949
    ));
#550 = CARTESIAN_POINT('',(1.125500330727,2.78087258387,10.914425402991)
  );
#551 = CARTESIAN_POINT('',(1.126212330812,2.780584249128,10.920867958606
    ));
#552 = CARTESIAN_POINT('',(1.126886730887,2.780310916952,10.927313367455
    ));
#553 = CARTESIAN_POINT('',(1.127523539332,2.780052624682,10.933761370511
    ));
#554 = CARTESIAN_POINT('',(1.128122764268,2.779809408776,10.940211706053
    ));
#555 = CARTESIAN_POINT('',(1.128684413991,2.779581306282,10.946664114203
    ));
#556 = CARTESIAN_POINT('',(1.129208496699,2.779368353923,10.95311833403)
  );
#557 = CARTESIAN_POINT('',(1.129938282601,2.779071705888,10.962801990631
    ));
#558 = CARTESIAN_POINT('',(1.130172157366,2.778976613938,10.966030263032
    ));
#559 = CARTESIAN_POINT('',(1.130396647285,2.778885314286,10.969258889618
    ));
#560 = CARTESIAN_POINT('',(1.130611754681,2.778797808433,10.972487836983
    ));
#561 = CARTESIAN_POINT('',(1.13081748195,2.77871409804,10.97571707343));
#562 = CARTESIAN_POINT('',(1.131013831361,2.778634184475,10.978946564072
    ));
#563 = CARTESIAN_POINT('',(1.131200805367,2.778558069545,10.982176278905
    ));
#564 = CARTESIAN_POINT('',(1.131378406197,2.77848575451,10.98540618168)
  );
#565 = CARTESIAN_POINT('',(1.131546636311,2.778417241201,10.988636242883
    ));
#566 = CARTESIAN_POINT('',(1.131705497966,2.778352530948,10.991866426854
    ));
#567 = CARTESIAN_POINT('',(1.13185499357,2.778291625449,10.995096702671)
  );
#568 = CARTESIAN_POINT('',(1.131995125437,2.778234526179,10.998327036351
    ));
#569 = CARTESIAN_POINT('',(1.132125895929,2.778181234721,11.001557395539
    ));
#570 = CARTESIAN_POINT('',(1.13236871885,2.778082270517,11.008018098846)
  );
#571 = CARTESIAN_POINT('',(1.132480772211,2.778036595707,11.011180882828
    ));
#572 = CARTESIAN_POINT('',(1.13258347021,2.777994728768,11.014998959167)
  );
#573 = CARTESIAN_POINT('',(1.13267681605,2.777956669831,11.015659653947)
  );
#574 = CARTESIAN_POINT('',(1.132760811982,2.777922419519,11.026208787421
    ));
#575 = CARTESIAN_POINT('',(1.132835462059,2.777891977082,11.014507992381
    ));
#576 = CARTESIAN_POINT('',(1.132900769046,2.777865342898,11.040548718164
    ));
#577 = CARTESIAN_POINT('',(1.132956735033,2.777842516487,11.017102975155
    ));
#578 = CARTESIAN_POINT('',(1.133003365982,2.777823496715,11.044397248193
    ));
#579 = CARTESIAN_POINT('',(1.133040662347,2.777808283541,11.030939004778
    ));
#580 = CARTESIAN_POINT('',(1.133068629794,2.777796875433,11.042916831007
    ));
#581 = CARTESIAN_POINT('',(1.133087270831,2.777789271481,11.042801064633
    ));
#582 = CARTESIAN_POINT('',(1.133096589505,2.777785470273,11.046889418201
    ));
#583 = CARTESIAN_POINT('',(1.133096589505,2.777785470272,11.05));
#584 = PCURVE('',#64,#585);
#585 = DEFINITIONAL_REPRESENTATION('',(#586),#805);
#586 = B_SPLINE_CURVE_WITH_KNOTS('',10,(#587,#588,#589,#590,#591,#592,
    #593,#594,#595,#596,#597,#598,#599,#600,#601,#602,#603,#604,#605,
    #606,#607,#608,#609,#610,#611,#612,#613,#614,#615,#616,#617,#618,
    #619,#620,#621,#622,#623,#624,#625,#626,#627,#628,#629,#630,#631,
    #632,#633,#634,#635,#636,#637,#638,#639,#640,#641,#642,#643,#644,
    #645,#646,#647,#648,#649,#650,#651,#652,#653,#654,#655,#656,#657,
    #658,#659,#660,#661,#662,#663,#664,#665,#666,#667,#668,#669,#670,
    #671,#672,#673,#674,#675,#676,#677,#678,#679,#680,#681,#682,#683,
    #684,#685,#686,#687,#688,#689,#690,#691,#692,#693,#694,#695,#696,
    #697,#698,#699,#700,#701,#702,#703,#704,#705,#706,#707,#708,#709,
    #710,#711,#712,#713,#714,#715,#716,#717,#718,#719,#720,#721,#722,
    #723,#724,#725,#726,#727,#728,#729,#730,#731,#732,#733,#734,#735,
    #736,#737,#738,#739,#740,#741,#742,#743,#744,#745,#746,#747,#748,
    #749,#750,#751,#752,#753,#754,#755,#756,#757,#758,#759,#760,#761,
    #762,#763,#764,#765,#766,#767,#768,#769,#770,#771,#772,#773,#774,
    #775,#776,#777,#778,#779,#780,#781,#782,#783,#784,#785,#786,#787,
    #788,#789,#790,#791,#792,#793,#794,#795,#796,#797,#798,#799,#800,
    #801,#802,#803,#804),.UNSPECIFIED.,.F.,.F.,(11,9,9,9,9,9,9,9,9,9,9,9
    ,9,9,9,9,9,9,9,9,9,9,9,9,11),(2.19191185995E-15,0.671065992549,
    0.838832490686,1.006598988823,1.342131985097,1.509898483234,
    1.677664981372,2.013197977646,2.180964475783,2.34873097392,
    2.684263970195,3.355329962743,3.52309646088,3.690862959017,
    4.026395955292,4.194162453429,4.278045702498,4.361928951566,
    4.69746194784,5.032994944115,5.200761442252,5.28464469132,
    5.326586315855,5.347557128122,5.368527940389),.UNSPECIFIED.);
#587 = CARTESIAN_POINT('',(1.183486514763,2.75));
#588 = CARTESIAN_POINT('',(1.183486514763,2.83397808106));
#589 = CARTESIAN_POINT('',(1.1858221263,2.917911508665));
#590 = CARTESIAN_POINT('',(1.190511012804,3.001149949388));
#591 = CARTESIAN_POINT('',(1.197505662507,3.08300151414));
#592 = CARTESIAN_POINT('',(1.206719575343,3.162796052757));
#593 = CARTESIAN_POINT('',(1.218046718692,3.239927475244));
#594 = CARTESIAN_POINT('',(1.231374251992,3.313875099714));
#595 = CARTESIAN_POINT('',(1.246588520196,3.38420402698));
#596 = CARTESIAN_POINT('',(1.263574316101,3.450544541845));
#597 = CARTESIAN_POINT('',(1.286865685368,3.528052040848));
#598 = CARTESIAN_POINT('',(1.29163537079,3.54330792986));
#599 = CARTESIAN_POINT('',(1.296452458273,3.558123744692));
#600 = CARTESIAN_POINT('',(1.3014816851,3.573015350163));
#601 = CARTESIAN_POINT('',(1.306581977172,3.587514189474));
#602 = CARTESIAN_POINT('',(1.311773348006,3.601684339383));
#603 = CARTESIAN_POINT('',(1.317129669467,3.615759647851));
#604 = CARTESIAN_POINT('',(1.322559258297,3.629430701111));
#605 = CARTESIAN_POINT('',(1.328112241374,3.642860197418));
#606 = CARTESIAN_POINT('',(1.339428099002,3.66910279157));
#607 = CARTESIAN_POINT('',(1.345193270966,3.681923720817));
#608 = CARTESIAN_POINT('',(1.351063740413,3.694433271123));
#609 = CARTESIAN_POINT('',(1.357037427633,3.706620632455));
#610 = CARTESIAN_POINT('',(1.363112118892,3.718475195901));
#611 = CARTESIAN_POINT('',(1.369285466406,3.729986553609));
#612 = CARTESIAN_POINT('',(1.37555498837,3.741144498852));
#613 = CARTESIAN_POINT('',(1.38191806893,3.751939025975));
#614 = CARTESIAN_POINT('',(1.388371958207,3.762360330429));
#615 = CARTESIAN_POINT('',(1.407997400423,3.792475765406));
#616 = CARTESIAN_POINT('',(1.421432560937,3.811020989419));
#617 = CARTESIAN_POINT('',(1.435196347775,3.827958532598));
#618 = CARTESIAN_POINT('',(1.449263209689,3.843214520668));
#619 = CARTESIAN_POINT('',(1.463605228424,3.856718372273));
#620 = CARTESIAN_POINT('',(1.478192396892,3.868404017905));
#621 = CARTESIAN_POINT('',(1.492992897378,3.878211118921));
#622 = CARTESIAN_POINT('',(1.507973379709,3.886086286474));
#623 = CARTESIAN_POINT('',(1.523099239453,3.891984300512));
#624 = CARTESIAN_POINT('',(1.545952724431,3.897811842843));
#625 = CARTESIAN_POINT('',(1.553593319981,3.899250701067));
#626 = CARTESIAN_POINT('',(1.561294220989,3.900186802431));
#627 = CARTESIAN_POINT('',(1.568877763494,3.900591231439));
#628 = CARTESIAN_POINT('',(1.576762463671,3.900532682973));
#629 = CARTESIAN_POINT('',(1.584304379365,3.89988114608));
#630 = CARTESIAN_POINT('',(1.592076497339,3.898774205382));
#631 = CARTESIAN_POINT('',(1.599734232164,3.897123974257));
#632 = CARTESIAN_POINT('',(1.607405093288,3.894969296431));
#633 = CARTESIAN_POINT('',(1.622701608362,3.889635734273));
#634 = CARTESIAN_POINT('',(1.630330779266,3.886458001168));
#635 = CARTESIAN_POINT('',(1.637936490114,3.882771077052));
#636 = CARTESIAN_POINT('',(1.64551442987,3.87857709065));
#637 = CARTESIAN_POINT('',(1.653060349892,3.87387853843));
#638 = CARTESIAN_POINT('',(1.660570063916,3.868678284551));
#639 = CARTESIAN_POINT('',(1.66803944808,3.862979560921));
#640 = CARTESIAN_POINT('',(1.675464440897,3.856785967146));
#641 = CARTESIAN_POINT('',(1.682841043279,3.850101470568));
#642 = CARTESIAN_POINT('',(1.704813869,3.828588277587));
#643 = CARTESIAN_POINT('',(1.719252500473,3.812298624166));
#644 = CARTESIAN_POINT('',(1.733450516294,3.794098160233));
#645 = CARTESIAN_POINT('',(1.747377602531,3.774028787145));
#646 = CARTESIAN_POINT('',(1.761003827975,3.752137593374));
#647 = CARTESIAN_POINT('',(1.774299644128,3.728476854481));
#648 = CARTESIAN_POINT('',(1.787235885212,3.703104033151));
#649 = CARTESIAN_POINT('',(1.799783768164,3.67608177916));
#650 = CARTESIAN_POINT('',(1.811914892638,3.647477929398));
#651 = CARTESIAN_POINT('',(1.82944441519,3.602309297087));
#652 = CARTESIAN_POINT('',(1.835169794475,3.586894292493));
#653 = CARTESIAN_POINT('',(1.840821844877,3.570991878951));
#654 = CARTESIAN_POINT('',(1.846263703803,3.554977674225));
#655 = CARTESIAN_POINT('',(1.851611634162,3.538558607593));
#656 = CARTESIAN_POINT('',(1.856844671504,3.521790966151));
#657 = CARTESIAN_POINT('',(1.861898391342,3.504849646214));
#658 = CARTESIAN_POINT('',(1.866848377292,3.487549853302));
#659 = CARTESIAN_POINT('',(1.871648559136,3.470013682518));
#660 = CARTESIAN_POINT('',(1.88097566709,3.434417080742));
#661 = CARTESIAN_POINT('',(1.885500441825,3.416362090619));
#662 = CARTESIAN_POINT('',(1.889885346386,3.398059729065));
#663 = CARTESIAN_POINT('',(1.894129289835,3.379519313881));
#664 = CARTESIAN_POINT('',(1.898231181243,3.360750162872));
#665 = CARTESIAN_POINT('',(1.902189929672,3.341761593837));
#666 = CARTESIAN_POINT('',(1.90600444419,3.322562924583));
#667 = CARTESIAN_POINT('',(1.909673633861,3.30316347291));
#668 = CARTESIAN_POINT('',(1.913196407753,3.283572556622));
#669 = CARTESIAN_POINT('',(1.923322209286,3.22425336732));
#670 = CARTESIAN_POINT('',(1.929483400481,3.183978303303));
#671 = CARTESIAN_POINT('',(1.935047304591,3.143045359996));
#672 = CARTESIAN_POINT('',(1.940006797579,3.1015264211));
#673 = CARTESIAN_POINT('',(1.944355575301,3.059494195501));
#674 = CARTESIAN_POINT('',(1.948088153494,3.017022217256));
#675 = CARTESIAN_POINT('',(1.95119986779,2.974184845611));
#676 = CARTESIAN_POINT('',(1.953686873704,2.931057264981));
#677 = CARTESIAN_POINT('',(1.955546146643,2.887715484965));
#678 = CARTESIAN_POINT('',(1.959234152415,2.757278051095));
#679 = CARTESIAN_POINT('',(1.959171801447,2.669777017631));
#680 = CARTESIAN_POINT('',(1.95657795569,2.582353833782));
#681 = CARTESIAN_POINT('',(1.951444988271,2.495638152313));
#682 = CARTESIAN_POINT('',(1.943799175784,2.410263384226));
#683 = CARTESIAN_POINT('',(1.933697988055,2.326848980661));
#684 = CARTESIAN_POINT('',(1.921210121832,2.245982828328));
#685 = CARTESIAN_POINT('',(1.906394789502,2.16821628923));
#686 = CARTESIAN_POINT('',(1.889296774011,2.09408441565));
#687 = CARTESIAN_POINT('',(1.865143007895,2.006683735055));
#688 = CARTESIAN_POINT('',(1.860173077593,1.989466778979));
#689 = CARTESIAN_POINT('',(1.855064769157,1.972521786755));
#690 = CARTESIAN_POINT('',(1.84981887114,1.955857757617));
#691 = CARTESIAN_POINT('',(1.844436161697,1.939483906217));
#692 = CARTESIAN_POINT('',(1.838917408595,1.923409662635));
#693 = CARTESIAN_POINT('',(1.833263369202,1.907644672365));
#694 = CARTESIAN_POINT('',(1.827474790497,1.892198796332));
#695 = CARTESIAN_POINT('',(1.821552409061,1.877082110875));
#696 = CARTESIAN_POINT('',(1.809441493108,1.847527704646));
#697 = CARTESIAN_POINT('',(1.803240278289,1.833061494458));
#698 = CARTESIAN_POINT('',(1.796896871829,1.818927729541));
#699 = CARTESIAN_POINT('',(1.790414998486,1.805147134671));
#700 = CARTESIAN_POINT('',(1.783798542574,1.791739707071));
#701 = CARTESIAN_POINT('',(1.77705154796,1.77872471639));
#702 = CARTESIAN_POINT('',(1.770178218074,1.766120704723));
#703 = CARTESIAN_POINT('',(1.763182915894,1.753945486596));
#704 = CARTESIAN_POINT('',(1.756070163959,1.742216148975));
#705 = CARTESIAN_POINT('',(1.734393605171,1.708414855841));
#706 = CARTESIAN_POINT('',(1.719491189569,1.687726924078));
#707 = CARTESIAN_POINT('',(1.704176110774,1.669018923623));
#708 = CARTESIAN_POINT('',(1.688490120063,1.652408597818));
#709 = CARTESIAN_POINT('',(1.672478006786,1.637997765706));
#710 = CARTESIAN_POINT('',(1.656187598351,1.625872322023));
#711 = CARTESIAN_POINT('',(1.639669760237,1.616102237204));
#712 = CARTESIAN_POINT('',(1.622978395984,1.608741557379));
#713 = CARTESIAN_POINT('',(1.6061704472,1.603828404375));
#714 = CARTESIAN_POINT('',(1.580873616738,1.600163261387));
#715 = CARTESIAN_POINT('',(1.572426829621,1.5995582937));
#716 = CARTESIAN_POINT('',(1.563972968222,1.599572493521));
#717 = CARTESIAN_POINT('',(1.555519457642,1.60020703852));
#718 = CARTESIAN_POINT('',(1.547073712061,1.601461863165));
#719 = CARTESIAN_POINT('',(1.538643134746,1.603335658737));
#720 = CARTESIAN_POINT('',(1.530235118047,1.60582587331));
#721 = CARTESIAN_POINT('',(1.521857043397,1.608928711768));
#722 = CARTESIAN_POINT('',(1.513516281312,1.612639135798));
#723 = CARTESIAN_POINT('',(1.501072146433,1.619106727931));
#724 = CARTESIAN_POINT('',(1.496936222206,1.621412155584));
#725 = CARTESIAN_POINT('',(1.492808999779,1.623869568691));
#726 = CARTESIAN_POINT('',(1.488697422053,1.626473717307));
#727 = CARTESIAN_POINT('',(1.48460228001,1.629223551677));
#728 = CARTESIAN_POINT('',(1.480519034159,1.632121848839));
#729 = CARTESIAN_POINT('',(1.476446277457,1.635169311265));
#730 = CARTESIAN_POINT('',(1.472392146001,1.638359854949));
#731 = CARTESIAN_POINT('',(1.468368983759,1.641683804337));
#732 = CARTESIAN_POINT('',(1.460364151495,1.64860761871));
#733 = CARTESIAN_POINT('',(1.456384873943,1.652206018247));
#734 = CARTESIAN_POINT('',(1.452429068985,1.655939184634));
#735 = CARTESIAN_POINT('',(1.448497070634,1.659805392368));
#736 = CARTESIAN_POINT('',(1.444589212906,1.663802915947));
#737 = CARTESIAN_POINT('',(1.440705829812,1.667930029869));
#738 = CARTESIAN_POINT('',(1.436847255369,1.672185008633));
#739 = CARTESIAN_POINT('',(1.433013823589,1.676566126736));
#740 = CARTESIAN_POINT('',(1.429205868487,1.681071658677));
#741 = CARTESIAN_POINT('',(1.410295146436,1.704212760059));
#742 = CARTESIAN_POINT('',(1.395579420822,1.724688475607));
#743 = CARTESIAN_POINT('',(1.381295940252,1.747024253465));
#744 = CARTESIAN_POINT('',(1.367462887923,1.771120814495));
#745 = CARTESIAN_POINT('',(1.354097237217,1.796882372573));
#746 = CARTESIAN_POINT('',(1.341214751699,1.824216634568));
#747 = CARTESIAN_POINT('',(1.328829985116,1.853034800363));
#748 = CARTESIAN_POINT('',(1.316956281398,1.883251562835));
#749 = CARTESIAN_POINT('',(1.30560577466,1.91478510787));
#750 = CARTESIAN_POINT('',(1.283973003734,1.98032912084));
#751 = CARTESIAN_POINT('',(1.273691259688,2.014338327098));
#752 = CARTESIAN_POINT('',(1.263954744788,2.049502790382));
#753 = CARTESIAN_POINT('',(1.254773910127,2.085743707907));
#754 = CARTESIAN_POINT('',(1.246158960316,2.122984383348));
#755 = CARTESIAN_POINT('',(1.238119743612,2.161149193282));
#756 = CARTESIAN_POINT('',(1.230665642085,2.200162553708));
#757 = CARTESIAN_POINT('',(1.223805461739,2.239947886483));
#758 = CARTESIAN_POINT('',(1.217547322674,2.280426585826));
#759 = CARTESIAN_POINT('',(1.209074162494,2.342062184256));
#760 = CARTESIAN_POINT('',(1.206402137225,2.362760611163));
#761 = CARTESIAN_POINT('',(1.203883463397,2.383602316214));
#762 = CARTESIAN_POINT('',(1.201519039246,2.404577203702));
#763 = CARTESIAN_POINT('',(1.199309671257,2.425675031502));
#764 = CARTESIAN_POINT('',(1.19725607417,2.446885411064));
#765 = CARTESIAN_POINT('',(1.195358870973,2.468197807423));
#766 = CARTESIAN_POINT('',(1.193618592908,2.489601539189));
#767 = CARTESIAN_POINT('',(1.192035679466,2.511085778554));
#768 = CARTESIAN_POINT('',(1.189897877855,2.543416437656));
#769 = CARTESIAN_POINT('',(1.189224811291,2.554210834012));
#770 = CARTESIAN_POINT('',(1.18859129589,2.565021357563));
#771 = CARTESIAN_POINT('',(1.187997348843,2.575846625523));
#772 = CARTESIAN_POINT('',(1.187442987335,2.586685255093));
#773 = CARTESIAN_POINT('',(1.186928228563,2.597535863495));
#774 = CARTESIAN_POINT('',(1.186453089708,2.608397067923));
#775 = CARTESIAN_POINT('',(1.186017587966,2.619267485599));
#776 = CARTESIAN_POINT('',(1.185621740524,2.630145733725));
#777 = CARTESIAN_POINT('',(1.185087476595,2.646472777406));
#778 = CARTESIAN_POINT('',(1.184919307193,2.651916737584));
#779 = CARTESIAN_POINT('',(1.184761053926,2.657362135494));
#780 = CARTESIAN_POINT('',(1.184612714353,2.662808796571));
#781 = CARTESIAN_POINT('',(1.18447428604,2.668256546274));
#782 = CARTESIAN_POINT('',(1.184345766542,2.673705210031));
#783 = CARTESIAN_POINT('',(1.184227153425,2.6791546133));
#784 = CARTESIAN_POINT('',(1.184118444247,2.684604581516));
#785 = CARTESIAN_POINT('',(1.18401963657,2.690054940127));
#786 = CARTESIAN_POINT('',(1.183886273647,2.698230801802));
#787 = CARTESIAN_POINT('',(1.183844293868,2.700957385525));
#788 = CARTESIAN_POINT('',(1.183804787909,2.703679015133));
#789 = CARTESIAN_POINT('',(1.183767756619,2.706407045596));
#790 = CARTESIAN_POINT('',(1.183733198472,2.709134282898));
#791 = CARTESIAN_POINT('',(1.183701111987,2.711856006455));
#792 = CARTESIAN_POINT('',(1.183671497324,2.714580800128));
#793 = CARTESIAN_POINT('',(1.183644354716,2.717312310943));
#794 = CARTESIAN_POINT('',(1.18361968218,2.72003154207));
#795 = CARTESIAN_POINT('',(1.183575277262,2.725484006133));
#796 = CARTESIAN_POINT('',(1.183555544751,2.728163390841));
#797 = CARTESIAN_POINT('',(1.183538281507,2.731206061893));
#798 = CARTESIAN_POINT('',(1.183523486838,2.732884488488));
#799 = CARTESIAN_POINT('',(1.183511159951,2.737672919829));
#800 = CARTESIAN_POINT('',(1.183501300157,2.737718929354));
#801 = CARTESIAN_POINT('',(1.183493906567,2.742804590423));
#802 = CARTESIAN_POINT('',(1.183488978399,2.744123819091));
#803 = CARTESIAN_POINT('',(1.183486514763,2.747375684968));
#804 = CARTESIAN_POINT('',(1.183486514763,2.75));
#805 = ( GEOMETRIC_REPRESENTATION_CONTEXT(2) 
PARAMETRIC_REPRESENTATION_CONTEXT() REPRESENTATION_CONTEXT('2D SPACE',''
  ) );
#806 = PCURVE('',#807,#1124);
#807 = B_SPLINE_SURFACE_WITH_KNOTS('',1,14,(
    (#808,#809,#810,#811,#812,#813,#814,#815,#816,#817,#818,#819,#820
      ,#821,#822,#823,#824,#825,#826,#827,#828,#829,#830,#831,#832,#833
      ,#834,#835,#836,#837,#838,#839,#840,#841,#842,#843,#844,#845,#846
      ,#847,#848,#849,#850,#851,#852,#853,#854,#855,#856,#857,#858,#859
      ,#860,#861,#862,#863,#864,#865,#866,#867,#868,#869,#870,#871,#872
      ,#873,#874,#875,#876,#877,#878,#879,#880,#881,#882,#883,#884,#885
      ,#886,#887,#888,#889,#890,#891,#892,#893,#894,#895,#896,#897,#898
      ,#899,#900,#901,#902,#903,#904,#905,#906,#907,#908,#909,#910,#911
      ,#912,#913,#914,#915,#916,#917,#918,#919,#920,#921,#922,#923,#924
      ,#925,#926,#927,#928,#929,#930,#931,#932,#933,#934,#935,#936,#937
      ,#938,#939,#940,#941,#942,#943,#944,#945,#946,#947,#948,#949,#950
      ,#951,#952,#953,#954,#955,#956,#957,#958,#959,#960,#961,#962,#963
      ,#964,#965)
    ,(#966,#967,#968,#969,#970,#971,#972,#973,#974,#975,#976,#977,#978
      ,#979,#980,#981,#982,#983,#984,#985,#986,#987,#988,#989,#990,#991
      ,#992,#993,#994,#995,#996,#997,#998,#999,#1000,#1001,#1002,#1003
      ,#1004,#1005,#1006,#1007,#1008,#1009,#1010,#1011,#1012,#1013,#1014
      ,#1015,#1016,#1017,#1018,#1019,#1020,#1021,#1022,#1023,#1024,#1025
      ,#1026,#1027,#1028,#1029,#1030,#1031,#1032,#1033,#1034,#1035,#1036
      ,#1037,#1038,#1039,#1040,#1041,#1042,#1043,#1044,#1045,#1046,#1047
      ,#1048,#1049,#1050,#1051,#1052,#1053,#1054,#1055,#1056,#1057,#1058
      ,#1059,#1060,#1061,#1062,#1063,#1064,#1065,#1066,#1067,#1068,#1069
      ,#1070,#1071,#1072,#1073,#1074,#1075,#1076,#1077,#1078,#1079,#1080
      ,#1081,#1082,#1083,#1084,#1085,#1086,#1087,#1088,#1089,#1090,#1091
      ,#1092,#1093,#1094,#1095,#1096,#1097,#1098,#1099,#1100,#1101,#1102
      ,#1103,#1104,#1105,#1106,#1107,#1108,#1109,#1110,#1111,#1112,#1113
      ,#1114,#1115,#1116,#1117,#1118,#1119,#1120,#1121,#1122,#1123
  )),.UNSPECIFIED.,.F.,.T.,.F.,(2,2),(15,13,13,13,13,13,13,13,13,13,13,
    13,15),(0.,5.368527940389),(2.19191185995E-15,0.700675986621,
    1.413221607133,2.042871561598,2.756838006366,3.522978211354,
    4.254954344591,4.81174114249,5.09013454144,5.229331240914,
    5.298929590652,5.33372876552,5.368527940389),.UNSPECIFIED.);
#808 = CARTESIAN_POINT('',(1.133096589505,2.777785470272,11.05));
#809 = CARTESIAN_POINT('',(1.133096589505,2.777785470273,11.112631081906
    ));
#810 = CARTESIAN_POINT('',(1.129598538931,2.779211880354,11.175238090012
    ));
#811 = CARTESIAN_POINT('',(1.122585109085,2.782073273567,11.237576983284
    ));
#812 = CARTESIAN_POINT('',(1.112075154372,2.78633979012,11.299393351547)
  );
#813 = CARTESIAN_POINT('',(1.098113619609,2.791949392687,11.3604323083)
  );
#814 = CARTESIAN_POINT('',(1.080763189663,2.798813528082,11.420446479745
    ));
#815 = CARTESIAN_POINT('',(1.06009768275,2.806822197253,11.479202094697)
  );
#816 = CARTESIAN_POINT('',(1.036197185368,2.815848430733,11.536483168811
    ));
#817 = CARTESIAN_POINT('',(1.009144931479,2.825752173073,11.592093790753
    ));
#818 = CARTESIAN_POINT('',(0.979025923048,2.836383572591,11.645858503054
    ));
#819 = CARTESIAN_POINT('',(0.945927294694,2.847585679666,11.697620783181
    ));
#820 = CARTESIAN_POINT('',(0.909940420194,2.859196551174,11.747239621644
    ));
#821 = CARTESIAN_POINT('',(0.871164762426,2.87105076256,11.794584198251)
  );
#822 = CARTESIAN_POINT('',(0.787559973414,2.895111980949,11.885230452006
    ));
#823 = CARTESIAN_POINT('',(0.742169259669,2.907453334759,11.928951407791
    ));
#824 = CARTESIAN_POINT('',(0.693617432817,2.919820848824,11.970366175615
    ));
#825 = CARTESIAN_POINT('',(0.641992304786,2.932013910194,12.00917818549)
  );
#826 = CARTESIAN_POINT('',(0.587405684268,2.94382041618,12.045110062402)
  );
#827 = CARTESIAN_POINT('',(0.530002670188,2.955022627758,12.077898412843
    ));
#828 = CARTESIAN_POINT('',(0.469967946436,2.96540329756,12.107291000719)
  );
#829 = CARTESIAN_POINT('',(0.407529076474,2.97475206475,12.133046282749)
  );
#830 = CARTESIAN_POINT('',(0.342956799663,2.982872126823,12.154935342347
    ));
#831 = CARTESIAN_POINT('',(0.276562327226,2.989587177137,12.172746178433
    ));
#832 = CARTESIAN_POINT('',(0.208691639854,2.994748618914,12.186290391054
    ));
#833 = CARTESIAN_POINT('',(0.139716785309,2.998243046819,12.195412229066
    ));
#834 = CARTESIAN_POINT('',(7.00241771685E-02,3.000000002475,
    12.200000024738));
#835 = CARTESIAN_POINT('',(-6.18779498651E-02,2.999999997813,
    12.199999978139));
#836 = CARTESIAN_POINT('',(-0.123790378799,2.998625899086,
    12.196402204721));
#837 = CARTESIAN_POINT('',(-0.185463065923,2.995874144224,
    12.189217827253));
#838 = CARTESIAN_POINT('',(-0.246628203951,2.991768907131,
    12.178468245605));
#839 = CARTESIAN_POINT('',(-0.307027596744,2.986359799335,
    12.164187811015));
#840 = CARTESIAN_POINT('',(-0.36641494599,2.979719586177,12.146425824971
    ));
#841 = CARTESIAN_POINT('',(-0.424557332391,2.971941910058,
    12.125247819653));
#842 = CARTESIAN_POINT('',(-0.481235892284,2.963139028485,
    12.100736148072));
#843 = CARTESIAN_POINT('',(-0.536245688442,2.953439556761,
    12.072989847127));
#844 = CARTESIAN_POINT('',(-0.589394776493,2.942986226721,
    12.042123814822));
#845 = CARTESIAN_POINT('',(-0.64050246555,2.931933650502,12.008267261803
    ));
#846 = CARTESIAN_POINT('',(-0.689396774232,2.920446098512,11.97156147041
    ));
#847 = CARTESIAN_POINT('',(-0.735911081229,2.908695285034,11.93215683742
    ));
#848 = CARTESIAN_POINT('',(-0.829736739179,2.883435936041,
    11.842644382454));
#849 = CARTESIAN_POINT('',(-0.875950539496,2.870003890597,
    11.792169602855));
#850 = CARTESIAN_POINT('',(-0.918470876162,2.856793625741,
    11.739063975611));
#851 = CARTESIAN_POINT('',(-0.95725158292,2.844028267958,11.68358679438)
  );
#852 = CARTESIAN_POINT('',(-0.99225173926,2.83191885218,11.62598273711)
  );
#853 = CARTESIAN_POINT('',(-1.023436234683,2.820661084959,
    11.566486499186));
#854 = CARTESIAN_POINT('',(-1.050775982109,2.810432497293,
    11.505326892718));
#855 = CARTESIAN_POINT('',(-1.074247778585,2.801389979179,
    11.442730375786));
#856 = CARTESIAN_POINT('',(-1.093833815768,2.793667706513,
    11.378924060307));
#857 = CARTESIAN_POINT('',(-1.109520837342,2.787375448147,
    11.314138142425));
#858 = CARTESIAN_POINT('',(-1.121298946167,2.782597265125,
    11.248607811053));
#859 = CARTESIAN_POINT('',(-1.129160058792,2.779390591923,
    11.182574587117));
#860 = CARTESIAN_POINT('',(-1.133096009052,2.777785707047,
    11.116287128171));
#861 = CARTESIAN_POINT('',(-1.13309661156,2.777785461275,10.978871940173
    ));
#862 = CARTESIAN_POINT('',(-1.128582050008,2.779626621086,
    10.907741286992));
#863 = CARTESIAN_POINT('',(-1.119530629508,2.783319466157,
    10.836912753055));
#864 = CARTESIAN_POINT('',(-1.105949547247,2.788824484201,
    10.766696700743));
#865 = CARTESIAN_POINT('',(-1.087863540354,2.796059363531,
    10.697402349451));
#866 = CARTESIAN_POINT('',(-1.065305498574,2.804905169719,
    10.629331954764));
#867 = CARTESIAN_POINT('',(-1.038309333782,2.815211591151,
    10.562777451501));
#868 = CARTESIAN_POINT('',(-1.006905104149,2.826801248179,
    10.498019536654));
#869 = CARTESIAN_POINT('',(-0.971116395845,2.839473072915,
    10.435329224433));
#870 = CARTESIAN_POINT('',(-0.930959959028,2.853004751683,10.37497183653
    ));
#871 = CARTESIAN_POINT('',(-0.88644760127,2.867154237886,10.317213463805
    ));
#872 = CARTESIAN_POINT('',(-0.837590335792,2.881660328825,
    10.262329868927));
#873 = CARTESIAN_POINT('',(-0.784404786386,2.896242311065,
    10.210617851856));
#874 = CARTESIAN_POINT('',(-0.672002214667,2.924314846774,
    10.116350026039));
#875 = CARTESIAN_POINT('',(-0.612808276396,2.937903239126,
    10.073217805949));
#876 = CARTESIAN_POINT('',(-0.549589374077,2.951043046793,
    10.033597055651));
#877 = CARTESIAN_POINT('',(-0.482629627785,2.963385074063,9.998023762095
    ));
#878 = CARTESIAN_POINT('',(-0.412268438518,2.974576383492,9.966979102952
    ));
#879 = CARTESIAN_POINT('',(-0.338913906016,2.984282023235,9.940883417424
    ));
#880 = CARTESIAN_POINT('',(-0.263049163113,2.992203834397,9.920090312392
    ));
#881 = CARTESIAN_POINT('',(-0.185231625736,2.998096331085,9.904880874076
    ));
#882 = CARTESIAN_POINT('',(-0.106085159709,3.00177966259,9.895458024266)
  );
#883 = CARTESIAN_POINT('',(-2.628516308254E-02,3.003149647278,
    9.891940977221));
#884 = CARTESIAN_POINT('',(5.346343480463E-02,3.002184888137,
    9.894359839851));
#885 = CARTESIAN_POINT('',(0.132455258508,2.998950961758,9.90265031938)
  );
#886 = CARTESIAN_POINT('',(0.210020655229,2.993601686632,9.916648564495)
  );
#887 = CARTESIAN_POINT('',(0.343035700673,2.980882274246,9.950871546193)
  );
#888 = CARTESIAN_POINT('',(0.398937390112,2.974333471386,9.96872078747)
  );
#889 = CARTESIAN_POINT('',(0.453149147926,2.96684401174,9.989455051606)
  );
#890 = CARTESIAN_POINT('',(0.505561200383,2.958531786097,10.012905906031
    ));
#891 = CARTESIAN_POINT('',(0.556077795168,2.94951830936,10.038914316158)
  );
#892 = CARTESIAN_POINT('',(0.604616129083,2.939927409128,10.067329687037
    ));
#893 = CARTESIAN_POINT('',(0.651105274931,2.92988391064,10.098008892712)
  );
#894 = CARTESIAN_POINT('',(0.695485109593,2.919512327078,10.130815323563
    ));
#895 = CARTESIAN_POINT('',(0.737705240619,2.908935543165,10.16561791131)
  );
#896 = CARTESIAN_POINT('',(0.777723934403,2.898273505936,10.202290177719
    ));
#897 = CARTESIAN_POINT('',(0.815507042907,2.887641908933,10.240709261788
    ));
#898 = CARTESIAN_POINT('',(0.851026931529,2.877150881561,10.280754963621
    ));
#899 = CARTESIAN_POINT('',(0.884261406199,2.866903674992,10.322308777312
    ));
#900 = CARTESIAN_POINT('',(0.930658258273,2.852041187529,10.386725006202
    ));
#901 = CARTESIAN_POINT('',(0.945547471191,2.847171997353,10.408544671522
    ));
#902 = CARTESIAN_POINT('',(0.959857765625,2.842400282329,10.430697776459
    ));
#903 = CARTESIAN_POINT('',(0.973586743935,2.837738075803,10.453170073366
    ));
#904 = CARTESIAN_POINT('',(0.986732125026,2.833196941863,10.475947216415
    ));
#905 = CARTESIAN_POINT('',(0.999291744065,2.828787974887,10.499014761503
    ));
#906 = CARTESIAN_POINT('',(1.011263552955,2.824521800282,10.522358166447
    ));
#907 = CARTESIAN_POINT('',(1.022645619669,2.820408573453,10.545962790604
    ));
#908 = CARTESIAN_POINT('',(1.033436129037,2.816457981022,10.569813895461
    ));
#909 = CARTESIAN_POINT('',(1.043633381961,2.812679239613,10.593896643923
    ));
#910 = CARTESIAN_POINT('',(1.053235796078,2.809081096867,10.61819610098)
  );
#911 = CARTESIAN_POINT('',(1.062241905287,2.805671830739,10.642697233229
    ));
#912 = CARTESIAN_POINT('',(1.07065036003,2.802459249894,10.66738490912)
  );
#913 = CARTESIAN_POINT('',(1.082364710722,2.797946415351,10.704673393775
    ));
#914 = CARTESIAN_POINT('',(1.08611963454,2.796493527437,10.717145773906)
  );
#915 = CARTESIAN_POINT('',(1.08972462495,2.795092690829,10.729659033762)
  );
#916 = CARTESIAN_POINT('',(1.093179608224,2.793744566368,10.742211167203
    ));
#917 = CARTESIAN_POINT('',(1.096484510788,2.792449815373,10.754800169542
    ));
#918 = CARTESIAN_POINT('',(1.099639258779,2.791209098262,10.767424033413
    ));
#919 = CARTESIAN_POINT('',(1.102643778781,2.790023076844,10.780080755495
    ));
#920 = CARTESIAN_POINT('',(1.105497996799,2.788892411131,10.792768327365
    ));
#921 = CARTESIAN_POINT('',(1.108201839472,2.787817763097,10.805484746026
    ));
#922 = CARTESIAN_POINT('',(1.110755232851,2.786799792899,10.818228003598
    ));
#923 = CARTESIAN_POINT('',(1.113158103448,2.785839162118,10.830996095918
    ));
#924 = CARTESIAN_POINT('',(1.115410377472,2.784936531399,10.843787016443
    ));
#925 = CARTESIAN_POINT('',(1.117511981295,2.784092561895,10.856598759894
    ));
#926 = CARTESIAN_POINT('',(1.120438271183,2.782915590859,10.875844600729
    ));
#927 = CARTESIAN_POINT('',(1.121376043611,2.782538012241,10.882264559168
    ));
#928 = CARTESIAN_POINT('',(1.122276166727,2.782175215488,10.888688935119
    ));
#929 = CARTESIAN_POINT('',(1.123138648782,2.781827237499,10.895117468207
    ));
#930 = CARTESIAN_POINT('',(1.123963497959,2.781494114941,10.901549897388
    ));
#931 = CARTESIAN_POINT('',(1.124750722574,2.781175884938,10.907985962949
    ));
#932 = CARTESIAN_POINT('',(1.125500330727,2.78087258387,10.914425402991)
  );
#933 = CARTESIAN_POINT('',(1.126212330812,2.780584249128,10.920867958606
    ));
#934 = CARTESIAN_POINT('',(1.126886730887,2.780310916952,10.927313367455
    ));
#935 = CARTESIAN_POINT('',(1.127523539332,2.780052624682,10.933761370511
    ));
#936 = CARTESIAN_POINT('',(1.128122764268,2.779809408776,10.940211706053
    ));
#937 = CARTESIAN_POINT('',(1.128684413991,2.779581306282,10.946664114203
    ));
#938 = CARTESIAN_POINT('',(1.129208496699,2.779368353923,10.95311833403)
  );
#939 = CARTESIAN_POINT('',(1.129938282601,2.779071705888,10.962801990631
    ));
#940 = CARTESIAN_POINT('',(1.130172157366,2.778976613938,10.966030263032
    ));
#941 = CARTESIAN_POINT('',(1.130396647285,2.778885314286,10.969258889618
    ));
#942 = CARTESIAN_POINT('',(1.130611754681,2.778797808433,10.972487836983
    ));
#943 = CARTESIAN_POINT('',(1.13081748195,2.77871409804,10.97571707343));
#944 = CARTESIAN_POINT('',(1.131013831361,2.778634184475,10.978946564072
    ));
#945 = CARTESIAN_POINT('',(1.131200805367,2.778558069545,10.982176278905
    ));
#946 = CARTESIAN_POINT('',(1.131378406197,2.77848575451,10.98540618168)
  );
#947 = CARTESIAN_POINT('',(1.131546636311,2.778417241201,10.988636242883
    ));
#948 = CARTESIAN_POINT('',(1.131705497966,2.778352530948,10.991866426854
    ));
#949 = CARTESIAN_POINT('',(1.13185499357,2.778291625449,10.995096702671)
  );
#950 = CARTESIAN_POINT('',(1.131995125437,2.778234526179,10.998327036351
    ));
#951 = CARTESIAN_POINT('',(1.132125895929,2.778181234721,11.001557395539
    ));
#952 = CARTESIAN_POINT('',(1.13236871885,2.778082270517,11.008018098846)
  );
#953 = CARTESIAN_POINT('',(1.132480772211,2.778036595707,11.011180882828
    ));
#954 = CARTESIAN_POINT('',(1.13258347021,2.777994728768,11.014998959167)
  );
#955 = CARTESIAN_POINT('',(1.13267681605,2.777956669831,11.015659653947)
  );
#956 = CARTESIAN_POINT('',(1.132760811982,2.777922419519,11.026208787421
    ));
#957 = CARTESIAN_POINT('',(1.132835462059,2.777891977082,11.014507992381
    ));
#958 = CARTESIAN_POINT('',(1.132900769046,2.777865342898,11.040548718164
    ));
#959 = CARTESIAN_POINT('',(1.132956735033,2.777842516487,11.017102975155
    ));
#960 = CARTESIAN_POINT('',(1.133003365982,2.777823496715,11.044397248193
    ));
#961 = CARTESIAN_POINT('',(1.133040662347,2.777808283541,11.030939004778
    ));
#962 = CARTESIAN_POINT('',(1.133068629794,2.777796875433,11.042916831007
    ));
#963 = CARTESIAN_POINT('',(1.133087270831,2.777789271481,11.042801064633
    ));
#964 = CARTESIAN_POINT('',(1.133096589505,2.777785470273,11.046889418201
    ));
#965 = CARTESIAN_POINT('',(1.133096589505,2.777785470272,11.05));
#966 = CARTESIAN_POINT('',(0.85,2.577064476163,11.05));
#967 = CARTESIAN_POINT('',(0.85,2.577064476164,11.100573086683));
#968 = CARTESIAN_POINT('',(0.846748052169,2.577932279664,11.151135897291
    ));
#969 = CARTESIAN_POINT('',(0.840271040141,2.579665422637,11.201377053914
    ));
#970 = CARTESIAN_POINT('',(0.830611220245,2.582242465888,11.250999728252
    ));
#971 = CARTESIAN_POINT('',(0.817839729221,2.585622599278,11.299721497077
    ));
#972 = CARTESIAN_POINT('',(0.802064488702,2.58974626082,11.347275653975)
  );
#973 = CARTESIAN_POINT('',(0.783432507305,2.594536771455,11.393413982845
    ));
#974 = CARTESIAN_POINT('',(0.762126579028,2.599902984434,11.437910985229
    ));
#975 = CARTESIAN_POINT('',(0.738356379648,2.605742950455,11.48056957104)
  );
#976 = CARTESIAN_POINT('',(0.712343959234,2.611948597597,11.521228203052
    ));
#977 = CARTESIAN_POINT('',(0.684303632583,2.618411426621,11.559769503202
    ));
#978 = CARTESIAN_POINT('',(0.654416266086,2.62502922148,11.596130315211)
  );
#979 = CARTESIAN_POINT('',(0.622797962079,2.631713774912,11.630313226476
    ));
#980 = CARTESIAN_POINT('',(0.555563617443,2.64519874391,11.695029420397)
  );
#981 = CARTESIAN_POINT('',(0.519876403367,2.652004771754,11.725519574677
    ));
#982 = CARTESIAN_POINT('',(0.482428052242,2.658731480413,11.753822189736
    ));
#983 = CARTESIAN_POINT('',(0.443342380593,2.665275978164,11.779854485668
    ));
#984 = CARTESIAN_POINT('',(0.402797586889,2.671528037895,11.803519992628
    ));
#985 = CARTESIAN_POINT('',(0.360992239328,2.677377815301,11.824724925294
    ));
#986 = CARTESIAN_POINT('',(0.318120132296,2.682721965498,11.843389679464
    ));
#987 = CARTESIAN_POINT('',(0.274354010371,2.687468151754,11.859455425693
    ));
#988 = CARTESIAN_POINT('',(0.229838161358,2.69153795459,11.872885832392)
  );
#989 = CARTESIAN_POINT('',(0.184689876678,2.69486817199,11.883663882617)
  );
#990 = CARTESIAN_POINT('',(0.139009780738,2.697410519669,11.891783818457
    ));
#991 = CARTESIAN_POINT('',(9.290102792733E-02,2.699129723933,
    11.897238185309));
#992 = CARTESIAN_POINT('',(4.649736820081E-02,2.700000012505,
    11.899999995592));
#993 = CARTESIAN_POINT('',(-4.108783584141E-02,2.699999988949,
    11.900000003893));
#994 = CARTESIAN_POINT('',(-8.230179576255E-02,2.699322984676,
    11.897862909701));
#995 = CARTESIAN_POINT('',(-0.123498394833,2.697968391166,
    11.893564593012));
#996 = CARTESIAN_POINT('',(-0.164575170661,2.695943643769,
    11.887095249127));
#997 = CARTESIAN_POINT('',(-0.205455565307,2.693263592004,
    11.878446199193));
#998 = CARTESIAN_POINT('',(-0.246075403655,2.689950256712,
    11.867601188822));
#999 = CARTESIAN_POINT('',(-0.286370887143,2.686032957979,11.85453215549
    ));
#1000 = CARTESIAN_POINT('',(-0.32626810352,2.68154881931,11.839199501401
    ));
#1001 = CARTESIAN_POINT('',(-0.36567405174,2.676543640901,
    11.821556823551));
#1002 = CARTESIAN_POINT('',(-0.404469183011,2.67107315003,
    11.801560155451));
#1003 = CARTESIAN_POINT('',(-0.442501456992,2.665204620806,
    11.779181667572));
#1004 = CARTESIAN_POINT('',(-0.479581913997,2.659018869765,
    11.754427870892));
#1005 = CARTESIAN_POINT('',(-0.515481762573,2.65261262263,
    11.727362291522));
#1006 = CARTESIAN_POINT('',(-0.588993301785,2.638717949753,
    11.664988834694));
#1007 = CARTESIAN_POINT('',(-0.626175871089,2.631201154897,
    11.629061616921));
#1008 = CARTESIAN_POINT('',(-0.66117673083,2.623704843727,
    11.590547138733));
#1009 = CARTESIAN_POINT('',(-0.693753191334,2.616374001889,
    11.54961163897));
#1010 = CARTESIAN_POINT('',(-0.723702533231,2.609345155833,
    11.506411156759));
#1011 = CARTESIAN_POINT('',(-0.750847194795,2.602746357142,
    11.461107327853));
#1012 = CARTESIAN_POINT('',(-0.775024447501,2.596696626618,
    11.413879281384));
#1013 = CARTESIAN_POINT('',(-0.796080558352,2.591304852248,
    11.364931603507));
#1014 = CARTESIAN_POINT('',(-0.813869440934,2.586668148888,
    11.314498412662));
#1015 = CARTESIAN_POINT('',(-0.828255792932,2.582869670718,
    11.262843495284));
#1016 = CARTESIAN_POINT('',(-0.839122722351,2.579975885241,
    11.210256552338));
#1017 = CARTESIAN_POINT('',(-0.846383860547,2.578033301431,
    11.157045513996));
#1018 = CARTESIAN_POINT('',(-0.849999963428,2.577064657372,
    11.103524953459));
#1019 = CARTESIAN_POINT('',(-0.850000039245,2.577064464035,
    10.992564864947));
#1020 = CARTESIAN_POINT('',(-0.845811931882,2.578182533056,
    10.93512414709));
#1021 = CARTESIAN_POINT('',(-0.837452250121,2.580419258283,
    10.878071545195));
#1022 = CARTESIAN_POINT('',(-0.824969082448,2.583745145366,
    10.821793260632));
#1023 = CARTESIAN_POINT('',(-0.808450277364,2.588101845387,
    10.766661108634));
#1024 = CARTESIAN_POINT('',(-0.788026959302,2.593404076881,
    10.713025849605));
#1025 = CARTESIAN_POINT('',(-0.763872317258,2.599542345006,
    10.66121133107));
#1026 = CARTESIAN_POINT('',(-0.736195665322,2.606386454799,
    10.611509424808));
#1027 = CARTESIAN_POINT('',(-0.705231776154,2.613789822411,
    10.564175779662));
#1028 = CARTESIAN_POINT('',(-0.671225486266,2.621594580137,
    10.519426366909));
#1029 = CARTESIAN_POINT('',(-0.634411574164,2.629637479056,
    10.47743484051));
#1030 = CARTESIAN_POINT('',(-0.594989910525,2.637756586336,
    10.438330693774));
#1031 = CARTESIAN_POINT('',(-0.553095880949,2.645798779108,
    10.402198225471));
#1032 = CARTESIAN_POINT('',(-0.466413055603,2.661108163019,
    10.337431377389));
#1033 = CARTESIAN_POINT('',(-0.421862098372,2.668398027349,
    10.308516460479));
#1034 = CARTESIAN_POINT('',(-0.375298140737,2.675320610591,
    10.282611330656));
#1035 = CARTESIAN_POINT('',(-0.3270108968,2.681707130097,10.259901618577
    ));
#1036 = CARTESIAN_POINT('',(-0.277329233775,2.687402289407,
    10.240506391602));
#1037 = CARTESIAN_POINT('',(-0.226572820133,2.692268824619,
    10.224500587215));
#1038 = CARTESIAN_POINT('',(-0.175021051864,2.696191349653,
    10.21193231294));
#1039 = CARTESIAN_POINT('',(-0.122899256207,2.699079492675,
    10.202834993362));
#1040 = CARTESIAN_POINT('',(-7.038217369784E-02,2.700870333719,
    10.197234388916));
#1041 = CARTESIAN_POINT('',(-1.761471759138E-02,2.70153013233,
    10.195150459662));
#1042 = CARTESIAN_POINT('',(3.524998844938E-02,2.701055355967,
    10.196594099038));
#1043 = CARTESIAN_POINT('',(8.799529511835E-02,2.69947300025,
    10.201558717471));
#1044 = CARTESIAN_POINT('',(0.14026843419,2.696840207432,10.210006689854
    ));
#1045 = CARTESIAN_POINT('',(0.230453464481,2.69050705467,10.230859921234
    ));
#1046 = CARTESIAN_POINT('',(0.268904531686,2.687211220278,
    10.241835964566));
#1047 = CARTESIAN_POINT('',(0.306747952252,2.683403078536,
    10.254738589491));
#1048 = CARTESIAN_POINT('',(0.343894457025,2.679133068362,10.26953132694
    ));
#1049 = CARTESIAN_POINT('',(0.380259974684,2.67445437088,10.286180140793
    ));
#1050 = CARTESIAN_POINT('',(0.415764202152,2.669422616801,
    10.304652138992));
#1051 = CARTESIAN_POINT('',(0.450329174513,2.664095591063,
    10.324914270422));
#1052 = CARTESIAN_POINT('',(0.483877835667,2.658532941503,
    10.346932042898));
#1053 = CARTESIAN_POINT('',(0.516332608055,2.652795882494,
    10.370668214583));
#1054 = CARTESIAN_POINT('',(0.547613963381,2.646946903947,
    10.396081513987));
#1055 = CARTESIAN_POINT('',(0.57763899242,2.641049475425,10.42312533363)
  );
#1056 = CARTESIAN_POINT('',(0.606319975543,2.635167754066,
    10.451746444466));
#1057 = CARTESIAN_POINT('',(0.633562952765,2.629366289976,
    10.481883696381));
#1058 = CARTESIAN_POINT('',(0.672117964702,2.620881454567,
    10.529258241631));
#1059 = CARTESIAN_POINT('',(0.684587029753,2.618088758817,
    10.545410721221));
#1060 = CARTESIAN_POINT('',(0.696661320417,2.615339848868,
    10.561915246922));
#1061 = CARTESIAN_POINT('',(0.708328966356,2.612642683234,
    10.578762198013));
#1062 = CARTESIAN_POINT('',(0.719578395772,2.61000497605,10.595941252009
    ));
#1063 = CARTESIAN_POINT('',(0.730398335243,2.607434196688,
    10.613441383546));
#1064 = CARTESIAN_POINT('',(0.74077780999,2.604937570409,10.631250866281
    ));
#1065 = CARTESIAN_POINT('',(0.750706143506,2.602522077431,
    10.649357270129));
#1066 = CARTESIAN_POINT('',(0.760172957992,2.600194454056,
    10.667747464669));
#1067 = CARTESIAN_POINT('',(0.769168173924,2.597961191517,
    10.686407615608));
#1068 = CARTESIAN_POINT('',(0.777682010416,2.595828536971,
    10.705323187852));
#1069 = CARTESIAN_POINT('',(0.785704984965,2.593802492787,
    10.724478943298));
#1070 = CARTESIAN_POINT('',(0.7932279136,2.591888816961,10.74385894212)
  );
#1071 = CARTESIAN_POINT('',(0.803748909415,2.589195125916,
    10.773240342226));
#1072 = CARTESIAN_POINT('',(0.807128332005,2.588326926307,
    10.783086422288));
#1073 = CARTESIAN_POINT('',(0.810379416271,2.587488914858,
    10.792982516263));
#1074 = CARTESIAN_POINT('',(0.813501399871,2.586681582145,
    10.802926357431));
#1075 = CARTESIAN_POINT('',(0.816493520541,2.585905419169,
    10.812915680523));
#1076 = CARTESIAN_POINT('',(0.81935501587,2.585160916131,10.822948217544
    ));
#1077 = CARTESIAN_POINT('',(0.822085123674,2.584448564468,
    10.833021704698));
#1078 = CARTESIAN_POINT('',(0.824683081479,2.583768854021,
    10.843133872772));
#1079 = CARTESIAN_POINT('',(0.827148127121,2.583122276371,
    10.853282458465));
#1080 = CARTESIAN_POINT('',(0.829479498155,2.582509321489,
    10.863465193001));
#1081 = CARTESIAN_POINT('',(0.831676432353,2.581930480609,
    10.873679811898));
#1082 = CARTESIAN_POINT('',(0.833738167346,2.581386244131,
    10.883924047841));
#1083 = CARTESIAN_POINT('',(0.83566394084,2.580877102913,10.894195635067
    ));
#1084 = CARTESIAN_POINT('',(0.838347515345,2.580166769955,
    10.909640643151));
#1085 = CARTESIAN_POINT('',(0.839207960104,2.57993882864,10.914795178914
    ));
#1086 = CARTESIAN_POINT('',(0.840034286951,2.579719752084,
    10.919955605383));
#1087 = CARTESIAN_POINT('',(0.840826458069,2.579509568875,10.92512161403
    ));
#1088 = CARTESIAN_POINT('',(0.841584435592,2.579308307201,
    10.930292895118));
#1089 = CARTESIAN_POINT('',(0.842308181751,2.579115996018,10.93546914125
    ));
#1090 = CARTESIAN_POINT('',(0.842997658619,2.578932663066,
    10.940650041301));
#1091 = CARTESIAN_POINT('',(0.843652828483,2.578758337693,10.9458352891)
  );
#1092 = CARTESIAN_POINT('',(0.844273653387,2.578593047461,
    10.951024572948));
#1093 = CARTESIAN_POINT('',(0.844860095608,2.578436821604,
    10.956217586342));
#1094 = CARTESIAN_POINT('',(0.845412117236,2.578289688037,
    10.961414018664));
#1095 = CARTESIAN_POINT('',(0.845929680484,2.578151675547,
    10.966613562033));
#1096 = CARTESIAN_POINT('',(0.8464127475,2.578022812443,10.971815907052)
  );
#1097 = CARTESIAN_POINT('',(0.847085546939,2.577843284648,10.97962316399
    ));
#1098 = CARTESIAN_POINT('',(0.847301187755,2.577785732141,
    10.982226203969));
#1099 = CARTESIAN_POINT('',(0.847508202224,2.577730471098,
    10.984829825819));
#1100 = CARTESIAN_POINT('',(0.847706589642,2.577677502754,
    10.987433989698));
#1101 = CARTESIAN_POINT('',(0.84789634935,2.577626828658,10.990038657421
    ));
#1102 = CARTESIAN_POINT('',(0.848077480607,2.577578449786,
    10.992643787747));
#1103 = CARTESIAN_POINT('',(0.848249982796,2.577532367978,10.99524934406
    ));
#1104 = CARTESIAN_POINT('',(0.848413855145,2.577488583983,
    10.997855283904));
#1105 = CARTESIAN_POINT('',(0.848569097044,2.577447099711,11.00046157103
    ));
#1106 = CARTESIAN_POINT('',(0.84871570774,2.577407916028,11.003068163615
    ));
#1107 = CARTESIAN_POINT('',(0.848853686586,2.577371034592,
    11.005675024059));
#1108 = CARTESIAN_POINT('',(0.848983032871,2.577336456558,
    11.008282112086));
#1109 = CARTESIAN_POINT('',(0.849103745913,2.577304183343,
    11.010889388811));
#1110 = CARTESIAN_POINT('',(0.849327904132,2.577244249173,
    11.016104240748));
#1111 = CARTESIAN_POINT('',(0.849431352064,2.577216586721,
    11.018657255701));
#1112 = CARTESIAN_POINT('',(0.849526169516,2.577191229506,
    11.021739613104));
#1113 = CARTESIAN_POINT('',(0.849612357414,2.577168177923,
    11.022272266403));
#1114 = CARTESIAN_POINT('',(0.849689916992,2.577147432414,
    11.030790727335));
#1115 = CARTESIAN_POINT('',(0.849758849633,2.577128992928,
    11.021340727422));
#1116 = CARTESIAN_POINT('',(0.849819157132,2.577112859838,
    11.042370060601));
#1117 = CARTESIAN_POINT('',(0.849870841332,2.577099032654,
    11.023435262183));
#1118 = CARTESIAN_POINT('',(0.849913904552,2.577087511541,
    11.045477076779));
#1119 = CARTESIAN_POINT('',(0.849948349159,2.577078295799,
    11.034608086601));
#1120 = CARTESIAN_POINT('',(0.849974177932,2.577071385162,
    11.044280759947));
#1121 = CARTESIAN_POINT('',(0.8499913938,2.577066778852,11.044186934514)
  );
#1122 = CARTESIAN_POINT('',(0.85,2.577064476164,11.047488280291));
#1123 = CARTESIAN_POINT('',(0.85,2.577064476163,11.05));
#1124 = DEFINITIONAL_REPRESENTATION('',(#1125),#1129);
#1125 = LINE('',#1126,#1127);
#1126 = CARTESIAN_POINT('',(0.,0.));
#1127 = VECTOR('',#1128,1.);
#1128 = DIRECTION('',(0.,1.));
#1129 = ( GEOMETRIC_REPRESENTATION_CONTEXT(2) 
PARAMETRIC_REPRESENTATION_CONTEXT() REPRESENTATION_CONTEXT('2D SPACE',''
  ) );
#1130 = ADVANCED_FACE('',(#1131),#255,.F.);
#1131 = FACE_BOUND('',#1132,.F.);
#1132 = EDGE_LOOP('',(#1133,#1153,#1312,#1313));
#1133 = ORIENTED_EDGE('',*,*,#1134,.T.);
#1134 = EDGE_CURVE('',#22,#1135,#1137,.T.);
#1135 = VERTEX_POINT('',#1136);
#1136 = CARTESIAN_POINT('',(0.85,-2.577064476163,11.05));
#1137 = SEAM_CURVE('',#1138,(#1141,#1147),.PCURVE_S1.);
#1138 = B_SPLINE_CURVE_WITH_KNOTS('',1,(#1139,#1140),.UNSPECIFIED.,.F.,
  .F.,(2,2),(0.,5.368527942628),.PIECEWISE_BEZIER_KNOTS.);
#1139 = CARTESIAN_POINT('',(1.133096589505,-2.777785470272,11.05));
#1140 = CARTESIAN_POINT('',(0.85,-2.577064476163,11.05));
#1141 = PCURVE('',#255,#1142);
#1142 = DEFINITIONAL_REPRESENTATION('',(#1143),#1146);
#1143 = B_SPLINE_CURVE_WITH_KNOTS('',1,(#1144,#1145),.UNSPECIFIED.,.F.,
  .F.,(2,2),(0.,5.368527942628),.PIECEWISE_BEZIER_KNOTS.);
#1144 = CARTESIAN_POINT('',(0.,1.351649950094E-16));
#1145 = CARTESIAN_POINT('',(5.368527942628,1.351649950094E-16));
#1146 = ( GEOMETRIC_REPRESENTATION_CONTEXT(2) 
PARAMETRIC_REPRESENTATION_CONTEXT() REPRESENTATION_CONTEXT('2D SPACE',''
  ) );
#1147 = PCURVE('',#255,#1148);
#1148 = DEFINITIONAL_REPRESENTATION('',(#1149),#1152);
#1149 = B_SPLINE_CURVE_WITH_KNOTS('',1,(#1150,#1151),.UNSPECIFIED.,.F.,
  .F.,(2,2),(0.,5.368527942628),.PIECEWISE_BEZIER_KNOTS.);
#1150 = CARTESIAN_POINT('',(0.,5.368527942628));
#1151 = CARTESIAN_POINT('',(5.368527942628,5.368527942628));
#1152 = ( GEOMETRIC_REPRESENTATION_CONTEXT(2) 
PARAMETRIC_REPRESENTATION_CONTEXT() REPRESENTATION_CONTEXT('2D SPACE',''
  ) );
#1153 = ORIENTED_EDGE('',*,*,#1154,.T.);
#1154 = EDGE_CURVE('',#1135,#1135,#1155,.T.);
#1155 = SURFACE_CURVE('',#1156,(#1194,#1201),.PCURVE_S1.);
#1156 = B_SPLINE_CURVE_WITH_KNOTS('',6,(#1157,#1158,#1159,#1160,#1161,
    #1162,#1163,#1164,#1165,#1166,#1167,#1168,#1169,#1170,#1171,#1172,
    #1173,#1174,#1175,#1176,#1177,#1178,#1179,#1180,#1181,#1182,#1183,
    #1184,#1185,#1186,#1187,#1188,#1189,#1190,#1191,#1192,#1193),
  .UNSPECIFIED.,.T.,.F.,(7,5,5,5,5,5,5,7),(1.351649950094E-16,
    0.78990358206,1.544583425073,2.287199672738,3.082724455061,
    3.776167864097,4.475195199087,5.368527942628),.UNSPECIFIED.);
#1157 = CARTESIAN_POINT('',(0.85,-2.577064476163,11.05));
#1158 = CARTESIAN_POINT('',(0.85,-2.577064476163,11.184026292275));
#1159 = CARTESIAN_POINT('',(0.824611525641,-2.583845883533,
    11.318040906307));
#1160 = CARTESIAN_POINT('',(0.774015522395,-2.597434133188,
    11.445051452113));
#1161 = CARTESIAN_POINT('',(0.700926016788,-2.61578234872,11.55798033483
    ));
#1162 = CARTESIAN_POINT('',(0.612275014206,-2.635346946647,
    11.653584864493));
#1163 = CARTESIAN_POINT('',(0.409872937157,-2.671093909898,
    11.804813738301));
#1164 = CARTESIAN_POINT('',(0.297566438482,-2.687393284495,
    11.862035570151));
#1165 = CARTESIAN_POINT('',(0.176064218095,-2.6993069167,11.897706160061
    ));
#1166 = CARTESIAN_POINT('',(5.346631631131E-02,-2.704157397059,
    11.912734053351));
#1167 = CARTESIAN_POINT('',(-7.174126077744E-02,-2.701652443032,
    11.905838661884));
#1168 = CARTESIAN_POINT('',(-0.309325909665,-2.684968332541,
    11.85090261897));
#1169 = CARTESIAN_POINT('',(-0.422692554967,-2.67094674254,
    11.803396960535));
#1170 = CARTESIAN_POINT('',(-0.526533927357,-2.653061318728,
    11.737338409287));
#1171 = CARTESIAN_POINT('',(-0.619905073578,-2.633503026165,
    11.652755168508));
#1172 = CARTESIAN_POINT('',(-0.696526870136,-2.615744531139,
    11.552955110142));
#1173 = CARTESIAN_POINT('',(-0.815911391059,-2.586517308941,
    11.323324324401));
#1174 = CARTESIAN_POINT('',(-0.855964691546,-2.575544450814,
    11.191500958808));
#1175 = CARTESIAN_POINT('',(-0.87108121653,-2.571200503544,
    11.049998832582));
#1176 = CARTESIAN_POINT('',(-0.855988406353,-2.575542746016,
    10.908505179447));
#1177 = CARTESIAN_POINT('',(-0.815878868583,-2.586525364214,
    10.776613195839));
#1178 = CARTESIAN_POINT('',(-0.70037201543,-2.614803097361,
    10.554440788788));
#1179 = CARTESIAN_POINT('',(-0.630085652714,-2.631136740293,
    10.460766995947));
#1180 = CARTESIAN_POINT('',(-0.545314690738,-2.64911207463,
    10.37999965247));
#1181 = CARTESIAN_POINT('',(-0.45041589287,-2.666066622262,
    10.315006107227));
#1182 = CARTESIAN_POINT('',(-0.347238338497,-2.680075917514,
    10.265974736934));
#1183 = CARTESIAN_POINT('',(-0.129456795206,-2.699044068376,
    10.202227917332));
#1184 = CARTESIAN_POINT('',(-1.439549502868E-02,-2.703947035941,
    10.18772082542));
#1185 = CARTESIAN_POINT('',(0.100394299719,-2.70262270881,
    10.192249626632));
#1186 = CARTESIAN_POINT('',(0.214653462204,-2.694990058637,
    10.214543767416));
#1187 = CARTESIAN_POINT('',(0.323348140856,-2.682522270065,
    10.255659628023));
#1188 = CARTESIAN_POINT('',(0.549000338669,-2.648799277073,
    10.38488330167));
#1189 = CARTESIAN_POINT('',(0.659624652012,-2.626085911892,
    10.482834930034));
#1190 = CARTESIAN_POINT('',(0.752061450175,-2.603323465807,
    10.604089434861));
#1191 = CARTESIAN_POINT('',(0.817400662712,-2.585771047826,
    10.745955502799));
#1192 = CARTESIAN_POINT('',(0.85,-2.577064476163,10.898036191529));
#1193 = CARTESIAN_POINT('',(0.85,-2.577064476163,11.05));
#1194 = PCURVE('',#255,#1195);
#1195 = DEFINITIONAL_REPRESENTATION('',(#1196),#1200);
#1196 = LINE('',#1197,#1198);
#1197 = CARTESIAN_POINT('',(5.368527942628,0.));
#1198 = VECTOR('',#1199,1.);
#1199 = DIRECTION('',(0.,1.));
#1200 = ( GEOMETRIC_REPRESENTATION_CONTEXT(2) 
PARAMETRIC_REPRESENTATION_CONTEXT() REPRESENTATION_CONTEXT('2D SPACE',''
  ) );
#1201 = PCURVE('',#1202,#1207);
#1202 = CYLINDRICAL_SURFACE('',#1203,0.85);
#1203 = AXIS2_PLACEMENT_3D('',#1204,#1205,#1206);
#1204 = CARTESIAN_POINT('',(0.,4.75,11.05));
#1205 = DIRECTION('',(0.,-1.,1.110223024625E-16));
#1206 = DIRECTION('',(1.,0.,0.));
#1207 = DEFINITIONAL_REPRESENTATION('',(#1208),#1311);
#1208 = B_SPLINE_CURVE_WITH_KNOTS('',11,(#1209,#1210,#1211,#1212,#1213,
    #1214,#1215,#1216,#1217,#1218,#1219,#1220,#1221,#1222,#1223,#1224,
    #1225,#1226,#1227,#1228,#1229,#1230,#1231,#1232,#1233,#1234,#1235,
    #1236,#1237,#1238,#1239,#1240,#1241,#1242,#1243,#1244,#1245,#1246,
    #1247,#1248,#1249,#1250,#1251,#1252,#1253,#1254,#1255,#1256,#1257,
    #1258,#1259,#1260,#1261,#1262,#1263,#1264,#1265,#1266,#1267,#1268,
    #1269,#1270,#1271,#1272,#1273,#1274,#1275,#1276,#1277,#1278,#1279,
    #1280,#1281,#1282,#1283,#1284,#1285,#1286,#1287,#1288,#1289,#1290,
    #1291,#1292,#1293,#1294,#1295,#1296,#1297,#1298,#1299,#1300,#1301,
    #1302,#1303,#1304,#1305,#1306,#1307,#1308,#1309,#1310),
  .UNSPECIFIED.,.F.,.F.,(12,10,10,10,10,10,10,10,10,10,12),(
    1.351649950094E-16,0.671065992829,1.342131985657,1.677664982071,
    2.013197978486,2.684263971314,3.355329964143,3.690862960557,
    4.026395956971,4.6974619498,5.368527942628),.UNSPECIFIED.);
#1209 = CARTESIAN_POINT('',(5.551115123126E-17,7.327064476163));
#1210 = CARTESIAN_POINT('',(7.30669182609E-02,7.327064476163));
#1211 = CARTESIAN_POINT('',(0.146123920045,7.328396343779));
#1212 = CARTESIAN_POINT('',(0.219096426645,7.331068374636));
#1213 = CARTESIAN_POINT('',(0.29189843204,7.33503264299));
#1214 = CARTESIAN_POINT('',(0.36444306085,7.340193085383));
#1215 = CARTESIAN_POINT('',(0.436653126316,7.346413584701));
#1216 = CARTESIAN_POINT('',(0.508471688242,7.35352605366));
#1217 = CARTESIAN_POINT('',(0.579872610984,7.361338518946));
#1218 = CARTESIAN_POINT('',(0.650871121392,7.369643204742));
#1219 = CARTESIAN_POINT('',(0.721534366794,7.378224616727));
#1220 = CARTESIAN_POINT('',(0.862449579095,7.395510634833));
#1221 = CARTESIAN_POINT('',(0.932743003272,7.404226666176));
#1222 = CARTESIAN_POINT('',(1.002715203441,7.412719181067));
#1223 = CARTESIAN_POINT('',(1.074298799135,7.421168984957));
#1224 = CARTESIAN_POINT('',(1.144556982911,7.42868019173));
#1225 = CARTESIAN_POINT('',(1.21487386879,7.435349008517));
#1226 = CARTESIAN_POINT('',(1.285699067513,7.441084499654));
#1227 = CARTESIAN_POINT('',(1.355361361413,7.445344127957));
#1228 = CARTESIAN_POINT('',(1.425462243248,7.448353821323));
#1229 = CARTESIAN_POINT('',(1.495357724243,7.449885246614));
#1230 = CARTESIAN_POINT('',(1.600349355148,7.450034206855));
#1231 = CARTESIAN_POINT('',(1.635381614736,7.449724792353));
#1232 = CARTESIAN_POINT('',(1.670371016943,7.449053397939));
#1233 = CARTESIAN_POINT('',(1.705464810711,7.448025786579));
#1234 = CARTESIAN_POINT('',(1.740622792572,7.446649126005));
#1235 = CARTESIAN_POINT('',(1.775725786496,7.444930875678));
#1236 = CARTESIAN_POINT('',(1.81075350931,7.442881477127));
#1237 = CARTESIAN_POINT('',(1.845800337131,7.44051804979));
#1238 = CARTESIAN_POINT('',(1.880917705387,7.437865846375));
#1239 = CARTESIAN_POINT('',(1.915992092736,7.434953777829));
#1240 = CARTESIAN_POINT('',(1.986183420081,7.428645962994));
#1241 = CARTESIAN_POINT('',(2.021286971192,7.42525110769));
#1242 = CARTESIAN_POINT('',(2.056411703305,7.421639521354));
#1243 = CARTESIAN_POINT('',(2.091569657539,7.417836244611));
#1244 = CARTESIAN_POINT('',(2.126771622578,7.413867141912));
#1245 = CARTESIAN_POINT('',(2.162027134656,7.409758901432));
#1246 = CARTESIAN_POINT('',(2.197344477573,7.405539035218));
#1247 = CARTESIAN_POINT('',(2.23273068268,7.401235879017));
#1248 = CARTESIAN_POINT('',(2.268191528893,7.396878592434));
#1249 = CARTESIAN_POINT('',(2.303731542681,7.392497158818));
#1250 = CARTESIAN_POINT('',(2.410598908859,7.379372838338));
#1251 = CARTESIAN_POINT('',(2.482213703556,7.370645051129));
#1252 = CARTESIAN_POINT('',(2.553802034005,7.362197929512));
#1253 = CARTESIAN_POINT('',(2.62676958691,7.354164576488));
#1254 = CARTESIAN_POINT('',(2.698328732224,7.34703471368));
#1255 = CARTESIAN_POINT('',(2.770877658068,7.340669947141));
#1256 = CARTESIAN_POINT('',(2.844921919537,7.335258741514));
#1257 = CARTESIAN_POINT('',(2.918157528041,7.331261443197));
#1258 = CARTESIAN_POINT('',(2.992397557927,7.328457032811));
#1259 = CARTESIAN_POINT('',(3.066554978929,7.327074072583));
#1260 = CARTESIAN_POINT('',(3.214943534534,7.327046121791));
#1261 = CARTESIAN_POINT('',(3.28910485212,7.328401523539));
#1262 = CARTESIAN_POINT('',(3.363365076465,7.331176350985));
#1263 = CARTESIAN_POINT('',(3.436620941439,7.335156244801));
#1264 = CARTESIAN_POINT('',(3.510638364226,7.34053315748));
#1265 = CARTESIAN_POINT('',(3.583273368614,7.346884100168));
#1266 = CARTESIAN_POINT('',(3.654855416588,7.354007503612));
#1267 = CARTESIAN_POINT('',(3.727614226964,7.362001976898));
#1268 = CARTESIAN_POINT('',(3.799155184812,7.370431222316));
#1269 = CARTESIAN_POINT('',(3.87064239937,7.379136618345));
#1270 = CARTESIAN_POINT('',(3.977339092254,7.392237443866));
#1271 = CARTESIAN_POINT('',(4.012823445216,7.396612396168));
#1272 = CARTESIAN_POINT('',(4.04822999305,7.400964971207));
#1273 = CARTESIAN_POINT('',(4.08356350926,7.405265514477));
#1274 = CARTESIAN_POINT('',(4.118830134566,7.409485104498));
#1275 = CARTESIAN_POINT('',(4.154037377039,7.413595553137));
#1276 = CARTESIAN_POINT('',(4.189194111924,7.417569405177));
#1277 = CARTESIAN_POINT('',(4.224310581828,7.421379938784));
#1278 = CARTESIAN_POINT('',(4.25939839656,7.425001165098));
#1279 = CARTESIAN_POINT('',(4.294470533238,7.428407828522));
#1280 = CARTESIAN_POINT('',(4.36461213923,7.434742984598));
#1281 = CARTESIAN_POINT('',(4.399674693505,7.437672028773));
#1282 = CARTESIAN_POINT('',(4.434742991066,7.440338532224));
#1283 = CARTESIAN_POINT('',(4.469849149214,7.442718730238));
#1284 = CARTESIAN_POINT('',(4.504993776493,7.44479095074));
#1285 = CARTESIAN_POINT('',(4.540144664056,7.446536773018));
#1286 = CARTESIAN_POINT('',(4.575262342975,7.447941622608));
#1287 = CARTESIAN_POINT('',(4.610331047195,7.448994929772));
#1288 = CARTESIAN_POINT('',(4.645373622839,7.449689979615));
#1289 = CARTESIAN_POINT('',(4.680428923534,7.450023581274));
#1290 = CARTESIAN_POINT('',(4.785552849893,7.44993988977));
#1291 = CARTESIAN_POINT('',(4.855620530746,7.448437894498));
#1292 = CARTESIAN_POINT('',(4.925775629492,7.445488398209));
#1293 = CARTESIAN_POINT('',(4.995731765508,7.441203132931));
#1294 = CARTESIAN_POINT('',(5.067224161792,7.435416586785));
#1295 = CARTESIAN_POINT('',(5.135429207143,7.429136723979));
#1296 = CARTESIAN_POINT('',(5.209303384701,7.420930119656));
#1297 = CARTESIAN_POINT('',(5.277025166929,7.413204327023));
#1298 = CARTESIAN_POINT('',(5.347878798674,7.404532330441));
#1299 = CARTESIAN_POINT('',(5.418085302072,7.395840087087));
#1300 = CARTESIAN_POINT('',(5.559297718703,7.378510020905));
#1301 = CARTESIAN_POINT('',(5.630196166302,7.369891663389));
#1302 = CARTESIAN_POINT('',(5.701461668903,7.361542639753));
#1303 = CARTESIAN_POINT('',(5.7731299281,7.353684183659));
#1304 = CARTESIAN_POINT('',(5.845202542968,7.346528245014));
#1305 = CARTESIAN_POINT('',(5.917652022033,7.34026963123));
#1306 = CARTESIAN_POINT('',(5.990426794725,7.335078147949));
#1307 = CARTESIAN_POINT('',(6.063456223425,7.331090740388));
#1308 = CARTESIAN_POINT('',(6.136655614948,7.328403634093));
#1309 = CARTESIAN_POINT('',(6.209931232474,7.327064476164));
#1310 = CARTESIAN_POINT('',(6.28318530718,7.327064476163));
#1311 = ( GEOMETRIC_REPRESENTATION_CONTEXT(2) 
PARAMETRIC_REPRESENTATION_CONTEXT() REPRESENTATION_CONTEXT('2D SPACE',''
  ) );
#1312 = ORIENTED_EDGE('',*,*,#1134,.F.);
#1313 = ORIENTED_EDGE('',*,*,#21,.F.);
#1314 = ADVANCED_FACE('',(#1315,#1318),#407,.F.);
#1315 = FACE_BOUND('',#1316,.F.);
#1316 = EDGE_LOOP('',(#1317));
#1317 = ORIENTED_EDGE('',*,*,#392,.T.);
#1318 = FACE_BOUND('',#1319,.F.);
#1319 = EDGE_LOOP('',(#1320));
#1320 = ORIENTED_EDGE('',*,*,#1321,.F.);
#1321 = EDGE_CURVE('',#1322,#1322,#1324,.T.);
#1322 = VERTEX_POINT('',#1323);
#1323 = CARTESIAN_POINT('',(2.5,-6.123233995737E-16,8.3));
#1324 = SURFACE_CURVE('',#1325,(#1330,#1337),.PCURVE_S1.);
#1325 = CIRCLE('',#1326,2.5);
#1326 = AXIS2_PLACEMENT_3D('',#1327,#1328,#1329);
#1327 = CARTESIAN_POINT('',(0.,0.,8.3));
#1328 = DIRECTION('',(0.,0.,1.));
#1329 = DIRECTION('',(1.,0.,0.));
#1330 = PCURVE('',#407,#1331);
#1331 = DEFINITIONAL_REPRESENTATION('',(#1332),#1336);
#1332 = CIRCLE('',#1333,2.5);
#1333 = AXIS2_PLACEMENT_2D('',#1334,#1335);
#1334 = CARTESIAN_POINT('',(0.,0.));
#1335 = DIRECTION('',(1.,0.));
#1336 = ( GEOMETRIC_REPRESENTATION_CONTEXT(2) 
PARAMETRIC_REPRESENTATION_CONTEXT() REPRESENTATION_CONTEXT('2D SPACE',''
  ) );
#1337 = PCURVE('',#1338,#1343);
#1338 = CYLINDRICAL_SURFACE('',#1339,2.5);
#1339 = AXIS2_PLACEMENT_3D('',#1340,#1341,#1342);
#1340 = CARTESIAN_POINT('',(0.,0.,7.2));
#1341 = DIRECTION('',(0.,0.,1.));
#1342 = DIRECTION('',(1.,0.,0.));
#1343 = DEFINITIONAL_REPRESENTATION('',(#1344),#1348);
#1344 = LINE('',#1345,#1346);
#1345 = CARTESIAN_POINT('',(0.,1.1));
#1346 = VECTOR('',#1347,1.);
#1347 = DIRECTION('',(1.,0.));
#1348 = ( GEOMETRIC_REPRESENTATION_CONTEXT(2) 
PARAMETRIC_REPRESENTATION_CONTEXT() REPRESENTATION_CONTEXT('2D SPACE',''
  ) );
#1349 = ADVANCED_FACE('',(#1350,#1381),#379,.F.);
#1350 = FACE_BOUND('',#1351,.F.);
#1351 = EDGE_LOOP('',(#1352));
#1352 = ORIENTED_EDGE('',*,*,#1353,.T.);
#1353 = EDGE_CURVE('',#1354,#1354,#1356,.T.);
#1354 = VERTEX_POINT('',#1355);
#1355 = CARTESIAN_POINT('',(3.5,0.,13.8));
#1356 = SURFACE_CURVE('',#1357,(#1362,#1369),.PCURVE_S1.);
#1357 = CIRCLE('',#1358,3.5);
#1358 = AXIS2_PLACEMENT_3D('',#1359,#1360,#1361);
#1359 = CARTESIAN_POINT('',(0.,0.,13.8));
#1360 = DIRECTION('',(0.,0.,1.));
#1361 = DIRECTION('',(1.,0.,-0.));
#1362 = PCURVE('',#379,#1363);
#1363 = DEFINITIONAL_REPRESENTATION('',(#1364),#1368);
#1364 = CIRCLE('',#1365,3.5);
#1365 = AXIS2_PLACEMENT_2D('',#1366,#1367);
#1366 = CARTESIAN_POINT('',(0.,0.));
#1367 = DIRECTION('',(1.,0.));
#1368 = ( GEOMETRIC_REPRESENTATION_CONTEXT(2) 
PARAMETRIC_REPRESENTATION_CONTEXT() REPRESENTATION_CONTEXT('2D SPACE',''
  ) );
#1369 = PCURVE('',#1370,#1375);
#1370 = TOROIDAL_SURFACE('',#1371,3.5,0.25);
#1371 = AXIS2_PLACEMENT_3D('',#1372,#1373,#1374);
#1372 = CARTESIAN_POINT('',(0.,0.,14.05));
#1373 = DIRECTION('',(-0.,-0.,-1.));
#1374 = DIRECTION('',(1.,0.,-0.));
#1375 = DEFINITIONAL_REPRESENTATION('',(#1376),#1380);
#1376 = LINE('',#1377,#1378);
#1377 = CARTESIAN_POINT('',(-0.,1.570796326795));
#1378 = VECTOR('',#1379,1.);
#1379 = DIRECTION('',(-1.,0.));
#1380 = ( GEOMETRIC_REPRESENTATION_CONTEXT(2) 
PARAMETRIC_REPRESENTATION_CONTEXT() REPRESENTATION_CONTEXT('2D SPACE',''
  ) );
#1381 = FACE_BOUND('',#1382,.F.);
#1382 = EDGE_LOOP('',(#1383));
#1383 = ORIENTED_EDGE('',*,*,#364,.F.);
#1384 = ADVANCED_FACE('',(#1385),#807,.T.);
#1385 = FACE_BOUND('',#1386,.T.);
#1386 = EDGE_LOOP('',(#1387,#1407,#1694,#1695));
#1387 = ORIENTED_EDGE('',*,*,#1388,.T.);
#1388 = EDGE_CURVE('',#422,#1389,#1391,.T.);
#1389 = VERTEX_POINT('',#1390);
#1390 = CARTESIAN_POINT('',(0.85,2.577064476163,11.05));
#1391 = SEAM_CURVE('',#1392,(#1395,#1401),.PCURVE_S1.);
#1392 = B_SPLINE_CURVE_WITH_KNOTS('',1,(#1393,#1394),.UNSPECIFIED.,.F.,
  .F.,(2,2),(0.,5.368527940389),.PIECEWISE_BEZIER_KNOTS.);
#1393 = CARTESIAN_POINT('',(1.133096589505,2.777785470272,11.05));
#1394 = CARTESIAN_POINT('',(0.85,2.577064476163,11.05));
#1395 = PCURVE('',#807,#1396);
#1396 = DEFINITIONAL_REPRESENTATION('',(#1397),#1400);
#1397 = B_SPLINE_CURVE_WITH_KNOTS('',1,(#1398,#1399),.UNSPECIFIED.,.F.,
  .F.,(2,2),(0.,5.368527940389),.PIECEWISE_BEZIER_KNOTS.);
#1398 = CARTESIAN_POINT('',(0.,2.19191185995E-15));
#1399 = CARTESIAN_POINT('',(5.368527940389,2.19191185995E-15));
#1400 = ( GEOMETRIC_REPRESENTATION_CONTEXT(2) 
PARAMETRIC_REPRESENTATION_CONTEXT() REPRESENTATION_CONTEXT('2D SPACE',''
  ) );
#1401 = PCURVE('',#807,#1402);
#1402 = DEFINITIONAL_REPRESENTATION('',(#1403),#1406);
#1403 = B_SPLINE_CURVE_WITH_KNOTS('',1,(#1404,#1405),.UNSPECIFIED.,.F.,
  .F.,(2,2),(0.,5.368527940389),.PIECEWISE_BEZIER_KNOTS.);
#1404 = CARTESIAN_POINT('',(0.,5.368527940389));
#1405 = CARTESIAN_POINT('',(5.368527940389,5.368527940389));
#1406 = ( GEOMETRIC_REPRESENTATION_CONTEXT(2) 
PARAMETRIC_REPRESENTATION_CONTEXT() REPRESENTATION_CONTEXT('2D SPACE',''
  ) );
#1407 = ORIENTED_EDGE('',*,*,#1408,.T.);
#1408 = EDGE_CURVE('',#1389,#1389,#1409,.T.);
#1409 = SURFACE_CURVE('',#1410,(#1569,#1576),.PCURVE_S1.);
#1410 = B_SPLINE_CURVE_WITH_KNOTS('',14,(#1411,#1412,#1413,#1414,#1415,
    #1416,#1417,#1418,#1419,#1420,#1421,#1422,#1423,#1424,#1425,#1426,
    #1427,#1428,#1429,#1430,#1431,#1432,#1433,#1434,#1435,#1436,#1437,
    #1438,#1439,#1440,#1441,#1442,#1443,#1444,#1445,#1446,#1447,#1448,
    #1449,#1450,#1451,#1452,#1453,#1454,#1455,#1456,#1457,#1458,#1459,
    #1460,#1461,#1462,#1463,#1464,#1465,#1466,#1467,#1468,#1469,#1470,
    #1471,#1472,#1473,#1474,#1475,#1476,#1477,#1478,#1479,#1480,#1481,
    #1482,#1483,#1484,#1485,#1486,#1487,#1488,#1489,#1490,#1491,#1492,
    #1493,#1494,#1495,#1496,#1497,#1498,#1499,#1500,#1501,#1502,#1503,
    #1504,#1505,#1506,#1507,#1508,#1509,#1510,#1511,#1512,#1513,#1514,
    #1515,#1516,#1517,#1518,#1519,#1520,#1521,#1522,#1523,#1524,#1525,
    #1526,#1527,#1528,#1529,#1530,#1531,#1532,#1533,#1534,#1535,#1536,
    #1537,#1538,#1539,#1540,#1541,#1542,#1543,#1544,#1545,#1546,#1547,
    #1548,#1549,#1550,#1551,#1552,#1553,#1554,#1555,#1556,#1557,#1558,
    #1559,#1560,#1561,#1562,#1563,#1564,#1565,#1566,#1567,#1568),
  .UNSPECIFIED.,.T.,.F.,(15,13,13,13,13,13,13,13,13,13,13,13,15),(
    2.19191185995E-15,0.700675986621,1.413221607133,2.042871561598,
    2.756838006366,3.522978211354,4.254954344591,4.81174114249,
    5.09013454144,5.229331240914,5.298929590652,5.33372876552,
    5.368527940389),.UNSPECIFIED.);
#1411 = CARTESIAN_POINT('',(0.85,2.577064476163,11.05));
#1412 = CARTESIAN_POINT('',(0.85,2.577064476164,11.100573086683));
#1413 = CARTESIAN_POINT('',(0.846748052169,2.577932279664,
    11.151135897291));
#1414 = CARTESIAN_POINT('',(0.840271040141,2.579665422637,
    11.201377053914));
#1415 = CARTESIAN_POINT('',(0.830611220245,2.582242465888,
    11.250999728252));
#1416 = CARTESIAN_POINT('',(0.817839729221,2.585622599278,
    11.299721497077));
#1417 = CARTESIAN_POINT('',(0.802064488702,2.58974626082,11.347275653975
    ));
#1418 = CARTESIAN_POINT('',(0.783432507305,2.594536771455,
    11.393413982845));
#1419 = CARTESIAN_POINT('',(0.762126579028,2.599902984434,
    11.437910985229));
#1420 = CARTESIAN_POINT('',(0.738356379648,2.605742950455,11.48056957104
    ));
#1421 = CARTESIAN_POINT('',(0.712343959234,2.611948597597,
    11.521228203052));
#1422 = CARTESIAN_POINT('',(0.684303632583,2.618411426621,
    11.559769503202));
#1423 = CARTESIAN_POINT('',(0.654416266086,2.62502922148,11.596130315211
    ));
#1424 = CARTESIAN_POINT('',(0.622797962079,2.631713774912,
    11.630313226476));
#1425 = CARTESIAN_POINT('',(0.555563617443,2.64519874391,11.695029420397
    ));
#1426 = CARTESIAN_POINT('',(0.519876403367,2.652004771754,
    11.725519574677));
#1427 = CARTESIAN_POINT('',(0.482428052242,2.658731480413,
    11.753822189736));
#1428 = CARTESIAN_POINT('',(0.443342380593,2.665275978164,
    11.779854485668));
#1429 = CARTESIAN_POINT('',(0.402797586889,2.671528037895,
    11.803519992628));
#1430 = CARTESIAN_POINT('',(0.360992239328,2.677377815301,
    11.824724925294));
#1431 = CARTESIAN_POINT('',(0.318120132296,2.682721965498,
    11.843389679464));
#1432 = CARTESIAN_POINT('',(0.274354010371,2.687468151754,
    11.859455425693));
#1433 = CARTESIAN_POINT('',(0.229838161358,2.69153795459,11.872885832392
    ));
#1434 = CARTESIAN_POINT('',(0.184689876678,2.69486817199,11.883663882617
    ));
#1435 = CARTESIAN_POINT('',(0.139009780738,2.697410519669,
    11.891783818457));
#1436 = CARTESIAN_POINT('',(9.290102792733E-02,2.699129723933,
    11.897238185309));
#1437 = CARTESIAN_POINT('',(4.649736820081E-02,2.700000012505,
    11.899999995592));
#1438 = CARTESIAN_POINT('',(-4.108783584141E-02,2.699999988949,
    11.900000003893));
#1439 = CARTESIAN_POINT('',(-8.230179576255E-02,2.699322984676,
    11.897862909701));
#1440 = CARTESIAN_POINT('',(-0.123498394833,2.697968391166,
    11.893564593012));
#1441 = CARTESIAN_POINT('',(-0.164575170661,2.695943643769,
    11.887095249127));
#1442 = CARTESIAN_POINT('',(-0.205455565307,2.693263592004,
    11.878446199193));
#1443 = CARTESIAN_POINT('',(-0.246075403655,2.689950256712,
    11.867601188822));
#1444 = CARTESIAN_POINT('',(-0.286370887143,2.686032957979,
    11.85453215549));
#1445 = CARTESIAN_POINT('',(-0.32626810352,2.68154881931,11.839199501401
    ));
#1446 = CARTESIAN_POINT('',(-0.36567405174,2.676543640901,
    11.821556823551));
#1447 = CARTESIAN_POINT('',(-0.404469183011,2.67107315003,
    11.801560155451));
#1448 = CARTESIAN_POINT('',(-0.442501456992,2.665204620806,
    11.779181667572));
#1449 = CARTESIAN_POINT('',(-0.479581913997,2.659018869765,
    11.754427870892));
#1450 = CARTESIAN_POINT('',(-0.515481762573,2.65261262263,
    11.727362291522));
#1451 = CARTESIAN_POINT('',(-0.588993301785,2.638717949753,
    11.664988834694));
#1452 = CARTESIAN_POINT('',(-0.626175871089,2.631201154897,
    11.629061616921));
#1453 = CARTESIAN_POINT('',(-0.66117673083,2.623704843727,
    11.590547138733));
#1454 = CARTESIAN_POINT('',(-0.693753191334,2.616374001889,
    11.54961163897));
#1455 = CARTESIAN_POINT('',(-0.723702533231,2.609345155833,
    11.506411156759));
#1456 = CARTESIAN_POINT('',(-0.750847194795,2.602746357142,
    11.461107327853));
#1457 = CARTESIAN_POINT('',(-0.775024447501,2.596696626618,
    11.413879281384));
#1458 = CARTESIAN_POINT('',(-0.796080558352,2.591304852248,
    11.364931603507));
#1459 = CARTESIAN_POINT('',(-0.813869440934,2.586668148888,
    11.314498412662));
#1460 = CARTESIAN_POINT('',(-0.828255792932,2.582869670718,
    11.262843495284));
#1461 = CARTESIAN_POINT('',(-0.839122722351,2.579975885241,
    11.210256552338));
#1462 = CARTESIAN_POINT('',(-0.846383860547,2.578033301431,
    11.157045513996));
#1463 = CARTESIAN_POINT('',(-0.849999963428,2.577064657372,
    11.103524953459));
#1464 = CARTESIAN_POINT('',(-0.850000039245,2.577064464035,
    10.992564864947));
#1465 = CARTESIAN_POINT('',(-0.845811931882,2.578182533056,
    10.93512414709));
#1466 = CARTESIAN_POINT('',(-0.837452250121,2.580419258283,
    10.878071545195));
#1467 = CARTESIAN_POINT('',(-0.824969082448,2.583745145366,
    10.821793260632));
#1468 = CARTESIAN_POINT('',(-0.808450277364,2.588101845387,
    10.766661108634));
#1469 = CARTESIAN_POINT('',(-0.788026959302,2.593404076881,
    10.713025849605));
#1470 = CARTESIAN_POINT('',(-0.763872317258,2.599542345006,
    10.66121133107));
#1471 = CARTESIAN_POINT('',(-0.736195665322,2.606386454799,
    10.611509424808));
#1472 = CARTESIAN_POINT('',(-0.705231776154,2.613789822411,
    10.564175779662));
#1473 = CARTESIAN_POINT('',(-0.671225486266,2.621594580137,
    10.519426366909));
#1474 = CARTESIAN_POINT('',(-0.634411574164,2.629637479056,
    10.47743484051));
#1475 = CARTESIAN_POINT('',(-0.594989910525,2.637756586336,
    10.438330693774));
#1476 = CARTESIAN_POINT('',(-0.553095880949,2.645798779108,
    10.402198225471));
#1477 = CARTESIAN_POINT('',(-0.466413055603,2.661108163019,
    10.337431377389));
#1478 = CARTESIAN_POINT('',(-0.421862098372,2.668398027349,
    10.308516460479));
#1479 = CARTESIAN_POINT('',(-0.375298140737,2.675320610591,
    10.282611330656));
#1480 = CARTESIAN_POINT('',(-0.3270108968,2.681707130097,10.259901618577
    ));
#1481 = CARTESIAN_POINT('',(-0.277329233775,2.687402289407,
    10.240506391602));
#1482 = CARTESIAN_POINT('',(-0.226572820133,2.692268824619,
    10.224500587215));
#1483 = CARTESIAN_POINT('',(-0.175021051864,2.696191349653,
    10.21193231294));
#1484 = CARTESIAN_POINT('',(-0.122899256207,2.699079492675,
    10.202834993362));
#1485 = CARTESIAN_POINT('',(-7.038217369784E-02,2.700870333719,
    10.197234388916));
#1486 = CARTESIAN_POINT('',(-1.761471759138E-02,2.70153013233,
    10.195150459662));
#1487 = CARTESIAN_POINT('',(3.524998844938E-02,2.701055355967,
    10.196594099038));
#1488 = CARTESIAN_POINT('',(8.799529511835E-02,2.69947300025,
    10.201558717471));
#1489 = CARTESIAN_POINT('',(0.14026843419,2.696840207432,10.210006689854
    ));
#1490 = CARTESIAN_POINT('',(0.230453464481,2.69050705467,10.230859921234
    ));
#1491 = CARTESIAN_POINT('',(0.268904531686,2.687211220278,
    10.241835964566));
#1492 = CARTESIAN_POINT('',(0.306747952252,2.683403078536,
    10.254738589491));
#1493 = CARTESIAN_POINT('',(0.343894457025,2.679133068362,10.26953132694
    ));
#1494 = CARTESIAN_POINT('',(0.380259974684,2.67445437088,10.286180140793
    ));
#1495 = CARTESIAN_POINT('',(0.415764202152,2.669422616801,
    10.304652138992));
#1496 = CARTESIAN_POINT('',(0.450329174513,2.664095591063,
    10.324914270422));
#1497 = CARTESIAN_POINT('',(0.483877835667,2.658532941503,
    10.346932042898));
#1498 = CARTESIAN_POINT('',(0.516332608055,2.652795882494,
    10.370668214583));
#1499 = CARTESIAN_POINT('',(0.547613963381,2.646946903947,
    10.396081513987));
#1500 = CARTESIAN_POINT('',(0.57763899242,2.641049475425,10.42312533363)
  );
#1501 = CARTESIAN_POINT('',(0.606319975543,2.635167754066,
    10.451746444466));
#1502 = CARTESIAN_POINT('',(0.633562952765,2.629366289976,
    10.481883696381));
#1503 = CARTESIAN_POINT('',(0.672117964702,2.620881454567,
    10.529258241631));
#1504 = CARTESIAN_POINT('',(0.684587029753,2.618088758817,
    10.545410721221));
#1505 = CARTESIAN_POINT('',(0.696661320417,2.615339848868,
    10.561915246922));
#1506 = CARTESIAN_POINT('',(0.708328966356,2.612642683234,
    10.578762198013));
#1507 = CARTESIAN_POINT('',(0.719578395772,2.61000497605,10.595941252009
    ));
#1508 = CARTESIAN_POINT('',(0.730398335243,2.607434196688,
    10.613441383546));
#1509 = CARTESIAN_POINT('',(0.74077780999,2.604937570409,10.631250866281
    ));
#1510 = CARTESIAN_POINT('',(0.750706143506,2.602522077431,
    10.649357270129));
#1511 = CARTESIAN_POINT('',(0.760172957992,2.600194454056,
    10.667747464669));
#1512 = CARTESIAN_POINT('',(0.769168173924,2.597961191517,
    10.686407615608));
#1513 = CARTESIAN_POINT('',(0.777682010416,2.595828536971,
    10.705323187852));
#1514 = CARTESIAN_POINT('',(0.785704984965,2.593802492787,
    10.724478943298));
#1515 = CARTESIAN_POINT('',(0.7932279136,2.591888816961,10.74385894212)
  );
#1516 = CARTESIAN_POINT('',(0.803748909415,2.589195125916,
    10.773240342226));
#1517 = CARTESIAN_POINT('',(0.807128332005,2.588326926307,
    10.783086422288));
#1518 = CARTESIAN_POINT('',(0.810379416271,2.587488914858,
    10.792982516263));
#1519 = CARTESIAN_POINT('',(0.813501399871,2.586681582145,
    10.802926357431));
#1520 = CARTESIAN_POINT('',(0.816493520541,2.585905419169,
    10.812915680523));
#1521 = CARTESIAN_POINT('',(0.81935501587,2.585160916131,10.822948217544
    ));
#1522 = CARTESIAN_POINT('',(0.822085123674,2.584448564468,
    10.833021704698));
#1523 = CARTESIAN_POINT('',(0.824683081479,2.583768854021,
    10.843133872772));
#1524 = CARTESIAN_POINT('',(0.827148127121,2.583122276371,
    10.853282458465));
#1525 = CARTESIAN_POINT('',(0.829479498155,2.582509321489,
    10.863465193001));
#1526 = CARTESIAN_POINT('',(0.831676432353,2.581930480609,
    10.873679811898));
#1527 = CARTESIAN_POINT('',(0.833738167346,2.581386244131,
    10.883924047841));
#1528 = CARTESIAN_POINT('',(0.83566394084,2.580877102913,10.894195635067
    ));
#1529 = CARTESIAN_POINT('',(0.838347515345,2.580166769955,
    10.909640643151));
#1530 = CARTESIAN_POINT('',(0.839207960104,2.57993882864,10.914795178914
    ));
#1531 = CARTESIAN_POINT('',(0.840034286951,2.579719752084,
    10.919955605383));
#1532 = CARTESIAN_POINT('',(0.840826458069,2.579509568875,10.92512161403
    ));
#1533 = CARTESIAN_POINT('',(0.841584435592,2.579308307201,
    10.930292895118));
#1534 = CARTESIAN_POINT('',(0.842308181751,2.579115996018,10.93546914125
    ));
#1535 = CARTESIAN_POINT('',(0.842997658619,2.578932663066,
    10.940650041301));
#1536 = CARTESIAN_POINT('',(0.843652828483,2.578758337693,10.9458352891)
  );
#1537 = CARTESIAN_POINT('',(0.844273653387,2.578593047461,
    10.951024572948));
#1538 = CARTESIAN_POINT('',(0.844860095608,2.578436821604,
    10.956217586342));
#1539 = CARTESIAN_POINT('',(0.845412117236,2.578289688037,
    10.961414018664));
#1540 = CARTESIAN_POINT('',(0.845929680484,2.578151675547,
    10.966613562033));
#1541 = CARTESIAN_POINT('',(0.8464127475,2.578022812443,10.971815907052)
  );
#1542 = CARTESIAN_POINT('',(0.847085546939,2.577843284648,10.97962316399
    ));
#1543 = CARTESIAN_POINT('',(0.847301187755,2.577785732141,
    10.982226203969));
#1544 = CARTESIAN_POINT('',(0.847508202224,2.577730471098,
    10.984829825819));
#1545 = CARTESIAN_POINT('',(0.847706589642,2.577677502754,
    10.987433989698));
#1546 = CARTESIAN_POINT('',(0.84789634935,2.577626828658,10.990038657421
    ));
#1547 = CARTESIAN_POINT('',(0.848077480607,2.577578449786,
    10.992643787747));
#1548 = CARTESIAN_POINT('',(0.848249982796,2.577532367978,10.99524934406
    ));
#1549 = CARTESIAN_POINT('',(0.848413855145,2.577488583983,
    10.997855283904));
#1550 = CARTESIAN_POINT('',(0.848569097044,2.577447099711,11.00046157103
    ));
#1551 = CARTESIAN_POINT('',(0.84871570774,2.577407916028,11.003068163615
    ));
#1552 = CARTESIAN_POINT('',(0.848853686586,2.577371034592,
    11.005675024059));
#1553 = CARTESIAN_POINT('',(0.848983032871,2.577336456558,
    11.008282112086));
#1554 = CARTESIAN_POINT('',(0.849103745913,2.577304183343,
    11.010889388811));
#1555 = CARTESIAN_POINT('',(0.849327904132,2.577244249173,
    11.016104240748));
#1556 = CARTESIAN_POINT('',(0.849431352064,2.577216586721,
    11.018657255701));
#1557 = CARTESIAN_POINT('',(0.849526169516,2.577191229506,
    11.021739613104));
#1558 = CARTESIAN_POINT('',(0.849612357414,2.577168177923,
    11.022272266403));
#1559 = CARTESIAN_POINT('',(0.849689916992,2.577147432414,
    11.030790727335));
#1560 = CARTESIAN_POINT('',(0.849758849633,2.577128992928,
    11.021340727422));
#1561 = CARTESIAN_POINT('',(0.849819157132,2.577112859838,
    11.042370060601));
#1562 = CARTESIAN_POINT('',(0.849870841332,2.577099032654,
    11.023435262183));
#1563 = CARTESIAN_POINT('',(0.849913904552,2.577087511541,
    11.045477076779));
#1564 = CARTESIAN_POINT('',(0.849948349159,2.577078295799,
    11.034608086601));
#1565 = CARTESIAN_POINT('',(0.849974177932,2.577071385162,
    11.044280759947));
#1566 = CARTESIAN_POINT('',(0.8499913938,2.577066778852,11.044186934514)
  );
#1567 = CARTESIAN_POINT('',(0.85,2.577064476164,11.047488280291));
#1568 = CARTESIAN_POINT('',(0.85,2.577064476163,11.05));
#1569 = PCURVE('',#807,#1570);
#1570 = DEFINITIONAL_REPRESENTATION('',(#1571),#1575);
#1571 = LINE('',#1572,#1573);
#1572 = CARTESIAN_POINT('',(5.368527940389,0.));
#1573 = VECTOR('',#1574,1.);
#1574 = DIRECTION('',(0.,1.));
#1575 = ( GEOMETRIC_REPRESENTATION_CONTEXT(2) 
PARAMETRIC_REPRESENTATION_CONTEXT() REPRESENTATION_CONTEXT('2D SPACE',''
  ) );
#1576 = PCURVE('',#1202,#1577);
#1577 = DEFINITIONAL_REPRESENTATION('',(#1578),#1693);
#1578 = B_SPLINE_CURVE_WITH_KNOTS('',9,(#1579,#1580,#1581,#1582,#1583,
    #1584,#1585,#1586,#1587,#1588,#1589,#1590,#1591,#1592,#1593,#1594,
    #1595,#1596,#1597,#1598,#1599,#1600,#1601,#1602,#1603,#1604,#1605,
    #1606,#1607,#1608,#1609,#1610,#1611,#1612,#1613,#1614,#1615,#1616,
    #1617,#1618,#1619,#1620,#1621,#1622,#1623,#1624,#1625,#1626,#1627,
    #1628,#1629,#1630,#1631,#1632,#1633,#1634,#1635,#1636,#1637,#1638,
    #1639,#1640,#1641,#1642,#1643,#1644,#1645,#1646,#1647,#1648,#1649,
    #1650,#1651,#1652,#1653,#1654,#1655,#1656,#1657,#1658,#1659,#1660,
    #1661,#1662,#1663,#1664,#1665,#1666,#1667,#1668,#1669,#1670,#1671,
    #1672,#1673,#1674,#1675,#1676,#1677,#1678,#1679,#1680,#1681,#1682,
    #1683,#1684,#1685,#1686,#1687,#1688,#1689,#1690,#1691,#1692),
  .UNSPECIFIED.,.F.,.F.,(10,8,8,8,8,8,8,8,8,8,8,8,8,8,10),(
    2.19191185995E-15,0.671065992549,1.342131985097,2.013197977646,
    2.684263970195,3.355329962743,4.026395955292,4.361928951566,
    4.69746194784,5.032994944115,5.200761442252,5.28464469132,
    5.326586315855,5.347557128122,5.368527940389),.UNSPECIFIED.);
#1579 = CARTESIAN_POINT('',(-5.551115123126E-17,2.172935523837));
#1580 = CARTESIAN_POINT('',(8.864087995964E-02,2.172935523838));
#1581 = CARTESIAN_POINT('',(0.177271002962,2.170923604933));
#1582 = CARTESIAN_POINT('',(0.265440872892,2.166908468812));
#1583 = CARTESIAN_POINT('',(0.352933197965,2.161026784659));
#1584 = CARTESIAN_POINT('',(0.439514087609,2.153547096355));
#1585 = CARTESIAN_POINT('',(0.524859210088,2.14484635008));
#1586 = CARTESIAN_POINT('',(0.608654910865,2.135359042364));
#1587 = CARTESIAN_POINT('',(0.690874291711,2.125498988541));
#1588 = CARTESIAN_POINT('',(0.853582209391,2.105608434741));
#1589 = CARTESIAN_POINT('',(0.934117503458,2.095570043829));
#1590 = CARTESIAN_POINT('',(1.014746686145,2.085699021532));
#1591 = CARTESIAN_POINT('',(1.095355509826,2.076407392718));
#1592 = CARTESIAN_POINT('',(1.175596654206,2.068124722688));
#1593 = CARTESIAN_POINT('',(1.255353265617,2.061211677688));
#1594 = CARTESIAN_POINT('',(1.334872307281,2.055921147708));
#1595 = CARTESIAN_POINT('',(1.414567720534,2.052406931604));
#1596 = CARTESIAN_POINT('',(1.574419073479,2.049153037424));
#1597 = CARTESIAN_POINT('',(1.654591113713,2.049419990762));
#1598 = CARTESIAN_POINT('',(1.735080528457,2.051677722679));
#1599 = CARTESIAN_POINT('',(1.816001186062,2.055891053005));
#1600 = CARTESIAN_POINT('',(1.897662266091,2.061944636529));
#1601 = CARTESIAN_POINT('',(1.980555825036,2.0696623944));
#1602 = CARTESIAN_POINT('',(2.065179474191,2.078794483683));
#1603 = CARTESIAN_POINT('',(2.151694169644,2.088971805039));
#1604 = CARTESIAN_POINT('',(2.327140059193,2.110284292052));
#1605 = CARTESIAN_POINT('',(2.416064707408,2.121418820266));
#1606 = CARTESIAN_POINT('',(2.505442910291,2.132452824896));
#1607 = CARTESIAN_POINT('',(2.595227120204,2.142875750458));
#1608 = CARTESIAN_POINT('',(2.685585796686,2.152228204285));
#1609 = CARTESIAN_POINT('',(2.776602695464,2.160102084431));
#1610 = CARTESIAN_POINT('',(2.868160040425,2.166157925476));
#1611 = CARTESIAN_POINT('',(2.960005578559,2.17015946223));
#1612 = CARTESIAN_POINT('',(3.144001457167,2.173891360423));
#1613 = CARTESIAN_POINT('',(3.236153406895,2.173630742229));
#1614 = CARTESIAN_POINT('',(3.328264117411,2.171132015548));
#1615 = CARTESIAN_POINT('',(3.420129677621,2.166454438756));
#1616 = CARTESIAN_POINT('',(3.5115625856,2.159798870687));
#1617 = CARTESIAN_POINT('',(3.602416819216,2.151478571534));
#1618 = CARTESIAN_POINT('',(3.692612906753,2.141890003729));
#1619 = CARTESIAN_POINT('',(3.782162997535,2.131483632844));
#1620 = CARTESIAN_POINT('',(3.96022886757,2.109985824111));
#1621 = CARTESIAN_POINT('',(4.048949812026,2.098848611118));
#1622 = CARTESIAN_POINT('',(4.136073131702,2.088101032372));
#1623 = CARTESIAN_POINT('',(4.227325731378,2.077070557953));
#1624 = CARTESIAN_POINT('',(4.315059354972,2.068070829341));
#1625 = CARTESIAN_POINT('',(4.404480940732,2.06021137676));
#1626 = CARTESIAN_POINT('',(4.492538932211,2.05463647406));
#1627 = CARTESIAN_POINT('',(4.58066233932,2.051281209155));
#1628 = CARTESIAN_POINT('',(4.712935942453,2.049752092811));
#1629 = CARTESIAN_POINT('',(4.757078212878,2.049823552799));
#1630 = CARTESIAN_POINT('',(4.801145187978,2.050487932227));
#1631 = CARTESIAN_POINT('',(4.845426050087,2.051733272341));
#1632 = CARTESIAN_POINT('',(4.889818498705,2.053547739624));
#1633 = CARTESIAN_POINT('',(4.934006670982,2.05591373491));
#1634 = CARTESIAN_POINT('',(4.977948760906,2.058793603144));
#1635 = CARTESIAN_POINT('',(5.02199908557,2.062128273295));
#1636 = CARTESIAN_POINT('',(5.109979608181,2.069612042575));
#1637 = CARTESIAN_POINT('',(5.153940999403,2.073761742378));
#1638 = CARTESIAN_POINT('',(5.197900912088,2.078267634004));
#1639 = CARTESIAN_POINT('',(5.24188599745,2.083076441941));
#1640 = CARTESIAN_POINT('',(5.285922166365,2.0881332385));
#1641 = CARTESIAN_POINT('',(5.330034589372,2.093381443819));
#1642 = CARTESIAN_POINT('',(5.374247696676,2.098762825864));
#1643 = CARTESIAN_POINT('',(5.418585178146,2.104217500422));
#1644 = CARTESIAN_POINT('',(5.507554788479,2.115150361797));
#1645 = CARTESIAN_POINT('',(5.552182658051,2.120631625407));
#1646 = CARTESIAN_POINT('',(5.596967885849,2.126062966372));
#1647 = CARTESIAN_POINT('',(5.641919422784,2.131382298505));
#1648 = CARTESIAN_POINT('',(5.687040876856,2.136530204999));
#1649 = CARTESIAN_POINT('',(5.732330513156,2.141449938429));
#1650 = CARTESIAN_POINT('',(5.777781253867,2.146087420749));
#1651 = CARTESIAN_POINT('',(5.823380678259,2.150391243296));
#1652 = CARTESIAN_POINT('',(5.891976194912,2.15627337853));
#1653 = CARTESIAN_POINT('',(5.914875033196,2.158137041928));
#1654 = CARTESIAN_POINT('',(5.937804206065,2.159899317754));
#1655 = CARTESIAN_POINT('',(5.960760382037,2.161555866782));
#1656 = CARTESIAN_POINT('',(5.98374022963,2.163102349788));
#1657 = CARTESIAN_POINT('',(6.006740417364,2.164534427546));
#1658 = CARTESIAN_POINT('',(6.029757613755,2.165847760831));
#1659 = CARTESIAN_POINT('',(6.052788487324,2.167038010418));
#1660 = CARTESIAN_POINT('',(6.087350316219,2.168632250412));
#1661 = CARTESIAN_POINT('',(6.098873452249,2.169131844648));
#1662 = CARTESIAN_POINT('',(6.110398554865,2.169599379273));
#1663 = CARTESIAN_POINT('',(6.12192506425,2.17003461377));
#1664 = CARTESIAN_POINT('',(6.133452420593,2.170437307627));
#1665 = CARTESIAN_POINT('',(6.144980064077,2.170807220324));
#1666 = CARTESIAN_POINT('',(6.15650743489,2.171144111348));
#1667 = CARTESIAN_POINT('',(6.168033973217,2.171447740183));
#1668 = CARTESIAN_POINT('',(6.185321692259,2.171852929379));
#1669 = CARTESIAN_POINT('',(6.191083917406,2.171979614021));
#1670 = CARTESIAN_POINT('',(6.196845720391,2.172097908657));
#1671 = CARTESIAN_POINT('',(6.202607026911,2.172207801703));
#1672 = CARTESIAN_POINT('',(6.208367762677,2.172309281577));
#1673 = CARTESIAN_POINT('',(6.214127853385,2.172402336694));
#1674 = CARTESIAN_POINT('',(6.219887224741,2.172486955471));
#1675 = CARTESIAN_POINT('',(6.225645802447,2.172563126326));
#1676 = CARTESIAN_POINT('',(6.234282367085,2.172664693347));
#1677 = CARTESIAN_POINT('',(6.237160643049,2.172696434017));
#1678 = CARTESIAN_POINT('',(6.240038481034,2.172726059365));
#1679 = CARTESIAN_POINT('',(6.242916021976,2.172753569072));
#1680 = CARTESIAN_POINT('',(6.24579340681,2.17277896282));
#1681 = CARTESIAN_POINT('',(6.248670776473,2.172802240291));
#1682 = CARTESIAN_POINT('',(6.251548271899,2.172823401167));
#1683 = CARTESIAN_POINT('',(6.254426034025,2.172842445129));
#1684 = CARTESIAN_POINT('',(6.260182373549,2.17287629859));
#1685 = CARTESIAN_POINT('',(6.263140755773,2.172891108451));
#1686 = CARTESIAN_POINT('',(6.265570417679,2.172903801452));
#1687 = CARTESIAN_POINT('',(6.269577524272,2.172914377746));
#1688 = CARTESIAN_POINT('',(6.270708002166,2.172922837622));
#1689 = CARTESIAN_POINT('',(6.275356568906,2.172929181521));
#1690 = CARTESIAN_POINT('',(6.277035953093,2.172933410019));
#1691 = CARTESIAN_POINT('',(6.280415279685,2.172935523837));
#1692 = CARTESIAN_POINT('',(6.28318530718,2.172935523837));
#1693 = ( GEOMETRIC_REPRESENTATION_CONTEXT(2) 
PARAMETRIC_REPRESENTATION_CONTEXT() REPRESENTATION_CONTEXT('2D SPACE',''
  ) );
#1694 = ORIENTED_EDGE('',*,*,#1388,.F.);
#1695 = ORIENTED_EDGE('',*,*,#421,.F.);
#1696 = ADVANCED_FACE('',(#1697),#1202,.F.);
#1697 = FACE_BOUND('',#1698,.F.);
#1698 = EDGE_LOOP('',(#1699,#1720,#1721,#1722));
#1699 = ORIENTED_EDGE('',*,*,#1700,.T.);
#1700 = EDGE_CURVE('',#1389,#1135,#1701,.T.);
#1701 = SEAM_CURVE('',#1702,(#1706,#1713),.PCURVE_S1.);
#1702 = LINE('',#1703,#1704);
#1703 = CARTESIAN_POINT('',(0.85,4.75,11.05));
#1704 = VECTOR('',#1705,1.);
#1705 = DIRECTION('',(0.,-1.,1.110223024625E-16));
#1706 = PCURVE('',#1202,#1707);
#1707 = DEFINITIONAL_REPRESENTATION('',(#1708),#1712);
#1708 = LINE('',#1709,#1710);
#1709 = CARTESIAN_POINT('',(6.28318530718,-0.));
#1710 = VECTOR('',#1711,1.);
#1711 = DIRECTION('',(0.,1.));
#1712 = ( GEOMETRIC_REPRESENTATION_CONTEXT(2) 
PARAMETRIC_REPRESENTATION_CONTEXT() REPRESENTATION_CONTEXT('2D SPACE',''
  ) );
#1713 = PCURVE('',#1202,#1714);
#1714 = DEFINITIONAL_REPRESENTATION('',(#1715),#1719);
#1715 = LINE('',#1716,#1717);
#1716 = CARTESIAN_POINT('',(0.,-0.));
#1717 = VECTOR('',#1718,1.);
#1718 = DIRECTION('',(0.,1.));
#1719 = ( GEOMETRIC_REPRESENTATION_CONTEXT(2) 
PARAMETRIC_REPRESENTATION_CONTEXT() REPRESENTATION_CONTEXT('2D SPACE',''
  ) );
#1720 = ORIENTED_EDGE('',*,*,#1154,.F.);
#1721 = ORIENTED_EDGE('',*,*,#1700,.F.);
#1722 = ORIENTED_EDGE('',*,*,#1408,.T.);
#1723 = ADVANCED_FACE('',(#1724),#1338,.T.);
#1724 = FACE_BOUND('',#1725,.T.);
#1725 = EDGE_LOOP('',(#1726,#1727,#1750,#1777));
#1726 = ORIENTED_EDGE('',*,*,#1321,.F.);
#1727 = ORIENTED_EDGE('',*,*,#1728,.F.);
#1728 = EDGE_CURVE('',#1729,#1322,#1731,.T.);
#1729 = VERTEX_POINT('',#1730);
#1730 = CARTESIAN_POINT('',(2.5,-6.123233995737E-16,7.2));
#1731 = SEAM_CURVE('',#1732,(#1736,#1743),.PCURVE_S1.);
#1732 = LINE('',#1733,#1734);
#1733 = CARTESIAN_POINT('',(2.5,-6.123233995737E-16,7.2));
#1734 = VECTOR('',#1735,1.);
#1735 = DIRECTION('',(0.,0.,1.));
#1736 = PCURVE('',#1338,#1737);
#1737 = DEFINITIONAL_REPRESENTATION('',(#1738),#1742);
#1738 = LINE('',#1739,#1740);
#1739 = CARTESIAN_POINT('',(6.28318530718,-0.));
#1740 = VECTOR('',#1741,1.);
#1741 = DIRECTION('',(0.,1.));
#1742 = ( GEOMETRIC_REPRESENTATION_CONTEXT(2) 
PARAMETRIC_REPRESENTATION_CONTEXT() REPRESENTATION_CONTEXT('2D SPACE',''
  ) );
#1743 = PCURVE('',#1338,#1744);
#1744 = DEFINITIONAL_REPRESENTATION('',(#1745),#1749);
#1745 = LINE('',#1746,#1747);
#1746 = CARTESIAN_POINT('',(0.,-0.));
#1747 = VECTOR('',#1748,1.);
#1748 = DIRECTION('',(0.,1.));
#1749 = ( GEOMETRIC_REPRESENTATION_CONTEXT(2) 
PARAMETRIC_REPRESENTATION_CONTEXT() REPRESENTATION_CONTEXT('2D SPACE',''
  ) );
#1750 = ORIENTED_EDGE('',*,*,#1751,.T.);
#1751 = EDGE_CURVE('',#1729,#1729,#1752,.T.);
#1752 = SURFACE_CURVE('',#1753,(#1758,#1765),.PCURVE_S1.);
#1753 = CIRCLE('',#1754,2.5);
#1754 = AXIS2_PLACEMENT_3D('',#1755,#1756,#1757);
#1755 = CARTESIAN_POINT('',(0.,0.,7.2));
#1756 = DIRECTION('',(0.,0.,1.));
#1757 = DIRECTION('',(1.,0.,0.));
#1758 = PCURVE('',#1338,#1759);
#1759 = DEFINITIONAL_REPRESENTATION('',(#1760),#1764);
#1760 = LINE('',#1761,#1762);
#1761 = CARTESIAN_POINT('',(0.,0.));
#1762 = VECTOR('',#1763,1.);
#1763 = DIRECTION('',(1.,0.));
#1764 = ( GEOMETRIC_REPRESENTATION_CONTEXT(2) 
PARAMETRIC_REPRESENTATION_CONTEXT() REPRESENTATION_CONTEXT('2D SPACE',''
  ) );
#1765 = PCURVE('',#1766,#1771);
#1766 = PLANE('',#1767);
#1767 = AXIS2_PLACEMENT_3D('',#1768,#1769,#1770);
#1768 = CARTESIAN_POINT('',(0.,0.,7.2));
#1769 = DIRECTION('',(0.,0.,1.));
#1770 = DIRECTION('',(1.,0.,0.));
#1771 = DEFINITIONAL_REPRESENTATION('',(#1772),#1776);
#1772 = CIRCLE('',#1773,2.5);
#1773 = AXIS2_PLACEMENT_2D('',#1774,#1775);
#1774 = CARTESIAN_POINT('',(0.,0.));
#1775 = DIRECTION('',(1.,0.));
#1776 = ( GEOMETRIC_REPRESENTATION_CONTEXT(2) 
PARAMETRIC_REPRESENTATION_CONTEXT() REPRESENTATION_CONTEXT('2D SPACE',''
  ) );
#1777 = ORIENTED_EDGE('',*,*,#1728,.T.);
#1778 = ADVANCED_FACE('',(#1779),#1370,.T.);
#1779 = FACE_BOUND('',#1780,.F.);
#1780 = EDGE_LOOP('',(#1781,#1803,#1830,#1831));
#1781 = ORIENTED_EDGE('',*,*,#1782,.F.);
#1782 = EDGE_CURVE('',#1783,#1354,#1785,.T.);
#1783 = VERTEX_POINT('',#1784);
#1784 = CARTESIAN_POINT('',(3.75,0.,14.05));
#1785 = SEAM_CURVE('',#1786,(#1791,#1797),.PCURVE_S1.);
#1786 = CIRCLE('',#1787,0.25);
#1787 = AXIS2_PLACEMENT_3D('',#1788,#1789,#1790);
#1788 = CARTESIAN_POINT('',(3.5,0.,14.05));
#1789 = DIRECTION('',(0.,1.,0.));
#1790 = DIRECTION('',(1.,0.,-0.));
#1791 = PCURVE('',#1370,#1792);
#1792 = DEFINITIONAL_REPRESENTATION('',(#1793),#1796);
#1793 = B_SPLINE_CURVE_WITH_KNOTS('',1,(#1794,#1795),.UNSPECIFIED.,.F.,
  .F.,(2,2),(0.,1.570796326795),.PIECEWISE_BEZIER_KNOTS.);
#1794 = CARTESIAN_POINT('',(0.,0.));
#1795 = CARTESIAN_POINT('',(0.,1.570796326795));
#1796 = ( GEOMETRIC_REPRESENTATION_CONTEXT(2) 
PARAMETRIC_REPRESENTATION_CONTEXT() REPRESENTATION_CONTEXT('2D SPACE',''
  ) );
#1797 = PCURVE('',#1370,#1798);
#1798 = DEFINITIONAL_REPRESENTATION('',(#1799),#1802);
#1799 = B_SPLINE_CURVE_WITH_KNOTS('',1,(#1800,#1801),.UNSPECIFIED.,.F.,
  .F.,(2,2),(0.,1.570796326795),.PIECEWISE_BEZIER_KNOTS.);
#1800 = CARTESIAN_POINT('',(-6.28318530718,0.));
#1801 = CARTESIAN_POINT('',(-6.28318530718,1.570796326795));
#1802 = ( GEOMETRIC_REPRESENTATION_CONTEXT(2) 
PARAMETRIC_REPRESENTATION_CONTEXT() REPRESENTATION_CONTEXT('2D SPACE',''
  ) );
#1803 = ORIENTED_EDGE('',*,*,#1804,.F.);
#1804 = EDGE_CURVE('',#1783,#1783,#1805,.T.);
#1805 = SURFACE_CURVE('',#1806,(#1811,#1818),.PCURVE_S1.);
#1806 = CIRCLE('',#1807,3.75);
#1807 = AXIS2_PLACEMENT_3D('',#1808,#1809,#1810);
#1808 = CARTESIAN_POINT('',(0.,0.,14.05));
#1809 = DIRECTION('',(0.,0.,1.));
#1810 = DIRECTION('',(1.,0.,-0.));
#1811 = PCURVE('',#1370,#1812);
#1812 = DEFINITIONAL_REPRESENTATION('',(#1813),#1817);
#1813 = LINE('',#1814,#1815);
#1814 = CARTESIAN_POINT('',(-0.,0.));
#1815 = VECTOR('',#1816,1.);
#1816 = DIRECTION('',(-1.,0.));
#1817 = ( GEOMETRIC_REPRESENTATION_CONTEXT(2) 
PARAMETRIC_REPRESENTATION_CONTEXT() REPRESENTATION_CONTEXT('2D SPACE',''
  ) );
#1818 = PCURVE('',#1819,#1824);
#1819 = CYLINDRICAL_SURFACE('',#1820,3.75);
#1820 = AXIS2_PLACEMENT_3D('',#1821,#1822,#1823);
#1821 = CARTESIAN_POINT('',(0.,0.,13.8));
#1822 = DIRECTION('',(0.,0.,1.));
#1823 = DIRECTION('',(1.,0.,0.));
#1824 = DEFINITIONAL_REPRESENTATION('',(#1825),#1829);
#1825 = LINE('',#1826,#1827);
#1826 = CARTESIAN_POINT('',(0.,0.25));
#1827 = VECTOR('',#1828,1.);
#1828 = DIRECTION('',(1.,0.));
#1829 = ( GEOMETRIC_REPRESENTATION_CONTEXT(2) 
PARAMETRIC_REPRESENTATION_CONTEXT() REPRESENTATION_CONTEXT('2D SPACE',''
  ) );
#1830 = ORIENTED_EDGE('',*,*,#1782,.T.);
#1831 = ORIENTED_EDGE('',*,*,#1353,.T.);
#1832 = ADVANCED_FACE('',(#1833,#1836),#1766,.F.);
#1833 = FACE_BOUND('',#1834,.F.);
#1834 = EDGE_LOOP('',(#1835));
#1835 = ORIENTED_EDGE('',*,*,#1751,.T.);
#1836 = FACE_BOUND('',#1837,.F.);
#1837 = EDGE_LOOP('',(#1838,#1869,#1897,#1926));
#1838 = ORIENTED_EDGE('',*,*,#1839,.F.);
#1839 = EDGE_CURVE('',#1840,#1842,#1844,.T.);
#1840 = VERTEX_POINT('',#1841);
#1841 = CARTESIAN_POINT('',(1.2,1.204159457879,7.2));
#1842 = VERTEX_POINT('',#1843);
#1843 = CARTESIAN_POINT('',(-1.2,1.204159457879,7.2));
#1844 = SURFACE_CURVE('',#1845,(#1850,#1857),.PCURVE_S1.);
#1845 = CIRCLE('',#1846,1.7);
#1846 = AXIS2_PLACEMENT_3D('',#1847,#1848,#1849);
#1847 = CARTESIAN_POINT('',(0.,0.,7.2));
#1848 = DIRECTION('',(0.,0.,1.));
#1849 = DIRECTION('',(1.,0.,0.));
#1850 = PCURVE('',#1766,#1851);
#1851 = DEFINITIONAL_REPRESENTATION('',(#1852),#1856);
#1852 = CIRCLE('',#1853,1.7);
#1853 = AXIS2_PLACEMENT_2D('',#1854,#1855);
#1854 = CARTESIAN_POINT('',(0.,0.));
#1855 = DIRECTION('',(1.,0.));
#1856 = ( GEOMETRIC_REPRESENTATION_CONTEXT(2) 
PARAMETRIC_REPRESENTATION_CONTEXT() REPRESENTATION_CONTEXT('2D SPACE',''
  ) );
#1857 = PCURVE('',#1858,#1863);
#1858 = CYLINDRICAL_SURFACE('',#1859,1.7);
#1859 = AXIS2_PLACEMENT_3D('',#1860,#1861,#1862);
#1860 = CARTESIAN_POINT('',(0.,0.,0.));
#1861 = DIRECTION('',(0.,0.,1.));
#1862 = DIRECTION('',(1.,0.,0.));
#1863 = DEFINITIONAL_REPRESENTATION('',(#1864),#1868);
#1864 = LINE('',#1865,#1866);
#1865 = CARTESIAN_POINT('',(0.,7.2));
#1866 = VECTOR('',#1867,1.);
#1867 = DIRECTION('',(1.,0.));
#1868 = ( GEOMETRIC_REPRESENTATION_CONTEXT(2) 
PARAMETRIC_REPRESENTATION_CONTEXT() REPRESENTATION_CONTEXT('2D SPACE',''
  ) );
#1869 = ORIENTED_EDGE('',*,*,#1870,.F.);
#1870 = EDGE_CURVE('',#1871,#1840,#1873,.T.);
#1871 = VERTEX_POINT('',#1872);
#1872 = CARTESIAN_POINT('',(1.2,-1.204159457879,7.2));
#1873 = SURFACE_CURVE('',#1874,(#1878,#1885),.PCURVE_S1.);
#1874 = LINE('',#1875,#1876);
#1875 = CARTESIAN_POINT('',(1.2,-1.7,7.2));
#1876 = VECTOR('',#1877,1.);
#1877 = DIRECTION('',(0.,1.,0.));
#1878 = PCURVE('',#1766,#1879);
#1879 = DEFINITIONAL_REPRESENTATION('',(#1880),#1884);
#1880 = LINE('',#1881,#1882);
#1881 = CARTESIAN_POINT('',(1.2,-1.7));
#1882 = VECTOR('',#1883,1.);
#1883 = DIRECTION('',(0.,1.));
#1884 = ( GEOMETRIC_REPRESENTATION_CONTEXT(2) 
PARAMETRIC_REPRESENTATION_CONTEXT() REPRESENTATION_CONTEXT('2D SPACE',''
  ) );
#1885 = PCURVE('',#1886,#1891);
#1886 = PLANE('',#1887);
#1887 = AXIS2_PLACEMENT_3D('',#1888,#1889,#1890);
#1888 = CARTESIAN_POINT('',(1.2,-1.7,0.));
#1889 = DIRECTION('',(1.,0.,0.));
#1890 = DIRECTION('',(0.,0.,1.));
#1891 = DEFINITIONAL_REPRESENTATION('',(#1892),#1896);
#1892 = LINE('',#1893,#1894);
#1893 = CARTESIAN_POINT('',(7.2,0.));
#1894 = VECTOR('',#1895,1.);
#1895 = DIRECTION('',(0.,-1.));
#1896 = ( GEOMETRIC_REPRESENTATION_CONTEXT(2) 
PARAMETRIC_REPRESENTATION_CONTEXT() REPRESENTATION_CONTEXT('2D SPACE',''
  ) );
#1897 = ORIENTED_EDGE('',*,*,#1898,.F.);
#1898 = EDGE_CURVE('',#1899,#1871,#1901,.T.);
#1899 = VERTEX_POINT('',#1900);
#1900 = CARTESIAN_POINT('',(-1.2,-1.204159457879,7.2));
#1901 = SURFACE_CURVE('',#1902,(#1907,#1914),.PCURVE_S1.);
#1902 = CIRCLE('',#1903,1.7);
#1903 = AXIS2_PLACEMENT_3D('',#1904,#1905,#1906);
#1904 = CARTESIAN_POINT('',(0.,0.,7.2));
#1905 = DIRECTION('',(0.,0.,1.));
#1906 = DIRECTION('',(1.,0.,0.));
#1907 = PCURVE('',#1766,#1908);
#1908 = DEFINITIONAL_REPRESENTATION('',(#1909),#1913);
#1909 = CIRCLE('',#1910,1.7);
#1910 = AXIS2_PLACEMENT_2D('',#1911,#1912);
#1911 = CARTESIAN_POINT('',(0.,0.));
#1912 = DIRECTION('',(1.,0.));
#1913 = ( GEOMETRIC_REPRESENTATION_CONTEXT(2) 
PARAMETRIC_REPRESENTATION_CONTEXT() REPRESENTATION_CONTEXT('2D SPACE',''
  ) );
#1914 = PCURVE('',#1915,#1920);
#1915 = CYLINDRICAL_SURFACE('',#1916,1.7);
#1916 = AXIS2_PLACEMENT_3D('',#1917,#1918,#1919);
#1917 = CARTESIAN_POINT('',(0.,0.,0.));
#1918 = DIRECTION('',(0.,0.,1.));
#1919 = DIRECTION('',(1.,0.,0.));
#1920 = DEFINITIONAL_REPRESENTATION('',(#1921),#1925);
#1921 = LINE('',#1922,#1923);
#1922 = CARTESIAN_POINT('',(0.,7.2));
#1923 = VECTOR('',#1924,1.);
#1924 = DIRECTION('',(1.,0.));
#1925 = ( GEOMETRIC_REPRESENTATION_CONTEXT(2) 
PARAMETRIC_REPRESENTATION_CONTEXT() REPRESENTATION_CONTEXT('2D SPACE',''
  ) );
#1926 = ORIENTED_EDGE('',*,*,#1927,.T.);
#1927 = EDGE_CURVE('',#1899,#1842,#1928,.T.);
#1928 = SURFACE_CURVE('',#1929,(#1933,#1940),.PCURVE_S1.);
#1929 = LINE('',#1930,#1931);
#1930 = CARTESIAN_POINT('',(-1.2,-1.7,7.2));
#1931 = VECTOR('',#1932,1.);
#1932 = DIRECTION('',(0.,1.,0.));
#1933 = PCURVE('',#1766,#1934);
#1934 = DEFINITIONAL_REPRESENTATION('',(#1935),#1939);
#1935 = LINE('',#1936,#1937);
#1936 = CARTESIAN_POINT('',(-1.2,-1.7));
#1937 = VECTOR('',#1938,1.);
#1938 = DIRECTION('',(0.,1.));
#1939 = ( GEOMETRIC_REPRESENTATION_CONTEXT(2) 
PARAMETRIC_REPRESENTATION_CONTEXT() REPRESENTATION_CONTEXT('2D SPACE',''
  ) );
#1940 = PCURVE('',#1941,#1946);
#1941 = PLANE('',#1942);
#1942 = AXIS2_PLACEMENT_3D('',#1943,#1944,#1945);
#1943 = CARTESIAN_POINT('',(-1.2,-1.7,0.));
#1944 = DIRECTION('',(1.,0.,0.));
#1945 = DIRECTION('',(0.,0.,1.));
#1946 = DEFINITIONAL_REPRESENTATION('',(#1947),#1951);
#1947 = LINE('',#1948,#1949);
#1948 = CARTESIAN_POINT('',(7.2,0.));
#1949 = VECTOR('',#1950,1.);
#1950 = DIRECTION('',(0.,-1.));
#1951 = ( GEOMETRIC_REPRESENTATION_CONTEXT(2) 
PARAMETRIC_REPRESENTATION_CONTEXT() REPRESENTATION_CONTEXT('2D SPACE',''
  ) );
#1952 = ADVANCED_FACE('',(#1953),#1819,.T.);
#1953 = FACE_BOUND('',#1954,.T.);
#1954 = EDGE_LOOP('',(#1955,#1978,#2005,#2006));
#1955 = ORIENTED_EDGE('',*,*,#1956,.T.);
#1956 = EDGE_CURVE('',#1783,#1957,#1959,.T.);
#1957 = VERTEX_POINT('',#1958);
#1958 = CARTESIAN_POINT('',(3.75,0.,14.55));
#1959 = SEAM_CURVE('',#1960,(#1964,#1971),.PCURVE_S1.);
#1960 = LINE('',#1961,#1962);
#1961 = CARTESIAN_POINT('',(3.75,-9.184850993605E-16,13.8));
#1962 = VECTOR('',#1963,1.);
#1963 = DIRECTION('',(0.,0.,1.));
#1964 = PCURVE('',#1819,#1965);
#1965 = DEFINITIONAL_REPRESENTATION('',(#1966),#1970);
#1966 = LINE('',#1967,#1968);
#1967 = CARTESIAN_POINT('',(6.28318530718,-0.));
#1968 = VECTOR('',#1969,1.);
#1969 = DIRECTION('',(0.,1.));
#1970 = ( GEOMETRIC_REPRESENTATION_CONTEXT(2) 
PARAMETRIC_REPRESENTATION_CONTEXT() REPRESENTATION_CONTEXT('2D SPACE',''
  ) );
#1971 = PCURVE('',#1819,#1972);
#1972 = DEFINITIONAL_REPRESENTATION('',(#1973),#1977);
#1973 = LINE('',#1974,#1975);
#1974 = CARTESIAN_POINT('',(0.,-0.));
#1975 = VECTOR('',#1976,1.);
#1976 = DIRECTION('',(0.,1.));
#1977 = ( GEOMETRIC_REPRESENTATION_CONTEXT(2) 
PARAMETRIC_REPRESENTATION_CONTEXT() REPRESENTATION_CONTEXT('2D SPACE',''
  ) );
#1978 = ORIENTED_EDGE('',*,*,#1979,.F.);
#1979 = EDGE_CURVE('',#1957,#1957,#1980,.T.);
#1980 = SURFACE_CURVE('',#1981,(#1986,#1993),.PCURVE_S1.);
#1981 = CIRCLE('',#1982,3.75);
#1982 = AXIS2_PLACEMENT_3D('',#1983,#1984,#1985);
#1983 = CARTESIAN_POINT('',(0.,0.,14.55));
#1984 = DIRECTION('',(0.,0.,1.));
#1985 = DIRECTION('',(1.,0.,-0.));
#1986 = PCURVE('',#1819,#1987);
#1987 = DEFINITIONAL_REPRESENTATION('',(#1988),#1992);
#1988 = LINE('',#1989,#1990);
#1989 = CARTESIAN_POINT('',(0.,0.75));
#1990 = VECTOR('',#1991,1.);
#1991 = DIRECTION('',(1.,0.));
#1992 = ( GEOMETRIC_REPRESENTATION_CONTEXT(2) 
PARAMETRIC_REPRESENTATION_CONTEXT() REPRESENTATION_CONTEXT('2D SPACE',''
  ) );
#1993 = PCURVE('',#1994,#1999);
#1994 = TOROIDAL_SURFACE('',#1995,3.5,0.25);
#1995 = AXIS2_PLACEMENT_3D('',#1996,#1997,#1998);
#1996 = CARTESIAN_POINT('',(0.,0.,14.55));
#1997 = DIRECTION('',(0.,0.,1.));
#1998 = DIRECTION('',(1.,0.,-0.));
#1999 = DEFINITIONAL_REPRESENTATION('',(#2000),#2004);
#2000 = LINE('',#2001,#2002);
#2001 = CARTESIAN_POINT('',(0.,0.));
#2002 = VECTOR('',#2003,1.);
#2003 = DIRECTION('',(1.,0.));
#2004 = ( GEOMETRIC_REPRESENTATION_CONTEXT(2) 
PARAMETRIC_REPRESENTATION_CONTEXT() REPRESENTATION_CONTEXT('2D SPACE',''
  ) );
#2005 = ORIENTED_EDGE('',*,*,#1956,.F.);
#2006 = ORIENTED_EDGE('',*,*,#1804,.T.);
#2007 = ADVANCED_FACE('',(#2008),#1858,.T.);
#2008 = FACE_BOUND('',#2009,.T.);
#2009 = EDGE_LOOP('',(#2010,#2011,#2032,#2061));
#2010 = ORIENTED_EDGE('',*,*,#1839,.F.);
#2011 = ORIENTED_EDGE('',*,*,#2012,.F.);
#2012 = EDGE_CURVE('',#2013,#1840,#2015,.T.);
#2013 = VERTEX_POINT('',#2014);
#2014 = CARTESIAN_POINT('',(1.2,1.204159457879,0.));
#2015 = SURFACE_CURVE('',#2016,(#2020,#2026),.PCURVE_S1.);
#2016 = LINE('',#2017,#2018);
#2017 = CARTESIAN_POINT('',(1.2,1.204159457879,0.));
#2018 = VECTOR('',#2019,1.);
#2019 = DIRECTION('',(0.,0.,1.));
#2020 = PCURVE('',#1858,#2021);
#2021 = DEFINITIONAL_REPRESENTATION('',(#2022),#2025);
#2022 = B_SPLINE_CURVE_WITH_KNOTS('',1,(#2023,#2024),.UNSPECIFIED.,.F.,
  .F.,(2,2),(-6.E-07,7.2000006),.PIECEWISE_BEZIER_KNOTS.);
#2023 = CARTESIAN_POINT('',(0.787128270656,-6.E-07));
#2024 = CARTESIAN_POINT('',(0.787128270656,7.2000006));
#2025 = ( GEOMETRIC_REPRESENTATION_CONTEXT(2) 
PARAMETRIC_REPRESENTATION_CONTEXT() REPRESENTATION_CONTEXT('2D SPACE',''
  ) );
#2026 = PCURVE('',#1886,#2027);
#2027 = DEFINITIONAL_REPRESENTATION('',(#2028),#2031);
#2028 = B_SPLINE_CURVE_WITH_KNOTS('',1,(#2029,#2030),.UNSPECIFIED.,.F.,
  .F.,(2,2),(-6.E-07,7.2000006),.PIECEWISE_BEZIER_KNOTS.);
#2029 = CARTESIAN_POINT('',(-6.E-07,-2.904159457879));
#2030 = CARTESIAN_POINT('',(7.2000006,-2.904159457879));
#2031 = ( GEOMETRIC_REPRESENTATION_CONTEXT(2) 
PARAMETRIC_REPRESENTATION_CONTEXT() REPRESENTATION_CONTEXT('2D SPACE',''
  ) );
#2032 = ORIENTED_EDGE('',*,*,#2033,.T.);
#2033 = EDGE_CURVE('',#2013,#2034,#2036,.T.);
#2034 = VERTEX_POINT('',#2035);
#2035 = CARTESIAN_POINT('',(-1.2,1.204159457879,0.));
#2036 = SURFACE_CURVE('',#2037,(#2042,#2049),.PCURVE_S1.);
#2037 = CIRCLE('',#2038,1.7);
#2038 = AXIS2_PLACEMENT_3D('',#2039,#2040,#2041);
#2039 = CARTESIAN_POINT('',(0.,0.,0.));
#2040 = DIRECTION('',(0.,0.,1.));
#2041 = DIRECTION('',(1.,0.,0.));
#2042 = PCURVE('',#1858,#2043);
#2043 = DEFINITIONAL_REPRESENTATION('',(#2044),#2048);
#2044 = LINE('',#2045,#2046);
#2045 = CARTESIAN_POINT('',(0.,0.));
#2046 = VECTOR('',#2047,1.);
#2047 = DIRECTION('',(1.,0.));
#2048 = ( GEOMETRIC_REPRESENTATION_CONTEXT(2) 
PARAMETRIC_REPRESENTATION_CONTEXT() REPRESENTATION_CONTEXT('2D SPACE',''
  ) );
#2049 = PCURVE('',#2050,#2055);
#2050 = PLANE('',#2051);
#2051 = AXIS2_PLACEMENT_3D('',#2052,#2053,#2054);
#2052 = CARTESIAN_POINT('',(0.,0.,0.));
#2053 = DIRECTION('',(0.,0.,1.));
#2054 = DIRECTION('',(1.,0.,0.));
#2055 = DEFINITIONAL_REPRESENTATION('',(#2056),#2060);
#2056 = CIRCLE('',#2057,1.7);
#2057 = AXIS2_PLACEMENT_2D('',#2058,#2059);
#2058 = CARTESIAN_POINT('',(0.,0.));
#2059 = DIRECTION('',(1.,0.));
#2060 = ( GEOMETRIC_REPRESENTATION_CONTEXT(2) 
PARAMETRIC_REPRESENTATION_CONTEXT() REPRESENTATION_CONTEXT('2D SPACE',''
  ) );
#2061 = ORIENTED_EDGE('',*,*,#2062,.T.);
#2062 = EDGE_CURVE('',#2034,#1842,#2063,.T.);
#2063 = SURFACE_CURVE('',#2064,(#2068,#2074),.PCURVE_S1.);
#2064 = LINE('',#2065,#2066);
#2065 = CARTESIAN_POINT('',(-1.2,1.204159457879,0.));
#2066 = VECTOR('',#2067,1.);
#2067 = DIRECTION('',(0.,0.,1.));
#2068 = PCURVE('',#1858,#2069);
#2069 = DEFINITIONAL_REPRESENTATION('',(#2070),#2073);
#2070 = B_SPLINE_CURVE_WITH_KNOTS('',1,(#2071,#2072),.UNSPECIFIED.,.F.,
  .F.,(2,2),(-6.E-07,7.2000006),.PIECEWISE_BEZIER_KNOTS.);
#2071 = CARTESIAN_POINT('',(2.354464382934,-6.E-07));
#2072 = CARTESIAN_POINT('',(2.354464382934,7.2000006));
#2073 = ( GEOMETRIC_REPRESENTATION_CONTEXT(2) 
PARAMETRIC_REPRESENTATION_CONTEXT() REPRESENTATION_CONTEXT('2D SPACE',''
  ) );
#2074 = PCURVE('',#1941,#2075);
#2075 = DEFINITIONAL_REPRESENTATION('',(#2076),#2079);
#2076 = B_SPLINE_CURVE_WITH_KNOTS('',1,(#2077,#2078),.UNSPECIFIED.,.F.,
  .F.,(2,2),(-6.E-07,7.2000006),.PIECEWISE_BEZIER_KNOTS.);
#2077 = CARTESIAN_POINT('',(-6.E-07,-2.904159457879));
#2078 = CARTESIAN_POINT('',(7.2000006,-2.904159457879));
#2079 = ( GEOMETRIC_REPRESENTATION_CONTEXT(2) 
PARAMETRIC_REPRESENTATION_CONTEXT() REPRESENTATION_CONTEXT('2D SPACE',''
  ) );
#2080 = ADVANCED_FACE('',(#2081),#1941,.F.);
#2081 = FACE_BOUND('',#2082,.F.);
#2082 = EDGE_LOOP('',(#2083,#2084,#2105,#2126));
#2083 = ORIENTED_EDGE('',*,*,#1927,.F.);
#2084 = ORIENTED_EDGE('',*,*,#2085,.F.);
#2085 = EDGE_CURVE('',#2086,#1899,#2088,.T.);
#2086 = VERTEX_POINT('',#2087);
#2087 = CARTESIAN_POINT('',(-1.2,-1.204159457879,0.));
#2088 = SURFACE_CURVE('',#2089,(#2093,#2099),.PCURVE_S1.);
#2089 = LINE('',#2090,#2091);
#2090 = CARTESIAN_POINT('',(-1.2,-1.204159457879,0.));
#2091 = VECTOR('',#2092,1.);
#2092 = DIRECTION('',(0.,0.,1.));
#2093 = PCURVE('',#1941,#2094);
#2094 = DEFINITIONAL_REPRESENTATION('',(#2095),#2098);
#2095 = B_SPLINE_CURVE_WITH_KNOTS('',1,(#2096,#2097),.UNSPECIFIED.,.F.,
  .F.,(2,2),(-6.E-07,7.2000006),.PIECEWISE_BEZIER_KNOTS.);
#2096 = CARTESIAN_POINT('',(-6.E-07,-0.495840542121));
#2097 = CARTESIAN_POINT('',(7.2000006,-0.495840542121));
#2098 = ( GEOMETRIC_REPRESENTATION_CONTEXT(2) 
PARAMETRIC_REPRESENTATION_CONTEXT() REPRESENTATION_CONTEXT('2D SPACE',''
  ) );
#2099 = PCURVE('',#1915,#2100);
#2100 = DEFINITIONAL_REPRESENTATION('',(#2101),#2104);
#2101 = B_SPLINE_CURVE_WITH_KNOTS('',1,(#2102,#2103),.UNSPECIFIED.,.F.,
  .F.,(2,2),(-6.E-07,7.2000006),.PIECEWISE_BEZIER_KNOTS.);
#2102 = CARTESIAN_POINT('',(3.928720924246,-6.E-07));
#2103 = CARTESIAN_POINT('',(3.928720924246,7.2000006));
#2104 = ( GEOMETRIC_REPRESENTATION_CONTEXT(2) 
PARAMETRIC_REPRESENTATION_CONTEXT() REPRESENTATION_CONTEXT('2D SPACE',''
  ) );
#2105 = ORIENTED_EDGE('',*,*,#2106,.T.);
#2106 = EDGE_CURVE('',#2086,#2034,#2107,.T.);
#2107 = SURFACE_CURVE('',#2108,(#2112,#2119),.PCURVE_S1.);
#2108 = LINE('',#2109,#2110);
#2109 = CARTESIAN_POINT('',(-1.2,-1.7,0.));
#2110 = VECTOR('',#2111,1.);
#2111 = DIRECTION('',(0.,1.,0.));
#2112 = PCURVE('',#1941,#2113);
#2113 = DEFINITIONAL_REPRESENTATION('',(#2114),#2118);
#2114 = LINE('',#2115,#2116);
#2115 = CARTESIAN_POINT('',(0.,0.));
#2116 = VECTOR('',#2117,1.);
#2117 = DIRECTION('',(0.,-1.));
#2118 = ( GEOMETRIC_REPRESENTATION_CONTEXT(2) 
PARAMETRIC_REPRESENTATION_CONTEXT() REPRESENTATION_CONTEXT('2D SPACE',''
  ) );
#2119 = PCURVE('',#2050,#2120);
#2120 = DEFINITIONAL_REPRESENTATION('',(#2121),#2125);
#2121 = LINE('',#2122,#2123);
#2122 = CARTESIAN_POINT('',(-1.2,-1.7));
#2123 = VECTOR('',#2124,1.);
#2124 = DIRECTION('',(0.,1.));
#2125 = ( GEOMETRIC_REPRESENTATION_CONTEXT(2) 
PARAMETRIC_REPRESENTATION_CONTEXT() REPRESENTATION_CONTEXT('2D SPACE',''
  ) );
#2126 = ORIENTED_EDGE('',*,*,#2062,.T.);
#2127 = ADVANCED_FACE('',(#2128),#1915,.T.);
#2128 = FACE_BOUND('',#2129,.T.);
#2129 = EDGE_LOOP('',(#2130,#2131,#2132,#2156));
#2130 = ORIENTED_EDGE('',*,*,#1898,.F.);
#2131 = ORIENTED_EDGE('',*,*,#2085,.F.);
#2132 = ORIENTED_EDGE('',*,*,#2133,.T.);
#2133 = EDGE_CURVE('',#2086,#2134,#2136,.T.);
#2134 = VERTEX_POINT('',#2135);
#2135 = CARTESIAN_POINT('',(1.2,-1.204159457879,0.));
#2136 = SURFACE_CURVE('',#2137,(#2142,#2149),.PCURVE_S1.);
#2137 = CIRCLE('',#2138,1.7);
#2138 = AXIS2_PLACEMENT_3D('',#2139,#2140,#2141);
#2139 = CARTESIAN_POINT('',(0.,0.,0.));
#2140 = DIRECTION('',(0.,0.,1.));
#2141 = DIRECTION('',(1.,0.,0.));
#2142 = PCURVE('',#1915,#2143);
#2143 = DEFINITIONAL_REPRESENTATION('',(#2144),#2148);
#2144 = LINE('',#2145,#2146);
#2145 = CARTESIAN_POINT('',(0.,0.));
#2146 = VECTOR('',#2147,1.);
#2147 = DIRECTION('',(1.,0.));
#2148 = ( GEOMETRIC_REPRESENTATION_CONTEXT(2) 
PARAMETRIC_REPRESENTATION_CONTEXT() REPRESENTATION_CONTEXT('2D SPACE',''
  ) );
#2149 = PCURVE('',#2050,#2150);
#2150 = DEFINITIONAL_REPRESENTATION('',(#2151),#2155);
#2151 = CIRCLE('',#2152,1.7);
#2152 = AXIS2_PLACEMENT_2D('',#2153,#2154);
#2153 = CARTESIAN_POINT('',(0.,0.));
#2154 = DIRECTION('',(1.,0.));
#2155 = ( GEOMETRIC_REPRESENTATION_CONTEXT(2) 
PARAMETRIC_REPRESENTATION_CONTEXT() REPRESENTATION_CONTEXT('2D SPACE',''
  ) );
#2156 = ORIENTED_EDGE('',*,*,#2157,.T.);
#2157 = EDGE_CURVE('',#2134,#1871,#2158,.T.);
#2158 = SURFACE_CURVE('',#2159,(#2163,#2169),.PCURVE_S1.);
#2159 = LINE('',#2160,#2161);
#2160 = CARTESIAN_POINT('',(1.2,-1.204159457879,0.));
#2161 = VECTOR('',#2162,1.);
#2162 = DIRECTION('',(0.,0.,1.));
#2163 = PCURVE('',#1915,#2164);
#2164 = DEFINITIONAL_REPRESENTATION('',(#2165),#2168);
#2165 = B_SPLINE_CURVE_WITH_KNOTS('',1,(#2166,#2167),.UNSPECIFIED.,.F.,
  .F.,(2,2),(-6.E-07,7.2000006),.PIECEWISE_BEZIER_KNOTS.);
#2166 = CARTESIAN_POINT('',(5.496057036523,-6.E-07));
#2167 = CARTESIAN_POINT('',(5.496057036523,7.2000006));
#2168 = ( GEOMETRIC_REPRESENTATION_CONTEXT(2) 
PARAMETRIC_REPRESENTATION_CONTEXT() REPRESENTATION_CONTEXT('2D SPACE',''
  ) );
#2169 = PCURVE('',#1886,#2170);
#2170 = DEFINITIONAL_REPRESENTATION('',(#2171),#2174);
#2171 = B_SPLINE_CURVE_WITH_KNOTS('',1,(#2172,#2173),.UNSPECIFIED.,.F.,
  .F.,(2,2),(-6.E-07,7.2000006),.PIECEWISE_BEZIER_KNOTS.);
#2172 = CARTESIAN_POINT('',(-6.E-07,-0.495840542121));
#2173 = CARTESIAN_POINT('',(7.2000006,-0.495840542121));
#2174 = ( GEOMETRIC_REPRESENTATION_CONTEXT(2) 
PARAMETRIC_REPRESENTATION_CONTEXT() REPRESENTATION_CONTEXT('2D SPACE',''
  ) );
#2175 = ADVANCED_FACE('',(#2176),#1886,.T.);
#2176 = FACE_BOUND('',#2177,.T.);
#2177 = EDGE_LOOP('',(#2178,#2179,#2180,#2201));
#2178 = ORIENTED_EDGE('',*,*,#1870,.F.);
#2179 = ORIENTED_EDGE('',*,*,#2157,.F.);
#2180 = ORIENTED_EDGE('',*,*,#2181,.T.);
#2181 = EDGE_CURVE('',#2134,#2013,#2182,.T.);
#2182 = SURFACE_CURVE('',#2183,(#2187,#2194),.PCURVE_S1.);
#2183 = LINE('',#2184,#2185);
#2184 = CARTESIAN_POINT('',(1.2,-1.7,0.));
#2185 = VECTOR('',#2186,1.);
#2186 = DIRECTION('',(0.,1.,0.));
#2187 = PCURVE('',#1886,#2188);
#2188 = DEFINITIONAL_REPRESENTATION('',(#2189),#2193);
#2189 = LINE('',#2190,#2191);
#2190 = CARTESIAN_POINT('',(0.,0.));
#2191 = VECTOR('',#2192,1.);
#2192 = DIRECTION('',(0.,-1.));
#2193 = ( GEOMETRIC_REPRESENTATION_CONTEXT(2) 
PARAMETRIC_REPRESENTATION_CONTEXT() REPRESENTATION_CONTEXT('2D SPACE',''
  ) );
#2194 = PCURVE('',#2050,#2195);
#2195 = DEFINITIONAL_REPRESENTATION('',(#2196),#2200);
#2196 = LINE('',#2197,#2198);
#2197 = CARTESIAN_POINT('',(1.2,-1.7));
#2198 = VECTOR('',#2199,1.);
#2199 = DIRECTION('',(0.,1.));
#2200 = ( GEOMETRIC_REPRESENTATION_CONTEXT(2) 
PARAMETRIC_REPRESENTATION_CONTEXT() REPRESENTATION_CONTEXT('2D SPACE',''
  ) );
#2201 = ORIENTED_EDGE('',*,*,#2012,.T.);
#2202 = ADVANCED_FACE('',(#2203),#1994,.T.);
#2203 = FACE_BOUND('',#2204,.T.);
#2204 = EDGE_LOOP('',(#2205,#2227,#2228,#2229));
#2205 = ORIENTED_EDGE('',*,*,#2206,.F.);
#2206 = EDGE_CURVE('',#1957,#2207,#2209,.T.);
#2207 = VERTEX_POINT('',#2208);
#2208 = CARTESIAN_POINT('',(3.5,0.,14.8));
#2209 = SEAM_CURVE('',#2210,(#2215,#2221),.PCURVE_S1.);
#2210 = CIRCLE('',#2211,0.25);
#2211 = AXIS2_PLACEMENT_3D('',#2212,#2213,#2214);
#2212 = CARTESIAN_POINT('',(3.5,0.,14.55));
#2213 = DIRECTION('',(0.,-1.,0.));
#2214 = DIRECTION('',(1.,0.,0.));
#2215 = PCURVE('',#1994,#2216);
#2216 = DEFINITIONAL_REPRESENTATION('',(#2217),#2220);
#2217 = B_SPLINE_CURVE_WITH_KNOTS('',1,(#2218,#2219),.UNSPECIFIED.,.F.,
  .F.,(2,2),(0.,1.570796326795),.PIECEWISE_BEZIER_KNOTS.);
#2218 = CARTESIAN_POINT('',(0.,0.));
#2219 = CARTESIAN_POINT('',(0.,1.570796326795));
#2220 = ( GEOMETRIC_REPRESENTATION_CONTEXT(2) 
PARAMETRIC_REPRESENTATION_CONTEXT() REPRESENTATION_CONTEXT('2D SPACE',''
  ) );
#2221 = PCURVE('',#1994,#2222);
#2222 = DEFINITIONAL_REPRESENTATION('',(#2223),#2226);
#2223 = B_SPLINE_CURVE_WITH_KNOTS('',1,(#2224,#2225),.UNSPECIFIED.,.F.,
  .F.,(2,2),(0.,1.570796326795),.PIECEWISE_BEZIER_KNOTS.);
#2224 = CARTESIAN_POINT('',(6.28318530718,0.));
#2225 = CARTESIAN_POINT('',(6.28318530718,1.570796326795));
#2226 = ( GEOMETRIC_REPRESENTATION_CONTEXT(2) 
PARAMETRIC_REPRESENTATION_CONTEXT() REPRESENTATION_CONTEXT('2D SPACE',''
  ) );
#2227 = ORIENTED_EDGE('',*,*,#1979,.T.);
#2228 = ORIENTED_EDGE('',*,*,#2206,.T.);
#2229 = ORIENTED_EDGE('',*,*,#2230,.F.);
#2230 = EDGE_CURVE('',#2207,#2207,#2231,.T.);
#2231 = SURFACE_CURVE('',#2232,(#2237,#2244),.PCURVE_S1.);
#2232 = CIRCLE('',#2233,3.5);
#2233 = AXIS2_PLACEMENT_3D('',#2234,#2235,#2236);
#2234 = CARTESIAN_POINT('',(0.,0.,14.8));
#2235 = DIRECTION('',(0.,0.,1.));
#2236 = DIRECTION('',(1.,0.,-0.));
#2237 = PCURVE('',#1994,#2238);
#2238 = DEFINITIONAL_REPRESENTATION('',(#2239),#2243);
#2239 = LINE('',#2240,#2241);
#2240 = CARTESIAN_POINT('',(0.,1.570796326795));
#2241 = VECTOR('',#2242,1.);
#2242 = DIRECTION('',(1.,0.));
#2243 = ( GEOMETRIC_REPRESENTATION_CONTEXT(2) 
PARAMETRIC_REPRESENTATION_CONTEXT() REPRESENTATION_CONTEXT('2D SPACE',''
  ) );
#2244 = PCURVE('',#2245,#2250);
#2245 = PLANE('',#2246);
#2246 = AXIS2_PLACEMENT_3D('',#2247,#2248,#2249);
#2247 = CARTESIAN_POINT('',(0.,0.,14.8));
#2248 = DIRECTION('',(0.,0.,1.));
#2249 = DIRECTION('',(1.,0.,0.));
#2250 = DEFINITIONAL_REPRESENTATION('',(#2251),#2255);
#2251 = CIRCLE('',#2252,3.5);
#2252 = AXIS2_PLACEMENT_2D('',#2253,#2254);
#2253 = CARTESIAN_POINT('',(0.,0.));
#2254 = DIRECTION('',(1.,0.));
#2255 = ( GEOMETRIC_REPRESENTATION_CONTEXT(2) 
PARAMETRIC_REPRESENTATION_CONTEXT() REPRESENTATION_CONTEXT('2D SPACE',''
  ) );
#2256 = ADVANCED_FACE('',(#2257,#2263),#2050,.F.);
#2257 = FACE_BOUND('',#2258,.F.);
#2258 = EDGE_LOOP('',(#2259,#2260,#2261,#2262));
#2259 = ORIENTED_EDGE('',*,*,#2133,.T.);
#2260 = ORIENTED_EDGE('',*,*,#2181,.T.);
#2261 = ORIENTED_EDGE('',*,*,#2033,.T.);
#2262 = ORIENTED_EDGE('',*,*,#2106,.F.);
#2263 = FACE_BOUND('',#2264,.F.);
#2264 = EDGE_LOOP('',(#2265));
#2265 = ORIENTED_EDGE('',*,*,#2266,.F.);
#2266 = EDGE_CURVE('',#2267,#2267,#2269,.T.);
#2267 = VERTEX_POINT('',#2268);
#2268 = CARTESIAN_POINT('',(0.8,-1.959434878636E-16,0.));
#2269 = SURFACE_CURVE('',#2270,(#2275,#2282),.PCURVE_S1.);
#2270 = CIRCLE('',#2271,0.8);
#2271 = AXIS2_PLACEMENT_3D('',#2272,#2273,#2274);
#2272 = CARTESIAN_POINT('',(0.,0.,0.));
#2273 = DIRECTION('',(0.,0.,1.));
#2274 = DIRECTION('',(1.,0.,-0.));
#2275 = PCURVE('',#2050,#2276);
#2276 = DEFINITIONAL_REPRESENTATION('',(#2277),#2281);
#2277 = CIRCLE('',#2278,0.8);
#2278 = AXIS2_PLACEMENT_2D('',#2279,#2280);
#2279 = CARTESIAN_POINT('',(0.,0.));
#2280 = DIRECTION('',(1.,0.));
#2281 = ( GEOMETRIC_REPRESENTATION_CONTEXT(2) 
PARAMETRIC_REPRESENTATION_CONTEXT() REPRESENTATION_CONTEXT('2D SPACE',''
  ) );
#2282 = PCURVE('',#2283,#2288);
#2283 = CYLINDRICAL_SURFACE('',#2284,0.8);
#2284 = AXIS2_PLACEMENT_3D('',#2285,#2286,#2287);
#2285 = CARTESIAN_POINT('',(0.,0.,-0.1));
#2286 = DIRECTION('',(0.,0.,1.));
#2287 = DIRECTION('',(1.,0.,0.));
#2288 = DEFINITIONAL_REPRESENTATION('',(#2289),#2293);
#2289 = LINE('',#2290,#2291);
#2290 = CARTESIAN_POINT('',(0.,0.1));
#2291 = VECTOR('',#2292,1.);
#2292 = DIRECTION('',(1.,0.));
#2293 = ( GEOMETRIC_REPRESENTATION_CONTEXT(2) 
PARAMETRIC_REPRESENTATION_CONTEXT() REPRESENTATION_CONTEXT('2D SPACE',''
  ) );
#2294 = ADVANCED_FACE('',(#2295,#2298),#2245,.T.);
#2295 = FACE_BOUND('',#2296,.T.);
#2296 = EDGE_LOOP('',(#2297));
#2297 = ORIENTED_EDGE('',*,*,#2230,.T.);
#2298 = FACE_BOUND('',#2299,.T.);
#2299 = EDGE_LOOP('',(#2300));
#2300 = ORIENTED_EDGE('',*,*,#2301,.F.);
#2301 = EDGE_CURVE('',#2302,#2302,#2304,.T.);
#2302 = VERTEX_POINT('',#2303);
#2303 = CARTESIAN_POINT('',(3.,0.,14.8));
#2304 = SURFACE_CURVE('',#2305,(#2310,#2317),.PCURVE_S1.);
#2305 = CIRCLE('',#2306,3.);
#2306 = AXIS2_PLACEMENT_3D('',#2307,#2308,#2309);
#2307 = CARTESIAN_POINT('',(0.,0.,14.8));
#2308 = DIRECTION('',(0.,0.,1.));
#2309 = DIRECTION('',(1.,0.,-0.));
#2310 = PCURVE('',#2245,#2311);
#2311 = DEFINITIONAL_REPRESENTATION('',(#2312),#2316);
#2312 = CIRCLE('',#2313,3.);
#2313 = AXIS2_PLACEMENT_2D('',#2314,#2315);
#2314 = CARTESIAN_POINT('',(0.,0.));
#2315 = DIRECTION('',(1.,0.));
#2316 = ( GEOMETRIC_REPRESENTATION_CONTEXT(2) 
PARAMETRIC_REPRESENTATION_CONTEXT() REPRESENTATION_CONTEXT('2D SPACE',''
  ) );
#2317 = PCURVE('',#2318,#2323);
#2318 = CONICAL_SURFACE('',#2319,3.,0.463647609001);
#2319 = AXIS2_PLACEMENT_3D('',#2320,#2321,#2322);
#2320 = CARTESIAN_POINT('',(0.,0.,14.8));
#2321 = DIRECTION('',(0.,0.,1.));
#2322 = DIRECTION('',(1.,0.,0.));
#2323 = DEFINITIONAL_REPRESENTATION('',(#2324),#2328);
#2324 = LINE('',#2325,#2326);
#2325 = CARTESIAN_POINT('',(0.,-0.));
#2326 = VECTOR('',#2327,1.);
#2327 = DIRECTION('',(1.,-0.));
#2328 = ( GEOMETRIC_REPRESENTATION_CONTEXT(2) 
PARAMETRIC_REPRESENTATION_CONTEXT() REPRESENTATION_CONTEXT('2D SPACE',''
  ) );
#2329 = ADVANCED_FACE('',(#2330),#2283,.F.);
#2330 = FACE_BOUND('',#2331,.F.);
#2331 = EDGE_LOOP('',(#2332,#2355,#2382,#2383));
#2332 = ORIENTED_EDGE('',*,*,#2333,.T.);
#2333 = EDGE_CURVE('',#2267,#2334,#2336,.T.);
#2334 = VERTEX_POINT('',#2335);
#2335 = CARTESIAN_POINT('',(0.8,-1.959434878636E-16,4.));
#2336 = SEAM_CURVE('',#2337,(#2341,#2348),.PCURVE_S1.);
#2337 = LINE('',#2338,#2339);
#2338 = CARTESIAN_POINT('',(0.8,-1.959434878636E-16,-0.1));
#2339 = VECTOR('',#2340,1.);
#2340 = DIRECTION('',(0.,0.,1.));
#2341 = PCURVE('',#2283,#2342);
#2342 = DEFINITIONAL_REPRESENTATION('',(#2343),#2347);
#2343 = LINE('',#2344,#2345);
#2344 = CARTESIAN_POINT('',(6.28318530718,-0.));
#2345 = VECTOR('',#2346,1.);
#2346 = DIRECTION('',(0.,1.));
#2347 = ( GEOMETRIC_REPRESENTATION_CONTEXT(2) 
PARAMETRIC_REPRESENTATION_CONTEXT() REPRESENTATION_CONTEXT('2D SPACE',''
  ) );
#2348 = PCURVE('',#2283,#2349);
#2349 = DEFINITIONAL_REPRESENTATION('',(#2350),#2354);
#2350 = LINE('',#2351,#2352);
#2351 = CARTESIAN_POINT('',(0.,-0.));
#2352 = VECTOR('',#2353,1.);
#2353 = DIRECTION('',(0.,1.));
#2354 = ( GEOMETRIC_REPRESENTATION_CONTEXT(2) 
PARAMETRIC_REPRESENTATION_CONTEXT() REPRESENTATION_CONTEXT('2D SPACE',''
  ) );
#2355 = ORIENTED_EDGE('',*,*,#2356,.F.);
#2356 = EDGE_CURVE('',#2334,#2334,#2357,.T.);
#2357 = SURFACE_CURVE('',#2358,(#2363,#2370),.PCURVE_S1.);
#2358 = CIRCLE('',#2359,0.8);
#2359 = AXIS2_PLACEMENT_3D('',#2360,#2361,#2362);
#2360 = CARTESIAN_POINT('',(0.,0.,4.));
#2361 = DIRECTION('',(0.,0.,1.));
#2362 = DIRECTION('',(1.,0.,0.));
#2363 = PCURVE('',#2283,#2364);
#2364 = DEFINITIONAL_REPRESENTATION('',(#2365),#2369);
#2365 = LINE('',#2366,#2367);
#2366 = CARTESIAN_POINT('',(0.,4.1));
#2367 = VECTOR('',#2368,1.);
#2368 = DIRECTION('',(1.,0.));
#2369 = ( GEOMETRIC_REPRESENTATION_CONTEXT(2) 
PARAMETRIC_REPRESENTATION_CONTEXT() REPRESENTATION_CONTEXT('2D SPACE',''
  ) );
#2370 = PCURVE('',#2371,#2376);
#2371 = PLANE('',#2372);
#2372 = AXIS2_PLACEMENT_3D('',#2373,#2374,#2375);
#2373 = CARTESIAN_POINT('',(0.,0.,4.));
#2374 = DIRECTION('',(0.,0.,1.));
#2375 = DIRECTION('',(1.,0.,0.));
#2376 = DEFINITIONAL_REPRESENTATION('',(#2377),#2381);
#2377 = CIRCLE('',#2378,0.8);
#2378 = AXIS2_PLACEMENT_2D('',#2379,#2380);
#2379 = CARTESIAN_POINT('',(0.,0.));
#2380 = DIRECTION('',(1.,0.));
#2381 = ( GEOMETRIC_REPRESENTATION_CONTEXT(2) 
PARAMETRIC_REPRESENTATION_CONTEXT() REPRESENTATION_CONTEXT('2D SPACE',''
  ) );
#2382 = ORIENTED_EDGE('',*,*,#2333,.F.);
#2383 = ORIENTED_EDGE('',*,*,#2266,.T.);
#2384 = ADVANCED_FACE('',(#2385),#2318,.F.);
#2385 = FACE_BOUND('',#2386,.T.);
#2386 = EDGE_LOOP('',(#2387,#2388,#2411,#2438));
#2387 = ORIENTED_EDGE('',*,*,#2301,.T.);
#2388 = ORIENTED_EDGE('',*,*,#2389,.T.);
#2389 = EDGE_CURVE('',#2302,#2390,#2392,.T.);
#2390 = VERTEX_POINT('',#2391);
#2391 = CARTESIAN_POINT('',(2.835,-3.663735981263E-17,14.47));
#2392 = SEAM_CURVE('',#2393,(#2397,#2404),.PCURVE_S1.);
#2393 = LINE('',#2394,#2395);
#2394 = CARTESIAN_POINT('',(3.,0.,14.8));
#2395 = VECTOR('',#2396,1.);
#2396 = DIRECTION('',(-0.4472135955,-9.930136612989E-17,-0.894427191));
#2397 = PCURVE('',#2318,#2398);
#2398 = DEFINITIONAL_REPRESENTATION('',(#2399),#2403);
#2399 = LINE('',#2400,#2401);
#2400 = CARTESIAN_POINT('',(0.,-0.));
#2401 = VECTOR('',#2402,1.);
#2402 = DIRECTION('',(0.,-1.));
#2403 = ( GEOMETRIC_REPRESENTATION_CONTEXT(2) 
PARAMETRIC_REPRESENTATION_CONTEXT() REPRESENTATION_CONTEXT('2D SPACE',''
  ) );
#2404 = PCURVE('',#2318,#2405);
#2405 = DEFINITIONAL_REPRESENTATION('',(#2406),#2410);
#2406 = LINE('',#2407,#2408);
#2407 = CARTESIAN_POINT('',(6.28318530718,-0.));
#2408 = VECTOR('',#2409,1.);
#2409 = DIRECTION('',(0.,-1.));
#2410 = ( GEOMETRIC_REPRESENTATION_CONTEXT(2) 
PARAMETRIC_REPRESENTATION_CONTEXT() REPRESENTATION_CONTEXT('2D SPACE',''
  ) );
#2411 = ORIENTED_EDGE('',*,*,#2412,.F.);
#2412 = EDGE_CURVE('',#2390,#2390,#2413,.T.);
#2413 = SURFACE_CURVE('',#2414,(#2419,#2426),.PCURVE_S1.);
#2414 = CIRCLE('',#2415,2.835);
#2415 = AXIS2_PLACEMENT_3D('',#2416,#2417,#2418);
#2416 = CARTESIAN_POINT('',(0.,0.,14.47));
#2417 = DIRECTION('',(0.,0.,1.));
#2418 = DIRECTION('',(1.,-1.292323097447E-17,0.));
#2419 = PCURVE('',#2318,#2420);
#2420 = DEFINITIONAL_REPRESENTATION('',(#2421),#2425);
#2421 = LINE('',#2422,#2423);
#2422 = CARTESIAN_POINT('',(0.,-0.33));
#2423 = VECTOR('',#2424,1.);
#2424 = DIRECTION('',(1.,-0.));
#2425 = ( GEOMETRIC_REPRESENTATION_CONTEXT(2) 
PARAMETRIC_REPRESENTATION_CONTEXT() REPRESENTATION_CONTEXT('2D SPACE',''
  ) );
#2426 = PCURVE('',#2427,#2432);
#2427 = CONICAL_SURFACE('',#2428,2.835,0.463647609001);
#2428 = AXIS2_PLACEMENT_3D('',#2429,#2430,#2431);
#2429 = CARTESIAN_POINT('',(0.,0.,14.47));
#2430 = DIRECTION('',(-0.,-0.,-1.));
#2431 = DIRECTION('',(1.,-1.292323097447E-17,0.));
#2432 = DEFINITIONAL_REPRESENTATION('',(#2433),#2437);
#2433 = LINE('',#2434,#2435);
#2434 = CARTESIAN_POINT('',(-0.,-0.));
#2435 = VECTOR('',#2436,1.);
#2436 = DIRECTION('',(-1.,-0.));
#2437 = ( GEOMETRIC_REPRESENTATION_CONTEXT(2) 
PARAMETRIC_REPRESENTATION_CONTEXT() REPRESENTATION_CONTEXT('2D SPACE',''
  ) );
#2438 = ORIENTED_EDGE('',*,*,#2389,.F.);
#2439 = ADVANCED_FACE('',(#2440),#2371,.F.);
#2440 = FACE_BOUND('',#2441,.F.);
#2441 = EDGE_LOOP('',(#2442));
#2442 = ORIENTED_EDGE('',*,*,#2356,.T.);
#2443 = ADVANCED_FACE('',(#2444),#2427,.T.);
#2444 = FACE_BOUND('',#2445,.T.);
#2445 = EDGE_LOOP('',(#2446,#2447,#2470,#2497));
#2446 = ORIENTED_EDGE('',*,*,#2412,.T.);
#2447 = ORIENTED_EDGE('',*,*,#2448,.T.);
#2448 = EDGE_CURVE('',#2390,#2449,#2451,.T.);
#2449 = VERTEX_POINT('',#2450);
#2450 = CARTESIAN_POINT('',(2.67,0.,14.8));
#2451 = SEAM_CURVE('',#2452,(#2456,#2463),.PCURVE_S1.);
#2452 = LINE('',#2453,#2454);
#2453 = CARTESIAN_POINT('',(2.835,-3.663735981263E-17,14.47));
#2454 = VECTOR('',#2455,1.);
#2455 = DIRECTION('',(-0.4472135955,9.930136612989E-17,0.894427191));
#2456 = PCURVE('',#2427,#2457);
#2457 = DEFINITIONAL_REPRESENTATION('',(#2458),#2462);
#2458 = LINE('',#2459,#2460);
#2459 = CARTESIAN_POINT('',(-0.,-0.));
#2460 = VECTOR('',#2461,1.);
#2461 = DIRECTION('',(-0.,-1.));
#2462 = ( GEOMETRIC_REPRESENTATION_CONTEXT(2) 
PARAMETRIC_REPRESENTATION_CONTEXT() REPRESENTATION_CONTEXT('2D SPACE',''
  ) );
#2463 = PCURVE('',#2427,#2464);
#2464 = DEFINITIONAL_REPRESENTATION('',(#2465),#2469);
#2465 = LINE('',#2466,#2467);
#2466 = CARTESIAN_POINT('',(-6.28318530718,-0.));
#2467 = VECTOR('',#2468,1.);
#2468 = DIRECTION('',(-0.,-1.));
#2469 = ( GEOMETRIC_REPRESENTATION_CONTEXT(2) 
PARAMETRIC_REPRESENTATION_CONTEXT() REPRESENTATION_CONTEXT('2D SPACE',''
  ) );
#2470 = ORIENTED_EDGE('',*,*,#2471,.F.);
#2471 = EDGE_CURVE('',#2449,#2449,#2472,.T.);
#2472 = SURFACE_CURVE('',#2473,(#2478,#2485),.PCURVE_S1.);
#2473 = CIRCLE('',#2474,2.67);
#2474 = AXIS2_PLACEMENT_3D('',#2475,#2476,#2477);
#2475 = CARTESIAN_POINT('',(0.,0.,14.8));
#2476 = DIRECTION('',(0.,0.,1.));
#2477 = DIRECTION('',(1.,0.,-0.));
#2478 = PCURVE('',#2427,#2479);
#2479 = DEFINITIONAL_REPRESENTATION('',(#2480),#2484);
#2480 = LINE('',#2481,#2482);
#2481 = CARTESIAN_POINT('',(-0.,-0.33));
#2482 = VECTOR('',#2483,1.);
#2483 = DIRECTION('',(-1.,-0.));
#2484 = ( GEOMETRIC_REPRESENTATION_CONTEXT(2) 
PARAMETRIC_REPRESENTATION_CONTEXT() REPRESENTATION_CONTEXT('2D SPACE',''
  ) );
#2485 = PCURVE('',#2486,#2491);
#2486 = PLANE('',#2487);
#2487 = AXIS2_PLACEMENT_3D('',#2488,#2489,#2490);
#2488 = CARTESIAN_POINT('',(0.,0.,14.8));
#2489 = DIRECTION('',(0.,0.,1.));
#2490 = DIRECTION('',(1.,0.,0.));
#2491 = DEFINITIONAL_REPRESENTATION('',(#2492),#2496);
#2492 = CIRCLE('',#2493,2.67);
#2493 = AXIS2_PLACEMENT_2D('',#2494,#2495);
#2494 = CARTESIAN_POINT('',(0.,0.));
#2495 = DIRECTION('',(1.,0.));
#2496 = ( GEOMETRIC_REPRESENTATION_CONTEXT(2) 
PARAMETRIC_REPRESENTATION_CONTEXT() REPRESENTATION_CONTEXT('2D SPACE',''
  ) );
#2497 = ORIENTED_EDGE('',*,*,#2448,.F.);
#2498 = ADVANCED_FACE('',(#2499,#2502),#2486,.T.);
#2499 = FACE_BOUND('',#2500,.T.);
#2500 = EDGE_LOOP('',(#2501));
#2501 = ORIENTED_EDGE('',*,*,#2471,.T.);
#2502 = FACE_BOUND('',#2503,.T.);
#2503 = EDGE_LOOP('',(#2504));
#2504 = ORIENTED_EDGE('',*,*,#2505,.F.);
#2505 = EDGE_CURVE('',#2506,#2506,#2508,.T.);
#2506 = VERTEX_POINT('',#2507);
#2507 = CARTESIAN_POINT('',(1.9575,0.,14.8));
#2508 = SURFACE_CURVE('',#2509,(#2514,#2521),.PCURVE_S1.);
#2509 = CIRCLE('',#2510,1.9575);
#2510 = AXIS2_PLACEMENT_3D('',#2511,#2512,#2513);
#2511 = CARTESIAN_POINT('',(0.,0.,14.8));
#2512 = DIRECTION('',(0.,0.,1.));
#2513 = DIRECTION('',(1.,0.,-0.));
#2514 = PCURVE('',#2486,#2515);
#2515 = DEFINITIONAL_REPRESENTATION('',(#2516),#2520);
#2516 = CIRCLE('',#2517,1.9575);
#2517 = AXIS2_PLACEMENT_2D('',#2518,#2519);
#2518 = CARTESIAN_POINT('',(0.,0.));
#2519 = DIRECTION('',(1.,0.));
#2520 = ( GEOMETRIC_REPRESENTATION_CONTEXT(2) 
PARAMETRIC_REPRESENTATION_CONTEXT() REPRESENTATION_CONTEXT('2D SPACE',''
  ) );
#2521 = PCURVE('',#2522,#2527);
#2522 = CONICAL_SURFACE('',#2523,1.9575,0.463647609001);
#2523 = AXIS2_PLACEMENT_3D('',#2524,#2525,#2526);
#2524 = CARTESIAN_POINT('',(0.,0.,14.8));
#2525 = DIRECTION('',(0.,0.,1.));
#2526 = DIRECTION('',(1.,0.,0.));
#2527 = DEFINITIONAL_REPRESENTATION('',(#2528),#2532);
#2528 = LINE('',#2529,#2530);
#2529 = CARTESIAN_POINT('',(0.,-0.));
#2530 = VECTOR('',#2531,1.);
#2531 = DIRECTION('',(1.,-0.));
#2532 = ( GEOMETRIC_REPRESENTATION_CONTEXT(2) 
PARAMETRIC_REPRESENTATION_CONTEXT() REPRESENTATION_CONTEXT('2D SPACE',''
  ) );
#2533 = ADVANCED_FACE('',(#2534),#2522,.F.);
#2534 = FACE_BOUND('',#2535,.T.);
#2535 = EDGE_LOOP('',(#2536,#2537,#2560,#2587));
#2536 = ORIENTED_EDGE('',*,*,#2505,.T.);
#2537 = ORIENTED_EDGE('',*,*,#2538,.T.);
#2538 = EDGE_CURVE('',#2506,#2539,#2541,.T.);
#2539 = VERTEX_POINT('',#2540);
#2540 = CARTESIAN_POINT('',(1.7925,-3.663735981263E-17,14.47));
#2541 = SEAM_CURVE('',#2542,(#2546,#2553),.PCURVE_S1.);
#2542 = LINE('',#2543,#2544);
#2543 = CARTESIAN_POINT('',(1.9575,0.,14.8));
#2544 = VECTOR('',#2545,1.);
#2545 = DIRECTION('',(-0.4472135955,-9.930136612989E-17,-0.894427191));
#2546 = PCURVE('',#2522,#2547);
#2547 = DEFINITIONAL_REPRESENTATION('',(#2548),#2552);
#2548 = LINE('',#2549,#2550);
#2549 = CARTESIAN_POINT('',(0.,-0.));
#2550 = VECTOR('',#2551,1.);
#2551 = DIRECTION('',(0.,-1.));
#2552 = ( GEOMETRIC_REPRESENTATION_CONTEXT(2) 
PARAMETRIC_REPRESENTATION_CONTEXT() REPRESENTATION_CONTEXT('2D SPACE',''
  ) );
#2553 = PCURVE('',#2522,#2554);
#2554 = DEFINITIONAL_REPRESENTATION('',(#2555),#2559);
#2555 = LINE('',#2556,#2557);
#2556 = CARTESIAN_POINT('',(6.28318530718,-0.));
#2557 = VECTOR('',#2558,1.);
#2558 = DIRECTION('',(0.,-1.));
#2559 = ( GEOMETRIC_REPRESENTATION_CONTEXT(2) 
PARAMETRIC_REPRESENTATION_CONTEXT() REPRESENTATION_CONTEXT('2D SPACE',''
  ) );
#2560 = ORIENTED_EDGE('',*,*,#2561,.F.);
#2561 = EDGE_CURVE('',#2539,#2539,#2562,.T.);
#2562 = SURFACE_CURVE('',#2563,(#2568,#2575),.PCURVE_S1.);
#2563 = CIRCLE('',#2564,1.7925);
#2564 = AXIS2_PLACEMENT_3D('',#2565,#2566,#2567);
#2565 = CARTESIAN_POINT('',(0.,0.,14.47));
#2566 = DIRECTION('',(0.,0.,1.));
#2567 = DIRECTION('',(1.,-2.04392523362E-17,0.));
#2568 = PCURVE('',#2522,#2569);
#2569 = DEFINITIONAL_REPRESENTATION('',(#2570),#2574);
#2570 = LINE('',#2571,#2572);
#2571 = CARTESIAN_POINT('',(0.,-0.33));
#2572 = VECTOR('',#2573,1.);
#2573 = DIRECTION('',(1.,-0.));
#2574 = ( GEOMETRIC_REPRESENTATION_CONTEXT(2) 
PARAMETRIC_REPRESENTATION_CONTEXT() REPRESENTATION_CONTEXT('2D SPACE',''
  ) );
#2575 = PCURVE('',#2576,#2581);
#2576 = CONICAL_SURFACE('',#2577,1.7925,0.463647609001);
#2577 = AXIS2_PLACEMENT_3D('',#2578,#2579,#2580);
#2578 = CARTESIAN_POINT('',(0.,0.,14.47));
#2579 = DIRECTION('',(-0.,-0.,-1.));
#2580 = DIRECTION('',(1.,-2.04392523362E-17,0.));
#2581 = DEFINITIONAL_REPRESENTATION('',(#2582),#2586);
#2582 = LINE('',#2583,#2584);
#2583 = CARTESIAN_POINT('',(-0.,-0.));
#2584 = VECTOR('',#2585,1.);
#2585 = DIRECTION('',(-1.,-0.));
#2586 = ( GEOMETRIC_REPRESENTATION_CONTEXT(2) 
PARAMETRIC_REPRESENTATION_CONTEXT() REPRESENTATION_CONTEXT('2D SPACE',''
  ) );
#2587 = ORIENTED_EDGE('',*,*,#2538,.F.);
#2588 = ADVANCED_FACE('',(#2589),#2576,.T.);
#2589 = FACE_BOUND('',#2590,.T.);
#2590 = EDGE_LOOP('',(#2591,#2592,#2615,#2642));
#2591 = ORIENTED_EDGE('',*,*,#2561,.T.);
#2592 = ORIENTED_EDGE('',*,*,#2593,.T.);
#2593 = EDGE_CURVE('',#2539,#2594,#2596,.T.);
#2594 = VERTEX_POINT('',#2595);
#2595 = CARTESIAN_POINT('',(1.6275,0.,14.8));
#2596 = SEAM_CURVE('',#2597,(#2601,#2608),.PCURVE_S1.);
#2597 = LINE('',#2598,#2599);
#2598 = CARTESIAN_POINT('',(1.7925,-3.663735981263E-17,14.47));
#2599 = VECTOR('',#2600,1.);
#2600 = DIRECTION('',(-0.4472135955,9.930136612989E-17,0.894427191));
#2601 = PCURVE('',#2576,#2602);
#2602 = DEFINITIONAL_REPRESENTATION('',(#2603),#2607);
#2603 = LINE('',#2604,#2605);
#2604 = CARTESIAN_POINT('',(-0.,-0.));
#2605 = VECTOR('',#2606,1.);
#2606 = DIRECTION('',(-0.,-1.));
#2607 = ( GEOMETRIC_REPRESENTATION_CONTEXT(2) 
PARAMETRIC_REPRESENTATION_CONTEXT() REPRESENTATION_CONTEXT('2D SPACE',''
  ) );
#2608 = PCURVE('',#2576,#2609);
#2609 = DEFINITIONAL_REPRESENTATION('',(#2610),#2614);
#2610 = LINE('',#2611,#2612);
#2611 = CARTESIAN_POINT('',(-6.28318530718,-0.));
#2612 = VECTOR('',#2613,1.);
#2613 = DIRECTION('',(-0.,-1.));
#2614 = ( GEOMETRIC_REPRESENTATION_CONTEXT(2) 
PARAMETRIC_REPRESENTATION_CONTEXT() REPRESENTATION_CONTEXT('2D SPACE',''
  ) );
#2615 = ORIENTED_EDGE('',*,*,#2616,.F.);
#2616 = EDGE_CURVE('',#2594,#2594,#2617,.T.);
#2617 = SURFACE_CURVE('',#2618,(#2623,#2630),.PCURVE_S1.);
#2618 = CIRCLE('',#2619,1.6275);
#2619 = AXIS2_PLACEMENT_3D('',#2620,#2621,#2622);
#2620 = CARTESIAN_POINT('',(0.,0.,14.8));
#2621 = DIRECTION('',(0.,0.,1.));
#2622 = DIRECTION('',(1.,0.,-0.));
#2623 = PCURVE('',#2576,#2624);
#2624 = DEFINITIONAL_REPRESENTATION('',(#2625),#2629);
#2625 = LINE('',#2626,#2627);
#2626 = CARTESIAN_POINT('',(-0.,-0.33));
#2627 = VECTOR('',#2628,1.);
#2628 = DIRECTION('',(-1.,-0.));
#2629 = ( GEOMETRIC_REPRESENTATION_CONTEXT(2) 
PARAMETRIC_REPRESENTATION_CONTEXT() REPRESENTATION_CONTEXT('2D SPACE',''
  ) );
#2630 = PCURVE('',#2631,#2636);
#2631 = PLANE('',#2632);
#2632 = AXIS2_PLACEMENT_3D('',#2633,#2634,#2635);
#2633 = CARTESIAN_POINT('',(0.,0.,14.8));
#2634 = DIRECTION('',(0.,0.,1.));
#2635 = DIRECTION('',(1.,0.,0.));
#2636 = DEFINITIONAL_REPRESENTATION('',(#2637),#2641);
#2637 = CIRCLE('',#2638,1.6275);
#2638 = AXIS2_PLACEMENT_2D('',#2639,#2640);
#2639 = CARTESIAN_POINT('',(0.,0.));
#2640 = DIRECTION('',(1.,0.));
#2641 = ( GEOMETRIC_REPRESENTATION_CONTEXT(2) 
PARAMETRIC_REPRESENTATION_CONTEXT() REPRESENTATION_CONTEXT('2D SPACE',''
  ) );
#2642 = ORIENTED_EDGE('',*,*,#2593,.F.);
#2643 = ADVANCED_FACE('',(#2644,#2647),#2631,.T.);
#2644 = FACE_BOUND('',#2645,.T.);
#2645 = EDGE_LOOP('',(#2646));
#2646 = ORIENTED_EDGE('',*,*,#2616,.T.);
#2647 = FACE_BOUND('',#2648,.T.);
#2648 = EDGE_LOOP('',(#2649));
#2649 = ORIENTED_EDGE('',*,*,#2650,.F.);
#2650 = EDGE_CURVE('',#2651,#2651,#2653,.T.);
#2651 = VERTEX_POINT('',#2652);
#2652 = CARTESIAN_POINT('',(0.915,0.,14.8));
#2653 = SURFACE_CURVE('',#2654,(#2659,#2666),.PCURVE_S1.);
#2654 = CIRCLE('',#2655,0.915);
#2655 = AXIS2_PLACEMENT_3D('',#2656,#2657,#2658);
#2656 = CARTESIAN_POINT('',(0.,0.,14.8));
#2657 = DIRECTION('',(0.,0.,1.));
#2658 = DIRECTION('',(1.,0.,-0.));
#2659 = PCURVE('',#2631,#2660);
#2660 = DEFINITIONAL_REPRESENTATION('',(#2661),#2665);
#2661 = CIRCLE('',#2662,0.915);
#2662 = AXIS2_PLACEMENT_2D('',#2663,#2664);
#2663 = CARTESIAN_POINT('',(0.,0.));
#2664 = DIRECTION('',(1.,0.));
#2665 = ( GEOMETRIC_REPRESENTATION_CONTEXT(2) 
PARAMETRIC_REPRESENTATION_CONTEXT() REPRESENTATION_CONTEXT('2D SPACE',''
  ) );
#2666 = PCURVE('',#2667,#2672);
#2667 = CONICAL_SURFACE('',#2668,0.915,0.463647609001);
#2668 = AXIS2_PLACEMENT_3D('',#2669,#2670,#2671);
#2669 = CARTESIAN_POINT('',(0.,0.,14.8));
#2670 = DIRECTION('',(0.,0.,1.));
#2671 = DIRECTION('',(1.,0.,0.));
#2672 = DEFINITIONAL_REPRESENTATION('',(#2673),#2677);
#2673 = LINE('',#2674,#2675);
#2674 = CARTESIAN_POINT('',(0.,-0.));
#2675 = VECTOR('',#2676,1.);
#2676 = DIRECTION('',(1.,-0.));
#2677 = ( GEOMETRIC_REPRESENTATION_CONTEXT(2) 
PARAMETRIC_REPRESENTATION_CONTEXT() REPRESENTATION_CONTEXT('2D SPACE',''
  ) );
#2678 = ADVANCED_FACE('',(#2679),#2667,.F.);
#2679 = FACE_BOUND('',#2680,.T.);
#2680 = EDGE_LOOP('',(#2681,#2682,#2705,#2732));
#2681 = ORIENTED_EDGE('',*,*,#2650,.T.);
#2682 = ORIENTED_EDGE('',*,*,#2683,.T.);
#2683 = EDGE_CURVE('',#2651,#2684,#2686,.T.);
#2684 = VERTEX_POINT('',#2685);
#2685 = CARTESIAN_POINT('',(0.75,-3.663735981263E-17,14.47));
#2686 = SEAM_CURVE('',#2687,(#2691,#2698),.PCURVE_S1.);
#2687 = LINE('',#2688,#2689);
#2688 = CARTESIAN_POINT('',(0.915,0.,14.8));
#2689 = VECTOR('',#2690,1.);
#2690 = DIRECTION('',(-0.4472135955,-9.930136612989E-17,-0.894427191));
#2691 = PCURVE('',#2667,#2692);
#2692 = DEFINITIONAL_REPRESENTATION('',(#2693),#2697);
#2693 = LINE('',#2694,#2695);
#2694 = CARTESIAN_POINT('',(0.,-0.));
#2695 = VECTOR('',#2696,1.);
#2696 = DIRECTION('',(0.,-1.));
#2697 = ( GEOMETRIC_REPRESENTATION_CONTEXT(2) 
PARAMETRIC_REPRESENTATION_CONTEXT() REPRESENTATION_CONTEXT('2D SPACE',''
  ) );
#2698 = PCURVE('',#2667,#2699);
#2699 = DEFINITIONAL_REPRESENTATION('',(#2700),#2704);
#2700 = LINE('',#2701,#2702);
#2701 = CARTESIAN_POINT('',(6.28318530718,-0.));
#2702 = VECTOR('',#2703,1.);
#2703 = DIRECTION('',(0.,-1.));
#2704 = ( GEOMETRIC_REPRESENTATION_CONTEXT(2) 
PARAMETRIC_REPRESENTATION_CONTEXT() REPRESENTATION_CONTEXT('2D SPACE',''
  ) );
#2705 = ORIENTED_EDGE('',*,*,#2706,.F.);
#2706 = EDGE_CURVE('',#2684,#2684,#2707,.T.);
#2707 = SURFACE_CURVE('',#2708,(#2713,#2720),.PCURVE_S1.);
#2708 = CIRCLE('',#2709,0.75);
#2709 = AXIS2_PLACEMENT_3D('',#2710,#2711,#2712);
#2710 = CARTESIAN_POINT('',(0.,0.,14.47));
#2711 = DIRECTION('',(0.,0.,1.));
#2712 = DIRECTION('',(1.,-4.884981308351E-17,0.));
#2713 = PCURVE('',#2667,#2714);
#2714 = DEFINITIONAL_REPRESENTATION('',(#2715),#2719);
#2715 = LINE('',#2716,#2717);
#2716 = CARTESIAN_POINT('',(0.,-0.33));
#2717 = VECTOR('',#2718,1.);
#2718 = DIRECTION('',(1.,-0.));
#2719 = ( GEOMETRIC_REPRESENTATION_CONTEXT(2) 
PARAMETRIC_REPRESENTATION_CONTEXT() REPRESENTATION_CONTEXT('2D SPACE',''
  ) );
#2720 = PCURVE('',#2721,#2726);
#2721 = CONICAL_SURFACE('',#2722,0.75,0.463647609001);
#2722 = AXIS2_PLACEMENT_3D('',#2723,#2724,#2725);
#2723 = CARTESIAN_POINT('',(0.,0.,14.47));
#2724 = DIRECTION('',(-0.,-0.,-1.));
#2725 = DIRECTION('',(1.,-4.884981308351E-17,0.));
#2726 = DEFINITIONAL_REPRESENTATION('',(#2727),#2731);
#2727 = LINE('',#2728,#2729);
#2728 = CARTESIAN_POINT('',(-0.,-0.));
#2729 = VECTOR('',#2730,1.);
#2730 = DIRECTION('',(-1.,-0.));
#2731 = ( GEOMETRIC_REPRESENTATION_CONTEXT(2) 
PARAMETRIC_REPRESENTATION_CONTEXT() REPRESENTATION_CONTEXT('2D SPACE',''
  ) );
#2732 = ORIENTED_EDGE('',*,*,#2683,.F.);
#2733 = ADVANCED_FACE('',(#2734),#2721,.T.);
#2734 = FACE_BOUND('',#2735,.T.);
#2735 = EDGE_LOOP('',(#2736,#2737,#2760,#2787));
#2736 = ORIENTED_EDGE('',*,*,#2706,.T.);
#2737 = ORIENTED_EDGE('',*,*,#2738,.T.);
#2738 = EDGE_CURVE('',#2684,#2739,#2741,.T.);
#2739 = VERTEX_POINT('',#2740);
#2740 = CARTESIAN_POINT('',(0.585,0.,14.8));
#2741 = SEAM_CURVE('',#2742,(#2746,#2753),.PCURVE_S1.);
#2742 = LINE('',#2743,#2744);
#2743 = CARTESIAN_POINT('',(0.75,-3.663735981263E-17,14.47));
#2744 = VECTOR('',#2745,1.);
#2745 = DIRECTION('',(-0.4472135955,9.930136612989E-17,0.894427191));
#2746 = PCURVE('',#2721,#2747);
#2747 = DEFINITIONAL_REPRESENTATION('',(#2748),#2752);
#2748 = LINE('',#2749,#2750);
#2749 = CARTESIAN_POINT('',(-0.,-0.));
#2750 = VECTOR('',#2751,1.);
#2751 = DIRECTION('',(-0.,-1.));
#2752 = ( GEOMETRIC_REPRESENTATION_CONTEXT(2) 
PARAMETRIC_REPRESENTATION_CONTEXT() REPRESENTATION_CONTEXT('2D SPACE',''
  ) );
#2753 = PCURVE('',#2721,#2754);
#2754 = DEFINITIONAL_REPRESENTATION('',(#2755),#2759);
#2755 = LINE('',#2756,#2757);
#2756 = CARTESIAN_POINT('',(-6.28318530718,-0.));
#2757 = VECTOR('',#2758,1.);
#2758 = DIRECTION('',(-0.,-1.));
#2759 = ( GEOMETRIC_REPRESENTATION_CONTEXT(2) 
PARAMETRIC_REPRESENTATION_CONTEXT() REPRESENTATION_CONTEXT('2D SPACE',''
  ) );
#2760 = ORIENTED_EDGE('',*,*,#2761,.F.);
#2761 = EDGE_CURVE('',#2739,#2739,#2762,.T.);
#2762 = SURFACE_CURVE('',#2763,(#2768,#2775),.PCURVE_S1.);
#2763 = CIRCLE('',#2764,0.585);
#2764 = AXIS2_PLACEMENT_3D('',#2765,#2766,#2767);
#2765 = CARTESIAN_POINT('',(0.,0.,14.8));
#2766 = DIRECTION('',(0.,0.,1.));
#2767 = DIRECTION('',(1.,0.,-0.));
#2768 = PCURVE('',#2721,#2769);
#2769 = DEFINITIONAL_REPRESENTATION('',(#2770),#2774);
#2770 = LINE('',#2771,#2772);
#2771 = CARTESIAN_POINT('',(-0.,-0.33));
#2772 = VECTOR('',#2773,1.);
#2773 = DIRECTION('',(-1.,-0.));
#2774 = ( GEOMETRIC_REPRESENTATION_CONTEXT(2) 
PARAMETRIC_REPRESENTATION_CONTEXT() REPRESENTATION_CONTEXT('2D SPACE',''
  ) );
#2775 = PCURVE('',#2776,#2781);
#2776 = PLANE('',#2777);
#2777 = AXIS2_PLACEMENT_3D('',#2778,#2779,#2780);
#2778 = CARTESIAN_POINT('',(0.,0.,14.8));
#2779 = DIRECTION('',(0.,0.,1.));
#2780 = DIRECTION('',(1.,0.,0.));
#2781 = DEFINITIONAL_REPRESENTATION('',(#2782),#2786);
#2782 = CIRCLE('',#2783,0.585);
#2783 = AXIS2_PLACEMENT_2D('',#2784,#2785);
#2784 = CARTESIAN_POINT('',(0.,0.));
#2785 = DIRECTION('',(1.,0.));
#2786 = ( GEOMETRIC_REPRESENTATION_CONTEXT(2) 
PARAMETRIC_REPRESENTATION_CONTEXT() REPRESENTATION_CONTEXT('2D SPACE',''
  ) );
#2787 = ORIENTED_EDGE('',*,*,#2738,.F.);
#2788 = ADVANCED_FACE('',(#2789),#2776,.T.);
#2789 = FACE_BOUND('',#2790,.T.);
#2790 = EDGE_LOOP('',(#2791));
#2791 = ORIENTED_EDGE('',*,*,#2761,.T.);
#2792 = ( GEOMETRIC_REPRESENTATION_CONTEXT(3) 
GLOBAL_UNCERTAINTY_ASSIGNED_CONTEXT((#2796)) 
GLOBAL_UNIT_ASSIGNED_CONTEXT((#2793,#2794,#2795)) REPRESENTATION_CONTEXT
('Context #1','3D Context with UNIT and UNCERTAINTY') );
#2793 = ( LENGTH_UNIT() NAMED_UNIT(*) SI_UNIT(.MILLI.,.METRE.) );
#2794 = ( NAMED_UNIT(*) PLANE_ANGLE_UNIT() SI_UNIT($,.RADIAN.) );
#2795 = ( NAMED_UNIT(*) SI_UNIT($,.STERADIAN.) SOLID_ANGLE_UNIT() );
#2796 = UNCERTAINTY_MEASURE_WITH_UNIT(LENGTH_MEASURE(5.E-06),#2793,
  'distance_accuracy_value','confusion accuracy');
#2797 = PRODUCT_RELATED_PRODUCT_CATEGORY('part',$,(#7));
ENDSEC;
END-ISO-10303-21;
