ISO-10303-21;
HEADER;
FILE_DESCRIPTION(('Open CASCADE Model'),'2;1');
FILE_NAME('Open CASCADE Shape Model','2026-03-28T15:05:43',('Author'),(
    'Open CASCADE'),'Open CASCADE STEP processor 7.8','build123d',
  'Unknown');
FILE_SCHEMA(('AUTOMOTIVE_DESIGN { 1 0 10303 214 1 1 1 1 }'));
ENDSEC;
DATA;
#1 = APPLICATION_PROTOCOL_DEFINITION('international standard',
  'automotive_design',2000,#2);
#2 = APPLICATION_CONTEXT(
  'core data for automotive mechanical design processes');
#3 = SHAPE_DEFINITION_REPRESENTATION(#4,#10);
#4 = PRODUCT_DEFINITION_SHAPE('','',#5);
#5 = PRODUCT_DEFINITION('design','',#6,#9);
#6 = PRODUCT_DEFINITION_FORMATION('','',#7);
#7 = PRODUCT('SOLID','SOLID','',(#8));
#8 = PRODUCT_CONTEXT('',#2,'mechanical');
#9 = PRODUCT_DEFINITION_CONTEXT('part definition',#2,'design');
#10 = ADVANCED_BREP_SHAPE_REPRESENTATION('',(#11,#15),#6456);
#11 = AXIS2_PLACEMENT_3D('',#12,#13,#14);
#12 = CARTESIAN_POINT('',(0.,0.,0.));
#13 = DIRECTION('',(0.,0.,1.));
#14 = DIRECTION('',(1.,0.,-0.));
#15 = MANIFOLD_SOLID_BREP('',#16);
#16 = CLOSED_SHELL('',(#17,#388,#543,#623,#1113,#1257,#1569,#1664,#1736,
    #1864,#1924,#2131,#2190,#2199,#2264,#2387,#2441,#2500,#2572,#2599,
    #2658,#2693,#2697,#2751,#2786,#2842,#3590,#3892,#4837,#5053,#5167,
    #5844,#5927,#5953,#5981,#6008,#6015,#6071,#6126,#6182,#6217,#6272,
    #6307,#6362,#6397,#6452));
#17 = ADVANCED_FACE('',(#18),#33,.T.);
#18 = FACE_BOUND('',#19,.T.);
#19 = EDGE_LOOP('',(#20,#78,#147,#198,#267,#311,#336,#365,#387));
#20 = ORIENTED_EDGE('',*,*,#21,.T.);
#21 = EDGE_CURVE('',#22,#24,#26,.T.);
#22 = VERTEX_POINT('',#23);
#23 = CARTESIAN_POINT('',(17.332806083059,-0.914646798063,
    -1.902239160546));
#24 = VERTEX_POINT('',#25);
#25 = CARTESIAN_POINT('',(6.057871499082,-1.369469502889,-2.848157915258
    ));
#26 = SURFACE_CURVE('',#27,(#32,#66),.PCURVE_S1.);
#27 = CIRCLE('',#28,6.138097524551);
#28 = AXIS2_PLACEMENT_3D('',#29,#30,#31);
#29 = CARTESIAN_POINT('',(11.491752252172,-1.176654379392,
    -1.275840794365E-15));
#30 = DIRECTION('',(-3.546155307953E-02,0.999371041332,
    3.937023271786E-18));
#31 = DIRECTION('',(-0.999371041332,-3.546155307953E-02,
    1.109524740231E-16));
#32 = PCURVE('',#33,#38);
#33 = SPHERICAL_SURFACE('',#34,6.25);
#34 = AXIS2_PLACEMENT_3D('',#35,#36,#37);
#35 = CARTESIAN_POINT('',(11.45,-2.852521214344E-15,-1.271205363196E-15)
  );
#36 = DIRECTION('',(-1.,0.,1.110223024625E-16));
#37 = DIRECTION('',(0.,-1.,0.));
#38 = DEFINITIONAL_REPRESENTATION('',(#39),#65);
#39 = B_SPLINE_CURVE_WITH_KNOTS('',3,(#40,#41,#42,#43,#44,#45,#46,#47,
    #48,#49,#50,#51,#52,#53,#54,#55,#56,#57,#58,#59,#60,#61,#62,#63,#64)
  ,.UNSPECIFIED.,.F.,.F.,(4,1,1,1,1,1,1,1,1,1,1,1,1,1,1,1,1,1,1,1,1,1,4)
  ,(0.482520234096,0.724254090414,0.965987946731,1.207721803049,
    1.449455659366,1.691189515684,1.932923372002,2.174657228319,
    2.416391084637,2.658124940955,2.899858797272,3.14159265359,
    3.383326509907,3.625060366225,3.866794222543,4.10852807886,
    4.350261935178,4.591995791496,4.833729647813,5.075463504131,
    5.317197360448,5.558931216766,5.800665073084),
  .QUASI_UNIFORM_KNOTS.);
#40 = CARTESIAN_POINT('',(13.688975535099,1.040664776812));
#41 = CARTESIAN_POINT('',(13.746785791564,0.967499690061));
#42 = CARTESIAN_POINT('',(13.829872040408,0.817308594612));
#43 = CARTESIAN_POINT('',(13.888995262836,0.584428338197));
#44 = CARTESIAN_POINT('',(13.924737885268,0.349171938552));
#45 = CARTESIAN_POINT('',(13.944124275588,0.112457754732));
#46 = CARTESIAN_POINT('',(13.952163826851,-0.124860686976));
#47 = CARTESIAN_POINT('',(13.950574636526,-0.362311334471));
#48 = CARTESIAN_POINT('',(13.932950490727,-0.599417517238));
#49 = CARTESIAN_POINT('',(13.907753214141,-0.835260946089));
#50 = CARTESIAN_POINT('',(13.794811152495,-1.068540135851));
#51 = CARTESIAN_POINT('',(13.743580107505,-1.291499936405));
#52 = CARTESIAN_POINT('',(12.566370614359,-1.47937461252));
#53 = CARTESIAN_POINT('',(11.389161121213,-1.291499936405));
#54 = CARTESIAN_POINT('',(11.337930076223,-1.068540135851));
#55 = CARTESIAN_POINT('',(11.224988014577,-0.835260946089));
#56 = CARTESIAN_POINT('',(11.199790737991,-0.599417517238));
#57 = CARTESIAN_POINT('',(11.182166592192,-0.362311334471));
#58 = CARTESIAN_POINT('',(11.180577401867,-0.124860686976));
#59 = CARTESIAN_POINT('',(11.18861695313,0.112457754732));
#60 = CARTESIAN_POINT('',(11.208003343451,0.349171938552));
#61 = CARTESIAN_POINT('',(11.243745965882,0.584428338197));
#62 = CARTESIAN_POINT('',(11.302869188311,0.817308594612));
#63 = CARTESIAN_POINT('',(11.385955437154,0.967499690061));
#64 = CARTESIAN_POINT('',(11.443765693619,1.040664776812));
#65 = ( GEOMETRIC_REPRESENTATION_CONTEXT(2) 
PARAMETRIC_REPRESENTATION_CONTEXT() REPRESENTATION_CONTEXT('2D SPACE',''
  ) );
#66 = PCURVE('',#67,#72);
#67 = TOROIDAL_SURFACE('',#68,5.843468843372,0.3);
#68 = AXIS2_PLACEMENT_3D('',#69,#70,#71);
#69 = CARTESIAN_POINT('',(11.489748144068,-1.120174969181,
    -1.275618293669E-15));
#70 = DIRECTION('',(3.546155307953E-02,-0.999371041332,
    -3.937023271786E-18));
#71 = DIRECTION('',(0.999371041332,3.546155307953E-02,
    -1.109524740231E-16));
#72 = DEFINITIONAL_REPRESENTATION('',(#73),#77);
#73 = LINE('',#74,#75);
#74 = CARTESIAN_POINT('',(3.14159265359,0.18951559588));
#75 = VECTOR('',#76,1.);
#76 = DIRECTION('',(-1.,2.139822600618E-14));
#77 = ( GEOMETRIC_REPRESENTATION_CONTEXT(2) 
PARAMETRIC_REPRESENTATION_CONTEXT() REPRESENTATION_CONTEXT('2D SPACE',''
  ) );
#78 = ORIENTED_EDGE('',*,*,#79,.F.);
#79 = EDGE_CURVE('',#80,#24,#82,.T.);
#80 = VERTEX_POINT('',#81);
#81 = CARTESIAN_POINT('',(6.057871499082,1.369469502889,-2.848157915258)
  );
#82 = SURFACE_CURVE('',#83,(#88,#95),.PCURVE_S1.);
#83 = CIRCLE('',#84,3.160292744286);
#84 = AXIS2_PLACEMENT_3D('',#85,#86,#87);
#85 = CARTESIAN_POINT('',(6.057871499082,0.,-6.725588418502E-16));
#86 = DIRECTION('',(-1.,0.,1.110223024625E-16));
#87 = DIRECTION('',(1.110223024625E-16,0.,1.));
#88 = PCURVE('',#33,#89);
#89 = DEFINITIONAL_REPRESENTATION('',(#90),#94);
#90 = LINE('',#91,#92);
#91 = CARTESIAN_POINT('',(7.853981633974,1.040664776812));
#92 = VECTOR('',#93,1.);
#93 = DIRECTION('',(1.,2.477118056319E-16));
#94 = ( GEOMETRIC_REPRESENTATION_CONTEXT(2) 
PARAMETRIC_REPRESENTATION_CONTEXT() REPRESENTATION_CONTEXT('2D SPACE',''
  ) );
#95 = PCURVE('',#96,#142);
#96 = B_SPLINE_SURFACE_WITH_KNOTS('',3,3,(
    (#97,#98,#99,#100,#101,#102,#103,#104,#105)
    ,(#106,#107,#108,#109,#110,#111,#112,#113,#114)
    ,(#115,#116,#117,#118,#119,#120,#121,#122,#123)
    ,(#124,#125,#126,#127,#128,#129,#130,#131,#132)
    ,(#133,#134,#135,#136,#137,#138,#139,#140,#141
  )),.UNSPECIFIED.,.F.,.F.,.F.,(4,1,4),(4,1,1,1,1,1,4),(0.,
    0.395441052704,0.790882105408),(3.139074539265,3.925731759825,
    4.319060370105,4.712388980385,5.105717590665,5.499046200945,
    6.285703421505),.UNSPECIFIED.);
#97 = CARTESIAN_POINT('',(2.2,1.749994451716,4.40669541211E-03));
#98 = CARTESIAN_POINT('',(2.2,1.755787338232,-0.456322234354));
#99 = CARTESIAN_POINT('',(2.2,1.466135457388,-1.138185414068));
#100 = CARTESIAN_POINT('',(2.2,0.6881601271,-1.658550547225));
#101 = CARTESIAN_POINT('',(2.2,1.426427684118E-13,-1.795724726388));
#102 = CARTESIAN_POINT('',(2.2,-0.6881601271,-1.658550547225));
#103 = CARTESIAN_POINT('',(2.2,-1.466135457388,-1.138185414068));
#104 = CARTESIAN_POINT('',(2.2,-1.755787338232,-0.456322234354));
#105 = CARTESIAN_POINT('',(2.2,-1.749994451716,4.406695411832E-03));
#106 = CARTESIAN_POINT('',(3.386327691819,1.750004063725,
    4.406719616299E-03));
#107 = CARTESIAN_POINT('',(3.386327691819,1.755796982059,-0.456324740746
    ));
#108 = CARTESIAN_POINT('',(3.386327691819,1.466143510275,-1.138191665658
    ));
#109 = CARTESIAN_POINT('',(3.386327691819,0.688163906884,-1.658559656969
    ));
#110 = CARTESIAN_POINT('',(3.386327691819,1.426209875645E-13,
    -1.795734589575));
#111 = CARTESIAN_POINT('',(3.386327691819,-0.688163906884,
    -1.658559656969));
#112 = CARTESIAN_POINT('',(3.386327691819,-1.466143510274,
    -1.138191665658));
#113 = CARTESIAN_POINT('',(3.386327691819,-1.755796982059,
    -0.456324740747));
#114 = CARTESIAN_POINT('',(3.386327691819,-1.750004063725,
    4.40671961602E-03));
#115 = CARTESIAN_POINT('',(4.820705048821,1.841475263342,
    4.637055041247E-03));
#116 = CARTESIAN_POINT('',(4.820705048821,1.84757097251,-0.480176440474)
  );
#117 = CARTESIAN_POINT('',(4.820705048821,1.542777564147,-1.19768396011)
  );
#118 = CARTESIAN_POINT('',(4.820705048821,0.724133639413,-1.745251136495
    ));
#119 = CARTESIAN_POINT('',(4.820705048821,1.50157160701E-13,
    -1.889596084246));
#120 = CARTESIAN_POINT('',(4.820705048821,-0.724133639412,
    -1.745251136495));
#121 = CARTESIAN_POINT('',(4.820705048821,-1.542777564146,
    -1.197683960111));
#122 = CARTESIAN_POINT('',(4.820705048821,-1.84757097251,-0.480176440475
    ));
#123 = CARTESIAN_POINT('',(4.820705048821,-1.841475263342,
    4.637055040954E-03));
#124 = CARTESIAN_POINT('',(5.573515846233,2.559298973049,
    6.444621028196E-03));
#125 = CARTESIAN_POINT('',(5.573515846233,2.567770844773,-0.667353559102
    ));
#126 = CARTESIAN_POINT('',(5.573515846233,2.14416620965,-1.664551998155)
  );
#127 = CARTESIAN_POINT('',(5.573515846233,1.006407480237,-2.425565811423
    ));
#128 = CARTESIAN_POINT('',(5.573515846233,2.081377759876E-13,
    -2.626177725088));
#129 = CARTESIAN_POINT('',(5.573515846233,-1.006407480237,
    -2.425565811423));
#130 = CARTESIAN_POINT('',(5.573515846233,-2.14416620965,-1.664551998155
    ));
#131 = CARTESIAN_POINT('',(5.573515846233,-2.567770844773,
    -0.667353559102));
#132 = CARTESIAN_POINT('',(5.573515846233,-2.559298973049,
    6.444621027789E-03));
#133 = CARTESIAN_POINT('',(6.07807296166,3.185228554744,
    8.020786605895E-03));
#134 = CARTESIAN_POINT('',(6.07807296166,3.195772398198,-0.830568696719)
  );
#135 = CARTESIAN_POINT('',(6.07807296166,2.668566474262,-2.071652671771)
  );
#136 = CARTESIAN_POINT('',(6.07807296166,1.25254527803,-3.018788178057)
  );
#137 = CARTESIAN_POINT('',(6.07807296166,2.592792052487E-13,
    -3.268463891038));
#138 = CARTESIAN_POINT('',(6.07807296166,-1.25254527803,-3.018788178058)
  );
#139 = CARTESIAN_POINT('',(6.07807296166,-2.668566474262,-2.071652671771
    ));
#140 = CARTESIAN_POINT('',(6.07807296166,-3.195772398198,-0.83056869672)
  );
#141 = CARTESIAN_POINT('',(6.07807296166,-3.185228554744,
    8.020786605388E-03));
#142 = DEFINITIONAL_REPRESENTATION('',(#143),#146);
#143 = B_SPLINE_CURVE_WITH_KNOTS('',1,(#144,#145),.UNSPECIFIED.,.F.,.F.,
  (2,2),(2.693401247535,3.589784059644),.PIECEWISE_BEZIER_KNOTS.);
#144 = CARTESIAN_POINT('',(0.785595848789,4.264201103327));
#145 = CARTESIAN_POINT('',(0.785595848789,5.160576857442));
#146 = ( GEOMETRIC_REPRESENTATION_CONTEXT(2) 
PARAMETRIC_REPRESENTATION_CONTEXT() REPRESENTATION_CONTEXT('2D SPACE',''
  ) );
#147 = ORIENTED_EDGE('',*,*,#148,.T.);
#148 = EDGE_CURVE('',#80,#149,#151,.T.);
#149 = VERTEX_POINT('',#150);
#150 = CARTESIAN_POINT('',(6.057871499082,1.369469502889,2.848157915258)
  );
#151 = SURFACE_CURVE('',#152,(#157,#186),.PCURVE_S1.);
#152 = CIRCLE('',#153,6.138097524551);
#153 = AXIS2_PLACEMENT_3D('',#154,#155,#156);
#154 = CARTESIAN_POINT('',(11.491752252172,1.176654379392,
    -1.275840794365E-15));
#155 = DIRECTION('',(-3.546155307953E-02,-0.999371041332,
    3.937023271786E-18));
#156 = DIRECTION('',(0.999371041332,-3.546155307953E-02,
    -1.109524740231E-16));
#157 = PCURVE('',#33,#158);
#158 = DEFINITIONAL_REPRESENTATION('',(#159),#185);
#159 = B_SPLINE_CURVE_WITH_KNOTS('',3,(#160,#161,#162,#163,#164,#165,
    #166,#167,#168,#169,#170,#171,#172,#173,#174,#175,#176,#177,#178,
    #179,#180,#181,#182,#183,#184),.UNSPECIFIED.,.F.,.F.,(4,1,1,1,1,1,1,
    1,1,1,1,1,1,1,1,1,1,1,1,1,1,1,4),(3.624112887686,3.865846744003,
    4.107580600321,4.349314456639,4.591048312956,4.832782169274,
    5.074516025591,5.316249881909,5.557983738227,5.799717594544,
    6.041451450862,6.28318530718,6.524919163497,6.766653019815,
    7.008386876132,7.25012073245,7.491854588768,7.733588445085,
    7.975322301403,8.217056157721,8.458790014038,8.700523870356,
    8.942257726674),.QUASI_UNIFORM_KNOTS.);
#160 = CARTESIAN_POINT('',(10.54738288151,1.040664776812));
#161 = CARTESIAN_POINT('',(10.605193137975,0.967499690061));
#162 = CARTESIAN_POINT('',(10.688279386818,0.817308594612));
#163 = CARTESIAN_POINT('',(10.747402609246,0.584428338197));
#164 = CARTESIAN_POINT('',(10.783145231678,0.349171938552));
#165 = CARTESIAN_POINT('',(10.802531621998,0.112457754732));
#166 = CARTESIAN_POINT('',(10.810571173261,-0.124860686976));
#167 = CARTESIAN_POINT('',(10.808981982936,-0.362311334471));
#168 = CARTESIAN_POINT('',(10.791357837137,-0.599417517238));
#169 = CARTESIAN_POINT('',(10.766160560551,-0.835260946089));
#170 = CARTESIAN_POINT('',(10.653218498905,-1.068540135851));
#171 = CARTESIAN_POINT('',(10.601987453915,-1.291499936405));
#172 = CARTESIAN_POINT('',(9.424777960769,-1.47937461252));
#173 = CARTESIAN_POINT('',(8.247568467624,-1.291499936405));
#174 = CARTESIAN_POINT('',(8.196337422634,-1.068540135851));
#175 = CARTESIAN_POINT('',(8.083395360988,-0.835260946089));
#176 = CARTESIAN_POINT('',(8.058198084402,-0.599417517238));
#177 = CARTESIAN_POINT('',(8.040573938602,-0.362311334471));
#178 = CARTESIAN_POINT('',(8.038984748277,-0.124860686976));
#179 = CARTESIAN_POINT('',(8.04702429954,0.112457754732));
#180 = CARTESIAN_POINT('',(8.066410689861,0.349171938552));
#181 = CARTESIAN_POINT('',(8.102153312292,0.584428338197));
#182 = CARTESIAN_POINT('',(8.161276534721,0.817308594612));
#183 = CARTESIAN_POINT('',(8.244362783564,0.967499690061));
#184 = CARTESIAN_POINT('',(8.302173040029,1.040664776812));
#185 = ( GEOMETRIC_REPRESENTATION_CONTEXT(2) 
PARAMETRIC_REPRESENTATION_CONTEXT() REPRESENTATION_CONTEXT('2D SPACE',''
  ) );
#186 = PCURVE('',#187,#192);
#187 = TOROIDAL_SURFACE('',#188,5.843468843372,0.3);
#188 = AXIS2_PLACEMENT_3D('',#189,#190,#191);
#189 = CARTESIAN_POINT('',(11.489748144068,1.120174969181,
    -1.275618293669E-15));
#190 = DIRECTION('',(-3.546155307953E-02,-0.999371041332,
    3.937023271786E-18));
#191 = DIRECTION('',(0.999371041332,-3.546155307953E-02,
    -1.109524740231E-16));
#192 = DEFINITIONAL_REPRESENTATION('',(#193),#197);
#193 = LINE('',#194,#195);
#194 = CARTESIAN_POINT('',(2.6645352591E-15,6.093669711299));
#195 = VECTOR('',#196,1.);
#196 = DIRECTION('',(1.,0.));
#197 = ( GEOMETRIC_REPRESENTATION_CONTEXT(2) 
PARAMETRIC_REPRESENTATION_CONTEXT() REPRESENTATION_CONTEXT('2D SPACE',''
  ) );
#198 = ORIENTED_EDGE('',*,*,#199,.F.);
#199 = EDGE_CURVE('',#200,#149,#202,.T.);
#200 = VERTEX_POINT('',#201);
#201 = CARTESIAN_POINT('',(6.057871499082,-1.369469502889,2.848157915258
    ));
#202 = SURFACE_CURVE('',#203,(#208,#215),.PCURVE_S1.);
#203 = CIRCLE('',#204,3.160292744286);
#204 = AXIS2_PLACEMENT_3D('',#205,#206,#207);
#205 = CARTESIAN_POINT('',(6.057871499082,0.,-6.725588418502E-16));
#206 = DIRECTION('',(-1.,0.,1.110223024625E-16));
#207 = DIRECTION('',(1.110223024625E-16,0.,1.));
#208 = PCURVE('',#33,#209);
#209 = DEFINITIONAL_REPRESENTATION('',(#210),#214);
#210 = LINE('',#211,#212);
#211 = CARTESIAN_POINT('',(1.570796326795,1.040664776812));
#212 = VECTOR('',#213,1.);
#213 = DIRECTION('',(1.,-2.477118056319E-16));
#214 = ( GEOMETRIC_REPRESENTATION_CONTEXT(2) 
PARAMETRIC_REPRESENTATION_CONTEXT() REPRESENTATION_CONTEXT('2D SPACE',''
  ) );
#215 = PCURVE('',#216,#262);
#216 = B_SPLINE_SURFACE_WITH_KNOTS('',3,3,(
    (#217,#218,#219,#220,#221,#222,#223,#224,#225)
    ,(#226,#227,#228,#229,#230,#231,#232,#233,#234)
    ,(#235,#236,#237,#238,#239,#240,#241,#242,#243)
    ,(#244,#245,#246,#247,#248,#249,#250,#251,#252)
    ,(#253,#254,#255,#256,#257,#258,#259,#260,#261
  )),.UNSPECIFIED.,.F.,.F.,.F.,(4,1,4),(4,1,1,1,1,1,4),(0.,
    0.395441052704,0.790882105408),(0.,0.786027691979,1.179041537968,
    1.572055383957,1.965069229947,2.358083075936,3.144110767915),
  .UNSPECIFIED.);
#217 = CARTESIAN_POINT('',(2.2,-1.75,-2.442490654175E-16));
#218 = CARTESIAN_POINT('',(2.2,-1.754618491171,0.460367483142));
#219 = CARTESIAN_POINT('',(2.2,-1.463747429299,1.140976745687));
#220 = CARTESIAN_POINT('',(2.2,-0.685520980929,1.659563133903));
#221 = CARTESIAN_POINT('',(2.2,2.260826209643E-03,1.795649222425));
#222 = CARTESIAN_POINT('',(2.2,0.689697772805,1.657831653966));
#223 = CARTESIAN_POINT('',(2.2,1.466615895416,1.137287248805));
#224 = CARTESIAN_POINT('',(2.2,1.755772184973,0.455947698282));
#225 = CARTESIAN_POINT('',(2.2,1.749994451716,-4.406695412012E-03));
#226 = CARTESIAN_POINT('',(3.386327691819,-1.750009612039,
    -3.759578972383E-16));
#227 = CARTESIAN_POINT('',(3.386327691819,-1.754628128578,0.460370011753
    ));
#228 = CARTESIAN_POINT('',(3.386327691819,-1.46375546907,1.140983012609)
  );
#229 = CARTESIAN_POINT('',(3.386327691819,-0.685524746218,1.659572249209
    ));
#230 = CARTESIAN_POINT('',(3.386327691819,2.260838627443E-03,
    1.795659085197));
#231 = CARTESIAN_POINT('',(3.386327691819,0.689701561035,1.657840759762)
  );
#232 = CARTESIAN_POINT('',(3.386327691819,1.466623950941,1.137293495462)
  );
#233 = CARTESIAN_POINT('',(3.386327691819,1.755781828717,0.455950202617)
  );
#234 = CARTESIAN_POINT('',(3.386327691819,1.750004063725,
    -4.4067196162E-03));
#235 = CARTESIAN_POINT('',(4.820705048821,-1.841481101662,
    -5.352057740128E-16));
#236 = CARTESIAN_POINT('',(4.820705048821,-1.846341024068,0.4844331543)
  );
#237 = CARTESIAN_POINT('',(4.820705048821,-1.540264702092,1.200621208354
    ));
#238 = CARTESIAN_POINT('',(4.820705048821,-0.721356532099,1.746316656056
    ));
#239 = CARTESIAN_POINT('',(4.820705048821,2.379010708113E-03,
    1.88951663332));
#240 = CARTESIAN_POINT('',(4.820705048821,0.725751665417,1.744494663152)
  );
#241 = CARTESIAN_POINT('',(4.820705048821,1.543283117032,1.196738843334)
  );
#242 = CARTESIAN_POINT('',(4.820705048821,1.847555027116,0.479782325561)
  );
#243 = CARTESIAN_POINT('',(4.820705048821,1.841475263342,
    -4.637055041144E-03));
#244 = CARTESIAN_POINT('',(5.573515846233,-2.5593070872,
    -6.187845620601E-16));
#245 = CARTESIAN_POINT('',(5.573515846233,-2.566061451307,0.673269578469
    ));
#246 = CARTESIAN_POINT('',(5.573515846233,-2.140673811243,1.668634212324
    ));
#247 = CARTESIAN_POINT('',(5.573515846233,-1.002547831381,2.427046680145
    ));
#248 = CARTESIAN_POINT('',(5.573515846233,3.30637059501E-03,
    2.626067303473));
#249 = CARTESIAN_POINT('',(5.573515846233,1.008656227409,2.424514457931)
  );
#250 = CARTESIAN_POINT('',(5.573515846233,2.144868831621,1.663238466313)
  );
#251 = CARTESIAN_POINT('',(5.573515846233,2.56774868372,0.666805814632)
  );
#252 = CARTESIAN_POINT('',(5.573515846233,2.559298973049,
    -6.444621028053E-03));
#253 = CARTESIAN_POINT('',(6.07807296166,-3.185238653378,
    -6.748016547386E-16));
#254 = CARTESIAN_POINT('',(6.07807296166,-3.193644937149,0.837931601178)
  );
#255 = CARTESIAN_POINT('',(6.07807296166,-2.664219937478,2.076733275981)
  );
#256 = CARTESIAN_POINT('',(6.07807296166,-1.24774167209,3.020631223902)
  );
#257 = CARTESIAN_POINT('',(6.07807296166,4.115012018013E-03,
    3.26832646353));
#258 = CARTESIAN_POINT('',(6.07807296166,1.255344002907,3.017479694289)
  );
#259 = CARTESIAN_POINT('',(6.07807296166,2.669440936992,2.070017888506)
  );
#260 = CARTESIAN_POINT('',(6.07807296166,3.195744817201,0.829886989992)
  );
#261 = CARTESIAN_POINT('',(6.07807296166,3.185228554744,
    -8.020786605716E-03));
#262 = DEFINITIONAL_REPRESENTATION('',(#263),#266);
#263 = B_SPLINE_CURVE_WITH_KNOTS('',1,(#264,#265),.UNSPECIFIED.,.F.,.F.,
  (2,2),(5.834993901125,6.731376713234),.PIECEWISE_BEZIER_KNOTS.);
#264 = CARTESIAN_POINT('',(0.785595997692,1.122608612858));
#265 = CARTESIAN_POINT('',(0.785595754631,2.01898431142));
#266 = ( GEOMETRIC_REPRESENTATION_CONTEXT(2) 
PARAMETRIC_REPRESENTATION_CONTEXT() REPRESENTATION_CONTEXT('2D SPACE',''
  ) );
#267 = ORIENTED_EDGE('',*,*,#268,.T.);
#268 = EDGE_CURVE('',#200,#22,#269,.T.);
#269 = SURFACE_CURVE('',#270,(#275,#304),.PCURVE_S1.);
#270 = CIRCLE('',#271,6.138097524551);
#271 = AXIS2_PLACEMENT_3D('',#272,#273,#274);
#272 = CARTESIAN_POINT('',(11.491752252172,-1.176654379392,
    -1.275840794365E-15));
#273 = DIRECTION('',(-3.546155307953E-02,0.999371041332,
    3.937023271786E-18));
#274 = DIRECTION('',(-0.999371041332,-3.546155307953E-02,
    1.109524740231E-16));
#275 = PCURVE('',#33,#276);
#276 = DEFINITIONAL_REPRESENTATION('',(#277),#303);
#277 = B_SPLINE_CURVE_WITH_KNOTS('',3,(#278,#279,#280,#281,#282,#283,
    #284,#285,#286,#287,#288,#289,#290,#291,#292,#293,#294,#295,#296,
    #297,#298,#299,#300,#301,#302),.UNSPECIFIED.,.F.,.F.,(4,1,1,1,1,1,1,
    1,1,1,1,1,1,1,1,1,1,1,1,1,1,1,4),(0.482520234096,0.724254090414,
    0.965987946731,1.207721803049,1.449455659366,1.691189515684,
    1.932923372002,2.174657228319,2.416391084637,2.658124940955,
    2.899858797272,3.14159265359,3.383326509907,3.625060366225,
    3.866794222543,4.10852807886,4.350261935178,4.591995791496,
    4.833729647813,5.075463504131,5.317197360448,5.558931216766,
    5.800665073084),.QUASI_UNIFORM_KNOTS.);
#278 = CARTESIAN_POINT('',(7.40579022792,1.040664776812));
#279 = CARTESIAN_POINT('',(7.463600484385,0.967499690061));
#280 = CARTESIAN_POINT('',(7.546686733228,0.817308594612));
#281 = CARTESIAN_POINT('',(7.605809955657,0.584428338197));
#282 = CARTESIAN_POINT('',(7.641552578088,0.349171938552));
#283 = CARTESIAN_POINT('',(7.660938968409,0.112457754732));
#284 = CARTESIAN_POINT('',(7.668978519672,-0.124860686976));
#285 = CARTESIAN_POINT('',(7.667389329347,-0.362311334471));
#286 = CARTESIAN_POINT('',(7.649765183547,-0.599417517238));
#287 = CARTESIAN_POINT('',(7.624567906961,-0.835260946089));
#288 = CARTESIAN_POINT('',(7.511625845315,-1.068540135851));
#289 = CARTESIAN_POINT('',(7.460394800325,-1.291499936405));
#290 = CARTESIAN_POINT('',(6.28318530718,-1.47937461252));
#291 = CARTESIAN_POINT('',(5.105975814034,-1.291499936405));
#292 = CARTESIAN_POINT('',(5.054744769044,-1.068540135851));
#293 = CARTESIAN_POINT('',(4.941802707398,-0.835260946089));
#294 = CARTESIAN_POINT('',(4.916605430812,-0.599417517238));
#295 = CARTESIAN_POINT('',(4.898981285013,-0.362311334471));
#296 = CARTESIAN_POINT('',(4.897392094688,-0.124860686976));
#297 = CARTESIAN_POINT('',(4.905431645951,0.112457754732));
#298 = CARTESIAN_POINT('',(4.924818036271,0.349171938552));
#299 = CARTESIAN_POINT('',(4.960560658703,0.584428338197));
#300 = CARTESIAN_POINT('',(5.019683881131,0.817308594612));
#301 = CARTESIAN_POINT('',(5.102770129974,0.967499690061));
#302 = CARTESIAN_POINT('',(5.160580386439,1.040664776812));
#303 = ( GEOMETRIC_REPRESENTATION_CONTEXT(2) 
PARAMETRIC_REPRESENTATION_CONTEXT() REPRESENTATION_CONTEXT('2D SPACE',''
  ) );
#304 = PCURVE('',#67,#305);
#305 = DEFINITIONAL_REPRESENTATION('',(#306),#310);
#306 = LINE('',#307,#308);
#307 = CARTESIAN_POINT('',(3.14159265359,0.18951559588));
#308 = VECTOR('',#309,1.);
#309 = DIRECTION('',(-1.,-1.677055924231E-14));
#310 = ( GEOMETRIC_REPRESENTATION_CONTEXT(2) 
PARAMETRIC_REPRESENTATION_CONTEXT() REPRESENTATION_CONTEXT('2D SPACE',''
  ) );
#311 = ORIENTED_EDGE('',*,*,#312,.F.);
#312 = EDGE_CURVE('',#313,#22,#315,.T.);
#313 = VERTEX_POINT('',#314);
#314 = CARTESIAN_POINT('',(17.654836791869,-0.325002210325,
    -0.675924228952));
#315 = SEAM_CURVE('',#316,(#322,#329),.PCURVE_S1.);
#316 = B_SPLINE_CURVE_WITH_KNOTS('',4,(#317,#318,#319,#320,#321),
  .UNSPECIFIED.,.F.,.F.,(5,5),(-1.490710746761,-1.226309769851),
  .PIECEWISE_BEZIER_KNOTS.);
#317 = CARTESIAN_POINT('',(17.679967897189,-0.216668140217,
    -0.450616152634));
#318 = CARTESIAN_POINT('',(17.646917775075,-0.395117060304,
    -0.821745778482));
#319 = CARTESIAN_POINT('',(17.577572930255,-0.572306129273,
    -1.190255225546));
#320 = CARTESIAN_POINT('',(17.472324465119,-0.746141853907,
    -1.55179054563));
#321 = CARTESIAN_POINT('',(17.332806083059,-0.914646798063,
    -1.902239160546));
#322 = PCURVE('',#33,#323);
#323 = DEFINITIONAL_REPRESENTATION('',(#324),#328);
#324 = LINE('',#325,#326);
#325 = CARTESIAN_POINT('',(11.443765693619,0.));
#326 = VECTOR('',#327,1.);
#327 = DIRECTION('',(0.,1.));
#328 = ( GEOMETRIC_REPRESENTATION_CONTEXT(2) 
PARAMETRIC_REPRESENTATION_CONTEXT() REPRESENTATION_CONTEXT('2D SPACE',''
  ) );
#329 = PCURVE('',#33,#330);
#330 = DEFINITIONAL_REPRESENTATION('',(#331),#335);
#331 = LINE('',#332,#333);
#332 = CARTESIAN_POINT('',(5.160580386439,0.));
#333 = VECTOR('',#334,1.);
#334 = DIRECTION('',(0.,1.));
#335 = ( GEOMETRIC_REPRESENTATION_CONTEXT(2) 
PARAMETRIC_REPRESENTATION_CONTEXT() REPRESENTATION_CONTEXT('2D SPACE',''
  ) );
#336 = ORIENTED_EDGE('',*,*,#337,.T.);
#337 = EDGE_CURVE('',#313,#338,#340,.T.);
#338 = VERTEX_POINT('',#339);
#339 = CARTESIAN_POINT('',(17.654836822995,-1.836970198721E-16,0.75));
#340 = SURFACE_CURVE('',#341,(#346,#353),.PCURVE_S1.);
#341 = CIRCLE('',#342,0.75);
#342 = AXIS2_PLACEMENT_3D('',#343,#344,#345);
#343 = CARTESIAN_POINT('',(17.654836822995,-2.852521214344E-15,
    -1.960080633689E-15));
#344 = DIRECTION('',(-1.,0.,1.110223024625E-16));
#345 = DIRECTION('',(0.,-1.,0.));
#346 = PCURVE('',#33,#347);
#347 = DEFINITIONAL_REPRESENTATION('',(#348),#352);
#348 = LINE('',#349,#350);
#349 = CARTESIAN_POINT('',(0.,-1.4505064444));
#350 = VECTOR('',#351,1.);
#351 = DIRECTION('',(1.,0.));
#352 = ( GEOMETRIC_REPRESENTATION_CONTEXT(2) 
PARAMETRIC_REPRESENTATION_CONTEXT() REPRESENTATION_CONTEXT('2D SPACE',''
  ) );
#353 = PCURVE('',#354,#359);
#354 = CYLINDRICAL_SURFACE('',#355,0.75);
#355 = AXIS2_PLACEMENT_3D('',#356,#357,#358);
#356 = CARTESIAN_POINT('',(17.9,0.,-3.552713678801E-15));
#357 = DIRECTION('',(-1.,0.,1.110223024625E-16));
#358 = DIRECTION('',(1.110223024625E-16,0.,1.));
#359 = DEFINITIONAL_REPRESENTATION('',(#360),#364);
#360 = LINE('',#361,#362);
#361 = CARTESIAN_POINT('',(-1.570796326795,0.245163177005));
#362 = VECTOR('',#363,1.);
#363 = DIRECTION('',(1.,0.));
#364 = ( GEOMETRIC_REPRESENTATION_CONTEXT(2) 
PARAMETRIC_REPRESENTATION_CONTEXT() REPRESENTATION_CONTEXT('2D SPACE',''
  ) );
#365 = ORIENTED_EDGE('',*,*,#366,.T.);
#366 = EDGE_CURVE('',#338,#313,#367,.T.);
#367 = SURFACE_CURVE('',#368,(#373,#380),.PCURVE_S1.);
#368 = CIRCLE('',#369,0.75);
#369 = AXIS2_PLACEMENT_3D('',#370,#371,#372);
#370 = CARTESIAN_POINT('',(17.654836822995,-2.852521214344E-15,
    -1.960080633689E-15));
#371 = DIRECTION('',(-1.,0.,1.110223024625E-16));
#372 = DIRECTION('',(0.,-1.,0.));
#373 = PCURVE('',#33,#374);
#374 = DEFINITIONAL_REPRESENTATION('',(#375),#379);
#375 = LINE('',#376,#377);
#376 = CARTESIAN_POINT('',(6.28318530718,-1.4505064444));
#377 = VECTOR('',#378,1.);
#378 = DIRECTION('',(1.,0.));
#379 = ( GEOMETRIC_REPRESENTATION_CONTEXT(2) 
PARAMETRIC_REPRESENTATION_CONTEXT() REPRESENTATION_CONTEXT('2D SPACE',''
  ) );
#380 = PCURVE('',#354,#381);
#381 = DEFINITIONAL_REPRESENTATION('',(#382),#386);
#382 = LINE('',#383,#384);
#383 = CARTESIAN_POINT('',(-1.570796326795,0.245163177005));
#384 = VECTOR('',#385,1.);
#385 = DIRECTION('',(1.,0.));
#386 = ( GEOMETRIC_REPRESENTATION_CONTEXT(2) 
PARAMETRIC_REPRESENTATION_CONTEXT() REPRESENTATION_CONTEXT('2D SPACE',''
  ) );
#387 = ORIENTED_EDGE('',*,*,#312,.T.);
#388 = ADVANCED_FACE('',(#389),#67,.T.);
#389 = FACE_BOUND('',#390,.T.);
#390 = EDGE_LOOP('',(#391,#441,#442,#443,#516));
#391 = ORIENTED_EDGE('',*,*,#392,.F.);
#392 = EDGE_CURVE('',#24,#393,#395,.T.);
#393 = VERTEX_POINT('',#394);
#394 = CARTESIAN_POINT('',(6.327318056959,-1.603235423542,
    -2.711442221702));
#395 = SURFACE_CURVE('',#396,(#401,#407),.PCURVE_S1.);
#396 = B_SPLINE_CURVE_WITH_KNOTS('',3,(#397,#398,#399,#400),
  .UNSPECIFIED.,.F.,.F.,(4,4),(0.,1.),.PIECEWISE_BEZIER_KNOTS.);
#397 = CARTESIAN_POINT('',(6.058213424852,-1.369381548858,
    -2.847951960974));
#398 = CARTESIAN_POINT('',(6.081274225421,-1.482340015063,
    -2.837997953863));
#399 = CARTESIAN_POINT('',(6.185402836262,-1.608356630377,
    -2.785830165974));
#400 = CARTESIAN_POINT('',(6.32730424308,-1.602924550826,-2.711438534067
    ));
#401 = PCURVE('',#67,#402);
#402 = DEFINITIONAL_REPRESENTATION('',(#403),#406);
#403 = B_SPLINE_CURVE_WITH_KNOTS('',1,(#404,#405),.UNSPECIFIED.,.F.,.F.,
  (2,2),(0.,0.999999963649),.PIECEWISE_BEZIER_KNOTS.);
#404 = CARTESIAN_POINT('',(-2.659076074713,0.189519366417));
#405 = CARTESIAN_POINT('',(-2.659074064653,1.570791124225));
#406 = ( GEOMETRIC_REPRESENTATION_CONTEXT(2) 
PARAMETRIC_REPRESENTATION_CONTEXT() REPRESENTATION_CONTEXT('2D SPACE',''
  ) );
#407 = PCURVE('',#408,#413);
#408 = CYLINDRICAL_SURFACE('',#409,0.29849487751);
#409 = AXIS2_PLACEMENT_3D('',#410,#411,#412);
#410 = CARTESIAN_POINT('',(6.2963637929,-1.305913036661,-2.678040571971)
  );
#411 = DIRECTION('',(0.509311300958,3.363715489249E-02,-0.859924729571)
  );
#412 = DIRECTION('',(-0.860411627227,-1.561251128379E-17,-0.509599677917
    ));
#413 = DEFINITIONAL_REPRESENTATION('',(#414),#440);
#414 = B_SPLINE_CURVE_WITH_KNOTS('',3,(#415,#416,#417,#418,#419,#420,
    #421,#422,#423,#424,#425,#426,#427,#428,#429,#430,#431,#432,#433,
    #434,#435,#436,#437,#438,#439),.UNSPECIFIED.,.F.,.F.,(4,1,1,1,1,1,1,
    1,1,1,1,1,1,1,1,1,1,1,1,1,1,1,4),(0.,4.545454380224E-02,
    9.090908760449E-02,0.136363631407,0.181818175209,0.227272719011,
    0.272727262813,0.318181806616,0.363636350418,0.40909089422,
    0.454545438022,0.499999981825,0.545454525627,0.590909069429,
    0.636363613231,0.681818157034,0.727272700836,0.772727244638,
    0.81818178844,0.863636332243,0.909090876045,0.954545419847,
    0.999999963649),.QUASI_UNIFORM_KNOTS.);
#415 = CARTESIAN_POINT('',(6.066179628948,2.268343128948E-02));
#416 = CARTESIAN_POINT('',(6.048560270611,2.265551438329E-02));
#417 = CARTESIAN_POINT('',(6.012864231973,2.261847742456E-02));
#418 = CARTESIAN_POINT('',(5.95799507042,2.26193125474E-02));
#419 = CARTESIAN_POINT('',(5.901839957226,2.267653823116E-02));
#420 = CARTESIAN_POINT('',(5.84446503057,2.279015447584E-02));
#421 = CARTESIAN_POINT('',(5.785950969702,2.296016128145E-02));
#422 = CARTESIAN_POINT('',(5.726392117399,2.318655864798E-02));
#423 = CARTESIAN_POINT('',(5.665891438571,2.346934657544E-02));
#424 = CARTESIAN_POINT('',(5.604555639327,2.380852506383E-02));
#425 = CARTESIAN_POINT('',(5.542489498921,2.420409411314E-02));
#426 = CARTESIAN_POINT('',(5.479789960234,2.465605372337E-02));
#427 = CARTESIAN_POINT('',(5.416540171491,2.516440389453E-02));
#428 = CARTESIAN_POINT('',(5.352803773555,2.572914462662E-02));
#429 = CARTESIAN_POINT('',(5.288619667935,2.635027591963E-02));
#430 = CARTESIAN_POINT('',(5.223997452903,2.702779777356E-02));
#431 = CARTESIAN_POINT('',(5.158913651259,2.776171018842E-02));
#432 = CARTESIAN_POINT('',(5.093308783559,2.855201316421E-02));
#433 = CARTESIAN_POINT('',(5.027085336231,2.939870670092E-02));
#434 = CARTESIAN_POINT('',(4.960106524043,3.030179079855E-02));
#435 = CARTESIAN_POINT('',(4.892196296184,3.126126545712E-02));
#436 = CARTESIAN_POINT('',(4.823139172369,3.22771306766E-02));
#437 = CARTESIAN_POINT('',(4.752685866846,3.334938645701E-02));
#438 = CARTESIAN_POINT('',(4.704591166421,3.410181735124E-02));
#439 = CARTESIAN_POINT('',(4.680215658962,3.448743122517E-02));
#440 = ( GEOMETRIC_REPRESENTATION_CONTEXT(2) 
PARAMETRIC_REPRESENTATION_CONTEXT() REPRESENTATION_CONTEXT('2D SPACE',''
  ) );
#441 = ORIENTED_EDGE('',*,*,#21,.F.);
#442 = ORIENTED_EDGE('',*,*,#268,.F.);
#443 = ORIENTED_EDGE('',*,*,#444,.F.);
#444 = EDGE_CURVE('',#445,#200,#447,.T.);
#445 = VERTEX_POINT('',#446);
#446 = CARTESIAN_POINT('',(6.327333847715,-1.603617453571,2.711445204423
    ));
#447 = SURFACE_CURVE('',#448,(#453,#482),.PCURVE_S1.);
#448 = B_SPLINE_CURVE_WITH_KNOTS('',3,(#449,#450,#451,#452),
  .UNSPECIFIED.,.F.,.F.,(4,4),(0.,1.),.PIECEWISE_BEZIER_KNOTS.);
#449 = CARTESIAN_POINT('',(6.327335824534,-1.603688626677,2.711444498482
    ));
#450 = CARTESIAN_POINT('',(6.152857775008,-1.60939343946,2.80289649051)
  );
#451 = CARTESIAN_POINT('',(6.074047714805,-1.446524264632,2.841093878785
    ));
#452 = CARTESIAN_POINT('',(6.058303600702,-1.369356946657,2.847880516427
    ));
#453 = PCURVE('',#67,#454);
#454 = DEFINITIONAL_REPRESENTATION('',(#455),#481);
#455 = B_SPLINE_CURVE_WITH_KNOTS('',3,(#456,#457,#458,#459,#460,#461,
    #462,#463,#464,#465,#466,#467,#468,#469,#470,#471,#472,#473,#474,
    #475,#476,#477,#478,#479,#480),.UNSPECIFIED.,.F.,.F.,(4,1,1,1,1,1,1,
    1,1,1,1,1,1,1,1,1,1,1,1,1,1,1,4),(2.954704741154E-08,
    4.545457365855E-02,9.090911777004E-02,0.136363661882,0.181818205993,
    0.227272750105,0.272727294216,0.318181838328,0.363636382439,
    0.409090926551,0.454545470662,0.500000014774,0.545454558885,
    0.590909102997,0.636363647108,0.68181819122,0.727272735331,
    0.772727279443,0.818181823554,0.863636367666,0.909090911777,
    0.954545455889,1.),.QUASI_UNIFORM_KNOTS.);
#456 = CARTESIAN_POINT('',(2.659072805837,1.57079509829));
#457 = CARTESIAN_POINT('',(2.659072745318,1.54094794215));
#458 = CARTESIAN_POINT('',(2.659072651201,1.482826963772));
#459 = CARTESIAN_POINT('',(2.65907258528,1.39982668378));
#460 = CARTESIAN_POINT('',(2.65907258903,1.320465561223));
#461 = CARTESIAN_POINT('',(2.659072657128,1.244212821992));
#462 = CARTESIAN_POINT('',(2.659072784399,1.170585394669));
#463 = CARTESIAN_POINT('',(2.659072965824,1.099162972488));
#464 = CARTESIAN_POINT('',(2.659073196518,1.02959826102));
#465 = CARTESIAN_POINT('',(2.659073471713,0.961621600299));
#466 = CARTESIAN_POINT('',(2.659073786749,0.895042539762));
#467 = CARTESIAN_POINT('',(2.659074137059,0.829749030733));
#468 = CARTESIAN_POINT('',(2.659074518156,0.765704716651));
#469 = CARTESIAN_POINT('',(2.659074925624,0.702944443326));
#470 = CARTESIAN_POINT('',(2.659075355107,0.641568050038));
#471 = CARTESIAN_POINT('',(2.659075802298,0.581732561896));
#472 = CARTESIAN_POINT('',(2.659076262932,0.523643070678));
#473 = CARTESIAN_POINT('',(2.659076732777,0.467542800917));
#474 = CARTESIAN_POINT('',(2.659077207625,0.413703041196));
#475 = CARTESIAN_POINT('',(2.659077683285,0.362413765552));
#476 = CARTESIAN_POINT('',(2.659078155579,0.313975690324));
#477 = CARTESIAN_POINT('',(2.659078620329,0.268694779104));
#478 = CARTESIAN_POINT('',(2.659079073359,0.22687869906));
#479 = CARTESIAN_POINT('',(2.659079364772,0.201519233915));
#480 = CARTESIAN_POINT('',(2.659079507129,0.189520781494));
#481 = ( GEOMETRIC_REPRESENTATION_CONTEXT(2) 
PARAMETRIC_REPRESENTATION_CONTEXT() REPRESENTATION_CONTEXT('2D SPACE',''
  ) );
#482 = PCURVE('',#483,#488);
#483 = CYLINDRICAL_SURFACE('',#484,0.298454092231);
#484 = AXIS2_PLACEMENT_3D('',#485,#486,#487);
#485 = CARTESIAN_POINT('',(6.311707396331,-1.305405451374,2.702982408255
    ));
#486 = DIRECTION('',(-0.539652408427,-3.131157972476E-03,-0.841882102155
    ));
#487 = DIRECTION('',(-0.841886229154,-1.51788304148E-18,0.539655053863)
  );
#488 = DEFINITIONAL_REPRESENTATION('',(#489),#515);
#489 = B_SPLINE_CURVE_WITH_KNOTS('',3,(#490,#491,#492,#493,#494,#495,
    #496,#497,#498,#499,#500,#501,#502,#503,#504,#505,#506,#507,#508,
    #509,#510,#511,#512,#513,#514),.UNSPECIFIED.,.F.,.F.,(4,1,1,1,1,1,1,
    1,1,1,1,1,1,1,1,1,1,1,1,1,1,1,4),(2.954704741154E-08,
    4.545457365855E-02,9.090911777004E-02,0.136363661882,0.181818205993,
    0.227272750105,0.272727294216,0.318181838328,0.363636382439,
    0.409090926551,0.454545470662,0.500000014774,0.545454558885,
    0.590909102997,0.636363647108,0.68181819122,0.727272735331,
    0.772727279443,0.818181823554,0.863636367666,0.909090911777,
    0.954545455889,1.),.QUASI_UNIFORM_KNOTS.);
#490 = CARTESIAN_POINT('',(4.683600907871,-1.462402796277E-02));
#491 = CARTESIAN_POINT('',(4.713502563097,-1.384295677733E-02));
#492 = CARTESIAN_POINT('',(4.771719298426,-1.231106727605E-02));
#493 = CARTESIAN_POINT('',(4.854833182456,-1.010399163293E-02));
#494 = CARTESIAN_POINT('',(4.934288166965,-7.987674598626E-03));
#495 = CARTESIAN_POINT('',(5.010623225772,-5.96211617313E-03));
#496 = CARTESIAN_POINT('',(5.084328164756,-4.027316356443E-03));
#497 = CARTESIAN_POINT('',(5.155828503118,-2.183275148561E-03));
#498 = CARTESIAN_POINT('',(5.225475427228,-4.299925494943E-04));
#499 = CARTESIAN_POINT('',(5.293541307855,1.232531440767E-03));
#500 = CARTESIAN_POINT('',(5.360218260619,2.804296822219E-03));
#501 = CARTESIAN_POINT('',(5.42561906625,4.285303594863E-03));
#502 = CARTESIAN_POINT('',(5.489779985264,5.675551758693E-03));
#503 = CARTESIAN_POINT('',(5.552665355415,6.975041313722E-03));
#504 = CARTESIAN_POINT('',(5.614173921902,8.183772259934E-03));
#505 = CARTESIAN_POINT('',(5.674146785727,9.301744597343E-03));
#506 = CARTESIAN_POINT('',(5.732376682525,1.032895832594E-02));
#507 = CARTESIAN_POINT('',(5.788618088203,1.126541344573E-02));
#508 = CARTESIAN_POINT('',(5.842597458697,1.211110995671E-02));
#509 = CARTESIAN_POINT('',(5.894022765621,1.286604785888E-02));
#510 = CARTESIAN_POINT('',(5.942591562135,1.353022715224E-02));
#511 = CARTESIAN_POINT('',(5.987996577897,1.410364783679E-02));
#512 = CARTESIAN_POINT('',(6.029929250855,1.458630991254E-02));
#513 = CARTESIAN_POINT('',(6.055361239915,1.484757889049E-02));
#514 = CARTESIAN_POINT('',(6.067394575338,1.496308694467E-02));
#515 = ( GEOMETRIC_REPRESENTATION_CONTEXT(2) 
PARAMETRIC_REPRESENTATION_CONTEXT() REPRESENTATION_CONTEXT('2D SPACE',''
  ) );
#516 = ORIENTED_EDGE('',*,*,#517,.F.);
#517 = EDGE_CURVE('',#393,#445,#518,.T.);
#518 = SURFACE_CURVE('',#519,(#524,#531),.PCURVE_S1.);
#519 = CIRCLE('',#520,5.843468843372);
#520 = AXIS2_PLACEMENT_3D('',#521,#522,#523);
#521 = CARTESIAN_POINT('',(11.500386609992,-1.419986281581,
    -1.27679940065E-15));
#522 = DIRECTION('',(3.546155307953E-02,-0.999371041332,
    -3.937023271786E-18));
#523 = DIRECTION('',(0.999371041332,3.546155307953E-02,
    -1.109524740231E-16));
#524 = PCURVE('',#67,#525);
#525 = DEFINITIONAL_REPRESENTATION('',(#526),#530);
#526 = LINE('',#527,#528);
#527 = CARTESIAN_POINT('',(-6.28318530718,1.570796326795));
#528 = VECTOR('',#529,1.);
#529 = DIRECTION('',(1.,6.262838800229E-16));
#530 = ( GEOMETRIC_REPRESENTATION_CONTEXT(2) 
PARAMETRIC_REPRESENTATION_CONTEXT() REPRESENTATION_CONTEXT('2D SPACE',''
  ) );
#531 = PCURVE('',#532,#537);
#532 = PLANE('',#533);
#533 = AXIS2_PLACEMENT_3D('',#534,#535,#536);
#534 = CARTESIAN_POINT('',(9.95,-1.475,-6.75));
#535 = DIRECTION('',(3.546155307953E-02,-0.999371041332,
    -3.937023271786E-18));
#536 = DIRECTION('',(0.999371041332,3.546155307953E-02,
    -1.109524740231E-16));
#537 = DEFINITIONAL_REPRESENTATION('',(#538),#542);
#538 = CIRCLE('',#539,5.843468843372);
#539 = AXIS2_PLACEMENT_2D('',#540,#541);
#540 = CARTESIAN_POINT('',(1.55136235279,6.75));
#541 = DIRECTION('',(1.,0.));
#542 = ( GEOMETRIC_REPRESENTATION_CONTEXT(2) 
PARAMETRIC_REPRESENTATION_CONTEXT() REPRESENTATION_CONTEXT('2D SPACE',''
  ) );
#543 = ADVANCED_FACE('',(#544),#354,.T.);
#544 = FACE_BOUND('',#545,.T.);
#545 = EDGE_LOOP('',(#546,#547,#570,#599,#621,#622));
#546 = ORIENTED_EDGE('',*,*,#366,.F.);
#547 = ORIENTED_EDGE('',*,*,#548,.F.);
#548 = EDGE_CURVE('',#549,#338,#551,.T.);
#549 = VERTEX_POINT('',#550);
#550 = CARTESIAN_POINT('',(17.82598916708,-1.80315372539E-14,0.75));
#551 = SEAM_CURVE('',#552,(#556,#563),.PCURVE_S1.);
#552 = LINE('',#553,#554);
#553 = CARTESIAN_POINT('',(17.9,-1.836970198721E-16,0.75));
#554 = VECTOR('',#555,1.);
#555 = DIRECTION('',(-1.,0.,1.110223024625E-16));
#556 = PCURVE('',#354,#557);
#557 = DEFINITIONAL_REPRESENTATION('',(#558),#562);
#558 = LINE('',#559,#560);
#559 = CARTESIAN_POINT('',(6.28318530718,-0.));
#560 = VECTOR('',#561,1.);
#561 = DIRECTION('',(0.,1.));
#562 = ( GEOMETRIC_REPRESENTATION_CONTEXT(2) 
PARAMETRIC_REPRESENTATION_CONTEXT() REPRESENTATION_CONTEXT('2D SPACE',''
  ) );
#563 = PCURVE('',#354,#564);
#564 = DEFINITIONAL_REPRESENTATION('',(#565),#569);
#565 = LINE('',#566,#567);
#566 = CARTESIAN_POINT('',(0.,-0.));
#567 = VECTOR('',#568,1.);
#568 = DIRECTION('',(0.,1.));
#569 = ( GEOMETRIC_REPRESENTATION_CONTEXT(2) 
PARAMETRIC_REPRESENTATION_CONTEXT() REPRESENTATION_CONTEXT('2D SPACE',''
  ) );
#570 = ORIENTED_EDGE('',*,*,#571,.F.);
#571 = EDGE_CURVE('',#572,#549,#574,.T.);
#572 = VERTEX_POINT('',#573);
#573 = CARTESIAN_POINT('',(17.82598916708,0.,-0.75));
#574 = SURFACE_CURVE('',#575,(#580,#587),.PCURVE_S1.);
#575 = CIRCLE('',#576,0.75);
#576 = AXIS2_PLACEMENT_3D('',#577,#578,#579);
#577 = CARTESIAN_POINT('',(17.82598916708,0.,-1.979082361001E-15));
#578 = DIRECTION('',(1.,0.,-1.110223024625E-16));
#579 = DIRECTION('',(-1.110223024625E-16,0.,-1.));
#580 = PCURVE('',#354,#581);
#581 = DEFINITIONAL_REPRESENTATION('',(#582),#586);
#582 = LINE('',#583,#584);
#583 = CARTESIAN_POINT('',(3.14159265359,7.40108329198E-02));
#584 = VECTOR('',#585,1.);
#585 = DIRECTION('',(-1.,0.));
#586 = ( GEOMETRIC_REPRESENTATION_CONTEXT(2) 
PARAMETRIC_REPRESENTATION_CONTEXT() REPRESENTATION_CONTEXT('2D SPACE',''
  ) );
#587 = PCURVE('',#588,#593);
#588 = TOROIDAL_SURFACE('',#589,0.75,0.3);
#589 = AXIS2_PLACEMENT_3D('',#590,#591,#592);
#590 = CARTESIAN_POINT('',(18.12598916708,0.,-2.01238905174E-15));
#591 = DIRECTION('',(1.,0.,-1.110223024625E-16));
#592 = DIRECTION('',(-1.110223024625E-16,0.,-1.));
#593 = DEFINITIONAL_REPRESENTATION('',(#594),#598);
#594 = LINE('',#595,#596);
#595 = CARTESIAN_POINT('',(0.,4.712388980385));
#596 = VECTOR('',#597,1.);
#597 = DIRECTION('',(1.,0.));
#598 = ( GEOMETRIC_REPRESENTATION_CONTEXT(2) 
PARAMETRIC_REPRESENTATION_CONTEXT() REPRESENTATION_CONTEXT('2D SPACE',''
  ) );
#599 = ORIENTED_EDGE('',*,*,#600,.F.);
#600 = EDGE_CURVE('',#549,#572,#601,.T.);
#601 = SURFACE_CURVE('',#602,(#607,#614),.PCURVE_S1.);
#602 = CIRCLE('',#603,0.75);
#603 = AXIS2_PLACEMENT_3D('',#604,#605,#606);
#604 = CARTESIAN_POINT('',(17.82598916708,0.,-1.979082361001E-15));
#605 = DIRECTION('',(1.,0.,-1.110223024625E-16));
#606 = DIRECTION('',(-1.110223024625E-16,0.,-1.));
#607 = PCURVE('',#354,#608);
#608 = DEFINITIONAL_REPRESENTATION('',(#609),#613);
#609 = LINE('',#610,#611);
#610 = CARTESIAN_POINT('',(9.424777960769,7.40108329198E-02));
#611 = VECTOR('',#612,1.);
#612 = DIRECTION('',(-1.,0.));
#613 = ( GEOMETRIC_REPRESENTATION_CONTEXT(2) 
PARAMETRIC_REPRESENTATION_CONTEXT() REPRESENTATION_CONTEXT('2D SPACE',''
  ) );
#614 = PCURVE('',#588,#615);
#615 = DEFINITIONAL_REPRESENTATION('',(#616),#620);
#616 = LINE('',#617,#618);
#617 = CARTESIAN_POINT('',(0.,4.712388980385));
#618 = VECTOR('',#619,1.);
#619 = DIRECTION('',(1.,0.));
#620 = ( GEOMETRIC_REPRESENTATION_CONTEXT(2) 
PARAMETRIC_REPRESENTATION_CONTEXT() REPRESENTATION_CONTEXT('2D SPACE',''
  ) );
#621 = ORIENTED_EDGE('',*,*,#548,.T.);
#622 = ORIENTED_EDGE('',*,*,#337,.F.);
#623 = ADVANCED_FACE('',(#624),#216,.T.);
#624 = FACE_BOUND('',#625,.T.);
#625 = EDGE_LOOP('',(#626,#627,#649,#747,#868,#896,#1093));
#626 = ORIENTED_EDGE('',*,*,#199,.T.);
#627 = ORIENTED_EDGE('',*,*,#628,.T.);
#628 = EDGE_CURVE('',#149,#629,#631,.T.);
#629 = VERTEX_POINT('',#630);
#630 = CARTESIAN_POINT('',(6.0601347623,1.387376305525,2.842588579871));
#631 = SURFACE_CURVE('',#632,(#637,#643),.PCURVE_S1.);
#632 = B_SPLINE_CURVE_WITH_KNOTS('',3,(#633,#634,#635,#636),
  .UNSPECIFIED.,.F.,.F.,(4,4),(9.697399036122E-19,1.888897661817E-05),
  .PIECEWISE_BEZIER_KNOTS.);
#633 = CARTESIAN_POINT('',(6.057871499082,1.369469502889,2.848157915258)
  );
#634 = CARTESIAN_POINT('',(6.057871499082,1.375247154555,2.845379867836)
  );
#635 = CARTESIAN_POINT('',(6.058551475081,1.381196226155,2.84342930651)
  );
#636 = CARTESIAN_POINT('',(6.0601347623,1.387376305525,2.842588579871));
#637 = PCURVE('',#216,#638);
#638 = DEFINITIONAL_REPRESENTATION('',(#639),#642);
#639 = B_SPLINE_CURVE_WITH_KNOTS('',1,(#640,#641),.UNSPECIFIED.,.F.,.F.,
  (2,2),(9.697399036122E-19,1.888897661817E-05),
  .PIECEWISE_BEZIER_KNOTS.);
#640 = CARTESIAN_POINT('',(0.785595754631,2.01898431142));
#641 = CARTESIAN_POINT('',(0.786191309043,2.024848722165));
#642 = ( GEOMETRIC_REPRESENTATION_CONTEXT(2) 
PARAMETRIC_REPRESENTATION_CONTEXT() REPRESENTATION_CONTEXT('2D SPACE',''
  ) );
#643 = PCURVE('',#187,#644);
#644 = DEFINITIONAL_REPRESENTATION('',(#645),#648);
#645 = B_SPLINE_CURVE_WITH_KNOTS('',1,(#646,#647),.UNSPECIFIED.,.F.,.F.,
  (2,2),(9.697399036122E-19,1.888897661817E-05),
  .PIECEWISE_BEZIER_KNOTS.);
#646 = CARTESIAN_POINT('',(8.942257726673,6.093669711299));
#647 = CARTESIAN_POINT('',(8.94293893821,6.032257810919));
#648 = ( GEOMETRIC_REPRESENTATION_CONTEXT(2) 
PARAMETRIC_REPRESENTATION_CONTEXT() REPRESENTATION_CONTEXT('2D SPACE',''
  ) );
#649 = ORIENTED_EDGE('',*,*,#650,.T.);
#650 = EDGE_CURVE('',#629,#651,#653,.T.);
#651 = VERTEX_POINT('',#652);
#652 = CARTESIAN_POINT('',(6.057871499082,1.387539603882,2.839398541461)
  );
#653 = SURFACE_CURVE('',#654,(#659,#665),.PCURVE_S1.);
#654 = B_SPLINE_CURVE_WITH_KNOTS('',3,(#655,#656,#657,#658),
  .UNSPECIFIED.,.F.,.F.,(4,4),(4.342226316901E-18,3.914763314438E-06),
  .PIECEWISE_BEZIER_KNOTS.);
#655 = CARTESIAN_POINT('',(6.0601347623,1.387376305525,2.842588579871));
#656 = CARTESIAN_POINT('',(6.059380268543,1.387430717558,2.84152528424)
  );
#657 = CARTESIAN_POINT('',(6.058625848498,1.387485150309,2.840461937368)
  );
#658 = CARTESIAN_POINT('',(6.057871499082,1.387539603882,2.839398541461)
  );
#659 = PCURVE('',#216,#660);
#660 = DEFINITIONAL_REPRESENTATION('',(#661),#664);
#661 = B_SPLINE_CURVE_WITH_KNOTS('',1,(#662,#663),.UNSPECIFIED.,.F.,.F.,
  (2,2),(4.342226316901E-18,3.914763314438E-06),
  .PIECEWISE_BEZIER_KNOTS.);
#662 = CARTESIAN_POINT('',(0.786191309043,2.024848722165));
#663 = CARTESIAN_POINT('',(0.785596381296,2.025337844864));
#664 = ( GEOMETRIC_REPRESENTATION_CONTEXT(2) 
PARAMETRIC_REPRESENTATION_CONTEXT() REPRESENTATION_CONTEXT('2D SPACE',''
  ) );
#665 = PCURVE('',#666,#742);
#666 = ( BOUNDED_SURFACE() B_SPLINE_SURFACE(3,2,(
    (#667,#668,#669)
    ,(#670,#671,#672)
    ,(#673,#674,#675)
    ,(#676,#677,#678)
    ,(#679,#680,#681)
    ,(#682,#683,#684)
    ,(#685,#686,#687)
    ,(#688,#689,#690)
    ,(#691,#692,#693)
    ,(#694,#695,#696)
    ,(#697,#698,#699)
    ,(#700,#701,#702)
    ,(#703,#704,#705)
    ,(#706,#707,#708)
    ,(#709,#710,#711)
    ,(#712,#713,#714)
    ,(#715,#716,#717)
    ,(#718,#719,#720)
    ,(#721,#722,#723)
    ,(#724,#725,#726)
    ,(#727,#728,#729)
    ,(#730,#731,#732)
    ,(#733,#734,#735)
    ,(#736,#737,#738)
    ,(#739,#740,#741
)),.UNSPECIFIED.,.F.,.F.,.F.) B_SPLINE_SURFACE_WITH_KNOTS((4,1,1,1,1,1,1
    ,1,1,1,1,1,1,1,1,1,1,1,1,1,1,1,4),(3,3),(-5.217203224642E-03,
    -3.923228632843E-03,-3.276241336943E-03,-2.629254041044E-03,
    -1.982266745144E-03,-1.335279449245E-03,-1.011785801295E-03,
    -6.88292153345E-04,-3.647985053953E-04,-2.030516814204E-04,
    -1.221782694329E-04,-4.130485744548E-05,3.956855454196E-05,
    1.204419665294E-04,2.821887905043E-04,6.056824384541E-04,
    9.291760864039E-04,1.252669734354E-03,1.899657030253E-03,
    2.546644326153E-03,3.193631622052E-03,3.840618917952E-03,
    5.134593509751E-03),(0.,1.),.UNSPECIFIED.) 
GEOMETRIC_REPRESENTATION_ITEM() RATIONAL_B_SPLINE_SURFACE((
    (1.,0.788230116695,1.)
    ,(1.,0.797497710357,1.)
    ,(1.,0.829264619,1.)
    ,(1.,0.899225124451,1.)
    ,(1.,0.94652523551,1.)
    ,(1.,0.973932621571,1.)
    ,(1.,0.98577270839,1.)
    ,(1.,0.991960790392,1.)
    ,(1.,0.995406992195,1.)
    ,(1.,0.997585126735,1.)
    ,(1.,0.99885891802,1.)
    ,(1.,0.999480839571,1.)
    ,(1.,0.99994355641,1.)
    ,(1.,0.999694522105,1.)
    ,(1.,0.999074885443,1.)
    ,(1.,0.997857947045,1.)
    ,(1.,0.995724749686,1.)
    ,(1.,0.992373947216,1.)
    ,(1.,0.986347496656,1.)
    ,(1.,0.974896080006,1.)
    ,(1.,0.947898895587,1.)
    ,(1.,0.90168662281,1.)
    ,(1.,0.829667125462,1.)
    ,(1.,0.797584780926,1.)
,(1.,0.788215192245,1.))) REPRESENTATION_ITEM('') SURFACE() );
#667 = CARTESIAN_POINT('',(6.10767349025,1.383981648813,-2.909386952035)
  );
#668 = CARTESIAN_POINT('',(6.16175430344,1.609421621491,-2.876099190568)
  );
#669 = CARTESIAN_POINT('',(6.351452710925,1.602690387677,-2.738894251193
    ));
#670 = CARTESIAN_POINT('',(5.858688252051,1.401588120589,-2.560536026254
    ));
#671 = CARTESIAN_POINT('',(5.919824136939,1.618006240303,-2.528918541648
    ));
#672 = CARTESIAN_POINT('',(6.102467470071,1.611525347836,-2.394215893847
    ));
#673 = CARTESIAN_POINT('',(5.500617580863,1.444264255433,-2.056328584041
    ));
#674 = CARTESIAN_POINT('',(5.58821976931,1.629772846895,-2.028417899726)
  );
#675 = CARTESIAN_POINT('',(5.725394546554,1.6249053548,-1.874250405385)
  );
#676 = CARTESIAN_POINT('',(4.965120840611,1.536401181637,-1.475927974334
    ));
#677 = CARTESIAN_POINT('',(5.037888563655,1.649300728386,-1.412181753542
    ));
#678 = CARTESIAN_POINT('',(5.121348281248,1.646339254536,-1.28869162978)
  );
#679 = CARTESIAN_POINT('',(4.500894196356,1.605582487676,-1.08872398388)
  );
#680 = CARTESIAN_POINT('',(4.551190816296,1.666570648454,-1.019482754808
    ));
#681 = CARTESIAN_POINT('',(4.593953921202,1.665053247957,-0.923176452271
    ));
#682 = CARTESIAN_POINT('',(3.963661204078,1.656462479292,-0.77508067152)
  );
#683 = CARTESIAN_POINT('',(3.991603638389,1.68642696767,-0.716148874472)
  );
#684 = CARTESIAN_POINT('',(4.012976115702,1.685668589443,-0.647663196911
    ));
#685 = CARTESIAN_POINT('',(3.477390091061,1.687699631654,-0.572906622179
    ));
#686 = CARTESIAN_POINT('',(3.493607854659,1.704097785802,-0.526368180085
    ));
#687 = CARTESIAN_POINT('',(3.507624628529,1.703600416407,-0.476383072723
    ));
#688 = CARTESIAN_POINT('',(3.07648034525,1.709281521566,-0.430507202075)
  );
#689 = CARTESIAN_POINT('',(3.087308454293,1.718514861299,-0.394552222913
    ));
#690 = CARTESIAN_POINT('',(3.097281333045,1.718160984956,-0.357190180686
    ));
#691 = CARTESIAN_POINT('',(2.772124412518,1.724194686847,-0.327075722392
    ));
#692 = CARTESIAN_POINT('',(2.780407195719,1.729404905958,-0.299431708395
    ));
#693 = CARTESIAN_POINT('',(2.788027755406,1.729134499002,-0.271120035562
    ));
#694 = CARTESIAN_POINT('',(2.519685097328,1.735759553791,-0.237064433929
    ));
#695 = CARTESIAN_POINT('',(2.526400146623,1.738418059313,-0.216895774372
    ));
#696 = CARTESIAN_POINT('',(2.53279874174,1.73819101239,-0.19644449176));
#697 = CARTESIAN_POINT('',(2.343933722677,1.743523190967,-0.156859698434
    ));
#698 = CARTESIAN_POINT('',(2.349798274302,1.744684577363,-0.143456571809
    ));
#699 = CARTESIAN_POINT('',(2.355589512057,1.74447908183,-0.129971903559)
  );
#700 = CARTESIAN_POINT('',(2.251720918372,1.747541468407,
    -9.735214846814E-02));
#701 = CARTESIAN_POINT('',(2.257224659802,1.747969447555,
    -8.902469723764E-02));
#702 = CARTESIAN_POINT('',(2.262691495904,1.747775463049,
    -8.066316845638E-02));
#703 = CARTESIAN_POINT('',(2.178831975194,1.750683340747,
    -2.585081467742E-02));
#704 = CARTESIAN_POINT('',(2.184099198226,1.750564221999,
    -2.363741081084E-02));
#705 = CARTESIAN_POINT('',(2.189359875924,1.75037755279,
    -2.141923195188E-02));
#706 = CARTESIAN_POINT('',(2.218507206983,1.748976518599,
    7.537163763273E-02));
#707 = CARTESIAN_POINT('',(2.223891505368,1.749152236906,
    6.892355695141E-02));
#708 = CARTESIAN_POINT('',(2.229255822074,1.748961890184,
    6.245068721225E-02));
#709 = CARTESIAN_POINT('',(2.312958347629,1.744881364007,0.137909803998)
  );
#710 = CARTESIAN_POINT('',(2.318703848526,1.745787927956,0.126121995631)
  );
#711 = CARTESIAN_POINT('',(2.324373046095,1.74558676288,0.114268992999)
  );
#712 = CARTESIAN_POINT('',(2.484619128164,1.737330727276,0.225387829041)
  );
#713 = CARTESIAN_POINT('',(2.49115757669,1.739668602117,0.206202267079)
  );
#714 = CARTESIAN_POINT('',(2.497403619397,1.739446968344,0.186762848224)
  );
#715 = CARTESIAN_POINT('',(2.739449003969,1.725734097551,0.315295777209)
  );
#716 = CARTESIAN_POINT('',(2.747513174254,1.730572113172,0.2886215861));
#717 = CARTESIAN_POINT('',(2.754923210933,1.730309176386,0.261338039076)
  );
#718 = CARTESIAN_POINT('',(3.044565674993,1.710906256767,0.419741625968)
  );
#719 = CARTESIAN_POINT('',(3.055085959931,1.719658240131,0.384634026692)
  );
#720 = CARTESIAN_POINT('',(3.064758514753,1.719315020444,0.3482105309));
#721 = CARTESIAN_POINT('',(3.447745890235,1.689433273011,0.561572513615)
  );
#722 = CARTESIAN_POINT('',(3.463482682892,1.70516674351,0.515831947506)
  );
#723 = CARTESIAN_POINT('',(3.477071353397,1.704684564879,0.466850083881)
  );
#724 = CARTESIAN_POINT('',(3.936603836101,1.658549538877,0.761750157854)
  );
#725 = CARTESIAN_POINT('',(3.963832131032,1.687412408254,0.703564004696)
  );
#726 = CARTESIAN_POINT('',(3.984359793151,1.68668400734,0.636178159437)
  );
#727 = CARTESIAN_POINT('',(4.482068209045,1.607832717454,1.075631298678)
  );
#728 = CARTESIAN_POINT('',(4.531284538752,1.667277000238,1.006479230378)
  );
#729 = CARTESIAN_POINT('',(4.573001288601,1.665796728469,0.911408957354)
  );
#730 = CARTESIAN_POINT('',(4.945608953505,1.539747712151,1.45691101074)
  );
#731 = CARTESIAN_POINT('',(5.017916680716,1.650009408104,1.392679114798)
  );
#732 = CARTESIAN_POINT('',(5.099024561068,1.647131386543,1.269964522265)
  );
#733 = CARTESIAN_POINT('',(5.496587645358,1.444733322447,2.049299819071)
  );
#734 = CARTESIAN_POINT('',(5.585732181194,1.629861116151,2.022219687649)
  );
#735 = CARTESIAN_POINT('',(5.721396723864,1.625047213024,1.866729184399)
  );
#736 = CARTESIAN_POINT('',(5.856271616867,1.401756114178,2.55716684244)
  );
#737 = CARTESIAN_POINT('',(5.917510846849,1.61808832479,2.525617039063)
  );
#738 = CARTESIAN_POINT('',(6.100050834849,1.611611099409,2.390884932004)
  );
#739 = CARTESIAN_POINT('',(6.108074515515,1.383953293452,2.9099488115));
#740 = CARTESIAN_POINT('',(6.162148547824,1.609407632174,2.876664934312)
  );
#741 = CARTESIAN_POINT('',(6.351853736189,1.602676157748,2.739449391975)
  );
#742 = DEFINITIONAL_REPRESENTATION('',(#743),#746);
#743 = B_SPLINE_CURVE_WITH_KNOTS('',1,(#744,#745),.UNSPECIFIED.,.F.,.F.,
  (2,2),(4.342226316901E-18,3.914763314438E-06),
  .PIECEWISE_BEZIER_KNOTS.);
#744 = CARTESIAN_POINT('',(5.052097513235E-03,-2.212604741846E-04));
#745 = CARTESIAN_POINT('',(5.048183978282E-03,-2.422394454555E-04));
#746 = ( GEOMETRIC_REPRESENTATION_CONTEXT(2) 
PARAMETRIC_REPRESENTATION_CONTEXT() REPRESENTATION_CONTEXT('2D SPACE',''
  ) );
#747 = ORIENTED_EDGE('',*,*,#748,.T.);
#748 = EDGE_CURVE('',#651,#749,#751,.T.);
#749 = VERTEX_POINT('',#750);
#750 = CARTESIAN_POINT('',(2.2,1.749772130265,2.823990346113E-02));
#751 = SURFACE_CURVE('',#752,(#766,#817),.PCURVE_S1.);
#752 = B_SPLINE_CURVE_WITH_KNOTS('',3,(#753,#754,#755,#756,#757,#758,
    #759,#760,#761,#762,#763,#764,#765),.UNSPECIFIED.,.F.,.F.,(4,1,1,1,1
    ,1,1,1,1,1,4),(-5.999999999447E-08,1.227436500123E-03,
    1.841184750185E-03,2.454933000246E-03,3.068681250308E-03,
    3.682429500369E-03,3.9893036254E-03,4.296177750431E-03,
    4.603051875462E-03,4.756488937977E-03,4.909926000493E-03),
  .UNSPECIFIED.);
#753 = CARTESIAN_POINT('',(6.057871499082,1.387539603882,2.839398541461)
  );
#754 = CARTESIAN_POINT('',(5.822036712513,1.404600481208,2.505456275039)
  );
#755 = CARTESIAN_POINT('',(5.462717914411,1.450153326077,2.006891734433)
  );
#756 = CARTESIAN_POINT('',(4.903321062899,1.547010920882,1.416366329799)
  );
#757 = CARTESIAN_POINT('',(4.429134011982,1.613869429808,1.039954560256)
  );
#758 = CARTESIAN_POINT('',(3.888558919703,1.66189177433,0.74001339901));
#759 = CARTESIAN_POINT('',(3.413848586522,1.691339399853,0.549239492321)
  );
#760 = CARTESIAN_POINT('',(3.025998638945,1.711823022769,0.413345009623)
  );
#761 = CARTESIAN_POINT('',(2.735076088609,1.725925951852,0.314171454369)
  );
#762 = CARTESIAN_POINT('',(2.491902902575,1.736995806935,0.226505721731)
  );
#763 = CARTESIAN_POINT('',(2.310525884005,1.744995584452,0.138735081863)
  );
#764 = CARTESIAN_POINT('',(2.217947814493,1.748998640771,
    7.612684342707E-02));
#765 = CARTESIAN_POINT('',(2.2,1.749772130265,2.823990346109E-02));
#766 = PCURVE('',#216,#767);
#767 = DEFINITIONAL_REPRESENTATION('',(#768),#816);
#768 = B_SPLINE_CURVE_WITH_KNOTS('',3,(#769,#770,#771,#772,#773,#774,
    #775,#776,#777,#778,#779,#780,#781,#782,#783,#784,#785,#786,#787,
    #788,#789,#790,#791,#792,#793,#794,#795,#796,#797,#798,#799,#800,
    #801,#802,#803,#804,#805,#806,#807,#808,#809,#810,#811,#812,#813,
    #814,#815),.UNSPECIFIED.,.F.,.F.,(4,1,1,1,1,1,1,1,1,1,1,1,1,1,1,1,1,
    1,1,1,1,1,1,1,1,1,1,1,1,1,1,1,1,1,1,1,1,1,1,1,1,1,1,1,4),(
    -5.999999999447E-08,1.115305909203E-04,2.231211818406E-04,
    3.347117727609E-04,4.463023636811E-04,5.578929546014E-04,
    6.694835455217E-04,7.81074136442E-04,8.926647273623E-04,
    1.004255318283E-03,1.115845909203E-03,1.227436500123E-03,
    1.339027091043E-03,1.450617681964E-03,1.562208272884E-03,
    1.673798863804E-03,1.785389454725E-03,1.896980045645E-03,
    2.008570636565E-03,2.120161227485E-03,2.231751818406E-03,
    2.343342409326E-03,2.454933000246E-03,2.566523591167E-03,
    2.678114182087E-03,2.789704773007E-03,2.901295363927E-03,
    3.012885954848E-03,3.124476545768E-03,3.236067136688E-03,
    3.347657727609E-03,3.459248318529E-03,3.570838909449E-03,
    3.682429500369E-03,3.79402009129E-03,3.90561068221E-03,
    4.01720127313E-03,4.128791864051E-03,4.240382454971E-03,
    4.351973045891E-03,4.463563636811E-03,4.575154227732E-03,
    4.686744818652E-03,4.798335409572E-03,4.909926000493E-03),
  .UNSPECIFIED.);
#769 = CARTESIAN_POINT('',(0.785596381296,2.025337844864));
#770 = CARTESIAN_POINT('',(0.779942443794,2.029995862156));
#771 = CARTESIAN_POINT('',(0.768496290646,2.039606001588));
#772 = CARTESIAN_POINT('',(0.750909263099,2.054943711945));
#773 = CARTESIAN_POINT('',(0.732900417223,2.07124439293));
#774 = CARTESIAN_POINT('',(0.7144694324,2.088547524324));
#775 = CARTESIAN_POINT('',(0.69561933574,2.106890910402));
#776 = CARTESIAN_POINT('',(0.676357693888,2.126309616052));
#777 = CARTESIAN_POINT('',(0.656697554798,2.146834760399));
#778 = CARTESIAN_POINT('',(0.636658568108,2.168492091971));
#779 = CARTESIAN_POINT('',(0.616268046573,2.191300346909));
#780 = CARTESIAN_POINT('',(0.595561833424,2.215269444373));
#781 = CARTESIAN_POINT('',(0.574584658256,2.240398358675));
#782 = CARTESIAN_POINT('',(0.553389846026,2.266673409943));
#783 = CARTESIAN_POINT('',(0.532035996862,2.293999065696));
#784 = CARTESIAN_POINT('',(0.510585221147,2.322258042004));
#785 = CARTESIAN_POINT('',(0.489100232575,2.35131031979));
#786 = CARTESIAN_POINT('',(0.467641471589,2.380995810987));
#787 = CARTESIAN_POINT('',(0.446260921874,2.411124571283));
#788 = CARTESIAN_POINT('',(0.425003092334,2.441525978856));
#789 = CARTESIAN_POINT('',(0.40390704263,2.472057009586));
#790 = CARTESIAN_POINT('',(0.383005127134,2.502560142778));
#791 = CARTESIAN_POINT('',(0.36232272836,2.532875713078));
#792 = CARTESIAN_POINT('',(0.341878347043,2.562841873146));
#793 = CARTESIAN_POINT('',(0.321684779588,2.592297832256));
#794 = CARTESIAN_POINT('',(0.301809908663,2.621159511226));
#795 = CARTESIAN_POINT('',(0.282309855948,2.649348236804));
#796 = CARTESIAN_POINT('',(0.263229811283,2.676790211841));
#797 = CARTESIAN_POINT('',(0.244603706747,2.703421337196));
#798 = CARTESIAN_POINT('',(0.226459994327,2.729171773175));
#799 = CARTESIAN_POINT('',(0.208803465154,2.754037374585));
#800 = CARTESIAN_POINT('',(0.191620474353,2.778085017023));
#801 = CARTESIAN_POINT('',(0.174899932403,2.801381016904));
#802 = CARTESIAN_POINT('',(0.158629146863,2.824005042029));
#803 = CARTESIAN_POINT('',(0.142795241603,2.846044593272));
#804 = CARTESIAN_POINT('',(0.127385482927,2.867594121427));
#805 = CARTESIAN_POINT('',(0.112402332113,2.888775581463));
#806 = CARTESIAN_POINT('',(9.784942086219E-02,2.909713199895));
#807 = CARTESIAN_POINT('',(8.371838315769E-02,2.930553945093));
#808 = CARTESIAN_POINT('',(6.998236094863E-02,2.951543978045));
#809 = CARTESIAN_POINT('',(5.65916288343E-02,2.972851188678));
#810 = CARTESIAN_POINT('',(4.362855091677E-02,2.994983944313));
#811 = CARTESIAN_POINT('',(3.11509481321E-02,3.018763176206));
#812 = CARTESIAN_POINT('',(1.960508542064E-02,3.045041858872));
#813 = CARTESIAN_POINT('',(7.61361656691E-03,3.07577672728));
#814 = CARTESIAN_POINT('',(1.895803336285E-03,3.106350621355));
#815 = CARTESIAN_POINT('',(-2.701243862819E-10,3.125521954433));
#816 = ( GEOMETRIC_REPRESENTATION_CONTEXT(2) 
PARAMETRIC_REPRESENTATION_CONTEXT() REPRESENTATION_CONTEXT('2D SPACE',''
  ) );
#817 = PCURVE('',#666,#818);
#818 = DEFINITIONAL_REPRESENTATION('',(#819),#867);
#819 = B_SPLINE_CURVE_WITH_KNOTS('',3,(#820,#821,#822,#823,#824,#825,
    #826,#827,#828,#829,#830,#831,#832,#833,#834,#835,#836,#837,#838,
    #839,#840,#841,#842,#843,#844,#845,#846,#847,#848,#849,#850,#851,
    #852,#853,#854,#855,#856,#857,#858,#859,#860,#861,#862,#863,#864,
    #865,#866),.UNSPECIFIED.,.F.,.F.,(4,1,1,1,1,1,1,1,1,1,1,1,1,1,1,1,1,
    1,1,1,1,1,1,1,1,1,1,1,1,1,1,1,1,1,1,1,1,1,1,1,1,1,1,1,4),(
    -5.999999999447E-08,1.115305909203E-04,2.231211818406E-04,
    3.347117727609E-04,4.463023636811E-04,5.578929546014E-04,
    6.694835455217E-04,7.81074136442E-04,8.926647273623E-04,
    1.004255318283E-03,1.115845909203E-03,1.227436500123E-03,
    1.339027091043E-03,1.450617681964E-03,1.562208272884E-03,
    1.673798863804E-03,1.785389454725E-03,1.896980045645E-03,
    2.008570636565E-03,2.120161227485E-03,2.231751818406E-03,
    2.343342409326E-03,2.454933000246E-03,2.566523591167E-03,
    2.678114182087E-03,2.789704773007E-03,2.901295363927E-03,
    3.012885954848E-03,3.124476545768E-03,3.236067136688E-03,
    3.347657727609E-03,3.459248318529E-03,3.570838909449E-03,
    3.682429500369E-03,3.79402009129E-03,3.90561068221E-03,
    4.01720127313E-03,4.128791864051E-03,4.240382454971E-03,
    4.351973045891E-03,4.463563636811E-03,4.575154227732E-03,
    4.686744818652E-03,4.798335409572E-03,4.909926000493E-03),
  .UNSPECIFIED.);
#820 = CARTESIAN_POINT('',(5.048183978282E-03,-2.422394454566E-04));
#821 = CARTESIAN_POINT('',(5.010994709095E-03,-3.10556573693E-04));
#822 = CARTESIAN_POINT('',(4.936334292934E-03,-3.744695566679E-04));
#823 = CARTESIAN_POINT('',(4.823544070541E-03,-3.477083501832E-04));
#824 = CARTESIAN_POINT('',(4.709998831868E-03,-3.588837016596E-04));
#825 = CARTESIAN_POINT('',(4.595748245479E-03,-3.409435022385E-04));
#826 = CARTESIAN_POINT('',(4.480841143586E-03,-4.015289484465E-04));
#827 = CARTESIAN_POINT('',(4.365338164213E-03,-1.559641923266E-04));
#828 = CARTESIAN_POINT('',(4.249288160714E-03,-2.853452039445E-05));
#829 = CARTESIAN_POINT('',(4.132751128472E-03,5.850936789862E-05));
#830 = CARTESIAN_POINT('',(4.015789514367E-03,5.910795725503E-05));
#831 = CARTESIAN_POINT('',(3.898467039576E-03,-1.282559695479E-05));
#832 = CARTESIAN_POINT('',(3.780865216092E-03,-1.823879878136E-04));
#833 = CARTESIAN_POINT('',(3.663007530064E-03,-2.427883607152E-04));
#834 = CARTESIAN_POINT('',(3.544928527754E-03,-1.903403359792E-04));
#835 = CARTESIAN_POINT('',(3.426673373289E-03,-6.929547029231E-05));
#836 = CARTESIAN_POINT('',(3.308282295591E-03,7.308667850301E-05));
#837 = CARTESIAN_POINT('',(3.189790267648E-03,1.787140002753E-04));
#838 = CARTESIAN_POINT('',(3.071241537068E-03,1.147107552816E-04));
#839 = CARTESIAN_POINT('',(2.952792586224E-03,-1.839882820839E-04));
#840 = CARTESIAN_POINT('',(2.834563466395E-03,-4.06259415206E-04));
#841 = CARTESIAN_POINT('',(2.716686697442E-03,-3.151607161523E-04));
#842 = CARTESIAN_POINT('',(2.599258777649E-03,-4.57284379245E-04));
#843 = CARTESIAN_POINT('',(2.482461589151E-03,3.282075112734E-04));
#844 = CARTESIAN_POINT('',(2.366167594552E-03,7.499711731263E-04));
#845 = CARTESIAN_POINT('',(2.25027698641E-03,7.940007924692E-04));
#846 = CARTESIAN_POINT('',(2.134743048843E-03,5.222466666727E-04));
#847 = CARTESIAN_POINT('',(2.019517729247E-03,7.208843728165E-05));
#848 = CARTESIAN_POINT('',(1.904558730168E-03,-3.157286275702E-04));
#849 = CARTESIAN_POINT('',(1.789851365503E-03,-3.198128099412E-04));
#850 = CARTESIAN_POINT('',(1.675471103428E-03,-2.946691054174E-04));
#851 = CARTESIAN_POINT('',(1.561371887834E-03,-2.419352960593E-04));
#852 = CARTESIAN_POINT('',(1.447533622627E-03,-1.844509956486E-04));
#853 = CARTESIAN_POINT('',(1.333929940636E-03,-1.071336743634E-04));
#854 = CARTESIAN_POINT('',(1.220538345844E-03,1.651869626564E-04));
#855 = CARTESIAN_POINT('',(1.107332426002E-03,4.735413737035E-04));
#856 = CARTESIAN_POINT('',(9.943645333546E-04,5.020262907033E-04));
#857 = CARTESIAN_POINT('',(8.817061357277E-04,-6.379455404647E-04));
#858 = CARTESIAN_POINT('',(7.69369339093E-04,-7.443078790475E-05));
#859 = CARTESIAN_POINT('',(6.571721208219E-04,-1.188517966976E-03));
#860 = CARTESIAN_POINT('',(5.448075093738E-04,2.70431599675E-03));
#861 = CARTESIAN_POINT('',(4.327673511055E-04,1.168583142696E-02));
#862 = CARTESIAN_POINT('',(3.213485834114E-04,9.243633023527E-03));
#863 = CARTESIAN_POINT('',(2.137822828726E-04,-7.316430485491E-03));
#864 = CARTESIAN_POINT('',(9.963618183316E-05,1.789790225938E-02));
#865 = CARTESIAN_POINT('',(3.187175942589E-05,-3.830027605426E-02));
#866 = CARTESIAN_POINT('',(1.847359563514E-06,-0.1));
#867 = ( GEOMETRIC_REPRESENTATION_CONTEXT(2) 
PARAMETRIC_REPRESENTATION_CONTEXT() REPRESENTATION_CONTEXT('2D SPACE',''
  ) );
#868 = ORIENTED_EDGE('',*,*,#869,.F.);
#869 = EDGE_CURVE('',#870,#749,#872,.T.);
#870 = VERTEX_POINT('',#871);
#871 = CARTESIAN_POINT('',(2.2,-1.749772130266,2.823990342588E-02));
#872 = SURFACE_CURVE('',#873,(#878,#884),.PCURVE_S1.);
#873 = CIRCLE('',#874,1.75);
#874 = AXIS2_PLACEMENT_3D('',#875,#876,#877);
#875 = CARTESIAN_POINT('',(2.2,0.,-2.442490654175E-16));
#876 = DIRECTION('',(-1.,0.,1.110223024625E-16));
#877 = DIRECTION('',(1.110223024625E-16,0.,1.));
#878 = PCURVE('',#216,#879);
#879 = DEFINITIONAL_REPRESENTATION('',(#880),#883);
#880 = B_SPLINE_CURVE_WITH_KNOTS('',1,(#881,#882),.UNSPECIFIED.,.F.,.F.,
  (2,2),(4.728526768503,7.837843845836),.PIECEWISE_BEZIER_KNOTS.);
#881 = CARTESIAN_POINT('',(-2.364942406308E-10,1.607865730508E-02));
#882 = CARTESIAN_POINT('',(-2.70124357278E-10,3.125521954433));
#883 = ( GEOMETRIC_REPRESENTATION_CONTEXT(2) 
PARAMETRIC_REPRESENTATION_CONTEXT() REPRESENTATION_CONTEXT('2D SPACE',''
  ) );
#884 = PCURVE('',#885,#890);
#885 = PLANE('',#886);
#886 = AXIS2_PLACEMENT_3D('',#887,#888,#889);
#887 = CARTESIAN_POINT('',(2.2,0.,-2.442490654175E-16));
#888 = DIRECTION('',(-1.,0.,1.110223024625E-16));
#889 = DIRECTION('',(1.110223024625E-16,0.,1.));
#890 = DEFINITIONAL_REPRESENTATION('',(#891),#895);
#891 = CIRCLE('',#892,1.75);
#892 = AXIS2_PLACEMENT_2D('',#893,#894);
#893 = CARTESIAN_POINT('',(0.,0.));
#894 = DIRECTION('',(1.,0.));
#895 = ( GEOMETRIC_REPRESENTATION_CONTEXT(2) 
PARAMETRIC_REPRESENTATION_CONTEXT() REPRESENTATION_CONTEXT('2D SPACE',''
  ) );
#896 = ORIENTED_EDGE('',*,*,#897,.T.);
#897 = EDGE_CURVE('',#870,#898,#900,.T.);
#898 = VERTEX_POINT('',#899);
#899 = CARTESIAN_POINT('',(6.057871499082,-1.387539603882,2.839398541461
    ));
#900 = SURFACE_CURVE('',#901,(#915,#966),.PCURVE_S1.);
#901 = B_SPLINE_CURVE_WITH_KNOTS('',3,(#902,#903,#904,#905,#906,#907,
    #908,#909,#910,#911,#912,#913,#914),.UNSPECIFIED.,.F.,.F.,(4,1,1,1,1
    ,1,1,1,1,1,4),(-5.999999050791E-08,1.546853022657E-04,
    3.09430604522E-04,6.189212090345E-04,9.284118135469E-04,
    1.237902418059E-03,1.856883627084E-03,2.475864836109E-03,
    3.094846045134E-03,3.713827254159E-03,4.951789672209E-03),
  .UNSPECIFIED.);
#902 = CARTESIAN_POINT('',(2.2,-1.749772130265,2.823990346106E-02));
#903 = CARTESIAN_POINT('',(2.218100836972,-1.748992684134,
    7.653515059019E-02));
#904 = CARTESIAN_POINT('',(2.309865782437,-1.745023886002,0.138139083831
    ));
#905 = CARTESIAN_POINT('',(2.49066479835,-1.737051171063,0.226116774456)
  );
#906 = CARTESIAN_POINT('',(2.732679090104,-1.726036852224,0.31329569655)
  );
#907 = CARTESIAN_POINT('',(3.022722877921,-1.711987139417,0.412242246515
    ));
#908 = CARTESIAN_POINT('',(3.409068716248,-1.691604316096,0.547496820844
    ));
#909 = CARTESIAN_POINT('',(3.881731091133,-1.6623863636,0.736884639829)
  );
#910 = CARTESIAN_POINT('',(4.42415184186,-1.614415581043,1.03652977163)
  );
#911 = CARTESIAN_POINT('',(4.900050481339,-1.547707867766,1.413198686019
    ));
#912 = CARTESIAN_POINT('',(5.461506728837,-1.449624953873,2.005239573581
    ));
#913 = CARTESIAN_POINT('',(5.820160306383,-1.407954696996,2.502708696702
    ));
#914 = CARTESIAN_POINT('',(6.057871499082,-1.387539603885,2.839398541458
    ));
#915 = PCURVE('',#216,#916);
#916 = DEFINITIONAL_REPRESENTATION('',(#917),#965);
#917 = B_SPLINE_CURVE_WITH_KNOTS('',3,(#918,#919,#920,#921,#922,#923,
    #924,#925,#926,#927,#928,#929,#930,#931,#932,#933,#934,#935,#936,
    #937,#938,#939,#940,#941,#942,#943,#944,#945,#946,#947,#948,#949,
    #950,#951,#952,#953,#954,#955,#956,#957,#958,#959,#960,#961,#962,
    #963,#964),.UNSPECIFIED.,.F.,.F.,(4,1,1,1,1,1,1,1,1,1,1,1,1,1,1,1,1,
    1,1,1,1,1,1,1,1,1,1,1,1,1,1,1,1,1,1,1,1,1,1,1,1,1,1,1,4),(
    -5.999999050791E-08,1.12482038014E-04,2.250240760186E-04,
    3.375661140231E-04,4.501081520277E-04,5.626501900322E-04,
    6.751922280367E-04,7.877342660413E-04,9.002763040458E-04,
    1.01281834205E-03,1.125360380055E-03,1.237902418059E-03,
    1.350444456064E-03,1.462986494069E-03,1.575528532073E-03,
    1.688070570078E-03,1.800612608082E-03,1.913154646087E-03,
    2.025696684091E-03,2.138238722096E-03,2.2507807601E-03,
    2.363322798105E-03,2.475864836109E-03,2.588406874114E-03,
    2.700948912118E-03,2.813490950123E-03,2.926032988128E-03,
    3.038575026132E-03,3.151117064137E-03,3.263659102141E-03,
    3.376201140146E-03,3.48874317815E-03,3.601285216155E-03,
    3.713827254159E-03,3.826369292164E-03,3.938911330168E-03,
    4.051453368173E-03,4.163995406177E-03,4.276537444182E-03,
    4.389079482187E-03,4.501621520191E-03,4.614163558196E-03,
    4.7267055962E-03,4.839247634205E-03,4.951789672209E-03),
  .UNSPECIFIED.);
#918 = CARTESIAN_POINT('',(-2.36494232472E-10,1.607865732512E-02));
#919 = CARTESIAN_POINT('',(1.895641792975E-03,3.529932220307E-02));
#920 = CARTESIAN_POINT('',(7.587458718205E-03,6.580026635855E-02));
#921 = CARTESIAN_POINT('',(1.950147371723E-02,9.620285247528E-02));
#922 = CARTESIAN_POINT('',(3.101021485583E-02,0.122573366293));
#923 = CARTESIAN_POINT('',(4.342900935612E-02,0.146273056665));
#924 = CARTESIAN_POINT('',(5.633004076126E-02,0.168313883284));
#925 = CARTESIAN_POINT('',(6.966034555109E-02,0.189533697547));
#926 = CARTESIAN_POINT('',(8.334017446306E-02,0.210461833198));
#927 = CARTESIAN_POINT('',(9.741330137095E-02,0.231241796097));
#928 = CARTESIAN_POINT('',(0.111901073838,0.252104039916));
#929 = CARTESIAN_POINT('',(0.126810886995,0.27319220416));
#930 = CARTESIAN_POINT('',(0.142140071689,0.294632517756));
#931 = CARTESIAN_POINT('',(0.157886751548,0.316547704408));
#932 = CARTESIAN_POINT('',(0.174067453954,0.339040896303));
#933 = CARTESIAN_POINT('',(0.190699386763,0.362208043894));
#934 = CARTESIAN_POINT('',(0.207800331979,0.386137203525));
#935 = CARTESIAN_POINT('',(0.225386899216,0.410902433287));
#936 = CARTESIAN_POINT('',(0.243480347288,0.436579276342));
#937 = CARTESIAN_POINT('',(0.262078590988,0.463165455944));
#938 = CARTESIAN_POINT('',(0.281149852864,0.490586535894));
#939 = CARTESIAN_POINT('',(0.30065759727,0.518775050871));
#940 = CARTESIAN_POINT('',(0.320553141608,0.547653410803));
#941 = CARTESIAN_POINT('',(0.340776332806,0.577139229755));
#942 = CARTESIAN_POINT('',(0.36125455896,0.607144740311));
#943 = CARTESIAN_POINT('',(0.381975069221,0.637511056806));
#944 = CARTESIAN_POINT('',(0.402919253692,0.668078176941));
#945 = CARTESIAN_POINT('',(0.424061400416,0.698688370501));
#946 = CARTESIAN_POINT('',(0.445368606068,0.729185395721));
#947 = CARTESIAN_POINT('',(0.466801134785,0.75942941286));
#948 = CARTESIAN_POINT('',(0.488313483421,0.789243100714));
#949 = CARTESIAN_POINT('',(0.509853057772,0.818420283302));
#950 = CARTESIAN_POINT('',(0.531358555492,0.846787467082));
#951 = CARTESIAN_POINT('',(0.552766073005,0.874191869554));
#952 = CARTESIAN_POINT('',(0.574012170008,0.90050482497));
#953 = CARTESIAN_POINT('',(0.595036721547,0.925620934749));
#954 = CARTESIAN_POINT('',(0.61578717744,0.949546281781));
#955 = CARTESIAN_POINT('',(0.636219735492,0.972298114212));
#956 = CARTESIAN_POINT('',(0.65629970066,0.993903166531));
#957 = CARTESIAN_POINT('',(0.676001152504,1.014395402122));
#958 = CARTESIAN_POINT('',(0.695306056492,1.033814224533));
#959 = CARTESIAN_POINT('',(0.714203156455,1.052202885545));
#960 = CARTESIAN_POINT('',(0.732686797703,1.069607164049));
#961 = CARTESIAN_POINT('',(0.750755925877,1.086074245691));
#962 = CARTESIAN_POINT('',(0.768412850868,1.101651908771));
#963 = CARTESIAN_POINT('',(0.779913303144,1.111475656782));
#964 = CARTESIAN_POINT('',(0.785596640633,1.116255105945));
#965 = ( GEOMETRIC_REPRESENTATION_CONTEXT(2) 
PARAMETRIC_REPRESENTATION_CONTEXT() REPRESENTATION_CONTEXT('2D SPACE',''
  ) );
#966 = PCURVE('',#967,#1043);
#967 = ( BOUNDED_SURFACE() B_SPLINE_SURFACE(3,2,(
    (#968,#969,#970)
    ,(#971,#972,#973)
    ,(#974,#975,#976)
    ,(#977,#978,#979)
    ,(#980,#981,#982)
    ,(#983,#984,#985)
    ,(#986,#987,#988)
    ,(#989,#990,#991)
    ,(#992,#993,#994)
    ,(#995,#996,#997)
    ,(#998,#999,#1000)
    ,(#1001,#1002,#1003)
    ,(#1004,#1005,#1006)
    ,(#1007,#1008,#1009)
    ,(#1010,#1011,#1012)
    ,(#1013,#1014,#1015)
    ,(#1016,#1017,#1018)
    ,(#1019,#1020,#1021)
    ,(#1022,#1023,#1024)
    ,(#1025,#1026,#1027)
    ,(#1028,#1029,#1030)
    ,(#1031,#1032,#1033)
    ,(#1034,#1035,#1036)
    ,(#1037,#1038,#1039)
    ,(#1040,#1041,#1042
)),.UNSPECIFIED.,.F.,.F.,.F.) B_SPLINE_SURFACE_WITH_KNOTS((4,1,1,1,1,1,1
    ,1,1,1,1,1,1,1,1,1,1,1,1,1,1,1,4),(3,3),(-5.13078676972E-03,
    -3.858381630294E-03,-3.22217906058E-03,-2.585976490867E-03,
    -1.949773921154E-03,-1.313571351441E-03,-9.954700665841E-04,
    -6.773687817275E-04,-3.592674968708E-04,-2.002168544425E-04,
    -1.206915332284E-04,-4.116621201423E-05,3.835910919992E-05,
    1.178844304141E-04,2.769350728424E-04,5.95036357699E-04,
    9.131376425556E-04,1.231238927412E-03,1.867441497125E-03,
    2.503644066839E-03,3.139846636552E-03,3.776049206265E-03,
    5.048454345692E-03),(0.,1.),.UNSPECIFIED.) 
GEOMETRIC_REPRESENTATION_ITEM() RATIONAL_B_SPLINE_SURFACE((
    (1.,0.790119797895,1.)
    ,(1.,0.802771661414,1.)
    ,(1.,0.833772747268,1.)
    ,(1.,0.903780634897,1.)
    ,(1.,0.948830062896,1.)
    ,(1.,0.974819512396,1.)
    ,(1.,0.986173595855,1.)
    ,(1.,0.99215295309,1.)
    ,(1.,0.995502870385,1.)
    ,(1.,0.99763117693,1.)
    ,(1.,0.998879075365,1.)
    ,(1.,0.999489386322,1.)
    ,(1.,0.999940443688,1.)
    ,(1.,0.999700056687,1.)
    ,(1.,0.999092922623,1.)
    ,(1.,0.997900515583,1.)
    ,(1.,0.995815775907,1.)
    ,(1.,0.992557760376,1.)
    ,(1.,0.986732066578,1.)
    ,(1.,0.975753688256,1.)
    ,(1.,0.950129799564,1.)
    ,(1.,0.906207946541,1.)
    ,(1.,0.834372124229,1.)
    ,(1.,0.802935481426,1.)
,(1.,0.790119888744,1.))) REPRESENTATION_ITEM('') SURFACE() );
#968 = CARTESIAN_POINT('',(6.05787461839,-1.387539378711,2.839402938714)
  );
#969 = CARTESIAN_POINT('',(6.112810900791,-1.611158322875,2.80563156732)
  );
#970 = CARTESIAN_POINT('',(6.301653839064,-1.60445744442,2.669773642519)
  );
#971 = CARTESIAN_POINT('',(5.819167056,-1.408013017248,2.501315185498));
#972 = CARTESIAN_POINT('',(5.882448516485,-1.619332472005,2.468299941207
    ));
#973 = CARTESIAN_POINT('',(6.057668930251,-1.613114973443,2.330206582481
    ));
#974 = CARTESIAN_POINT('',(5.459627687034,-1.450224413578,2.006081673319
    ));
#975 = CARTESIAN_POINT('',(5.547629122049,-1.631213160183,1.975396058446
    ));
#976 = CARTESIAN_POINT('',(5.681437199255,-1.626465131639,1.823259756831
    ));
#977 = CARTESIAN_POINT('',(4.92928335149,-1.542624226006,1.442094305692)
  );
#978 = CARTESIAN_POINT('',(5.000479713761,-1.650628139189,1.377061620701
    ));
#979 = CARTESIAN_POINT('',(5.080011538989,-1.647806042165,1.255539290669
    ));
#980 = CARTESIAN_POINT('',(4.466519734085,-1.609460722319,1.065549592082
    ));
#981 = CARTESIAN_POINT('',(4.514831337896,-1.667860823494,0.996533071519
    ));
#982 = CARTESIAN_POINT('',(4.556013530757,-1.666399519876,0.902446143879
    ));
#983 = CARTESIAN_POINT('',(3.934990589496,-1.658521286544,0.761827322808
    ));
#984 = CARTESIAN_POINT('',(3.962028046898,-1.687476424142,0.703599645631
    ));
#985 = CARTESIAN_POINT('',(3.982854991053,-1.686737403543,0.636334330948
    ));
#986 = CARTESIAN_POINT('',(3.455754344191,-1.688942959892,0.564822026461
    ));
#987 = CARTESIAN_POINT('',(3.471607301449,-1.704878450594,0.518850124451
    ));
#988 = CARTESIAN_POINT('',(3.485361066474,-1.70439041377,0.469587326339)
  );
#989 = CARTESIAN_POINT('',(3.061180415862,-1.710053491139,0.425294207746
    ));
#990 = CARTESIAN_POINT('',(3.071849981506,-1.719063387753,0.389746885458
    ));
#991 = CARTESIAN_POINT('',(3.081700133135,-1.718713866244,0.352845212659
    ));
#992 = CARTESIAN_POINT('',(2.761843581106,-1.724674186017,0.323539435098
    ));
#993 = CARTESIAN_POINT('',(2.770050148686,-1.729772414079,0.296184574354
    ));
#994 = CARTESIAN_POINT('',(2.777619782897,-1.729503814155,0.268184294092
    ));
#995 = CARTESIAN_POINT('',(2.513659091523,-1.736028566515,0.234645249391
    ));
#996 = CARTESIAN_POINT('',(2.520341097781,-1.738633057821,0.214679220627
    ));
#997 = CARTESIAN_POINT('',(2.52671774562,-1.738406789672,0.194439041698)
  );
#998 = CARTESIAN_POINT('',(2.341011429905,-1.74365106577,0.155265009602)
  );
#999 = CARTESIAN_POINT('',(2.346863822785,-1.744788703062,0.141997414292
    ));
#1000 = CARTESIAN_POINT('',(2.352644989838,-1.744583564877,
    0.128650458933));
#1001 = CARTESIAN_POINT('',(2.250391124831,-1.747598914082,
    9.623928665528E-02));
#1002 = CARTESIAN_POINT('',(2.255889721443,-1.748016816336,
    8.800669508138E-02));
#1003 = CARTESIAN_POINT('',(2.261352711002,-1.747822968319,
    7.974108308267E-02));
#1004 = CARTESIAN_POINT('',(2.179317344901,-1.75066238121,
    2.558077054548E-02));
#1005 = CARTESIAN_POINT('',(2.184586266714,-1.750546938923,
    2.339048813781E-02));
#1006 = CARTESIAN_POINT('',(2.189848931334,-1.750360199211,
    2.11954825444E-02));
#1007 = CARTESIAN_POINT('',(2.217628897467,-1.749014329351,
    -7.413840501403E-02));
#1008 = CARTESIAN_POINT('',(2.223009930229,-1.749183518605,
    -6.779557622686E-02));
#1009 = CARTESIAN_POINT('',(2.228371761111,-1.74899326009,
    -6.14288718068E-02));
#1010 = CARTESIAN_POINT('',(2.310269787007,-1.744998407456,
    -0.136381159142));
#1011 = CARTESIAN_POINT('',(2.316004338858,-1.745883717008,
    -0.124723463476));
#1012 = CARTESIAN_POINT('',(2.321665068728,-1.7456828524,-0.113002340992
    ));
#1013 = CARTESIAN_POINT('',(2.478899977466,-1.737584692174,
    -0.222944706608));
#1014 = CARTESIAN_POINT('',(2.485408360948,-1.739872606547,
    -0.203964248194));
#1015 = CARTESIAN_POINT('',(2.49163450868,-1.739651678724,
    -0.184737839564));
#1016 = CARTESIAN_POINT('',(2.729380033485,-1.726200309649,
    -0.311822137119));
#1017 = CARTESIAN_POINT('',(2.73737206029,-1.730931959151,
    -0.285433051306));
#1018 = CARTESIAN_POINT('',(2.744735166159,-1.730670687652,
    -0.258455123328));
#1019 = CARTESIAN_POINT('',(3.02945658691,-1.711661586943,
    -0.414608476199));
#1020 = CARTESIAN_POINT('',(3.039825952746,-1.720199724257,
    -0.379904616413));
#1021 = CARTESIAN_POINT('',(3.049382555816,-1.719860618987,
    -0.343934445806));
#1022 = CARTESIAN_POINT('',(3.426253096127,-1.690652416289,
    -0.553637845588));
#1023 = CARTESIAN_POINT('',(3.441639440924,-1.70594182629,
    -0.508459441886));
#1024 = CARTESIAN_POINT('',(3.454978831204,-1.705468493086,
    -0.460186367444));
#1025 = CARTESIAN_POINT('',(3.907891718022,-1.660576273553,
    -0.748696482816));
#1026 = CARTESIAN_POINT('',(3.934241136001,-1.688462411303,
    -0.691218975855));
#1027 = CARTESIAN_POINT('',(3.954245956147,-1.687752562846,
    -0.625038269273));
#1028 = CARTESIAN_POINT('',(4.447719020961,-1.611628094223,
    -1.052791333526));
#1029 = CARTESIAN_POINT('',(4.494984274102,-1.668565074145,
    -0.983915888436));
#1030 = CARTESIAN_POINT('',(4.535180434154,-1.667138758788,
    -0.891030074822));
#1031 = CARTESIAN_POINT('',(4.909552998773,-1.545957612684,
    -1.423356400622));
#1032 = CARTESIAN_POINT('',(4.980177324556,-1.651348546548,
    -1.357870499461));
#1033 = CARTESIAN_POINT('',(5.057426508879,-1.648607446459,
    -1.237210306312));
#1034 = CARTESIAN_POINT('',(5.454486479537,-1.45093808035,
    -1.997813160944));
#1035 = CARTESIAN_POINT('',(5.543954665264,-1.631343544136,
    -1.967754838662));
#1036 = CARTESIAN_POINT('',(5.676149734736,-1.626652751348,
    -1.814459410742));
#1037 = CARTESIAN_POINT('',(5.816482124926,-1.40826368819,
    -2.497502389083));
#1038 = CARTESIAN_POINT('',(5.879907869217,-1.619422623995,
    -2.464550987053));
#1039 = CARTESIAN_POINT('',(6.054891365697,-1.613213532185,
    -2.326340992362));
#1040 = CARTESIAN_POINT('',(6.057872269959,-1.387539548236,
    -2.839399628158));
#1041 = CARTESIAN_POINT('',(6.112808593341,-1.611158404752,
    -2.805628233907));
#1042 = CARTESIAN_POINT('',(6.301651490634,-1.604457527752,
    -2.669770374083));
#1043 = DEFINITIONAL_REPRESENTATION('',(#1044),#1092);
#1044 = B_SPLINE_CURVE_WITH_KNOTS('',3,(#1045,#1046,#1047,#1048,#1049,
    #1050,#1051,#1052,#1053,#1054,#1055,#1056,#1057,#1058,#1059,#1060,
    #1061,#1062,#1063,#1064,#1065,#1066,#1067,#1068,#1069,#1070,#1071,
    #1072,#1073,#1074,#1075,#1076,#1077,#1078,#1079,#1080,#1081,#1082,
    #1083,#1084,#1085,#1086,#1087,#1088,#1089,#1090,#1091),
  .UNSPECIFIED.,.F.,.F.,(4,1,1,1,1,1,1,1,1,1,1,1,1,1,1,1,1,1,1,1,1,1,1,1
    ,1,1,1,1,1,1,1,1,1,1,1,1,1,1,1,1,1,1,1,1,4),(-5.999999050791E-08,
    1.12482038014E-04,2.250240760186E-04,3.375661140231E-04,
    4.501081520277E-04,5.626501900322E-04,6.751922280367E-04,
    7.877342660413E-04,9.002763040458E-04,1.01281834205E-03,
    1.125360380055E-03,1.237902418059E-03,1.350444456064E-03,
    1.462986494069E-03,1.575528532073E-03,1.688070570078E-03,
    1.800612608082E-03,1.913154646087E-03,2.025696684091E-03,
    2.138238722096E-03,2.2507807601E-03,2.363322798105E-03,
    2.475864836109E-03,2.588406874114E-03,2.700948912118E-03,
    2.813490950123E-03,2.926032988128E-03,3.038575026132E-03,
    3.151117064137E-03,3.263659102141E-03,3.376201140146E-03,
    3.48874317815E-03,3.601285216155E-03,3.713827254159E-03,
    3.826369292164E-03,3.938911330168E-03,4.051453368173E-03,
    4.163995406177E-03,4.276537444182E-03,4.389079482187E-03,
    4.501621520191E-03,4.614163558196E-03,4.7267055962E-03,
    4.839247634205E-03,4.951789672209E-03),.UNSPECIFIED.);
#1045 = CARTESIAN_POINT('',(-4.849557653892E-05,4.620106405384E-02));
#1046 = CARTESIAN_POINT('',(-7.810776121314E-05,9.547657631709E-03));
#1047 = CARTESIAN_POINT('',(-1.455561558205E-04,-1.37659724472E-02));
#1048 = CARTESIAN_POINT('',(-2.599135343584E-04,2.74833434111E-02));
#1049 = CARTESIAN_POINT('',(-3.665714862154E-04,-1.22387424974E-02));
#1050 = CARTESIAN_POINT('',(-4.775350326373E-04,1.886421068105E-03));
#1051 = CARTESIAN_POINT('',(-5.896247374197E-04,-1.683015481545E-03));
#1052 = CARTESIAN_POINT('',(-7.022098072175E-04,1.714981337336E-03));
#1053 = CARTESIAN_POINT('',(-8.144597047604E-04,4.599593576759E-04));
#1054 = CARTESIAN_POINT('',(-9.2678372101E-04,5.334031969222E-05));
#1055 = CARTESIAN_POINT('',(-1.03938946742E-03,-4.057441411622E-04));
#1056 = CARTESIAN_POINT('',(-1.152315818862E-03,-2.29637740239E-04));
#1057 = CARTESIAN_POINT('',(-1.26545511338E-03,3.719427579767E-05));
#1058 = CARTESIAN_POINT('',(-1.378725106276E-03,3.368547848885E-04));
#1059 = CARTESIAN_POINT('',(-1.492191149875E-03,6.672322162691E-04));
#1060 = CARTESIAN_POINT('',(-1.605948009329E-03,7.645046086599E-04));
#1061 = CARTESIAN_POINT('',(-1.720090186647E-03,5.806831096954E-04));
#1062 = CARTESIAN_POINT('',(-1.834707981726E-03,1.701972500733E-04));
#1063 = CARTESIAN_POINT('',(-1.949929761789E-03,-3.890361404359E-04));
#1064 = CARTESIAN_POINT('',(-2.065721336521E-03,-5.953452247718E-04));
#1065 = CARTESIAN_POINT('',(-2.181962488661E-03,-5.112753647617E-04));
#1066 = CARTESIAN_POINT('',(-2.298569650858E-03,-2.871344125519E-04));
#1067 = CARTESIAN_POINT('',(-2.415452155092E-03,-4.669621424856E-05));
#1068 = CARTESIAN_POINT('',(-2.532521337897E-03,2.371431381691E-05));
#1069 = CARTESIAN_POINT('',(-2.649698691906E-03,-4.812279347322E-05));
#1070 = CARTESIAN_POINT('',(-2.767112084765E-03,1.582691079994E-04));
#1071 = CARTESIAN_POINT('',(-2.884862472403E-03,3.206599423947E-04));
#1072 = CARTESIAN_POINT('',(-3.003068760888E-03,3.791050165069E-04));
#1073 = CARTESIAN_POINT('',(-3.121849363256E-03,2.896235511786E-04));
#1074 = CARTESIAN_POINT('',(-3.241355380162E-03,-2.127203036429E-06));
#1075 = CARTESIAN_POINT('',(-3.361641669945E-03,-2.733700271243E-04));
#1076 = CARTESIAN_POINT('',(-3.482385219955E-03,-3.791628708158E-04));
#1077 = CARTESIAN_POINT('',(-3.603289048645E-03,-3.303889063531E-04));
#1078 = CARTESIAN_POINT('',(-3.724039009059E-03,-1.809027974862E-04));
#1079 = CARTESIAN_POINT('',(-3.844333054025E-03,1.552706139679E-05));
#1080 = CARTESIAN_POINT('',(-3.963864292776E-03,1.857938743461E-04));
#1081 = CARTESIAN_POINT('',(-4.082683593406E-03,2.759974689284E-04));
#1082 = CARTESIAN_POINT('',(-4.200865736008E-03,3.094113940806E-04));
#1083 = CARTESIAN_POINT('',(-4.318476388631E-03,2.969529850552E-04));
#1084 = CARTESIAN_POINT('',(-4.435580195019E-03,2.55496267257E-04));
#1085 = CARTESIAN_POINT('',(-4.55223836102E-03,1.996057558166E-04));
#1086 = CARTESIAN_POINT('',(-4.668509331142E-03,1.415796717469E-04));
#1087 = CARTESIAN_POINT('',(-4.784448843759E-03,9.007576075288E-05));
#1088 = CARTESIAN_POINT('',(-4.900110238143E-03,4.960960146977E-05));
#1089 = CARTESIAN_POINT('',(-5.015544970252E-03,2.076809002039E-05));
#1090 = CARTESIAN_POINT('',(-5.092383293411E-03,6.429713831184E-06));
#1091 = CARTESIAN_POINT('',(-5.130781246772E-03,0.));
#1092 = ( GEOMETRIC_REPRESENTATION_CONTEXT(2) 
PARAMETRIC_REPRESENTATION_CONTEXT() REPRESENTATION_CONTEXT('2D SPACE',''
  ) );
#1093 = ORIENTED_EDGE('',*,*,#1094,.T.);
#1094 = EDGE_CURVE('',#898,#200,#1095,.T.);
#1095 = SURFACE_CURVE('',#1096,(#1101,#1107),.PCURVE_S1.);
#1096 = CIRCLE('',#1097,3.160292744286);
#1097 = AXIS2_PLACEMENT_3D('',#1098,#1099,#1100);
#1098 = CARTESIAN_POINT('',(6.057871499082,0.,-6.725588418502E-16));
#1099 = DIRECTION('',(-1.,0.,1.110223024625E-16));
#1100 = DIRECTION('',(1.110223024625E-16,0.,1.));
#1101 = PCURVE('',#216,#1102);
#1102 = DEFINITIONAL_REPRESENTATION('',(#1103),#1106);
#1103 = B_SPLINE_CURVE_WITH_KNOTS('',1,(#1104,#1105),.UNSPECIFIED.,.F.,
  .F.,(2,2),(5.828639664352,5.834993901125),.PIECEWISE_BEZIER_KNOTS.);
#1104 = CARTESIAN_POINT('',(0.785596640633,1.116255105946));
#1105 = CARTESIAN_POINT('',(0.785595997692,1.122608612858));
#1106 = ( GEOMETRIC_REPRESENTATION_CONTEXT(2) 
PARAMETRIC_REPRESENTATION_CONTEXT() REPRESENTATION_CONTEXT('2D SPACE',''
  ) );
#1107 = PCURVE('',#483,#1108);
#1108 = DEFINITIONAL_REPRESENTATION('',(#1109),#1112);
#1109 = B_SPLINE_CURVE_WITH_KNOTS('',1,(#1110,#1111),.UNSPECIFIED.,.F.,
  .F.,(2,2),(5.828639664352,5.834993901125),.PIECEWISE_BEZIER_KNOTS.);
#1110 = CARTESIAN_POINT('',(6.004971222662,2.239402731164E-02));
#1111 = CARTESIAN_POINT('',(6.067394575338,1.496308694467E-02));
#1112 = ( GEOMETRIC_REPRESENTATION_CONTEXT(2) 
PARAMETRIC_REPRESENTATION_CONTEXT() REPRESENTATION_CONTEXT('2D SPACE',''
  ) );
#1113 = ADVANCED_FACE('',(#1114),#187,.T.);
#1114 = FACE_BOUND('',#1115,.T.);
#1115 = EDGE_LOOP('',(#1116,#1163,#1192,#1235,#1236,#1237));
#1116 = ORIENTED_EDGE('',*,*,#1117,.T.);
#1117 = EDGE_CURVE('',#1118,#1120,#1122,.T.);
#1118 = VERTEX_POINT('',#1119);
#1119 = CARTESIAN_POINT('',(6.0601347623,1.387376305525,-2.842588579871)
  );
#1120 = VERTEX_POINT('',#1121);
#1121 = CARTESIAN_POINT('',(6.316066890844,1.603946013551,-2.68981709232
    ));
#1122 = SURFACE_CURVE('',#1123,(#1128,#1134),.PCURVE_S1.);
#1123 = B_SPLINE_CURVE_WITH_KNOTS('',3,(#1124,#1125,#1126,#1127),
  .UNSPECIFIED.,.F.,.F.,(4,4),(0.,3.944748734632E-04),
  .PIECEWISE_BEZIER_KNOTS.);
#1124 = CARTESIAN_POINT('',(6.0601347623,1.387376305525,-2.842588579871)
  );
#1125 = CARTESIAN_POINT('',(6.09295490425,1.515483877944,-2.825161061173
    ));
#1126 = CARTESIAN_POINT('',(6.204110439937,1.607918661809,
    -2.758693406341));
#1127 = CARTESIAN_POINT('',(6.316066890844,1.603946013551,-2.68981709232
    ));
#1128 = PCURVE('',#187,#1129);
#1129 = DEFINITIONAL_REPRESENTATION('',(#1130),#1133);
#1130 = B_SPLINE_CURVE_WITH_KNOTS('',1,(#1131,#1132),.UNSPECIFIED.,.F.,
  .F.,(2,2),(0.,3.944748734632E-04),.PIECEWISE_BEZIER_KNOTS.);
#1131 = CARTESIAN_POINT('',(3.623431676149,6.032257810919));
#1132 = CARTESIAN_POINT('',(3.619938932528,4.712388980385));
#1133 = ( GEOMETRIC_REPRESENTATION_CONTEXT(2) 
PARAMETRIC_REPRESENTATION_CONTEXT() REPRESENTATION_CONTEXT('2D SPACE',''
  ) );
#1134 = PCURVE('',#666,#1135);
#1135 = DEFINITIONAL_REPRESENTATION('',(#1136),#1162);
#1136 = B_SPLINE_CURVE_WITH_KNOTS('',3,(#1137,#1138,#1139,#1140,#1141,
    #1142,#1143,#1144,#1145,#1146,#1147,#1148,#1149,#1150,#1151,#1152,
    #1153,#1154,#1155,#1156,#1157,#1158,#1159,#1160,#1161),
  .UNSPECIFIED.,.F.,.F.,(4,1,1,1,1,1,1,1,1,1,1,1,1,1,1,1,1,1,1,1,1,1,4),
  (0.,1.793067606651E-05,3.586135213302E-05,5.379202819953E-05,
    7.172270426604E-05,8.965338033255E-05,1.075840563991E-04,
    1.255147324656E-04,1.434454085321E-04,1.613760845986E-04,
    1.793067606651E-04,1.972374367316E-04,2.151681127981E-04,
    2.330987888646E-04,2.510294649311E-04,2.689601409976E-04,
    2.868908170642E-04,3.048214931307E-04,3.227521691972E-04,
    3.406828452637E-04,3.586135213302E-04,3.765441973967E-04,
    3.944748734632E-04),.QUASI_UNIFORM_KNOTS.);
#1137 = CARTESIAN_POINT('',(-5.134495550975E-03,-2.177718001618E-04));
#1138 = CARTESIAN_POINT('',(-5.134605169257E-03,1.62792034197E-02));
#1139 = CARTESIAN_POINT('',(-5.13485250215E-03,4.884444657778E-02));
#1140 = CARTESIAN_POINT('',(-5.135304190152E-03,9.659994252672E-02));
#1141 = CARTESIAN_POINT('',(-5.135832961916E-03,0.143469177151));
#1142 = CARTESIAN_POINT('',(-5.136435228566E-03,0.189615017491));
#1143 = CARTESIAN_POINT('',(-5.137107417232E-03,0.235178272791));
#1144 = CARTESIAN_POINT('',(-5.137845974625E-03,0.280277386336));
#1145 = CARTESIAN_POINT('',(-5.138647367818E-03,0.325013202784));
#1146 = CARTESIAN_POINT('',(-5.139508084105E-03,0.369471878363));
#1147 = CARTESIAN_POINT('',(-5.140424629642E-03,0.413727936439));
#1148 = CARTESIAN_POINT('',(-5.141393527193E-03,0.457847042991));
#1149 = CARTESIAN_POINT('',(-5.142411313176E-03,0.501888699482));
#1150 = CARTESIAN_POINT('',(-5.143474534222E-03,0.545908862074));
#1151 = CARTESIAN_POINT('',(-5.144579743477E-03,0.589962530622));
#1152 = CARTESIAN_POINT('',(-5.145723496814E-03,0.634106332857));
#1153 = CARTESIAN_POINT('',(-5.146902349121E-03,0.678401127984));
#1154 = CARTESIAN_POINT('',(-5.14811285079E-03,0.722914668073));
#1155 = CARTESIAN_POINT('',(-5.149351544502E-03,0.767724322949));
#1156 = CARTESIAN_POINT('',(-5.150614962339E-03,0.812920044434));
#1157 = CARTESIAN_POINT('',(-5.151899623501E-03,0.858607182067));
#1158 = CARTESIAN_POINT('',(-5.153202031723E-03,0.904910961818));
#1159 = CARTESIAN_POINT('',(-5.15451867604E-03,0.951976351876));
#1160 = CARTESIAN_POINT('',(-5.155403572956E-03,0.983983698226));
#1161 = CARTESIAN_POINT('',(-5.155847216898E-03,1.000173786602));
#1162 = ( GEOMETRIC_REPRESENTATION_CONTEXT(2) 
PARAMETRIC_REPRESENTATION_CONTEXT() REPRESENTATION_CONTEXT('2D SPACE',''
  ) );
#1163 = ORIENTED_EDGE('',*,*,#1164,.T.);
#1164 = EDGE_CURVE('',#1120,#1165,#1167,.T.);
#1165 = VERTEX_POINT('',#1166);
#1166 = CARTESIAN_POINT('',(6.316066890844,1.603946013551,2.68981709232)
  );
#1167 = SURFACE_CURVE('',#1168,(#1173,#1180),.PCURVE_S1.);
#1168 = CIRCLE('',#1169,5.843468843372);
#1169 = AXIS2_PLACEMENT_3D('',#1170,#1171,#1172);
#1170 = CARTESIAN_POINT('',(11.500386609992,1.419986281581,
    -1.27679940065E-15));
#1171 = DIRECTION('',(-3.546155307953E-02,-0.999371041332,
    3.937023271786E-18));
#1172 = DIRECTION('',(0.999371041332,-3.546155307953E-02,
    -1.109524740231E-16));
#1173 = PCURVE('',#187,#1174);
#1174 = DEFINITIONAL_REPRESENTATION('',(#1175),#1179);
#1175 = LINE('',#1176,#1177);
#1176 = CARTESIAN_POINT('',(3.10862446895E-15,4.712388980385));
#1177 = VECTOR('',#1178,1.);
#1178 = DIRECTION('',(1.,3.334946507967E-16));
#1179 = ( GEOMETRIC_REPRESENTATION_CONTEXT(2) 
PARAMETRIC_REPRESENTATION_CONTEXT() REPRESENTATION_CONTEXT('2D SPACE',''
  ) );
#1180 = PCURVE('',#1181,#1186);
#1181 = PLANE('',#1182);
#1182 = AXIS2_PLACEMENT_3D('',#1183,#1184,#1185);
#1183 = CARTESIAN_POINT('',(9.95,1.475,-6.75));
#1184 = DIRECTION('',(-3.546155307953E-02,-0.999371041332,
    3.937023271786E-18));
#1185 = DIRECTION('',(0.999371041332,-3.546155307953E-02,
    -1.109524740231E-16));
#1186 = DEFINITIONAL_REPRESENTATION('',(#1187),#1191);
#1187 = CIRCLE('',#1188,5.843468843372);
#1188 = AXIS2_PLACEMENT_2D('',#1189,#1190);
#1189 = CARTESIAN_POINT('',(1.55136235279,6.75));
#1190 = DIRECTION('',(1.,0.));
#1191 = ( GEOMETRIC_REPRESENTATION_CONTEXT(2) 
PARAMETRIC_REPRESENTATION_CONTEXT() REPRESENTATION_CONTEXT('2D SPACE',''
  ) );
#1192 = ORIENTED_EDGE('',*,*,#1193,.F.);
#1193 = EDGE_CURVE('',#629,#1165,#1194,.T.);
#1194 = SURFACE_CURVE('',#1195,(#1200,#1206),.PCURVE_S1.);
#1195 = B_SPLINE_CURVE_WITH_KNOTS('',3,(#1196,#1197,#1198,#1199),
  .UNSPECIFIED.,.F.,.F.,(4,4),(0.,3.944748734631E-04),
  .PIECEWISE_BEZIER_KNOTS.);
#1196 = CARTESIAN_POINT('',(6.0601347623,1.387376305525,2.842588579871)
  );
#1197 = CARTESIAN_POINT('',(6.09295490425,1.515483877944,2.825161061173)
  );
#1198 = CARTESIAN_POINT('',(6.204110439935,1.607918661809,2.758693406339
    ));
#1199 = CARTESIAN_POINT('',(6.316066890844,1.603946013551,2.68981709232)
  );
#1200 = PCURVE('',#187,#1201);
#1201 = DEFINITIONAL_REPRESENTATION('',(#1202),#1205);
#1202 = B_SPLINE_CURVE_WITH_KNOTS('',1,(#1203,#1204),.UNSPECIFIED.,.F.,
  .F.,(2,2),(0.,3.944748734631E-04),.PIECEWISE_BEZIER_KNOTS.);
#1203 = CARTESIAN_POINT('',(8.94293893821,6.032257810919));
#1204 = CARTESIAN_POINT('',(8.946431681831,4.712388980385));
#1205 = ( GEOMETRIC_REPRESENTATION_CONTEXT(2) 
PARAMETRIC_REPRESENTATION_CONTEXT() REPRESENTATION_CONTEXT('2D SPACE',''
  ) );
#1206 = PCURVE('',#666,#1207);
#1207 = DEFINITIONAL_REPRESENTATION('',(#1208),#1234);
#1208 = B_SPLINE_CURVE_WITH_KNOTS('',3,(#1209,#1210,#1211,#1212,#1213,
    #1214,#1215,#1216,#1217,#1218,#1219,#1220,#1221,#1222,#1223,#1224,
    #1225,#1226,#1227,#1228,#1229,#1230,#1231,#1232,#1233),
  .UNSPECIFIED.,.F.,.F.,(4,1,1,1,1,1,1,1,1,1,1,1,1,1,1,1,1,1,1,1,1,1,4),
  (0.,1.793067606651E-05,3.586135213301E-05,5.379202819952E-05,
    7.172270426602E-05,8.965338033253E-05,1.07584056399E-04,
    1.255147324655E-04,1.43445408532E-04,1.613760845986E-04,
    1.793067606651E-04,1.972374367316E-04,2.151681127981E-04,
    2.330987888646E-04,2.510294649311E-04,2.689601409976E-04,
    2.868908170641E-04,3.048214931306E-04,3.227521691971E-04,
    3.406828452636E-04,3.586135213301E-04,3.765441973966E-04,
    3.944748734631E-04),.QUASI_UNIFORM_KNOTS.);
#1209 = CARTESIAN_POINT('',(5.052097513236E-03,-2.212604741878E-04));
#1210 = CARTESIAN_POINT('',(5.052205738826E-03,1.627542242791E-02));
#1211 = CARTESIAN_POINT('',(5.052450009805E-03,4.884007264858E-02));
#1212 = CARTESIAN_POINT('',(5.052896317139E-03,9.659466836424E-02));
#1213 = CARTESIAN_POINT('',(5.053418962102E-03,0.143463006183));
#1214 = CARTESIAN_POINT('',(5.054014397958E-03,0.189607966782));
#1215 = CARTESIAN_POINT('',(5.05467909357E-03,0.235170372815));
#1216 = CARTESIAN_POINT('',(5.055409536481E-03,0.280268680607));
#1217 = CARTESIAN_POINT('',(5.05620223315E-03,0.325003747328));
#1218 = CARTESIAN_POINT('',(5.057053708387E-03,0.369461740914));
#1219 = CARTESIAN_POINT('',(5.057960503694E-03,0.413717195304));
#1220 = CARTESIAN_POINT('',(5.058919174894E-03,0.457835785569));
#1221 = CARTESIAN_POINT('',(5.059926289228E-03,0.501877020471));
#1222 = CARTESIAN_POINT('',(5.060978422156E-03,0.545896861415));
#1223 = CARTESIAN_POINT('',(5.062072154052E-03,0.589950311288));
#1224 = CARTESIAN_POINT('',(5.063204066932E-03,0.634093998582));
#1225 = CARTESIAN_POINT('',(5.064370741341E-03,0.678388781064));
#1226 = CARTESIAN_POINT('',(5.06556875345E-03,0.722902407347));
#1227 = CARTESIAN_POINT('',(5.06679467243E-03,0.76771224206));
#1228 = CARTESIAN_POINT('',(5.068045058056E-03,0.812908230442));
#1229 = CARTESIAN_POINT('',(5.069316458796E-03,0.858595714459));
#1230 = CARTESIAN_POINT('',(5.070605409532E-03,0.904899911948));
#1231 = CARTESIAN_POINT('',(5.071908432186E-03,0.95196578275));
#1232 = CARTESIAN_POINT('',(5.072784162136E-03,0.983973486276));
#1233 = CARTESIAN_POINT('',(5.07322320691E-03,1.000163761061));
#1234 = ( GEOMETRIC_REPRESENTATION_CONTEXT(2) 
PARAMETRIC_REPRESENTATION_CONTEXT() REPRESENTATION_CONTEXT('2D SPACE',''
  ) );
#1235 = ORIENTED_EDGE('',*,*,#628,.F.);
#1236 = ORIENTED_EDGE('',*,*,#148,.F.);
#1237 = ORIENTED_EDGE('',*,*,#1238,.F.);
#1238 = EDGE_CURVE('',#1118,#80,#1239,.T.);
#1239 = SURFACE_CURVE('',#1240,(#1245,#1251),.PCURVE_S1.);
#1240 = B_SPLINE_CURVE_WITH_KNOTS('',3,(#1241,#1242,#1243,#1244),
  .UNSPECIFIED.,.F.,.F.,(4,4),(1.788112030673E-18,1.888897661819E-05),
  .PIECEWISE_BEZIER_KNOTS.);
#1241 = CARTESIAN_POINT('',(6.0601347623,1.387376305525,-2.842588579871)
  );
#1242 = CARTESIAN_POINT('',(6.058551475081,1.381196226155,-2.84342930651
    ));
#1243 = CARTESIAN_POINT('',(6.057871499082,1.375247154555,
    -2.845379867836));
#1244 = CARTESIAN_POINT('',(6.057871499082,1.369469502889,
    -2.848157915258));
#1245 = PCURVE('',#187,#1246);
#1246 = DEFINITIONAL_REPRESENTATION('',(#1247),#1250);
#1247 = B_SPLINE_CURVE_WITH_KNOTS('',1,(#1248,#1249),.UNSPECIFIED.,.F.,
  .F.,(2,2),(1.788112030673E-18,1.888897661819E-05),
  .PIECEWISE_BEZIER_KNOTS.);
#1248 = CARTESIAN_POINT('',(3.623431676149,6.032257810919));
#1249 = CARTESIAN_POINT('',(3.624112887686,6.093669711299));
#1250 = ( GEOMETRIC_REPRESENTATION_CONTEXT(2) 
PARAMETRIC_REPRESENTATION_CONTEXT() REPRESENTATION_CONTEXT('2D SPACE',''
  ) );
#1251 = PCURVE('',#96,#1252);
#1252 = DEFINITIONAL_REPRESENTATION('',(#1253),#1256);
#1253 = B_SPLINE_CURVE_WITH_KNOTS('',1,(#1254,#1255),.UNSPECIFIED.,.F.,
  .F.,(2,2),(1.788112030673E-18,1.888897661819E-05),
  .PIECEWISE_BEZIER_KNOTS.);
#1254 = CARTESIAN_POINT('',(0.786191410509,4.258336703248));
#1255 = CARTESIAN_POINT('',(0.785595848789,4.264201103327));
#1256 = ( GEOMETRIC_REPRESENTATION_CONTEXT(2) 
PARAMETRIC_REPRESENTATION_CONTEXT() REPRESENTATION_CONTEXT('2D SPACE',''
  ) );
#1257 = ADVANCED_FACE('',(#1258),#96,.T.);
#1258 = FACE_BOUND('',#1259,.T.);
#1259 = EDGE_LOOP('',(#1260,#1285,#1406,#1426,#1427,#1428,#1450));
#1260 = ORIENTED_EDGE('',*,*,#1261,.F.);
#1261 = EDGE_CURVE('',#1262,#1264,#1266,.T.);
#1262 = VERTEX_POINT('',#1263);
#1263 = CARTESIAN_POINT('',(2.2,1.749772130265,-2.823990346112E-02));
#1264 = VERTEX_POINT('',#1265);
#1265 = CARTESIAN_POINT('',(2.2,-1.749772130265,-2.823990346109E-02));
#1266 = SURFACE_CURVE('',#1267,(#1272,#1278),.PCURVE_S1.);
#1267 = CIRCLE('',#1268,1.75);
#1268 = AXIS2_PLACEMENT_3D('',#1269,#1270,#1271);
#1269 = CARTESIAN_POINT('',(2.2,0.,-2.442490654175E-16));
#1270 = DIRECTION('',(-1.,0.,1.110223024625E-16));
#1271 = DIRECTION('',(1.110223024625E-16,0.,1.));
#1272 = PCURVE('',#96,#1273);
#1273 = DEFINITIONAL_REPRESENTATION('',(#1274),#1277);
#1274 = B_SPLINE_CURVE_WITH_KNOTS('',1,(#1275,#1276),.UNSPECIFIED.,.F.,
  .F.,(2,2),(1.586934114934,4.696251192246),.PIECEWISE_BEZIER_KNOTS.);
#1275 = CARTESIAN_POINT('',(-2.707582643719E-10,3.157663131296));
#1276 = CARTESIAN_POINT('',(-2.707582650428E-10,6.267114829474));
#1277 = ( GEOMETRIC_REPRESENTATION_CONTEXT(2) 
PARAMETRIC_REPRESENTATION_CONTEXT() REPRESENTATION_CONTEXT('2D SPACE',''
  ) );
#1278 = PCURVE('',#885,#1279);
#1279 = DEFINITIONAL_REPRESENTATION('',(#1280),#1284);
#1280 = CIRCLE('',#1281,1.75);
#1281 = AXIS2_PLACEMENT_2D('',#1282,#1283);
#1282 = CARTESIAN_POINT('',(0.,0.));
#1283 = DIRECTION('',(1.,0.));
#1284 = ( GEOMETRIC_REPRESENTATION_CONTEXT(2) 
PARAMETRIC_REPRESENTATION_CONTEXT() REPRESENTATION_CONTEXT('2D SPACE',''
  ) );
#1285 = ORIENTED_EDGE('',*,*,#1286,.T.);
#1286 = EDGE_CURVE('',#1262,#1287,#1289,.T.);
#1287 = VERTEX_POINT('',#1288);
#1288 = CARTESIAN_POINT('',(6.057871499082,1.387539603882,
    -2.839398541461));
#1289 = SURFACE_CURVE('',#1290,(#1304,#1355),.PCURVE_S1.);
#1290 = B_SPLINE_CURVE_WITH_KNOTS('',3,(#1291,#1292,#1293,#1294,#1295,
    #1296,#1297,#1298,#1299,#1300,#1301,#1302,#1303),.UNSPECIFIED.,.F.,
  .F.,(4,1,1,1,1,1,1,1,1,1,4),(-5.999999050799E-08,1.546853022564E-04,
    3.094306045034E-04,6.189212089973E-04,9.284118134912E-04,
    1.237902417985E-03,1.856883626973E-03,2.475864835961E-03,
    3.094846044949E-03,3.713827253936E-03,4.951789671912E-03),
  .UNSPECIFIED.);
#1291 = CARTESIAN_POINT('',(2.2,1.749772130265,-2.823990346079E-02));
#1292 = CARTESIAN_POINT('',(2.218100841626,1.748992045824,
    -7.653513853058E-02));
#1293 = CARTESIAN_POINT('',(2.309865780392,1.745024176262,
    -0.138139089329));
#1294 = CARTESIAN_POINT('',(2.490664799224,1.737050996388,
    -0.226116771057));
#1295 = CARTESIAN_POINT('',(2.732679092367,1.726036973004,
    -0.313295699608));
#1296 = CARTESIAN_POINT('',(3.022722868183,1.711986890066,-0.41224223894
    ));
#1297 = CARTESIAN_POINT('',(3.409068768223,1.691605568055,
    -0.547496859623));
#1298 = CARTESIAN_POINT('',(3.881730671553,1.662376342752,
    -0.736884328503));
#1299 = CARTESIAN_POINT('',(4.42415337352,1.614452157942,-1.036530907953
    ));
#1300 = CARTESIAN_POINT('',(4.90004477397,1.547571581049,-1.413194451846
    ));
#1301 = CARTESIAN_POINT('',(5.461537028311,1.450348476077,-2.00526205207
    ));
#1302 = CARTESIAN_POINT('',(5.820025930782,1.404745946178,
    -2.502609006388));
#1303 = CARTESIAN_POINT('',(6.057871499082,1.387539603882,
    -2.839398541461));
#1304 = PCURVE('',#96,#1305);
#1305 = DEFINITIONAL_REPRESENTATION('',(#1306),#1354);
#1306 = B_SPLINE_CURVE_WITH_KNOTS('',3,(#1307,#1308,#1309,#1310,#1311,
    #1312,#1313,#1314,#1315,#1316,#1317,#1318,#1319,#1320,#1321,#1322,
    #1323,#1324,#1325,#1326,#1327,#1328,#1329,#1330,#1331,#1332,#1333,
    #1334,#1335,#1336,#1337,#1338,#1339,#1340,#1341,#1342,#1343,#1344,
    #1345,#1346,#1347,#1348,#1349,#1350,#1351,#1352,#1353),
  .UNSPECIFIED.,.F.,.F.,(4,1,1,1,1,1,1,1,1,1,1,1,1,1,1,1,1,1,1,1,1,1,1,1
    ,1,1,1,1,1,1,1,1,1,1,1,1,1,1,1,1,1,1,1,1,4),(-5.999999050799E-08,
    1.124820380073E-04,2.250240760051E-04,3.375661140028E-04,
    4.501081520006E-04,5.626501899984E-04,6.751922279962E-04,
    7.87734265994E-04,9.002763039918E-04,1.01281834199E-03,
    1.125360379987E-03,1.237902417985E-03,1.350444455983E-03,
    1.462986493981E-03,1.575528531978E-03,1.688070569976E-03,
    1.800612607974E-03,1.913154645972E-03,2.02569668397E-03,
    2.138238721967E-03,2.250780759965E-03,2.363322797963E-03,
    2.475864835961E-03,2.588406873958E-03,2.700948911956E-03,
    2.813490949954E-03,2.926032987952E-03,3.03857502595E-03,
    3.151117063947E-03,3.263659101945E-03,3.376201139943E-03,
    3.488743177941E-03,3.601285215939E-03,3.713827253936E-03,
    3.826369291934E-03,3.938911329932E-03,4.05145336793E-03,
    4.163995405927E-03,4.276537443925E-03,4.389079481923E-03,
    4.501621519921E-03,4.614163557919E-03,4.726705595916E-03,
    4.839247633914E-03,4.951789671912E-03),.UNSPECIFIED.);
#1307 = CARTESIAN_POINT('',(-2.707582037743E-10,3.157663131295));
#1308 = CARTESIAN_POINT('',(1.895640294635E-03,3.176885932406));
#1309 = CARTESIAN_POINT('',(7.587454292987E-03,3.207389821199));
#1310 = CARTESIAN_POINT('',(1.950146613014E-02,3.237794273988));
#1311 = CARTESIAN_POINT('',(3.101020755626E-02,3.264166072143));
#1312 = CARTESIAN_POINT('',(4.34290045272E-02,3.287866560851));
#1313 = CARTESIAN_POINT('',(5.633004100535E-02,3.309907907549));
#1314 = CARTESIAN_POINT('',(6.966035333828E-02,3.331128041433));
#1315 = CARTESIAN_POINT('',(8.334019258555E-02,3.352056347666));
#1316 = CARTESIAN_POINT('',(9.741333346516E-02,3.372836353311));
#1317 = CARTESIAN_POINT('',(0.111901125332,3.393698514979));
#1318 = CARTESIAN_POINT('',(0.126810961449,3.414786514581));
#1319 = CARTESIAN_POINT('',(0.142140167855,3.436226649633));
#1320 = CARTESIAN_POINT('',(0.157886860557,3.458141724652));
#1321 = CARTESIAN_POINT('',(0.174067569751,3.480634828516));
#1322 = CARTESIAN_POINT('',(0.190699509129,3.503801844593));
#1323 = CARTESIAN_POINT('',(0.207800471172,3.527730737025));
#1324 = CARTESIAN_POINT('',(0.225387079732,3.552495466279));
#1325 = CARTESIAN_POINT('',(0.243480624177,3.578171396879));
#1326 = CARTESIAN_POINT('',(0.262079022315,3.604756335041));
#1327 = CARTESIAN_POINT('',(0.281150442595,3.632176271629));
#1328 = CARTESIAN_POINT('',(0.300658271406,3.660364183256));
#1329 = CARTESIAN_POINT('',(0.320553705908,3.689243004325));
#1330 = CARTESIAN_POINT('',(0.340776431711,3.718730919545));
#1331 = CARTESIAN_POINT('',(0.361253615184,3.748740797809));
#1332 = CARTESIAN_POINT('',(0.381972786538,3.779112123929));
#1333 = CARTESIAN_POINT('',(0.402915801065,3.809683023298));
#1334 = CARTESIAN_POINT('',(0.42405761036,3.840293620524));
#1335 = CARTESIAN_POINT('',(0.445366035296,3.870785709903));
#1336 = CARTESIAN_POINT('',(0.466802476235,3.901016254394));
#1337 = CARTESIAN_POINT('',(0.488320995173,3.930810285404));
#1338 = CARTESIAN_POINT('',(0.509866264337,3.959970070037));
#1339 = CARTESIAN_POINT('',(0.531374379101,3.988329697971));
#1340 = CARTESIAN_POINT('',(0.552778871297,4.015744197627));
#1341 = CARTESIAN_POINT('',(0.57401401257,4.042092382674));
#1342 = CARTESIAN_POINT('',(0.59501787962,4.06727588471));
#1343 = CARTESIAN_POINT('',(0.615742302964,4.09128855032));
#1344 = CARTESIAN_POINT('',(0.636147720472,4.114135463753));
#1345 = CARTESIAN_POINT('',(0.656203238869,4.135831550981));
#1346 = CARTESIAN_POINT('',(0.675886127086,4.156399537578));
#1347 = CARTESIAN_POINT('',(0.695180871922,4.175868299013));
#1348 = CARTESIAN_POINT('',(0.714078093769,4.194271351958));
#1349 = CARTESIAN_POINT('',(0.732573443276,4.21164556093));
#1350 = CARTESIAN_POINT('',(0.750666684972,4.228030039954));
#1351 = CARTESIAN_POINT('',(0.768360587131,4.243465220979));
#1352 = CARTESIAN_POINT('',(0.779894318375,4.253149837742));
#1353 = CARTESIAN_POINT('',(0.7855964833,4.257847581441));
#1354 = ( GEOMETRIC_REPRESENTATION_CONTEXT(2) 
PARAMETRIC_REPRESENTATION_CONTEXT() REPRESENTATION_CONTEXT('2D SPACE',''
  ) );
#1355 = PCURVE('',#666,#1356);
#1356 = DEFINITIONAL_REPRESENTATION('',(#1357),#1405);
#1357 = B_SPLINE_CURVE_WITH_KNOTS('',3,(#1358,#1359,#1360,#1361,#1362,
    #1363,#1364,#1365,#1366,#1367,#1368,#1369,#1370,#1371,#1372,#1373,
    #1374,#1375,#1376,#1377,#1378,#1379,#1380,#1381,#1382,#1383,#1384,
    #1385,#1386,#1387,#1388,#1389,#1390,#1391,#1392,#1393,#1394,#1395,
    #1396,#1397,#1398,#1399,#1400,#1401,#1402,#1403,#1404),
  .UNSPECIFIED.,.F.,.F.,(4,1,1,1,1,1,1,1,1,1,1,1,1,1,1,1,1,1,1,1,1,1,1,1
    ,1,1,1,1,1,1,1,1,1,1,1,1,1,1,1,1,1,1,1,1,4),(-5.999999050799E-08,
    1.124820380073E-04,2.250240760051E-04,3.375661140028E-04,
    4.501081520006E-04,5.626501899984E-04,6.751922279962E-04,
    7.87734265994E-04,9.002763039918E-04,1.01281834199E-03,
    1.125360379987E-03,1.237902417985E-03,1.350444455983E-03,
    1.462986493981E-03,1.575528531978E-03,1.688070569976E-03,
    1.800612607974E-03,1.913154645972E-03,2.02569668397E-03,
    2.138238721967E-03,2.250780759965E-03,2.363322797963E-03,
    2.475864835961E-03,2.588406873958E-03,2.700948911956E-03,
    2.813490949954E-03,2.926032987952E-03,3.03857502595E-03,
    3.151117063947E-03,3.263659101945E-03,3.376201139943E-03,
    3.488743177941E-03,3.601285215939E-03,3.713827253936E-03,
    3.826369291934E-03,3.938911329932E-03,4.05145336793E-03,
    4.163995405927E-03,4.276537443925E-03,4.389079481923E-03,
    4.501621519921E-03,4.614163557919E-03,4.726705595916E-03,
    4.839247633914E-03,4.951789671912E-03),.UNSPECIFIED.);
#1358 = CARTESIAN_POINT('',(-4.850410969772E-05,4.662987995615E-02));
#1359 = CARTESIAN_POINT('',(-7.809424751022E-05,1.080487263109E-02));
#1360 = CARTESIAN_POINT('',(-1.455348091531E-04,-1.261119367705E-02));
#1361 = CARTESIAN_POINT('',(-2.599264389524E-04,2.580768226399E-02));
#1362 = CARTESIAN_POINT('',(-3.666289711008E-04,-7.392315287872E-03));
#1363 = CARTESIAN_POINT('',(-4.775168705478E-04,1.637392228437E-03));
#1364 = CARTESIAN_POINT('',(-5.89591302675E-04,-1.281440284936E-03));
#1365 = CARTESIAN_POINT('',(-7.021959897308E-04,1.855028947436E-03));
#1366 = CARTESIAN_POINT('',(-8.144662614042E-04,3.648818873601E-04));
#1367 = CARTESIAN_POINT('',(-9.267961966729E-04,2.153444440666E-05));
#1368 = CARTESIAN_POINT('',(-1.039394593486E-03,-4.434248082199E-04));
#1369 = CARTESIAN_POINT('',(-1.152314947567E-03,-2.163475974714E-04));
#1370 = CARTESIAN_POINT('',(-1.265451620716E-03,8.367969627284E-05));
#1371 = CARTESIAN_POINT('',(-1.378724216176E-03,3.164822399981E-04));
#1372 = CARTESIAN_POINT('',(-1.492188365849E-03,6.249933999366E-04));
#1373 = CARTESIAN_POINT('',(-1.60594141681E-03,7.138922493326E-04));
#1374 = CARTESIAN_POINT('',(-1.720079608302E-03,5.238439637545E-04));
#1375 = CARTESIAN_POINT('',(-1.834694775464E-03,1.109471954375E-04));
#1376 = CARTESIAN_POINT('',(-1.949919442118E-03,-4.850081218962E-04));
#1377 = CARTESIAN_POINT('',(-2.065718488988E-03,-2.951013669127E-04));
#1378 = CARTESIAN_POINT('',(-2.181940284282E-03,-4.58773069513E-04));
#1379 = CARTESIAN_POINT('',(-2.298532224287E-03,6.00698590462E-06));
#1380 = CARTESIAN_POINT('',(-2.415403417093E-03,2.47148232183E-04));
#1381 = CARTESIAN_POINT('',(-2.532480197752E-03,1.984138338373E-04));
#1382 = CARTESIAN_POINT('',(-2.64969628239E-03,-2.777510329123E-04));
#1383 = CARTESIAN_POINT('',(-2.767210373828E-03,-1.583914903564E-04));
#1384 = CARTESIAN_POINT('',(-2.885075280375E-03,1.276024613589E-04));
#1385 = CARTESIAN_POINT('',(-3.00336441598E-03,4.030965177962E-04));
#1386 = CARTESIAN_POINT('',(-3.122154781921E-03,5.191560675985E-04));
#1387 = CARTESIAN_POINT('',(-3.241534812259E-03,3.167293648868E-04));
#1388 = CARTESIAN_POINT('',(-3.361578835359E-03,-4.590732805363E-05));
#1389 = CARTESIAN_POINT('',(-3.482105836065E-03,-4.029136920862E-04));
#1390 = CARTESIAN_POINT('',(-3.602872629488E-03,-3.40739791792E-04));
#1391 = CARTESIAN_POINT('',(-3.723613434121E-03,-3.583137998059E-04));
#1392 = CARTESIAN_POINT('',(-3.844081517374E-03,-3.501916680444E-04));
#1393 = CARTESIAN_POINT('',(-3.964032512803E-03,-2.3522167996E-06));
#1394 = CARTESIAN_POINT('',(-4.083373856157E-03,1.268408603963E-04));
#1395 = CARTESIAN_POINT('',(-4.202115682979E-03,1.533502556064E-04));
#1396 = CARTESIAN_POINT('',(-4.320253977894E-03,5.80759465154E-05));
#1397 = CARTESIAN_POINT('',(-4.437792517736E-03,-9.543181312033E-05));
#1398 = CARTESIAN_POINT('',(-4.554733191917E-03,-3.622941313655E-04));
#1399 = CARTESIAN_POINT('',(-4.671086426869E-03,-3.514449254161E-04));
#1400 = CARTESIAN_POINT('',(-4.786849678371E-03,-3.561128260301E-04));
#1401 = CARTESIAN_POINT('',(-4.902027037038E-03,-3.482904295234E-04));
#1402 = CARTESIAN_POINT('',(-5.016621150655E-03,-3.749121149363E-04));
#1403 = CARTESIAN_POINT('',(-5.09263101564E-03,-3.091358848397E-04));
#1404 = CARTESIAN_POINT('',(-5.130539989256E-03,-2.385862455482E-04));
#1405 = ( GEOMETRIC_REPRESENTATION_CONTEXT(2) 
PARAMETRIC_REPRESENTATION_CONTEXT() REPRESENTATION_CONTEXT('2D SPACE',''
  ) );
#1406 = ORIENTED_EDGE('',*,*,#1407,.T.);
#1407 = EDGE_CURVE('',#1287,#1118,#1408,.T.);
#1408 = SURFACE_CURVE('',#1409,(#1414,#1420),.PCURVE_S1.);
#1409 = B_SPLINE_CURVE_WITH_KNOTS('',3,(#1410,#1411,#1412,#1413),
  .UNSPECIFIED.,.F.,.F.,(4,4),(-5.99980478776E-08,3.85476526657E-06),
  .PIECEWISE_BEZIER_KNOTS.);
#1410 = CARTESIAN_POINT('',(6.057871499082,1.387539603882,
    -2.839398541461));
#1411 = CARTESIAN_POINT('',(6.058625848498,1.387485150309,
    -2.840461937368));
#1412 = CARTESIAN_POINT('',(6.059380268543,1.387430717558,-2.84152528424
    ));
#1413 = CARTESIAN_POINT('',(6.0601347623,1.387376305525,-2.842588579871)
  );
#1414 = PCURVE('',#96,#1415);
#1415 = DEFINITIONAL_REPRESENTATION('',(#1416),#1419);
#1416 = B_SPLINE_CURVE_WITH_KNOTS('',1,(#1417,#1418),.UNSPECIFIED.,.F.,
  .F.,(2,2),(-5.99980478776E-08,3.85476526657E-06),
  .PIECEWISE_BEZIER_KNOTS.);
#1417 = CARTESIAN_POINT('',(0.7855964833,4.257847581441));
#1418 = CARTESIAN_POINT('',(0.786191410509,4.258336703248));
#1419 = ( GEOMETRIC_REPRESENTATION_CONTEXT(2) 
PARAMETRIC_REPRESENTATION_CONTEXT() REPRESENTATION_CONTEXT('2D SPACE',''
  ) );
#1420 = PCURVE('',#666,#1421);
#1421 = DEFINITIONAL_REPRESENTATION('',(#1422),#1425);
#1422 = B_SPLINE_CURVE_WITH_KNOTS('',1,(#1423,#1424),.UNSPECIFIED.,.F.,
  .F.,(2,2),(-5.99980478776E-08,3.85476526657E-06),
  .PIECEWISE_BEZIER_KNOTS.);
#1423 = CARTESIAN_POINT('',(-5.130539989256E-03,-2.385862455478E-04));
#1424 = CARTESIAN_POINT('',(-5.134495550975E-03,-2.177718001623E-04));
#1425 = ( GEOMETRIC_REPRESENTATION_CONTEXT(2) 
PARAMETRIC_REPRESENTATION_CONTEXT() REPRESENTATION_CONTEXT('2D SPACE',''
  ) );
#1426 = ORIENTED_EDGE('',*,*,#1238,.T.);
#1427 = ORIENTED_EDGE('',*,*,#79,.T.);
#1428 = ORIENTED_EDGE('',*,*,#1429,.T.);
#1429 = EDGE_CURVE('',#24,#1430,#1432,.T.);
#1430 = VERTEX_POINT('',#1431);
#1431 = CARTESIAN_POINT('',(6.057871499082,-1.387539603882,
    -2.839398541461));
#1432 = SURFACE_CURVE('',#1433,(#1438,#1444),.PCURVE_S1.);
#1433 = CIRCLE('',#1434,3.160292744286);
#1434 = AXIS2_PLACEMENT_3D('',#1435,#1436,#1437);
#1435 = CARTESIAN_POINT('',(6.057871499082,0.,-6.725588418502E-16));
#1436 = DIRECTION('',(-1.,0.,1.110223024625E-16));
#1437 = DIRECTION('',(1.110223024625E-16,0.,1.));
#1438 = PCURVE('',#96,#1439);
#1439 = DEFINITIONAL_REPRESENTATION('',(#1440),#1443);
#1440 = B_SPLINE_CURVE_WITH_KNOTS('',1,(#1441,#1442),.UNSPECIFIED.,.F.,
  .F.,(2,2),(3.589784059644,3.596138296417),.PIECEWISE_BEZIER_KNOTS.);
#1441 = CARTESIAN_POINT('',(0.785595848789,5.160576857442));
#1442 = CARTESIAN_POINT('',(0.7855964833,5.166930379329));
#1443 = ( GEOMETRIC_REPRESENTATION_CONTEXT(2) 
PARAMETRIC_REPRESENTATION_CONTEXT() REPRESENTATION_CONTEXT('2D SPACE',''
  ) );
#1444 = PCURVE('',#408,#1445);
#1445 = DEFINITIONAL_REPRESENTATION('',(#1446),#1449);
#1446 = B_SPLINE_CURVE_WITH_KNOTS('',1,(#1447,#1448),.UNSPECIFIED.,.F.,
  .F.,(2,2),(3.589784059644,3.596138296417),.PIECEWISE_BEZIER_KNOTS.);
#1447 = CARTESIAN_POINT('',(6.066179628948,2.268343128949E-02));
#1448 = CARTESIAN_POINT('',(6.004758482982,1.454320235944E-02));
#1449 = ( GEOMETRIC_REPRESENTATION_CONTEXT(2) 
PARAMETRIC_REPRESENTATION_CONTEXT() REPRESENTATION_CONTEXT('2D SPACE',''
  ) );
#1450 = ORIENTED_EDGE('',*,*,#1451,.T.);
#1451 = EDGE_CURVE('',#1430,#1264,#1452,.T.);
#1452 = SURFACE_CURVE('',#1453,(#1467,#1518),.PCURVE_S1.);
#1453 = B_SPLINE_CURVE_WITH_KNOTS('',3,(#1454,#1455,#1456,#1457,#1458,
    #1459,#1460,#1461,#1462,#1463,#1464,#1465,#1466),.UNSPECIFIED.,.F.,
  .F.,(4,1,1,1,1,1,1,1,1,1,4),(-5.999999999436E-08,1.227436500123E-03,
    1.841184750185E-03,2.454933000246E-03,3.068681250308E-03,
    3.682429500369E-03,3.9893036254E-03,4.296177750431E-03,
    4.603051875462E-03,4.756488937977E-03,4.909926000492E-03),
  .UNSPECIFIED.);
#1454 = CARTESIAN_POINT('',(6.057871499082,-1.387539603882,
    -2.839398541461));
#1455 = CARTESIAN_POINT('',(5.822169956459,-1.407782121393,
    -2.505555120507));
#1456 = CARTESIAN_POINT('',(5.46268787003,-1.4494359169,-2.006869446356)
  );
#1457 = CARTESIAN_POINT('',(4.903326722219,-1.547146056114,
    -1.416370528104));
#1458 = CARTESIAN_POINT('',(4.429132493158,-1.613833161954,
    -1.039953433516));
#1459 = CARTESIAN_POINT('',(3.888559335678,-1.661901710517,
    -0.740013707668));
#1460 = CARTESIAN_POINT('',(3.413848534952,-1.691338158474,
    -0.549239453857));
#1461 = CARTESIAN_POINT('',(3.025998648575,-1.711823270015,
    -0.413345017126));
#1462 = CARTESIAN_POINT('',(2.735076086357,-1.725925832093,
    -0.314171451328));
#1463 = CARTESIAN_POINT('',(2.491902901682,-1.736995980134,
    -0.226505725107));
#1464 = CARTESIAN_POINT('',(2.310525886064,-1.744995296646,
    -0.138735076393));
#1465 = CARTESIAN_POINT('',(2.217947809793,-1.748999273688,
    -7.61268554136E-02));
#1466 = CARTESIAN_POINT('',(2.2,-1.749772130265,-2.823990346107E-02));
#1467 = PCURVE('',#96,#1468);
#1468 = DEFINITIONAL_REPRESENTATION('',(#1469),#1517);
#1469 = B_SPLINE_CURVE_WITH_KNOTS('',3,(#1470,#1471,#1472,#1473,#1474,
    #1475,#1476,#1477,#1478,#1479,#1480,#1481,#1482,#1483,#1484,#1485,
    #1486,#1487,#1488,#1489,#1490,#1491,#1492,#1493,#1494,#1495,#1496,
    #1497,#1498,#1499,#1500,#1501,#1502,#1503,#1504,#1505,#1506,#1507,
    #1508,#1509,#1510,#1511,#1512,#1513,#1514,#1515,#1516),
  .UNSPECIFIED.,.F.,.F.,(4,1,1,1,1,1,1,1,1,1,1,1,1,1,1,1,1,1,1,1,1,1,1,1
    ,1,1,1,1,1,1,1,1,1,1,1,1,1,1,1,1,1,1,1,1,4),(-5.999999999436E-08,
    1.115305909203E-04,2.231211818406E-04,3.347117727609E-04,
    4.463023636811E-04,5.578929546014E-04,6.694835455217E-04,
    7.81074136442E-04,8.926647273623E-04,1.004255318283E-03,
    1.115845909203E-03,1.227436500123E-03,1.339027091043E-03,
    1.450617681964E-03,1.562208272884E-03,1.673798863804E-03,
    1.785389454725E-03,1.896980045645E-03,2.008570636565E-03,
    2.120161227485E-03,2.231751818406E-03,2.343342409326E-03,
    2.454933000246E-03,2.566523591167E-03,2.678114182087E-03,
    2.789704773007E-03,2.901295363927E-03,3.012885954848E-03,
    3.124476545768E-03,3.236067136688E-03,3.347657727609E-03,
    3.459248318529E-03,3.570838909449E-03,3.682429500369E-03,
    3.79402009129E-03,3.90561068221E-03,4.01720127313E-03,
    4.12879186405E-03,4.240382454971E-03,4.351973045891E-03,
    4.463563636811E-03,4.575154227732E-03,4.686744818652E-03,
    4.798335409572E-03,4.909926000492E-03),.UNSPECIFIED.);
#1470 = CARTESIAN_POINT('',(0.7855964833,5.166930379329));
#1471 = CARTESIAN_POINT('',(0.779961213485,5.171669412761));
#1472 = CARTESIAN_POINT('',(0.768548046478,5.181417490748));
#1473 = CARTESIAN_POINT('',(0.750997654369,5.196896423546));
#1474 = CARTESIAN_POINT('',(0.733012699736,5.213278957471));
#1475 = CARTESIAN_POINT('',(0.714593326752,5.230611867801));
#1476 = CARTESIAN_POINT('',(0.695743377657,5.248940963749));
#1477 = CARTESIAN_POINT('',(0.676471709623,5.268310142772));
#1478 = CARTESIAN_POINT('',(0.656793222657,5.28876016682));
#1479 = CARTESIAN_POINT('',(0.636730054898,5.310327213144));
#1480 = CARTESIAN_POINT('',(0.616312669214,5.333041152678));
#1481 = CARTESIAN_POINT('',(0.595580667262,5.356923609568));
#1482 = CARTESIAN_POINT('',(0.574582973964,5.381985620969));
#1483 = CARTESIAN_POINT('',(0.553377253894,5.408225649157));
#1484 = CARTESIAN_POINT('',(0.532020324472,5.435541207511));
#1485 = CARTESIAN_POINT('',(0.510572036374,5.463807618573));
#1486 = CARTESIAN_POINT('',(0.489092551717,5.49287713779));
#1487 = CARTESIAN_POINT('',(0.467639799398,5.522582208764));
#1488 = CARTESIAN_POINT('',(0.446263139559,5.552724514031));
#1489 = CARTESIAN_POINT('',(0.42500658377,5.583131043622));
#1490 = CARTESIAN_POINT('',(0.403910297242,5.613661909267));
#1491 = CARTESIAN_POINT('',(0.383007326521,5.644161505187));
#1492 = CARTESIAN_POINT('',(0.362323696671,5.67447226999));
#1493 = CARTESIAN_POINT('',(0.341878360726,5.704434198603));
#1494 = CARTESIAN_POINT('',(0.321684390867,5.733888111597));
#1495 = CARTESIAN_POINT('',(0.301809448753,5.762749298574));
#1496 = CARTESIAN_POINT('',(0.282309497762,5.790938524741));
#1497 = CARTESIAN_POINT('',(0.263229611681,5.818381480893));
#1498 = CARTESIAN_POINT('',(0.244603649089,5.845013640476));
#1499 = CARTESIAN_POINT('',(0.2264600121,5.870764753087));
#1500 = CARTESIAN_POINT('',(0.208803498531,5.895630605944));
#1501 = CARTESIAN_POINT('',(0.191620496947,5.91967826668));
#1502 = CARTESIAN_POINT('',(0.174899934169,5.942974162427));
#1503 = CARTESIAN_POINT('',(0.158629129653,5.965598065502));
#1504 = CARTESIAN_POINT('',(0.142795213975,5.987637555812));
#1505 = CARTESIAN_POINT('',(0.127385456714,6.009187139664));
#1506 = CARTESIAN_POINT('',(0.112402311754,6.030368703984));
#1507 = CARTESIAN_POINT('',(9.784940601076E-02,6.05130642076));
#1508 = CARTESIAN_POINT('',(8.371837148892E-02,6.072147232365));
#1509 = CARTESIAN_POINT('',(6.998235170892E-02,6.093137318173));
#1510 = CARTESIAN_POINT('',(5.659162193257E-02,6.114444575594));
#1511 = CARTESIAN_POINT('',(4.362854629285E-02,6.136577364278));
#1512 = CARTESIAN_POINT('',(3.115094535678E-02,6.160356600781));
#1513 = CARTESIAN_POINT('',(1.960508418759E-02,6.186635233462));
#1514 = CARTESIAN_POINT('',(7.613616086261E-03,6.21737002351));
#1515 = CARTESIAN_POINT('',(1.895803179181E-03,6.247943685183));
#1516 = CARTESIAN_POINT('',(-2.707582635241E-10,6.267114829474));
#1517 = ( GEOMETRIC_REPRESENTATION_CONTEXT(2) 
PARAMETRIC_REPRESENTATION_CONTEXT() REPRESENTATION_CONTEXT('2D SPACE',''
  ) );
#1518 = PCURVE('',#967,#1519);
#1519 = DEFINITIONAL_REPRESENTATION('',(#1520),#1568);
#1520 = B_SPLINE_CURVE_WITH_KNOTS('',3,(#1521,#1522,#1523,#1524,#1525,
    #1526,#1527,#1528,#1529,#1530,#1531,#1532,#1533,#1534,#1535,#1536,
    #1537,#1538,#1539,#1540,#1541,#1542,#1543,#1544,#1545,#1546,#1547,
    #1548,#1549,#1550,#1551,#1552,#1553,#1554,#1555,#1556,#1557,#1558,
    #1559,#1560,#1561,#1562,#1563,#1564,#1565,#1566,#1567),
  .UNSPECIFIED.,.F.,.F.,(4,1,1,1,1,1,1,1,1,1,1,1,1,1,1,1,1,1,1,1,1,1,1,1
    ,1,1,1,1,1,1,1,1,1,1,1,1,1,1,1,1,1,1,1,1,4),(-5.999999999436E-08,
    1.115305909203E-04,2.231211818406E-04,3.347117727609E-04,
    4.463023636811E-04,5.578929546014E-04,6.694835455217E-04,
    7.81074136442E-04,8.926647273623E-04,1.004255318283E-03,
    1.115845909203E-03,1.227436500123E-03,1.339027091043E-03,
    1.450617681964E-03,1.562208272884E-03,1.673798863804E-03,
    1.785389454725E-03,1.896980045645E-03,2.008570636565E-03,
    2.120161227485E-03,2.231751818406E-03,2.343342409326E-03,
    2.454933000246E-03,2.566523591167E-03,2.678114182087E-03,
    2.789704773007E-03,2.901295363927E-03,3.012885954848E-03,
    3.124476545768E-03,3.236067136688E-03,3.347657727609E-03,
    3.459248318529E-03,3.570838909449E-03,3.682429500369E-03,
    3.79402009129E-03,3.90561068221E-03,4.01720127313E-03,
    4.12879186405E-03,4.240382454971E-03,4.351973045891E-03,
    4.463563636811E-03,4.575154227732E-03,4.686744818652E-03,
    4.798335409572E-03,4.909926000492E-03),.UNSPECIFIED.);
#1521 = CARTESIAN_POINT('',(5.048452996E-03,0.));
#1522 = CARTESIAN_POINT('',(5.010803597359E-03,1.613391972306E-06));
#1523 = CARTESIAN_POINT('',(4.935370988005E-03,4.264303753976E-06));
#1524 = CARTESIAN_POINT('',(4.821818850414E-03,7.443784176874E-06));
#1525 = CARTESIAN_POINT('',(4.707861993624E-03,1.114087183383E-05));
#1526 = CARTESIAN_POINT('',(4.593497901036E-03,1.532688285295E-05));
#1527 = CARTESIAN_POINT('',(4.478723262285E-03,1.902809134673E-05));
#1528 = CARTESIAN_POINT('',(4.363533852869E-03,2.05559464424E-05));
#1529 = CARTESIAN_POINT('',(4.247924584657E-03,1.813865702028E-05));
#1530 = CARTESIAN_POINT('',(4.131889591494E-03,1.062061364991E-05));
#1531 = CARTESIAN_POINT('',(4.015422447307E-03,-1.001298908576E-06));
#1532 = CARTESIAN_POINT('',(3.898516362194E-03,-1.363853836932E-05));
#1533 = CARTESIAN_POINT('',(3.781165012505E-03,-1.399677048998E-05));
#1534 = CARTESIAN_POINT('',(3.663361722159E-03,2.656977355753E-06));
#1535 = CARTESIAN_POINT('',(3.545205496722E-03,1.320507950717E-05));
#1536 = CARTESIAN_POINT('',(3.426798739132E-03,2.504231110722E-05));
#1537 = CARTESIAN_POINT('',(3.30824466604E-03,3.773576236317E-05));
#1538 = CARTESIAN_POINT('',(3.189646071183E-03,4.379912442123E-05));
#1539 = CARTESIAN_POINT('',(3.07110460512E-03,-2.140099295058E-05));
#1540 = CARTESIAN_POINT('',(2.952717110177E-03,-1.868616363771E-04));
#1541 = CARTESIAN_POINT('',(2.83456949803E-03,-3.350971884805E-04));
#1542 = CARTESIAN_POINT('',(2.716751757692E-03,-3.800444442044E-04));
#1543 = CARTESIAN_POINT('',(2.599346413632E-03,-2.705654814102E-04));
#1544 = CARTESIAN_POINT('',(2.482448554713E-03,6.7089333982E-05));
#1545 = CARTESIAN_POINT('',(2.366078926074E-03,3.762967341741E-04));
#1546 = CARTESIAN_POINT('',(2.250145029777E-03,4.831444691207E-04));
#1547 = CARTESIAN_POINT('',(2.134600402775E-03,4.08441717937E-04));
#1548 = CARTESIAN_POINT('',(2.019395546969E-03,1.892597448102E-04));
#1549 = CARTESIAN_POINT('',(1.904491302073E-03,-7.639942997157E-05));
#1550 = CARTESIAN_POINT('',(1.789851363732E-03,-1.664833313031E-04));
#1551 = CARTESIAN_POINT('',(1.675498125158E-03,-1.89274074577E-04));
#1552 = CARTESIAN_POINT('',(1.56140748691E-03,-1.908446621343E-04));
#1553 = CARTESIAN_POINT('',(1.447562816773E-03,-1.826878210236E-04));
#1554 = CARTESIAN_POINT('',(1.333945981728E-03,-1.450574068985E-04));
#1555 = CARTESIAN_POINT('',(1.2205403092E-03,2.238206845582E-05));
#1556 = CARTESIAN_POINT('',(1.107328807795E-03,3.782790264332E-04));
#1557 = CARTESIAN_POINT('',(9.94361153823E-04,5.200663248829E-04));
#1558 = CARTESIAN_POINT('',(8.817071506722E-04,-1.592187804974E-04));
#1559 = CARTESIAN_POINT('',(7.693623030403E-04,-1.778945027386E-03));
#1560 = CARTESIAN_POINT('',(6.571680318295E-04,-2.488805086296E-03));
#1561 = CARTESIAN_POINT('',(5.448095161223E-04,1.394752115966E-03));
#1562 = CARTESIAN_POINT('',(4.327683530819E-04,1.082564546958E-02));
#1563 = CARTESIAN_POINT('',(3.213582181792E-04,9.949032131603E-03));
#1564 = CARTESIAN_POINT('',(2.137414273812E-04,-3.913943250162E-03));
#1565 = CARTESIAN_POINT('',(9.969380018063E-05,-6.693328374824E-04));
#1566 = CARTESIAN_POINT('',(3.187226150491E-05,-7.964368345168E-05));
#1567 = CARTESIAN_POINT('',(1.758864815687E-06,-1.062678951088E-03));
#1568 = ( GEOMETRIC_REPRESENTATION_CONTEXT(2) 
PARAMETRIC_REPRESENTATION_CONTEXT() REPRESENTATION_CONTEXT('2D SPACE',''
  ) );
#1569 = ADVANCED_FACE('',(#1570),#408,.T.);
#1570 = FACE_BOUND('',#1571,.T.);
#1571 = EDGE_LOOP('',(#1572,#1640,#1641,#1642));
#1572 = ORIENTED_EDGE('',*,*,#1573,.T.);
#1573 = EDGE_CURVE('',#1574,#1430,#1576,.T.);
#1574 = VERTEX_POINT('',#1575);
#1575 = CARTESIAN_POINT('',(6.301653804621,-1.604527135413,
    -2.669770486144));
#1576 = SURFACE_CURVE('',#1577,(#1582,#1611),.PCURVE_S1.);
#1577 = B_SPLINE_CURVE_WITH_KNOTS('',3,(#1578,#1579,#1580,#1581),
  .UNSPECIFIED.,.F.,.F.,(4,4),(0.,1.),.PIECEWISE_BEZIER_KNOTS.);
#1578 = CARTESIAN_POINT('',(6.301656627898,-1.604596732764,-2.6697712461
    ));
#1579 = CARTESIAN_POINT('',(6.148384720543,-1.609562584181,
    -2.780017504398));
#1580 = CARTESIAN_POINT('',(6.075774400885,-1.45946889223,
    -2.828394980457));
#1581 = CARTESIAN_POINT('',(6.058239342713,-1.387416765966,
    -2.839175872162));
#1582 = PCURVE('',#408,#1583);
#1583 = DEFINITIONAL_REPRESENTATION('',(#1584),#1610);
#1584 = B_SPLINE_CURVE_WITH_KNOTS('',3,(#1585,#1586,#1587,#1588,#1589,
    #1590,#1591,#1592,#1593,#1594,#1595,#1596,#1597,#1598,#1599,#1600,
    #1601,#1602,#1603,#1604,#1605,#1606,#1607,#1608,#1609),
  .UNSPECIFIED.,.F.,.F.,(4,1,1,1,1,1,1,1,1,1,1,1,1,1,1,1,1,1,1,1,1,1,4),
  (3.118629030651E-08,4.545457522328E-02,9.090911926026E-02,
    0.136363663297,0.181818207334,0.227272751371,0.272727295408,
    0.318181839445,0.363636383482,0.409090927519,0.454545471556,
    0.500000015593,0.54545455963,0.590909103667,0.636363647704,
    0.681818191741,0.727272735778,0.772727279815,0.818181823852,
    0.863636367889,0.909090911926,0.954545455963,1.),.UNSPECIFIED.);
#1585 = CARTESIAN_POINT('',(4.683010565416,-1.446216533389E-02));
#1586 = CARTESIAN_POINT('',(4.711661270954,-1.370883209496E-02));
#1587 = CARTESIAN_POINT('',(4.767497925133,-1.223069815992E-02));
#1588 = CARTESIAN_POINT('',(4.847339829134,-1.009909488576E-02));
#1589 = CARTESIAN_POINT('',(4.923753908365,-8.053089240014E-03));
#1590 = CARTESIAN_POINT('',(4.997211208578,-6.092681222682E-03));
#1591 = CARTESIAN_POINT('',(5.068140071041,-4.217870833762E-03));
#1592 = CARTESIAN_POINT('',(5.136913022083,-2.428658073253E-03));
#1593 = CARTESIAN_POINT('',(5.203838267791,-7.250429411592E-04));
#1594 = CARTESIAN_POINT('',(5.269155785249,8.929745625252E-04));
#1595 = CARTESIAN_POINT('',(5.333036088651,2.425394437795E-03));
#1596 = CARTESIAN_POINT('',(5.395581037431,3.872216684654E-03));
#1597 = CARTESIAN_POINT('',(5.456826252063,5.233441303101E-03));
#1598 = CARTESIAN_POINT('',(5.516744975053,6.509068293135E-03));
#1599 = CARTESIAN_POINT('',(5.575253279337,7.699097654754E-03));
#1600 = CARTESIAN_POINT('',(5.632216497432,8.803529387966E-03));
#1601 = CARTESIAN_POINT('',(5.687456637442,9.822363492762E-03));
#1602 = CARTESIAN_POINT('',(5.740760409314,1.075559996914E-02));
#1603 = CARTESIAN_POINT('',(5.791887361079,1.160323881712E-02));
#1604 = CARTESIAN_POINT('',(5.840577503543,1.236528003668E-02));
#1605 = CARTESIAN_POINT('',(5.886557906092,1.304172362782E-02));
#1606 = CARTESIAN_POINT('',(5.92954733773,1.363256959056E-02));
#1607 = CARTESIAN_POINT('',(5.969259872353,1.413781792488E-02));
#1608 = CARTESIAN_POINT('',(5.993354680118,1.441758506215E-02));
#1609 = CARTESIAN_POINT('',(6.004758482982,1.454320235939E-02));
#1610 = ( GEOMETRIC_REPRESENTATION_CONTEXT(2) 
PARAMETRIC_REPRESENTATION_CONTEXT() REPRESENTATION_CONTEXT('2D SPACE',''
  ) );
#1611 = PCURVE('',#967,#1612);
#1612 = DEFINITIONAL_REPRESENTATION('',(#1613),#1639);
#1613 = B_SPLINE_CURVE_WITH_KNOTS('',3,(#1614,#1615,#1616,#1617,#1618,
    #1619,#1620,#1621,#1622,#1623,#1624,#1625,#1626,#1627,#1628,#1629,
    #1630,#1631,#1632,#1633,#1634,#1635,#1636,#1637,#1638),
  .UNSPECIFIED.,.F.,.F.,(4,1,1,1,1,1,1,1,1,1,1,1,1,1,1,1,1,1,1,1,1,1,4),
  (3.118629030651E-08,4.545457522328E-02,9.090911926026E-02,
    0.136363663297,0.181818207334,0.227272751371,0.272727295408,
    0.318181839445,0.363636383482,0.409090927519,0.454545471556,
    0.500000015593,0.54545455963,0.590909103667,0.636363647704,
    0.681818191741,0.727272735778,0.772727279815,0.818181823852,
    0.863636367889,0.909090911926,0.954545455963,1.),.UNSPECIFIED.);
#1614 = CARTESIAN_POINT('',(5.048455171313E-03,0.999999004546));
#1615 = CARTESIAN_POINT('',(5.048454839581E-03,0.976677764753));
#1616 = CARTESIAN_POINT('',(5.04845431482E-03,0.931859924144));
#1617 = CARTESIAN_POINT('',(5.048453919409E-03,0.869309908136));
#1618 = CARTESIAN_POINT('',(5.048453891419E-03,0.810590468903));
#1619 = CARTESIAN_POINT('',(5.048454206298E-03,0.75502692469));
#1620 = CARTESIAN_POINT('',(5.04845483935E-03,0.70204203749));
#1621 = CARTESIAN_POINT('',(5.048455765734E-03,0.651160741659));
#1622 = CARTESIAN_POINT('',(5.048456960479E-03,0.601995002928));
#1623 = CARTESIAN_POINT('',(5.048458398492E-03,0.554235850989));
#1624 = CARTESIAN_POINT('',(5.048460054577E-03,0.507645456185));
#1625 = CARTESIAN_POINT('',(5.048461903432E-03,0.462050983689));
#1626 = CARTESIAN_POINT('',(5.048463919667E-03,0.417339429082));
#1627 = CARTESIAN_POINT('',(5.048466077812E-03,0.373453257011));
#1628 = CARTESIAN_POINT('',(5.04846835232E-03,0.330386505262));
#1629 = CARTESIAN_POINT('',(5.048470717589E-03,0.288181114525));
#1630 = CARTESIAN_POINT('',(5.048473147964E-03,0.246923305626));
#1631 = CARTESIAN_POINT('',(5.048475617754E-03,0.206739928899));
#1632 = CARTESIAN_POINT('',(5.048478101241E-03,0.167794773862));
#1633 = CARTESIAN_POINT('',(5.048480572689E-03,0.130285025901));
#1634 = CARTESIAN_POINT('',(5.048483006356E-03,9.443769816972E-02));
#1635 = CARTESIAN_POINT('',(5.048485376493E-03,6.050747661159E-02));
#1636 = CARTESIAN_POINT('',(5.048487657356E-03,2.877153416147E-02));
#1637 = CARTESIAN_POINT('',(5.048489101258E-03,9.283036085616E-03));
#1638 = CARTESIAN_POINT('',(5.048489799751E-03,5.960723055425E-06));
#1639 = ( GEOMETRIC_REPRESENTATION_CONTEXT(2) 
PARAMETRIC_REPRESENTATION_CONTEXT() REPRESENTATION_CONTEXT('2D SPACE',''
  ) );
#1640 = ORIENTED_EDGE('',*,*,#1429,.F.);
#1641 = ORIENTED_EDGE('',*,*,#392,.T.);
#1642 = ORIENTED_EDGE('',*,*,#1643,.F.);
#1643 = EDGE_CURVE('',#1574,#393,#1644,.T.);
#1644 = SURFACE_CURVE('',#1645,(#1650,#1656),.PCURVE_S1.);
#1645 = B_SPLINE_CURVE_WITH_KNOTS('',3,(#1646,#1647,#1648,#1649),
  .UNSPECIFIED.,.F.,.F.,(4,4),(2.719733387627E-05,0.999895858496),
  .PIECEWISE_BEZIER_KNOTS.);
#1646 = CARTESIAN_POINT('',(6.301651418223,-1.604457530321,
    -2.669770434717));
#1647 = CARTESIAN_POINT('',(6.310210764999,-1.604153811565,
    -2.683660954819));
#1648 = CARTESIAN_POINT('',(6.318770111776,-1.603850092808,
    -2.697551474921));
#1649 = CARTESIAN_POINT('',(6.327329458553,-1.603546374051,
    -2.711441995023));
#1650 = PCURVE('',#408,#1651);
#1651 = DEFINITIONAL_REPRESENTATION('',(#1652),#1655);
#1652 = B_SPLINE_CURVE_WITH_KNOTS('',1,(#1653,#1654),.UNSPECIFIED.,.F.,
  .F.,(2,2),(2.719733394993E-05,0.999895858496),
  .PIECEWISE_BEZIER_KNOTS.);
#1653 = CARTESIAN_POINT('',(4.683010430238,-1.44608355857E-02));
#1654 = CARTESIAN_POINT('',(4.680215890802,3.448233447298E-02));
#1655 = ( GEOMETRIC_REPRESENTATION_CONTEXT(2) 
PARAMETRIC_REPRESENTATION_CONTEXT() REPRESENTATION_CONTEXT('2D SPACE',''
  ) );
#1656 = PCURVE('',#532,#1657);
#1657 = DEFINITIONAL_REPRESENTATION('',(#1658),#1663);
#1658 = B_SPLINE_CURVE_WITH_KNOTS('',3,(#1659,#1660,#1661,#1662),
  .UNSPECIFIED.,.F.,.F.,(4,4),(2.719733387627E-05,0.999895858496),
  .PIECEWISE_BEZIER_KNOTS.);
#1659 = CARTESIAN_POINT('',(-3.650644686396,4.080229565283));
#1660 = CARTESIAN_POINT('',(-3.642079952756,4.066339045181));
#1661 = CARTESIAN_POINT('',(-3.633515219116,4.052448525079));
#1662 = CARTESIAN_POINT('',(-3.624950485476,4.038558004977));
#1663 = ( GEOMETRIC_REPRESENTATION_CONTEXT(2) 
PARAMETRIC_REPRESENTATION_CONTEXT() REPRESENTATION_CONTEXT('2D SPACE',''
  ) );
#1664 = ADVANCED_FACE('',(#1665),#483,.T.);
#1665 = FACE_BOUND('',#1666,.T.);
#1666 = EDGE_LOOP('',(#1667,#1668,#1669,#1714));
#1667 = ORIENTED_EDGE('',*,*,#444,.T.);
#1668 = ORIENTED_EDGE('',*,*,#1094,.F.);
#1669 = ORIENTED_EDGE('',*,*,#1670,.T.);
#1670 = EDGE_CURVE('',#898,#1671,#1673,.T.);
#1671 = VERTEX_POINT('',#1672);
#1672 = CARTESIAN_POINT('',(6.301641770586,-1.604136942678,2.66977414249
    ));
#1673 = SURFACE_CURVE('',#1674,(#1679,#1708),.PCURVE_S1.);
#1674 = B_SPLINE_CURVE_WITH_KNOTS('',3,(#1675,#1676,#1677,#1678),
  .UNSPECIFIED.,.F.,.F.,(4,4),(0.,1.),.PIECEWISE_BEZIER_KNOTS.);
#1675 = CARTESIAN_POINT('',(6.058158274485,-1.387442255969,2.83921435433
    ));
#1676 = CARTESIAN_POINT('',(6.083994037898,-1.493589662042,
    2.823338288614));
#1677 = CARTESIAN_POINT('',(6.1772509409,-1.608630935441,2.759263884576)
  );
#1678 = CARTESIAN_POINT('',(6.30163255862,-1.603816331544,2.669778557768
    ));
#1679 = PCURVE('',#483,#1680);
#1680 = DEFINITIONAL_REPRESENTATION('',(#1681),#1707);
#1681 = B_SPLINE_CURVE_WITH_KNOTS('',3,(#1682,#1683,#1684,#1685,#1686,
    #1687,#1688,#1689,#1690,#1691,#1692,#1693,#1694,#1695,#1696,#1697,
    #1698,#1699,#1700,#1701,#1702,#1703,#1704,#1705,#1706),
  .UNSPECIFIED.,.F.,.F.,(4,1,1,1,1,1,1,1,1,1,1,1,1,1,1,1,1,1,1,1,1,1,4),
  (6.993044390817E-14,4.54545437069E-02,9.090908741373E-02,
    0.136363631121,0.181818174827,0.227272718534,0.272727262241,
    0.318181805948,0.363636349655,0.409090893362,0.454545437068,
    0.499999980775,0.545454524482,0.590909068189,0.636363611896,
    0.681818155603,0.727272699309,0.772727243016,0.818181786723,
    0.86363633043,0.909090874137,0.954545417843,0.99999996155),
  .QUASI_UNIFORM_KNOTS.);
#1682 = CARTESIAN_POINT('',(6.004971222662,2.239402731164E-02));
#1683 = CARTESIAN_POINT('',(5.988159571378,2.238292767236E-02));
#1684 = CARTESIAN_POINT('',(5.954098369379,2.237817131036E-02));
#1685 = CARTESIAN_POINT('',(5.901745927324,2.242336551705E-02));
#1686 = CARTESIAN_POINT('',(5.848180210714,2.252088847343E-02));
#1687 = CARTESIAN_POINT('',(5.793468515602,2.26707401795E-02));
#1688 = CARTESIAN_POINT('',(5.737688445918,2.287292063526E-02));
#1689 = CARTESIAN_POINT('',(5.68092689181,2.312742984071E-02));
#1690 = CARTESIAN_POINT('',(5.623275896033,2.343426779585E-02));
#1691 = CARTESIAN_POINT('',(5.564828656985,2.379343450068E-02));
#1692 = CARTESIAN_POINT('',(5.505674973642,2.42049299552E-02));
#1693 = CARTESIAN_POINT('',(5.445896543506,2.466875415941E-02));
#1694 = CARTESIAN_POINT('',(5.385562254229,2.518490711332E-02));
#1695 = CARTESIAN_POINT('',(5.324723681455,2.575338881691E-02));
#1696 = CARTESIAN_POINT('',(5.263410960846,2.637419927019E-02));
#1697 = CARTESIAN_POINT('',(5.201629169466,2.704733847316E-02));
#1698 = CARTESIAN_POINT('',(5.139355309459,2.777280642582E-02));
#1699 = CARTESIAN_POINT('',(5.076535939545,2.855060312817E-02));
#1700 = CARTESIAN_POINT('',(5.013085506241,2.938072858021E-02));
#1701 = CARTESIAN_POINT('',(4.948885301595,3.026318278194E-02));
#1702 = CARTESIAN_POINT('',(4.883783447736,3.119796573336E-02));
#1703 = CARTESIAN_POINT('',(4.817594685132,3.218507743447E-02));
#1704 = CARTESIAN_POINT('',(4.750105102803,3.322451788527E-02));
#1705 = CARTESIAN_POINT('',(4.704077489676,3.395236401893E-02));
#1706 = CARTESIAN_POINT('',(4.680764974263,3.432500854405E-02));
#1707 = ( GEOMETRIC_REPRESENTATION_CONTEXT(2) 
PARAMETRIC_REPRESENTATION_CONTEXT() REPRESENTATION_CONTEXT('2D SPACE',''
  ) );
#1708 = PCURVE('',#967,#1709);
#1709 = DEFINITIONAL_REPRESENTATION('',(#1710),#1713);
#1710 = B_SPLINE_CURVE_WITH_KNOTS('',1,(#1711,#1712),.UNSPECIFIED.,.F.,
  .F.,(2,2),(6.993044390817E-14,0.99999996155),
  .PIECEWISE_BEZIER_KNOTS.);
#1711 = CARTESIAN_POINT('',(-5.130801489151E-03,3.897351676655E-06));
#1712 = CARTESIAN_POINT('',(-5.130791685937E-03,0.999995380672));
#1713 = ( GEOMETRIC_REPRESENTATION_CONTEXT(2) 
PARAMETRIC_REPRESENTATION_CONTEXT() REPRESENTATION_CONTEXT('2D SPACE',''
  ) );
#1714 = ORIENTED_EDGE('',*,*,#1715,.F.);
#1715 = EDGE_CURVE('',#445,#1671,#1716,.T.);
#1716 = SURFACE_CURVE('',#1717,(#1722,#1728),.PCURVE_S1.);
#1717 = B_SPLINE_CURVE_WITH_KNOTS('',3,(#1718,#1719,#1720,#1721),
  .UNSPECIFIED.,.F.,.F.,(4,4),(2.83469104025E-05,0.99988983245),
  .PIECEWISE_BEZIER_KNOTS.);
#1718 = CARTESIAN_POINT('',(6.327331405061,-1.603546304982,
    2.711445153911));
#1719 = CARTESIAN_POINT('',(6.318772119713,-1.603850021559,
    2.697554733497));
#1720 = CARTESIAN_POINT('',(6.310212834364,-1.604153738135,
    2.683664313083));
#1721 = CARTESIAN_POINT('',(6.301653549015,-1.604457454712,
    2.669773892669));
#1722 = PCURVE('',#483,#1723);
#1723 = DEFINITIONAL_REPRESENTATION('',(#1724),#1727);
#1724 = B_SPLINE_CURVE_WITH_KNOTS('',1,(#1725,#1726),.UNSPECIFIED.,.F.,
  .F.,(2,2),(2.834691044365E-05,0.99988983245),
  .PIECEWISE_BEZIER_KNOTS.);
#1725 = CARTESIAN_POINT('',(4.683600768962,-1.462264193192E-02));
#1726 = CARTESIAN_POINT('',(4.680765226706,3.431961689386E-02));
#1727 = ( GEOMETRIC_REPRESENTATION_CONTEXT(2) 
PARAMETRIC_REPRESENTATION_CONTEXT() REPRESENTATION_CONTEXT('2D SPACE',''
  ) );
#1728 = PCURVE('',#532,#1729);
#1729 = DEFINITIONAL_REPRESENTATION('',(#1730),#1735);
#1730 = B_SPLINE_CURVE_WITH_KNOTS('',3,(#1731,#1732,#1733,#1734),
  .UNSPECIFIED.,.F.,.F.,(4,4),(2.83469104025E-05,0.99988983245),
  .PIECEWISE_BEZIER_KNOTS.);
#1731 = CARTESIAN_POINT('',(-3.624948537742,9.461445153911));
#1732 = CARTESIAN_POINT('',(-3.633513209916,9.447554733497));
#1733 = CARTESIAN_POINT('',(-3.642077882089,9.433664313083));
#1734 = CARTESIAN_POINT('',(-3.650642554263,9.419773892669));
#1735 = ( GEOMETRIC_REPRESENTATION_CONTEXT(2) 
PARAMETRIC_REPRESENTATION_CONTEXT() REPRESENTATION_CONTEXT('2D SPACE',''
  ) );
#1736 = ADVANCED_FACE('',(#1737,#1804),#532,.T.);
#1737 = FACE_BOUND('',#1738,.T.);
#1738 = EDGE_LOOP('',(#1739,#1740,#1802,#1803));
#1739 = ORIENTED_EDGE('',*,*,#1715,.T.);
#1740 = ORIENTED_EDGE('',*,*,#1741,.T.);
#1741 = EDGE_CURVE('',#1671,#1574,#1742,.T.);
#1742 = SURFACE_CURVE('',#1743,(#1768,#1796),.PCURVE_S1.);
#1743 = B_SPLINE_CURVE_WITH_KNOTS('',3,(#1744,#1745,#1746,#1747,#1748,
    #1749,#1750,#1751,#1752,#1753,#1754,#1755,#1756,#1757,#1758,#1759,
    #1760,#1761,#1762,#1763,#1764,#1765,#1766,#1767),.UNSPECIFIED.,.F.,
  .F.,(4,1,1,1,1,1,1,1,1,1,1,1,1,1,1,1,1,1,1,1,1,4),(-5.135089882612E-03
    ,-3.853279747968E-03,-3.212374680647E-03,-2.571469613325E-03,
    -1.930564546004E-03,-1.289659478682E-03,-9.692069450214E-04,
    -6.487544113607E-04,-3.283018776999E-04,-1.680756108695E-04,
    -8.79624774543E-05,-7.849344039107E-06,1.523769227913E-04,
    3.126031896217E-04,6.330557232824E-04,9.535082569432E-04,
    1.273960790604E-03,1.914865857926E-03,2.555770925247E-03,
    3.196675992569E-03,3.83758105989E-03,5.119391194533E-03),
  .UNSPECIFIED.);
#1744 = CARTESIAN_POINT('',(6.301650719757,-1.604457555105,
    2.669769301212));
#1745 = CARTESIAN_POINT('',(6.05646086497,-1.613157840275,2.328525400112
    ));
#1746 = CARTESIAN_POINT('',(5.680317497967,-1.626504862975,
    1.820112474029));
#1747 = CARTESIAN_POINT('',(5.067081576153,-1.648264847298,
    1.245198126193));
#1748 = CARTESIAN_POINT('',(4.549953852557,-1.666614540716,
    0.899478825196));
#1749 = CARTESIAN_POINT('',(3.974298787128,-1.687041010779,
    0.632830000342));
#1750 = CARTESIAN_POINT('',(3.476033279255,-1.704721399768,
    0.466676218504));
#1751 = CARTESIAN_POINT('',(3.071588628673,-1.719072661563,
    0.350088166199));
#1752 = CARTESIAN_POINT('',(2.767294643614,-1.729870190065,
    0.264992552837));
#1753 = CARTESIAN_POINT('',(2.515758958821,-1.738795649848,
    0.191865374197));
#1754 = CARTESIAN_POINT('',(2.342816878581,-1.744932304308,
    0.123229439919));
#1755 = CARTESIAN_POINT('',(2.25175379658,-1.74816357496,
    7.582356763643E-02));
#1756 = CARTESIAN_POINT('',(2.168581083664,-1.751114864773,
    -1.625963247407E-02));
#1757 = CARTESIAN_POINT('',(2.312774749764,-1.745998315331,
    -0.114851467205));
#1758 = CARTESIAN_POINT('',(2.49597290649,-1.739497735576,
    -0.182674754465));
#1759 = CARTESIAN_POINT('',(2.754085436393,-1.73033890387,
    -0.262314838703));
#1760 = CARTESIAN_POINT('',(3.056409266064,-1.719611284107,
    -0.345573726884));
#1761 = CARTESIAN_POINT('',(3.461709866757,-1.705229649889,
    -0.462438072687));
#1762 = CARTESIAN_POINT('',(3.959586038684,-1.687563076047,
    -0.62707300059));
#1763 = CARTESIAN_POINT('',(4.539161108124,-1.666997509067,
    -0.893306478668));
#1764 = CARTESIAN_POINT('',(5.059941954524,-1.64851818871,
    -1.239297351802));
#1765 = CARTESIAN_POINT('',(5.677118397433,-1.626618379446,
    -1.815804821536));
#1766 = CARTESIAN_POINT('',(6.055246543573,-1.613200929099,
    -2.326835363748));
#1767 = CARTESIAN_POINT('',(6.301650719757,-1.604457555105,
    -2.669769301212));
#1768 = PCURVE('',#532,#1769);
#1769 = DEFINITIONAL_REPRESENTATION('',(#1770),#1795);
#1770 = B_SPLINE_CURVE_WITH_KNOTS('',3,(#1771,#1772,#1773,#1774,#1775,
    #1776,#1777,#1778,#1779,#1780,#1781,#1782,#1783,#1784,#1785,#1786,
    #1787,#1788,#1789,#1790,#1791,#1792,#1793,#1794),.UNSPECIFIED.,.F.,
  .F.,(4,1,1,1,1,1,1,1,1,1,1,1,1,1,1,1,1,1,1,1,1,4),(-5.135089882612E-03
    ,-3.853279747968E-03,-3.212374680647E-03,-2.571469613325E-03,
    -1.930564546004E-03,-1.289659478682E-03,-9.692069450214E-04,
    -6.487544113607E-04,-3.283018776999E-04,-1.680756108695E-04,
    -8.79624774543E-05,-7.849344039107E-06,1.523769227913E-04,
    3.126031896217E-04,6.330557232824E-04,9.535082569432E-04,
    1.273960790604E-03,1.914865857926E-03,2.555770925247E-03,
    3.196675992569E-03,3.83758105989E-03,5.119391194533E-03),
  .UNSPECIFIED.);
#1771 = CARTESIAN_POINT('',(-3.650645385302,9.419769301212));
#1772 = CARTESIAN_POINT('',(-3.895989551428,9.078525400112));
#1773 = CARTESIAN_POINT('',(-4.272369645955,8.570112474029));
#1774 = CARTESIAN_POINT('',(-4.885991510559,7.995198126193));
#1775 = CARTESIAN_POINT('',(-5.403444690817,7.649478825196));
#1776 = CARTESIAN_POINT('',(-5.979462047356,7.382830000342));
#1777 = CARTESIAN_POINT('',(-6.478041140872,7.216676218504));
#1778 = CARTESIAN_POINT('',(-6.882740330516,7.100088166199));
#1779 = CARTESIAN_POINT('',(-7.187225824367,7.014992552837));
#1780 = CARTESIAN_POINT('',(-7.438919814276,6.941865374197));
#1781 = CARTESIAN_POINT('',(-7.611970736394,6.873229439919));
#1782 = CARTESIAN_POINT('',(-7.703091129356,6.825823567636));
#1783 = CARTESIAN_POINT('',(-7.786316187393,6.733740367526));
#1784 = CARTESIAN_POINT('',(-7.64203177236,6.635148532795));
#1785 = CARTESIAN_POINT('',(-7.458718319048,6.567325245535));
#1786 = CARTESIAN_POINT('',(-7.200443344862,6.487685161297));
#1787 = CARTESIAN_POINT('',(-6.897929246326,6.404426273116));
#1788 = CARTESIAN_POINT('',(-6.492373567874,6.287561927313));
#1789 = CARTESIAN_POINT('',(-5.994184055335,6.12292699941));
#1790 = CARTESIAN_POINT('',(-5.414244227714,5.856693521332));
#1791 = CARTESIAN_POINT('',(-4.89313562554,5.510702648198));
#1792 = CARTESIAN_POINT('',(-4.275570759857,4.934195178464));
#1793 = CARTESIAN_POINT('',(-3.897204637064,4.423164636252));
#1794 = CARTESIAN_POINT('',(-3.650645385302,4.080230698788));
#1795 = ( GEOMETRIC_REPRESENTATION_CONTEXT(2) 
PARAMETRIC_REPRESENTATION_CONTEXT() REPRESENTATION_CONTEXT('2D SPACE',''
  ) );
#1796 = PCURVE('',#967,#1797);
#1797 = DEFINITIONAL_REPRESENTATION('',(#1798),#1801);
#1798 = B_SPLINE_CURVE_WITH_KNOTS('',1,(#1799,#1800),.UNSPECIFIED.,.F.,
  .F.,(2,2),(-5.135089882612E-03,5.119391194533E-03),
  .PIECEWISE_BEZIER_KNOTS.);
#1799 = CARTESIAN_POINT('',(-5.130781347225E-03,0.999999999997));
#1800 = CARTESIAN_POINT('',(5.048453020697E-03,1.));
#1801 = ( GEOMETRIC_REPRESENTATION_CONTEXT(2) 
PARAMETRIC_REPRESENTATION_CONTEXT() REPRESENTATION_CONTEXT('2D SPACE',''
  ) );
#1802 = ORIENTED_EDGE('',*,*,#1643,.T.);
#1803 = ORIENTED_EDGE('',*,*,#517,.T.);
#1804 = FACE_BOUND('',#1805,.T.);
#1805 = EDGE_LOOP('',(#1806));
#1806 = ORIENTED_EDGE('',*,*,#1807,.F.);
#1807 = EDGE_CURVE('',#1808,#1808,#1810,.T.);
#1808 = VERTEX_POINT('',#1809);
#1809 = CARTESIAN_POINT('',(6.510638465924,-1.597041860887,
    -7.228260729879E-16));
#1810 = SURFACE_CURVE('',#1811,(#1816,#1823),.PCURVE_S1.);
#1811 = ELLIPSE('',#1812,5.203272643431,5.2);
#1812 = AXIS2_PLACEMENT_3D('',#1813,#1814,#1815);
#1813 = CARTESIAN_POINT('',(11.710638465924,-1.412525731854,
    -1.300142045793E-15));
#1814 = DIRECTION('',(3.546155307953E-02,-0.999371041332,
    -3.937023271786E-18));
#1815 = DIRECTION('',(-0.999371041332,-3.546155307953E-02,
    1.109524740231E-16));
#1816 = PCURVE('',#532,#1817);
#1817 = DEFINITIONAL_REPRESENTATION('',(#1818),#1822);
#1818 = ELLIPSE('',#1819,5.203272643431,5.2);
#1819 = AXIS2_PLACEMENT_2D('',#1820,#1821);
#1820 = CARTESIAN_POINT('',(1.761746531676,6.75));
#1821 = DIRECTION('',(-1.,0.));
#1822 = ( GEOMETRIC_REPRESENTATION_CONTEXT(2) 
PARAMETRIC_REPRESENTATION_CONTEXT() REPRESENTATION_CONTEXT('2D SPACE',''
  ) );
#1823 = PCURVE('',#1824,#1858);
#1824 = ( BOUNDED_SURFACE() B_SPLINE_SURFACE(3,2,(
    (#1825,#1826,#1827)
    ,(#1828,#1829,#1830)
    ,(#1831,#1832,#1833)
    ,(#1834,#1835,#1836)
    ,(#1837,#1838,#1839)
    ,(#1840,#1841,#1842)
    ,(#1843,#1844,#1845)
    ,(#1846,#1847,#1848)
    ,(#1849,#1850,#1851)
    ,(#1852,#1853,#1854)
    ,(#1855,#1856,#1857
)),.UNSPECIFIED.,.T.,.F.,.F.) B_SPLINE_SURFACE_WITH_KNOTS((1,3,1,1,1,1,1
    ,1,1,3,1),(3,3),(-0.785398163397,0.,0.785398163397,1.570796326795,
    2.356194490192,3.14159265359,3.926990816987,4.712388980385,
    5.497787143782,6.28318530718,7.068583470577),(0.,1.),.UNSPECIFIED.) 
GEOMETRIC_REPRESENTATION_ITEM() RATIONAL_B_SPLINE_SURFACE((
    (1.,0.719535111402,1.)
    ,(1.,0.719535111402,1.)
    ,(1.,0.716876127527,1.)
    ,(1.,0.70713456875,1.)
    ,(1.,0.697226284591,1.)
    ,(1.,0.693070952229,1.)
    ,(1.,0.697226284591,1.)
    ,(1.,0.70713456875,1.)
    ,(1.,0.716876127527,1.)
    ,(1.,0.719535111402,1.)
,(1.,0.719535111402,1.))) REPRESENTATION_ITEM('') SURFACE() );
#1825 = CARTESIAN_POINT('',(6.510638465924,-1.597041860887,
    -6.144058557393E-16));
#1826 = CARTESIAN_POINT('',(6.8,-1.586774193548,-6.796111934859E-16));
#1827 = CARTESIAN_POINT('',(6.8,-1.297230548487,-6.465314394966E-16));
#1828 = CARTESIAN_POINT('',(6.510638465924,-1.597041860887,
    -1.358260149811));
#1829 = CARTESIAN_POINT('',(6.8,-1.586774193548,-1.28156223623));
#1830 = CARTESIAN_POINT('',(6.8,-1.297230548487,-1.279898987322));
#1831 = CARTESIAN_POINT('',(7.635858016489,-1.557114715544,
    -4.074780449434));
#1832 = CARTESIAN_POINT('',(7.875051963155,-1.548627188404,
    -3.858947136076));
#1833 = CARTESIAN_POINT('',(7.860303038033,-1.257303403144,
    -3.839696961967));
#1834 = CARTESIAN_POINT('',(11.710638465924,-1.412525731854,
    -5.762609775283));
#1835 = CARTESIAN_POINT('',(11.735015651924,-1.411660734932,
    -5.430228771247));
#1836 = CARTESIAN_POINT('',(11.7,-1.112714419455,-5.430151519017));
#1837 = CARTESIAN_POINT('',(15.785418915358,-1.267936748165,
    -4.074780449434));
#1838 = CARTESIAN_POINT('',(15.5554283921,-1.276097702216,
    -3.819337315603));
#1839 = CARTESIAN_POINT('',(15.539696961967,-0.968125435765,
    -3.839696961967));
#1840 = CARTESIAN_POINT('',(17.473248241207,-1.208046030151,
    -6.125957076569E-15));
#1841 = CARTESIAN_POINT('',(17.12541718768,-1.220388422373,
    -2.187285091841E-15));
#1842 = CARTESIAN_POINT('',(17.130151519017,-0.908234717751,
    -5.752440641391E-15));
#1843 = CARTESIAN_POINT('',(15.785418915358,-1.267936748165,
    4.074780449434));
#1844 = CARTESIAN_POINT('',(15.5554283921,-1.276097702216,3.819337315603
    ));
#1845 = CARTESIAN_POINT('',(15.539696961967,-0.968125435765,
    3.839696961967));
#1846 = CARTESIAN_POINT('',(11.710638465924,-1.412525731854,
    5.762609775283));
#1847 = CARTESIAN_POINT('',(11.735015651924,-1.411660734932,
    5.430228771247));
#1848 = CARTESIAN_POINT('',(11.7,-1.112714419455,5.430151519016));
#1849 = CARTESIAN_POINT('',(7.63585801649,-1.557114715544,4.074780449434
    ));
#1850 = CARTESIAN_POINT('',(7.875051963155,-1.548627188404,
    3.858947136076));
#1851 = CARTESIAN_POINT('',(7.860303038033,-1.257303403144,
    3.839696961967));
#1852 = CARTESIAN_POINT('',(6.510638465924,-1.597041860887,
    1.358260149811));
#1853 = CARTESIAN_POINT('',(6.8,-1.586774193548,1.28156223623));
#1854 = CARTESIAN_POINT('',(6.8,-1.297230548487,1.279898987322));
#1855 = CARTESIAN_POINT('',(6.510638465924,-1.597041860887,
    -6.144058557393E-16));
#1856 = CARTESIAN_POINT('',(6.8,-1.586774193548,-6.796111934859E-16));
#1857 = CARTESIAN_POINT('',(6.8,-1.297230548487,-6.465314394966E-16));
#1858 = DEFINITIONAL_REPRESENTATION('',(#1859),#1863);
#1859 = LINE('',#1860,#1861);
#1860 = CARTESIAN_POINT('',(0.,9.817650166576E-14));
#1861 = VECTOR('',#1862,1.);
#1862 = DIRECTION('',(1.,-8.492997272585E-21));
#1863 = ( GEOMETRIC_REPRESENTATION_CONTEXT(2) 
PARAMETRIC_REPRESENTATION_CONTEXT() REPRESENTATION_CONTEXT('2D SPACE',''
  ) );
#1864 = ADVANCED_FACE('',(#1865),#588,.T.);
#1865 = FACE_BOUND('',#1866,.T.);
#1866 = EDGE_LOOP('',(#1867,#1894,#1895,#1896,#1897));
#1867 = ORIENTED_EDGE('',*,*,#1868,.F.);
#1868 = EDGE_CURVE('',#572,#1869,#1871,.T.);
#1869 = VERTEX_POINT('',#1870);
#1870 = CARTESIAN_POINT('',(18.12598916708,0.,-1.05));
#1871 = SEAM_CURVE('',#1872,(#1880,#1887),.PCURVE_S1.);
#1872 = ( BOUNDED_CURVE() B_SPLINE_CURVE(6,(#1873,#1874,#1875,#1876,
#1877,#1878,#1879),.UNSPECIFIED.,.F.,.F.) B_SPLINE_CURVE_WITH_KNOTS((7,7
),(4.712388980385,6.28318530718),.PIECEWISE_BEZIER_KNOTS.) CURVE() 
GEOMETRIC_REPRESENTATION_ITEM() RATIONAL_B_SPLINE_CURVE((1.031393471788,
    1.010025407661,0.997924642725,0.993958444137,0.997924642725,
1.010025407661,1.031393471788)) REPRESENTATION_ITEM('') );
#1873 = CARTESIAN_POINT('',(17.82598916708,0.,-0.75));
#1874 = CARTESIAN_POINT('',(17.82598916708,0.,-0.830201034946));
#1875 = CARTESIAN_POINT('',(17.85149047227,0.,-0.908312571775));
#1876 = CARTESIAN_POINT('',(17.90041331312,0.,-0.975575853961));
#1877 = CARTESIAN_POINT('',(17.967676595306,0.,-1.02449869481));
#1878 = CARTESIAN_POINT('',(18.045788132134,0.,-1.05));
#1879 = CARTESIAN_POINT('',(18.12598916708,0.,-1.05));
#1880 = PCURVE('',#588,#1881);
#1881 = DEFINITIONAL_REPRESENTATION('',(#1882),#1886);
#1882 = LINE('',#1883,#1884);
#1883 = CARTESIAN_POINT('',(0.,0.));
#1884 = VECTOR('',#1885,1.);
#1885 = DIRECTION('',(0.,1.));
#1886 = ( GEOMETRIC_REPRESENTATION_CONTEXT(2) 
PARAMETRIC_REPRESENTATION_CONTEXT() REPRESENTATION_CONTEXT('2D SPACE',''
  ) );
#1887 = PCURVE('',#588,#1888);
#1888 = DEFINITIONAL_REPRESENTATION('',(#1889),#1893);
#1889 = LINE('',#1890,#1891);
#1890 = CARTESIAN_POINT('',(6.28318530718,0.));
#1891 = VECTOR('',#1892,1.);
#1892 = DIRECTION('',(0.,1.));
#1893 = ( GEOMETRIC_REPRESENTATION_CONTEXT(2) 
PARAMETRIC_REPRESENTATION_CONTEXT() REPRESENTATION_CONTEXT('2D SPACE',''
  ) );
#1894 = ORIENTED_EDGE('',*,*,#571,.T.);
#1895 = ORIENTED_EDGE('',*,*,#600,.T.);
#1896 = ORIENTED_EDGE('',*,*,#1868,.T.);
#1897 = ORIENTED_EDGE('',*,*,#1898,.F.);
#1898 = EDGE_CURVE('',#1869,#1869,#1899,.T.);
#1899 = SURFACE_CURVE('',#1900,(#1905,#1912),.PCURVE_S1.);
#1900 = CIRCLE('',#1901,1.05);
#1901 = AXIS2_PLACEMENT_3D('',#1902,#1903,#1904);
#1902 = CARTESIAN_POINT('',(18.12598916708,0.,-2.01238905174E-15));
#1903 = DIRECTION('',(1.,0.,-1.110223024625E-16));
#1904 = DIRECTION('',(-1.110223024625E-16,0.,-1.));
#1905 = PCURVE('',#588,#1906);
#1906 = DEFINITIONAL_REPRESENTATION('',(#1907),#1911);
#1907 = LINE('',#1908,#1909);
#1908 = CARTESIAN_POINT('',(0.,6.28318530718));
#1909 = VECTOR('',#1910,1.);
#1910 = DIRECTION('',(1.,0.));
#1911 = ( GEOMETRIC_REPRESENTATION_CONTEXT(2) 
PARAMETRIC_REPRESENTATION_CONTEXT() REPRESENTATION_CONTEXT('2D SPACE',''
  ) );
#1912 = PCURVE('',#1913,#1918);
#1913 = CYLINDRICAL_SURFACE('',#1914,1.05);
#1914 = AXIS2_PLACEMENT_3D('',#1915,#1916,#1917);
#1915 = CARTESIAN_POINT('',(17.82598916708,0.,-1.979082361001E-15));
#1916 = DIRECTION('',(1.,0.,-1.110223024625E-16));
#1917 = DIRECTION('',(-1.110223024625E-16,0.,-1.));
#1918 = DEFINITIONAL_REPRESENTATION('',(#1919),#1923);
#1919 = LINE('',#1920,#1921);
#1920 = CARTESIAN_POINT('',(0.,0.3));
#1921 = VECTOR('',#1922,1.);
#1922 = DIRECTION('',(1.,0.));
#1923 = ( GEOMETRIC_REPRESENTATION_CONTEXT(2) 
PARAMETRIC_REPRESENTATION_CONTEXT() REPRESENTATION_CONTEXT('2D SPACE',''
  ) );
#1924 = ADVANCED_FACE('',(#1925),#666,.T.);
#1925 = FACE_BOUND('',#1926,.T.);
#1926 = EDGE_LOOP('',(#1927,#1928,#2081,#2082,#2083,#2084,#2129,#2130));
#1927 = ORIENTED_EDGE('',*,*,#1193,.T.);
#1928 = ORIENTED_EDGE('',*,*,#1929,.F.);
#1929 = EDGE_CURVE('',#1120,#1165,#1930,.T.);
#1930 = SURFACE_CURVE('',#1931,(#1957,#2052),.PCURVE_S1.);
#1931 = B_SPLINE_CURVE_WITH_KNOTS('',3,(#1932,#1933,#1934,#1935,#1936,
    #1937,#1938,#1939,#1940,#1941,#1942,#1943,#1944,#1945,#1946,#1947,
    #1948,#1949,#1950,#1951,#1952,#1953,#1954,#1955,#1956),
  .UNSPECIFIED.,.F.,.F.,(4,1,1,1,1,1,1,1,1,1,1,1,1,1,1,1,1,1,1,1,1,1,4),
  (-5.160324752559E-03,-3.872221445788E-03,-3.228169792402E-03,
    -2.584118139016E-03,-1.940066485631E-03,-1.296014832245E-03,
    -9.739890055521E-04,-6.519631788593E-04,-3.299373521664E-04,
    -1.6892443882E-04,-8.841798214681E-05,-7.911525473604E-06,
    7.259493119961E-05,1.531013878728E-04,3.141143012192E-04,
    6.361401279121E-04,9.581659546049E-04,1.280191781298E-03,
    1.924243434683E-03,2.568295088069E-03,3.212346741455E-03,
    3.85639839484E-03,5.144501701612E-03),.UNSPECIFIED.);
#1932 = CARTESIAN_POINT('',(6.316066890844,1.603946013551,-2.68981709232
    ));
#1933 = CARTESIAN_POINT('',(6.069460528435,1.612696561894,
    -2.347146068927));
#1934 = CARTESIAN_POINT('',(5.693473984335,1.626038019911,
    -1.835187041623));
#1935 = CARTESIAN_POINT('',(5.079134256314,1.64783717155,-1.254658694318
    ));
#1936 = CARTESIAN_POINT('',(4.560906150794,1.666225910778,
    -0.905395754098));
#1937 = CARTESIAN_POINT('',(3.983081852327,1.686729353627,
    -0.636094460862));
#1938 = CARTESIAN_POINT('',(3.48250368307,1.704491804794,-0.468660978252
    ));
#1939 = CARTESIAN_POINT('',(3.076155752135,1.718910602344,
    -0.351322341527));
#1940 = CARTESIAN_POINT('',(2.770222804827,1.729766287571,
    -0.265964432427));
#1941 = CARTESIAN_POINT('',(2.517866761829,1.738720856838,
    -0.192131007301));
#1942 = CARTESIAN_POINT('',(2.343227016974,1.744917751011,
    -0.124086559824));
#1943 = CARTESIAN_POINT('',(2.252950489205,1.748121111673,
    -7.53149608967E-02));
#1944 = CARTESIAN_POINT('',(2.186140284862,1.750491796344,
    -9.89864879533E-03));
#1945 = CARTESIAN_POINT('',(2.238054346181,1.74864968449,
    6.736884840439E-02));
#1946 = CARTESIAN_POINT('',(2.329859387242,1.745392086259,0.117180268329
    ));
#1947 = CARTESIAN_POINT('',(2.502353496091,1.739271327558,0.187923920425
    ));
#1948 = CARTESIAN_POINT('',(2.755404886646,1.730292084667,0.261556482884
    ));
#1949 = CARTESIAN_POINT('',(3.061253341865,1.719439397547,0.347219717632
    ));
#1950 = CARTESIAN_POINT('',(3.467832943551,1.705012379422,0.464118304381
    ));
#1951 = CARTESIAN_POINT('',(3.968351697885,1.687252036527,0.630359266171
    ));
#1952 = CARTESIAN_POINT('',(4.550074024488,1.66661027655,0.899141654918)
  );
#1953 = CARTESIAN_POINT('',(5.071983490056,1.648090908417,1.248700887933
    ));
#1954 = CARTESIAN_POINT('',(5.690276790037,1.626151468741,1.830849520607
    ));
#1955 = CARTESIAN_POINT('',(6.068239191622,1.612739899652,2.345448964555
    ));
#1956 = CARTESIAN_POINT('',(6.316066890844,1.603946013551,2.68981709232)
  );
#1957 = PCURVE('',#666,#1958);
#1958 = DEFINITIONAL_REPRESENTATION('',(#1959),#2051);
#1959 = B_SPLINE_CURVE_WITH_KNOTS('',3,(#1960,#1961,#1962,#1963,#1964,
    #1965,#1966,#1967,#1968,#1969,#1970,#1971,#1972,#1973,#1974,#1975,
    #1976,#1977,#1978,#1979,#1980,#1981,#1982,#1983,#1984,#1985,#1986,
    #1987,#1988,#1989,#1990,#1991,#1992,#1993,#1994,#1995,#1996,#1997,
    #1998,#1999,#2000,#2001,#2002,#2003,#2004,#2005,#2006,#2007,#2008,
    #2009,#2010,#2011,#2012,#2013,#2014,#2015,#2016,#2017,#2018,#2019,
    #2020,#2021,#2022,#2023,#2024,#2025,#2026,#2027,#2028,#2029,#2030,
    #2031,#2032,#2033,#2034,#2035,#2036,#2037,#2038,#2039,#2040,#2041,
    #2042,#2043,#2044,#2045,#2046,#2047,#2048,#2049,#2050),
  .UNSPECIFIED.,.F.,.F.,(4,1,1,1,1,1,1,1,1,1,1,1,1,1,1,1,1,1,1,1,1,1,1,1
    ,1,1,1,1,1,1,1,1,1,1,1,1,1,1,1,1,1,1,1,1,1,1,1,1,1,1,1,1,1,1,1,1,1,1
    ,1,1,1,1,1,1,1,1,1,1,1,1,1,1,1,1,1,1,1,1,1,1,1,1,1,1,1,1,1,1,4),(
    -5.160324752559E-03,-5.043224451943E-03,-4.926124151328E-03,
    -4.809023850712E-03,-4.691923550097E-03,-4.574823249481E-03,
    -4.457722948866E-03,-4.34062264825E-03,-4.223522347634E-03,
    -4.106422047019E-03,-3.989321746403E-03,-3.872221445788E-03,
    -3.755121145172E-03,-3.638020844556E-03,-3.520920543941E-03,
    -3.403820243325E-03,-3.28671994271E-03,-3.169619642094E-03,
    -3.052519341479E-03,-2.935419040863E-03,-2.818318740247E-03,
    -2.701218439632E-03,-2.584118139016E-03,-2.467017838401E-03,
    -2.349917537785E-03,-2.23281723717E-03,-2.115716936554E-03,
    -1.998616635938E-03,-1.881516335323E-03,-1.764416034707E-03,
    -1.647315734092E-03,-1.530215433476E-03,-1.413115132861E-03,
    -1.296014832245E-03,-1.178914531629E-03,-1.061814231014E-03,
    -9.447139303982E-04,-8.276136297826E-04,-7.105133291671E-04,
    -5.934130285515E-04,-4.763127279359E-04,-3.592124273203E-04,
    -2.421121267048E-04,-1.250118260892E-04,-7.911525473605E-06,
    1.09188775142E-04,2.262890757575E-04,3.433893763731E-04,
    4.604896769887E-04,5.775899776043E-04,6.946902782199E-04,
    8.117905788354E-04,9.28890879451E-04,1.045991180067E-03,
    1.163091480682E-03,1.280191781298E-03,1.397292081913E-03,
    1.514392382529E-03,1.631492683144E-03,1.74859298376E-03,
    1.865693284376E-03,1.982793584991E-03,2.099893885607E-03,
    2.216994186222E-03,2.334094486838E-03,2.451194787454E-03,
    2.568295088069E-03,2.685395388685E-03,2.8024956893E-03,
    2.919595989916E-03,3.036696290531E-03,3.153796591147E-03,
    3.270896891763E-03,3.387997192378E-03,3.505097492994E-03,
    3.622197793609E-03,3.739298094225E-03,3.85639839484E-03,
    3.973498695456E-03,4.090598996072E-03,4.207699296687E-03,
    4.324799597303E-03,4.441899897918E-03,4.559000198534E-03,
    4.676100499149E-03,4.793200799765E-03,4.910301100381E-03,
    5.027401400996E-03,5.144501701612E-03),.UNSPECIFIED.);
#1960 = CARTESIAN_POINT('',(-5.155847216898E-03,1.000173786602));
#1961 = CARTESIAN_POINT('',(-5.116937716616E-03,1.000283936023));
#1962 = CARTESIAN_POINT('',(-5.039137808047E-03,1.000386561628));
#1963 = CARTESIAN_POINT('',(-4.922471377644E-03,1.000345316927));
#1964 = CARTESIAN_POINT('',(-4.805814681077E-03,1.000356357325));
#1965 = CARTESIAN_POINT('',(-4.689143512495E-03,1.000353440434));
#1966 = CARTESIAN_POINT('',(-4.572433027819E-03,1.000354067599));
#1967 = CARTESIAN_POINT('',(-4.455657712801E-03,1.000354475827));
#1968 = CARTESIAN_POINT('',(-4.338791349608E-03,1.00035221575));
#1969 = CARTESIAN_POINT('',(-4.221807207657E-03,1.000360847832));
#1970 = CARTESIAN_POINT('',(-4.104677792561E-03,1.00032857958));
#1971 = CARTESIAN_POINT('',(-3.987376745418E-03,1.000449020508));
#1972 = CARTESIAN_POINT('',(-3.869873357471E-03,0.999999525049));
#1973 = CARTESIAN_POINT('',(-3.752159111475E-03,0.999496995732));
#1974 = CARTESIAN_POINT('',(-3.634403858128E-03,0.999142599137));
#1975 = CARTESIAN_POINT('',(-3.516776382799E-03,0.999033495512));
#1976 = CARTESIAN_POINT('',(-3.399451760427E-03,0.999238978101));
#1977 = CARTESIAN_POINT('',(-3.282596952188E-03,0.999766073632));
#1978 = CARTESIAN_POINT('',(-3.166403314791E-03,1.000512162049));
#1979 = CARTESIAN_POINT('',(-3.050762284681E-03,1.000309464832));
#1980 = CARTESIAN_POINT('',(-2.935457971086E-03,1.000374165281));
#1981 = CARTESIAN_POINT('',(-2.820302644662E-03,1.000318060702));
#1982 = CARTESIAN_POINT('',(-2.705108504766E-03,1.00047777857));
#1983 = CARTESIAN_POINT('',(-2.589688500157E-03,0.999895011677));
#1984 = CARTESIAN_POINT('',(-2.473887107078E-03,0.999592851105));
#1985 = CARTESIAN_POINT('',(-2.357788817395E-03,0.999346680047));
#1986 = CARTESIAN_POINT('',(-2.241468292249E-03,0.999307130788));
#1987 = CARTESIAN_POINT('',(-2.125001936698E-03,0.999463886591));
#1988 = CARTESIAN_POINT('',(-2.008460319236E-03,0.999789793699));
#1989 = CARTESIAN_POINT('',(-1.891924394679E-03,1.000145108259));
#1990 = CARTESIAN_POINT('',(-1.775455949412E-03,1.000354271703));
#1991 = CARTESIAN_POINT('',(-1.659024702438E-03,1.000354455331));
#1992 = CARTESIAN_POINT('',(-1.542619322369E-03,1.000352093631));
#1993 = CARTESIAN_POINT('',(-1.42622450511E-03,1.000183016074));
#1994 = CARTESIAN_POINT('',(-1.309825350135E-03,1.00002780095));
#1995 = CARTESIAN_POINT('',(-1.193412705968E-03,0.999849404169));
#1996 = CARTESIAN_POINT('',(-1.076997604721E-03,0.999722815471));
#1997 = CARTESIAN_POINT('',(-9.605941384845E-04,1.000056976446));
#1998 = CARTESIAN_POINT('',(-8.441886444879E-04,1.000427150174));
#1999 = CARTESIAN_POINT('',(-7.277813853793E-04,1.000358609516));
#2000 = CARTESIAN_POINT('',(-6.114000011588E-04,1.000262598421));
#2001 = CARTESIAN_POINT('',(-4.950541755083E-04,0.994635640743));
#2002 = CARTESIAN_POINT('',(-3.789725038351E-04,0.999513245766));
#2003 = CARTESIAN_POINT('',(-2.620641817525E-04,0.995517123931));
#2004 = CARTESIAN_POINT('',(-1.47536474802E-04,1.02054244517));
#2005 = CARTESIAN_POINT('',(-3.044652945808E-05,0.834116992475));
#2006 = CARTESIAN_POINT('',(8.50070233799E-05,1.047338914065));
#2007 = CARTESIAN_POINT('',(1.996485347013E-04,0.978651537923));
#2008 = CARTESIAN_POINT('',(3.166758521082E-04,1.006186963439));
#2009 = CARTESIAN_POINT('',(4.326680312188E-04,0.998724794978));
#2010 = CARTESIAN_POINT('',(5.485020938645E-04,1.001038043308));
#2011 = CARTESIAN_POINT('',(6.643542500537E-04,0.99924721845));
#2012 = CARTESIAN_POINT('',(7.803787972384E-04,0.999571028603));
#2013 = CARTESIAN_POINT('',(8.964500740566E-04,0.999902124378));
#2014 = CARTESIAN_POINT('',(1.012492612268E-03,1.000121983846));
#2015 = CARTESIAN_POINT('',(1.128498026708E-03,1.000120204058));
#2016 = CARTESIAN_POINT('',(1.244489002351E-03,1.000037944842));
#2017 = CARTESIAN_POINT('',(1.360482966324E-03,0.999965069288));
#2018 = CARTESIAN_POINT('',(1.476485341303E-03,0.999934045982));
#2019 = CARTESIAN_POINT('',(1.592497217247E-03,0.999918611505));
#2020 = CARTESIAN_POINT('',(1.708521362816E-03,0.99991389879));
#2021 = CARTESIAN_POINT('',(1.824558128002E-03,0.999916677113));
#2022 = CARTESIAN_POINT('',(1.94061575624E-03,0.99991879014));
#2023 = CARTESIAN_POINT('',(2.056652800395E-03,0.999984305933));
#2024 = CARTESIAN_POINT('',(2.172671454999E-03,1.000062642747));
#2025 = CARTESIAN_POINT('',(2.288671678665E-03,1.000121983202));
#2026 = CARTESIAN_POINT('',(2.404656116485E-03,1.000141448637));
#2027 = CARTESIAN_POINT('',(2.520620905003E-03,1.000081290473));
#2028 = CARTESIAN_POINT('',(2.63658822978E-03,1.000001420562));
#2029 = CARTESIAN_POINT('',(2.752592371426E-03,1.000009975046));
#2030 = CARTESIAN_POINT('',(2.868616498727E-03,1.000029381949));
#2031 = CARTESIAN_POINT('',(2.984658588288E-03,1.000032464365));
#2032 = CARTESIAN_POINT('',(3.100710866577E-03,0.999996776225));
#2033 = CARTESIAN_POINT('',(3.216779184209E-03,0.999854979013));
#2034 = CARTESIAN_POINT('',(3.332807758678E-03,0.999818012991));
#2035 = CARTESIAN_POINT('',(3.448801052364E-03,0.999854494579));
#2036 = CARTESIAN_POINT('',(3.564765803635E-03,0.999932422441));
#2037 = CARTESIAN_POINT('',(3.680710381681E-03,1.000035504909));
#2038 = CARTESIAN_POINT('',(3.796637760039E-03,1.000131631149));
#2039 = CARTESIAN_POINT('',(3.912573316635E-03,1.000272229914));
#2040 = CARTESIAN_POINT('',(4.028565199156E-03,1.000375950521));
#2041 = CARTESIAN_POINT('',(4.144591035008E-03,1.00034815466));
#2042 = CARTESIAN_POINT('',(4.260645995164E-03,1.000355617497));
#2043 = CARTESIAN_POINT('',(4.376721492895E-03,1.000353562012));
#2044 = CARTESIAN_POINT('',(4.492810689199E-03,1.000354321114));
#2045 = CARTESIAN_POINT('',(4.608906802709E-03,1.000353340192));
#2046 = CARTESIAN_POINT('',(4.725003316052E-03,1.000356504776));
#2047 = CARTESIAN_POINT('',(4.841093642986E-03,1.000344827364));
#2048 = CARTESIAN_POINT('',(4.957170948687E-03,1.000388372426));
#2049 = CARTESIAN_POINT('',(5.034542196554E-03,1.000280037202));
#2050 = CARTESIAN_POINT('',(5.07322320691E-03,1.000163761061));
#2051 = ( GEOMETRIC_REPRESENTATION_CONTEXT(2) 
PARAMETRIC_REPRESENTATION_CONTEXT() REPRESENTATION_CONTEXT('2D SPACE',''
  ) );
#2052 = PCURVE('',#1181,#2053);
#2053 = DEFINITIONAL_REPRESENTATION('',(#2054),#2080);
#2054 = B_SPLINE_CURVE_WITH_KNOTS('',3,(#2055,#2056,#2057,#2058,#2059,
    #2060,#2061,#2062,#2063,#2064,#2065,#2066,#2067,#2068,#2069,#2070,
    #2071,#2072,#2073,#2074,#2075,#2076,#2077,#2078,#2079),
  .UNSPECIFIED.,.F.,.F.,(4,1,1,1,1,1,1,1,1,1,1,1,1,1,1,1,1,1,1,1,1,1,4),
  (-5.160324752559E-03,-3.872221445788E-03,-3.228169792402E-03,
    -2.584118139016E-03,-1.940066485631E-03,-1.296014832245E-03,
    -9.739890055521E-04,-6.519631788593E-04,-3.299373521664E-04,
    -1.6892443882E-04,-8.841798214681E-05,-7.911525473604E-06,
    7.259493119961E-05,1.531013878728E-04,3.141143012192E-04,
    6.361401279121E-04,9.581659546049E-04,1.280191781298E-03,
    1.924243434683E-03,2.568295088069E-03,3.212346741455E-03,
    3.85639839484E-03,5.144501701612E-03),.UNSPECIFIED.);
#2055 = CARTESIAN_POINT('',(-3.636220141332,4.06018290768));
#2056 = CARTESIAN_POINT('',(-3.882981706567,4.402853931073));
#2057 = CARTESIAN_POINT('',(-4.259204879492,4.914812958377));
#2058 = CARTESIAN_POINT('',(-4.873931244989,5.495341305682));
#2059 = CARTESIAN_POINT('',(-5.392485499702,5.844604245902));
#2060 = CARTESIAN_POINT('',(-5.970673454496,6.113905539138));
#2061 = CARTESIAN_POINT('',(-6.471566664879,6.281339021748));
#2062 = CARTESIAN_POINT('',(-6.878170332715,6.398677658473));
#2063 = CARTESIAN_POINT('',(-7.184295820302,6.484035567573));
#2064 = CARTESIAN_POINT('',(-7.436810684713,6.557868992699));
#2065 = CARTESIAN_POINT('',(-7.611560339878,6.625913440176));
#2066 = CARTESIAN_POINT('',(-7.701893683587,6.674685039103));
#2067 = CARTESIAN_POINT('',(-7.768745935232,6.740101351205));
#2068 = CARTESIAN_POINT('',(-7.716799201565,6.817368848404));
#2069 = CARTESIAN_POINT('',(-7.624936382588,6.867180268329));
#2070 = CARTESIAN_POINT('',(-7.452333713795,6.937923920425));
#2071 = CARTESIAN_POINT('',(-7.199123064207,7.011556482884));
#2072 = CARTESIAN_POINT('',(-6.893082121885,7.097219717632));
#2073 = CARTESIAN_POINT('',(-6.486246637493,7.214118304381));
#2074 = CARTESIAN_POINT('',(-5.985412879426,7.380359266171));
#2075 = CARTESIAN_POINT('',(-5.403324443256,7.649141654918));
#2076 = CARTESIAN_POINT('',(-4.881086511614,7.998700887933));
#2077 = CARTESIAN_POINT('',(-4.262404085959,8.580849520607));
#2078 = CARTESIAN_POINT('',(-3.884203812034,9.095448964555));
#2079 = CARTESIAN_POINT('',(-3.636220141332,9.43981709232));
#2080 = ( GEOMETRIC_REPRESENTATION_CONTEXT(2) 
PARAMETRIC_REPRESENTATION_CONTEXT() REPRESENTATION_CONTEXT('2D SPACE',''
  ) );
#2081 = ORIENTED_EDGE('',*,*,#1117,.F.);
#2082 = ORIENTED_EDGE('',*,*,#1407,.F.);
#2083 = ORIENTED_EDGE('',*,*,#1286,.F.);
#2084 = ORIENTED_EDGE('',*,*,#2085,.F.);
#2085 = EDGE_CURVE('',#749,#1262,#2086,.T.);
#2086 = SURFACE_CURVE('',#2087,(#2092,#2121),.PCURVE_S1.);
#2087 = B_SPLINE_CURVE_WITH_KNOTS('',3,(#2088,#2089,#2090,#2091),
  .UNSPECIFIED.,.F.,.F.,(4,4),(-2.824074249608E-05,2.824059129907E-05),
  .PIECEWISE_BEZIER_KNOTS.);
#2088 = CARTESIAN_POINT('',(2.2,1.749772130265,2.823990346113E-02));
#2089 = CARTESIAN_POINT('',(2.2,1.750075953434,9.414721760011E-03));
#2090 = CARTESIAN_POINT('',(2.2,1.750075950496,-9.414903813566E-03));
#2091 = CARTESIAN_POINT('',(2.2,1.749772130265,-2.823990346112E-02));
#2092 = PCURVE('',#666,#2093);
#2093 = DEFINITIONAL_REPRESENTATION('',(#2094),#2120);
#2094 = B_SPLINE_CURVE_WITH_KNOTS('',3,(#2095,#2096,#2097,#2098,#2099,
    #2100,#2101,#2102,#2103,#2104,#2105,#2106,#2107,#2108,#2109,#2110,
    #2111,#2112,#2113,#2114,#2115,#2116,#2117,#2118,#2119),
  .UNSPECIFIED.,.F.,.F.,(4,1,1,1,1,1,1,1,1,1,1,1,1,1,1,1,1,1,1,1,1,1,4),
  (-2.824074249608E-05,-2.567340914175E-05,-2.310607578743E-05,
    -2.05387424331E-05,-1.797140907878E-05,-1.540407572445E-05,
    -1.283674237013E-05,-1.02694090158E-05,-7.702075661477E-06,
    -5.134742307152E-06,-2.567408952827E-06,-7.55985017459E-11,
    2.567257755823E-06,5.134591110148E-06,7.701924464474E-06,
    1.02692578188E-05,1.283659117312E-05,1.540392452745E-05,
    1.797125788177E-05,2.05385912361E-05,2.310592459042E-05,
    2.567325794475E-05,2.824059129907E-05),.UNSPECIFIED.);
#2095 = CARTESIAN_POINT('',(1.84735956354E-06,-0.1));
#2096 = CARTESIAN_POINT('',(1.18023810193E-06,-0.138751210124));
#2097 = CARTESIAN_POINT('',(-1.638042124732E-07,-0.121244992231));
#2098 = CARTESIAN_POINT('',(-2.209448969489E-06,3.248428799601E-02));
#2099 = CARTESIAN_POINT('',(-4.287409459986E-06,-1.081634641163E-02));
#2100 = CARTESIAN_POINT('',(-6.391490455309E-06,8.656910991456E-03));
#2101 = CARTESIAN_POINT('',(-8.526982791108E-06,7.805449846846E-02));
#2102 = CARTESIAN_POINT('',(-1.071649084745E-05,0.129096488695));
#2103 = CARTESIAN_POINT('',(-1.29529863232E-05,0.179386831151));
#2104 = CARTESIAN_POINT('',(-1.523620947406E-05,0.223467962904));
#2105 = CARTESIAN_POINT('',(-1.756271119013E-05,0.262026523594));
#2106 = CARTESIAN_POINT('',(-1.992834847569E-05,0.294088278145));
#2107 = CARTESIAN_POINT('',(-2.23275060449E-05,0.31913693704));
#2108 = CARTESIAN_POINT('',(-2.475329243072E-05,0.336579894264));
#2109 = CARTESIAN_POINT('',(-2.719760244685E-05,0.34592861138));
#2110 = CARTESIAN_POINT('',(-2.96513598959E-05,0.346787683646));
#2111 = CARTESIAN_POINT('',(-3.210485168017E-05,0.338890517424));
#2112 = CARTESIAN_POINT('',(-3.454814532011E-05,0.322113965695));
#2113 = CARTESIAN_POINT('',(-3.697153903819E-05,0.296483427022));
#2114 = CARTESIAN_POINT('',(-3.936598318383E-05,0.262174796204));
#2115 = CARTESIAN_POINT('',(-4.172345084507E-05,0.219471027817));
#2116 = CARTESIAN_POINT('',(-4.403711506657E-05,0.16884460605));
#2117 = CARTESIAN_POINT('',(-4.630144638691E-05,0.111238773839));
#2118 = CARTESIAN_POINT('',(-4.777611588478E-05,6.874955077641E-02));
#2119 = CARTESIAN_POINT('',(-4.850410969801E-05,4.662987994747E-02));
#2120 = ( GEOMETRIC_REPRESENTATION_CONTEXT(2) 
PARAMETRIC_REPRESENTATION_CONTEXT() REPRESENTATION_CONTEXT('2D SPACE',''
  ) );
#2121 = PCURVE('',#885,#2122);
#2122 = DEFINITIONAL_REPRESENTATION('',(#2123),#2128);
#2123 = B_SPLINE_CURVE_WITH_KNOTS('',3,(#2124,#2125,#2126,#2127),
  .UNSPECIFIED.,.F.,.F.,(4,4),(-2.824074249608E-05,2.824059129907E-05),
  .PIECEWISE_BEZIER_KNOTS.);
#2124 = CARTESIAN_POINT('',(2.823990346113E-02,1.749772130265));
#2125 = CARTESIAN_POINT('',(9.414721760011E-03,1.750075953434));
#2126 = CARTESIAN_POINT('',(-9.414903813566E-03,1.750075950496));
#2127 = CARTESIAN_POINT('',(-2.823990346112E-02,1.749772130265));
#2128 = ( GEOMETRIC_REPRESENTATION_CONTEXT(2) 
PARAMETRIC_REPRESENTATION_CONTEXT() REPRESENTATION_CONTEXT('2D SPACE',''
  ) );
#2129 = ORIENTED_EDGE('',*,*,#748,.F.);
#2130 = ORIENTED_EDGE('',*,*,#650,.F.);
#2131 = ADVANCED_FACE('',(#2132,#2159),#885,.F.);
#2132 = FACE_BOUND('',#2133,.T.);
#2133 = EDGE_LOOP('',(#2134,#2135,#2136,#2137));
#2134 = ORIENTED_EDGE('',*,*,#869,.T.);
#2135 = ORIENTED_EDGE('',*,*,#2085,.T.);
#2136 = ORIENTED_EDGE('',*,*,#1261,.T.);
#2137 = ORIENTED_EDGE('',*,*,#2138,.T.);
#2138 = EDGE_CURVE('',#1264,#870,#2139,.T.);
#2139 = SURFACE_CURVE('',#2140,(#2145,#2153),.PCURVE_S1.);
#2140 = B_SPLINE_CURVE_WITH_KNOTS('',3,(#2141,#2142,#2143,#2144),
  .UNSPECIFIED.,.F.,.F.,(4,4),(-2.824074247872E-05,2.824059128116E-05),
  .PIECEWISE_BEZIER_KNOTS.);
#2141 = CARTESIAN_POINT('',(2.2,-1.749772130265,-2.823990346109E-02));
#2142 = CARTESIAN_POINT('',(2.2,-1.750075953434,-9.414721771736E-03));
#2143 = CARTESIAN_POINT('',(2.2,-1.750075950496,9.414903790076E-03));
#2144 = CARTESIAN_POINT('',(2.2,-1.749772130266,2.823990342588E-02));
#2145 = PCURVE('',#885,#2146);
#2146 = DEFINITIONAL_REPRESENTATION('',(#2147),#2152);
#2147 = B_SPLINE_CURVE_WITH_KNOTS('',3,(#2148,#2149,#2150,#2151),
  .UNSPECIFIED.,.F.,.F.,(4,4),(-2.824074247872E-05,2.824059128116E-05),
  .PIECEWISE_BEZIER_KNOTS.);
#2148 = CARTESIAN_POINT('',(-2.823990346109E-02,-1.749772130265));
#2149 = CARTESIAN_POINT('',(-9.414721771736E-03,-1.750075953434));
#2150 = CARTESIAN_POINT('',(9.414903790077E-03,-1.750075950496));
#2151 = CARTESIAN_POINT('',(2.823990342589E-02,-1.749772130266));
#2152 = ( GEOMETRIC_REPRESENTATION_CONTEXT(2) 
PARAMETRIC_REPRESENTATION_CONTEXT() REPRESENTATION_CONTEXT('2D SPACE',''
  ) );
#2153 = PCURVE('',#967,#2154);
#2154 = DEFINITIONAL_REPRESENTATION('',(#2155),#2158);
#2155 = B_SPLINE_CURVE_WITH_KNOTS('',1,(#2156,#2157),.UNSPECIFIED.,.F.,
  .F.,(2,2),(-2.824074247872E-05,2.824059128116E-05),
  .PIECEWISE_BEZIER_KNOTS.);
#2156 = CARTESIAN_POINT('',(1.758864815709E-06,-1.062678951088E-03));
#2157 = CARTESIAN_POINT('',(-4.849557650908E-05,4.620106496915E-02));
#2158 = ( GEOMETRIC_REPRESENTATION_CONTEXT(2) 
PARAMETRIC_REPRESENTATION_CONTEXT() REPRESENTATION_CONTEXT('2D SPACE',''
  ) );
#2159 = FACE_BOUND('',#2160,.T.);
#2160 = EDGE_LOOP('',(#2161));
#2161 = ORIENTED_EDGE('',*,*,#2162,.F.);
#2162 = EDGE_CURVE('',#2163,#2163,#2165,.T.);
#2163 = VERTEX_POINT('',#2164);
#2164 = CARTESIAN_POINT('',(2.2,4.439344646909E-16,2.517949192431));
#2165 = SURFACE_CURVE('',#2166,(#2171,#2178),.PCURVE_S1.);
#2166 = CIRCLE('',#2167,2.517949192431);
#2167 = AXIS2_PLACEMENT_3D('',#2168,#2169,#2170);
#2168 = CARTESIAN_POINT('',(2.2,4.439344646909E-16,-2.442490654175E-16)
  );
#2169 = DIRECTION('',(-1.,0.,1.110223024625E-16));
#2170 = DIRECTION('',(1.110223024625E-16,0.,1.));
#2171 = PCURVE('',#885,#2172);
#2172 = DEFINITIONAL_REPRESENTATION('',(#2173),#2177);
#2173 = CIRCLE('',#2174,2.517949192431);
#2174 = AXIS2_PLACEMENT_2D('',#2175,#2176);
#2175 = CARTESIAN_POINT('',(0.,4.439344646909E-16));
#2176 = DIRECTION('',(1.,0.));
#2177 = ( GEOMETRIC_REPRESENTATION_CONTEXT(2) 
PARAMETRIC_REPRESENTATION_CONTEXT() REPRESENTATION_CONTEXT('2D SPACE',''
  ) );
#2178 = PCURVE('',#2179,#2184);
#2179 = TOROIDAL_SURFACE('',#2180,2.517949192431,2.);
#2180 = AXIS2_PLACEMENT_3D('',#2181,#2182,#2183);
#2181 = CARTESIAN_POINT('',(0.2,4.439344646909E-16,-2.22044604925E-17));
#2182 = DIRECTION('',(1.,0.,-1.110223024625E-16));
#2183 = DIRECTION('',(-1.110223024625E-16,0.,-1.));
#2184 = DEFINITIONAL_REPRESENTATION('',(#2185),#2189);
#2185 = LINE('',#2186,#2187);
#2186 = CARTESIAN_POINT('',(9.424777960769,7.853981633974));
#2187 = VECTOR('',#2188,1.);
#2188 = DIRECTION('',(-1.,0.));
#2189 = ( GEOMETRIC_REPRESENTATION_CONTEXT(2) 
PARAMETRIC_REPRESENTATION_CONTEXT() REPRESENTATION_CONTEXT('2D SPACE',''
  ) );
#2190 = ADVANCED_FACE('',(#2191),#967,.T.);
#2191 = FACE_BOUND('',#2192,.T.);
#2192 = EDGE_LOOP('',(#2193,#2194,#2195,#2196,#2197,#2198));
#2193 = ORIENTED_EDGE('',*,*,#1573,.F.);
#2194 = ORIENTED_EDGE('',*,*,#1741,.F.);
#2195 = ORIENTED_EDGE('',*,*,#1670,.F.);
#2196 = ORIENTED_EDGE('',*,*,#897,.F.);
#2197 = ORIENTED_EDGE('',*,*,#2138,.F.);
#2198 = ORIENTED_EDGE('',*,*,#1451,.F.);
#2199 = ADVANCED_FACE('',(#2200,#2204),#1181,.F.);
#2200 = FACE_BOUND('',#2201,.T.);
#2201 = EDGE_LOOP('',(#2202,#2203));
#2202 = ORIENTED_EDGE('',*,*,#1164,.F.);
#2203 = ORIENTED_EDGE('',*,*,#1929,.T.);
#2204 = FACE_BOUND('',#2205,.T.);
#2205 = EDGE_LOOP('',(#2206));
#2206 = ORIENTED_EDGE('',*,*,#2207,.T.);
#2207 = EDGE_CURVE('',#2208,#2208,#2210,.T.);
#2208 = VERTEX_POINT('',#2209);
#2209 = CARTESIAN_POINT('',(16.910638465924,1.228009602822,
    -1.877458018598E-15));
#2210 = SURFACE_CURVE('',#2211,(#2216,#2223),.PCURVE_S1.);
#2211 = ELLIPSE('',#2212,5.203272643431,5.2);
#2212 = AXIS2_PLACEMENT_3D('',#2213,#2214,#2215);
#2213 = CARTESIAN_POINT('',(11.710638465924,1.412525731854,
    -1.300142045793E-15));
#2214 = DIRECTION('',(-3.546155307953E-02,-0.999371041332,
    3.937023271786E-18));
#2215 = DIRECTION('',(0.999371041332,-3.546155307953E-02,
    -1.109524740231E-16));
#2216 = PCURVE('',#1181,#2217);
#2217 = DEFINITIONAL_REPRESENTATION('',(#2218),#2222);
#2218 = ELLIPSE('',#2219,5.203272643431,5.2);
#2219 = AXIS2_PLACEMENT_2D('',#2220,#2221);
#2220 = CARTESIAN_POINT('',(1.761746531676,6.75));
#2221 = DIRECTION('',(1.,0.));
#2222 = ( GEOMETRIC_REPRESENTATION_CONTEXT(2) 
PARAMETRIC_REPRESENTATION_CONTEXT() REPRESENTATION_CONTEXT('2D SPACE',''
  ) );
#2223 = PCURVE('',#2224,#2258);
#2224 = ( BOUNDED_SURFACE() B_SPLINE_SURFACE(3,2,(
    (#2225,#2226,#2227)
    ,(#2228,#2229,#2230)
    ,(#2231,#2232,#2233)
    ,(#2234,#2235,#2236)
    ,(#2237,#2238,#2239)
    ,(#2240,#2241,#2242)
    ,(#2243,#2244,#2245)
    ,(#2246,#2247,#2248)
    ,(#2249,#2250,#2251)
    ,(#2252,#2253,#2254)
    ,(#2255,#2256,#2257
)),.UNSPECIFIED.,.T.,.F.,.F.) B_SPLINE_SURFACE_WITH_KNOTS((1,3,1,1,1,1,1
    ,1,1,3,1),(3,3),(-0.785398163397,0.,0.785398163397,1.570796326795,
    2.356194490192,3.14159265359,3.926990816987,4.712388980385,
    5.497787143782,6.28318530718,7.068583470577),(0.,1.),.UNSPECIFIED.) 
GEOMETRIC_REPRESENTATION_ITEM() RATIONAL_B_SPLINE_SURFACE((
    (1.,0.694456063016,1.)
    ,(1.,0.694456063016,1.)
    ,(1.,0.697226284591,1.)
    ,(1.,0.70713456875,1.)
    ,(1.,0.716876127527,1.)
    ,(1.,0.720864603339,1.)
    ,(1.,0.716876127527,1.)
    ,(1.,0.70713456875,1.)
    ,(1.,0.697226284591,1.)
    ,(1.,0.694456063016,1.)
,(1.,0.694456063016,1.))) REPRESENTATION_ITEM('') SURFACE() );
#2225 = CARTESIAN_POINT('',(16.6,0.928198290422,-1.951390438126E-15));
#2226 = CARTESIAN_POINT('',(16.6,1.239032258065,-1.842970220878E-15));
#2227 = CARTESIAN_POINT('',(16.910638465924,1.228009602822,
    -1.985878235847E-15));
#2228 = CARTESIAN_POINT('',(16.6,0.928198290422,1.279898987322));
#2229 = CARTESIAN_POINT('',(16.6,1.239032258065,1.278190950671));
#2230 = CARTESIAN_POINT('',(16.910638465924,1.228009602822,
    1.358260149811));
#2231 = CARTESIAN_POINT('',(15.539696961967,0.968125435765,
    3.839696961967));
#2232 = CARTESIAN_POINT('',(15.5554283921,1.276097702216,3.819337315603)
  );
#2233 = CARTESIAN_POINT('',(15.785418915358,1.267936748165,
    4.074780449434));
#2234 = CARTESIAN_POINT('',(11.7,1.112714419455,5.430151519016));
#2235 = CARTESIAN_POINT('',(11.735015651924,1.411660734932,
    5.430228771247));
#2236 = CARTESIAN_POINT('',(11.710638465924,1.412525731854,
    5.762609775283));
#2237 = CARTESIAN_POINT('',(7.860303038033,1.257303403144,3.839696961967
    ));
#2238 = CARTESIAN_POINT('',(7.875051963155,1.548627188404,3.858947136076
    ));
#2239 = CARTESIAN_POINT('',(7.635858016489,1.557114715544,4.074780449434
    ));
#2240 = CARTESIAN_POINT('',(6.269848480983,1.317194121158,
    3.154518763768E-15));
#2241 = CARTESIAN_POINT('',(6.265448098945,1.605742164231,
    3.199598879322E-15));
#2242 = CARTESIAN_POINT('',(5.948028690641,1.617005433558,
    3.525672984983E-15));
#2243 = CARTESIAN_POINT('',(7.860303038033,1.257303403144,
    -3.839696961967));
#2244 = CARTESIAN_POINT('',(7.875051963155,1.548627188404,
    -3.858947136076));
#2245 = CARTESIAN_POINT('',(7.635858016489,1.557114715544,
    -4.074780449434));
#2246 = CARTESIAN_POINT('',(11.7,1.112714419455,-5.430151519016));
#2247 = CARTESIAN_POINT('',(11.735015651924,1.411660734932,
    -5.430228771247));
#2248 = CARTESIAN_POINT('',(11.710638465924,1.412525731854,
    -5.762609775283));
#2249 = CARTESIAN_POINT('',(15.539696961967,0.968125435765,
    -3.839696961967));
#2250 = CARTESIAN_POINT('',(15.5554283921,1.276097702216,-3.819337315603
    ));
#2251 = CARTESIAN_POINT('',(15.785418915358,1.267936748165,
    -4.074780449434));
#2252 = CARTESIAN_POINT('',(16.6,0.928198290422,-1.279898987322));
#2253 = CARTESIAN_POINT('',(16.6,1.239032258065,-1.278190950671));
#2254 = CARTESIAN_POINT('',(16.910638465924,1.228009602822,
    -1.358260149811));
#2255 = CARTESIAN_POINT('',(16.6,0.928198290422,-1.951390438126E-15));
#2256 = CARTESIAN_POINT('',(16.6,1.239032258065,-1.842970220878E-15));
#2257 = CARTESIAN_POINT('',(16.910638465924,1.228009602822,
    -1.985878235847E-15));
#2258 = DEFINITIONAL_REPRESENTATION('',(#2259),#2263);
#2259 = LINE('',#2260,#2261);
#2260 = CARTESIAN_POINT('',(0.,1.));
#2261 = VECTOR('',#2262,1.);
#2262 = DIRECTION('',(1.,-3.533949646071E-17));
#2263 = ( GEOMETRIC_REPRESENTATION_CONTEXT(2) 
PARAMETRIC_REPRESENTATION_CONTEXT() REPRESENTATION_CONTEXT('2D SPACE',''
  ) );
#2264 = ADVANCED_FACE('',(#2265),#1824,.T.);
#2265 = FACE_BOUND('',#2266,.T.);
#2266 = EDGE_LOOP('',(#2267,#2268,#2291,#2342,#2386));
#2267 = ORIENTED_EDGE('',*,*,#1807,.T.);
#2268 = ORIENTED_EDGE('',*,*,#2269,.T.);
#2269 = EDGE_CURVE('',#1808,#2270,#2272,.T.);
#2270 = VERTEX_POINT('',#2271);
#2271 = CARTESIAN_POINT('',(6.8,-1.297230548487,-7.549516567451E-16));
#2272 = SEAM_CURVE('',#2273,(#2277,#2284),.PCURVE_S1.);
#2273 = ( BOUNDED_CURVE() B_SPLINE_CURVE(2,(#2274,#2275,#2276),
.UNSPECIFIED.,.F.,.F.) B_SPLINE_CURVE_WITH_KNOTS((3,3),(
9.817647498422E-14,1.),.PIECEWISE_BEZIER_KNOTS.) CURVE() 
GEOMETRIC_REPRESENTATION_ITEM() RATIONAL_B_SPLINE_CURVE((1.,
0.719535111402,1.)) REPRESENTATION_ITEM('') );
#2274 = CARTESIAN_POINT('',(6.510638465924,-1.597041860887,
    1.781768237094E-14));
#2275 = CARTESIAN_POINT('',(6.8,-1.586774193548,1.67116582253E-14));
#2276 = CARTESIAN_POINT('',(6.8,-1.297230548487,1.67221670818E-14));
#2277 = PCURVE('',#1824,#2278);
#2278 = DEFINITIONAL_REPRESENTATION('',(#2279),#2283);
#2279 = LINE('',#2280,#2281);
#2280 = CARTESIAN_POINT('',(6.28318530718,0.));
#2281 = VECTOR('',#2282,1.);
#2282 = DIRECTION('',(0.,1.));
#2283 = ( GEOMETRIC_REPRESENTATION_CONTEXT(2) 
PARAMETRIC_REPRESENTATION_CONTEXT() REPRESENTATION_CONTEXT('2D SPACE',''
  ) );
#2284 = PCURVE('',#1824,#2285);
#2285 = DEFINITIONAL_REPRESENTATION('',(#2286),#2290);
#2286 = LINE('',#2287,#2288);
#2287 = CARTESIAN_POINT('',(-3.552713678801E-15,0.));
#2288 = VECTOR('',#2289,1.);
#2289 = DIRECTION('',(0.,1.));
#2290 = ( GEOMETRIC_REPRESENTATION_CONTEXT(2) 
PARAMETRIC_REPRESENTATION_CONTEXT() REPRESENTATION_CONTEXT('2D SPACE',''
  ) );
#2291 = ORIENTED_EDGE('',*,*,#2292,.T.);
#2292 = EDGE_CURVE('',#2270,#2293,#2295,.T.);
#2293 = VERTEX_POINT('',#2294);
#2294 = CARTESIAN_POINT('',(16.6,-0.928198290422,-2.55698240359E-15));
#2295 = SURFACE_CURVE('',#2296,(#2301,#2308),.PCURVE_S1.);
#2296 = ELLIPSE('',#2297,4.903472871534,4.9);
#2297 = AXIS2_PLACEMENT_3D('',#2298,#2299,#2300);
#2298 = CARTESIAN_POINT('',(11.7,-1.112714419455,-1.298960938811E-15));
#2299 = DIRECTION('',(-3.762968285262E-02,0.999291752677,
    4.177734031232E-18));
#2300 = DIRECTION('',(-0.999291752677,-3.762968285262E-02,
    1.10943671214E-16));
#2301 = PCURVE('',#1824,#2302);
#2302 = DEFINITIONAL_REPRESENTATION('',(#2303),#2307);
#2303 = LINE('',#2304,#2305);
#2304 = CARTESIAN_POINT('',(6.28318530718,1.));
#2305 = VECTOR('',#2306,1.);
#2306 = DIRECTION('',(-1.,-2.403085759328E-15));
#2307 = ( GEOMETRIC_REPRESENTATION_CONTEXT(2) 
PARAMETRIC_REPRESENTATION_CONTEXT() REPRESENTATION_CONTEXT('2D SPACE',''
  ) );
#2308 = PCURVE('',#2309,#2314);
#2309 = CYLINDRICAL_SURFACE('',#2310,4.9);
#2310 = AXIS2_PLACEMENT_3D('',#2311,#2312,#2313);
#2311 = CARTESIAN_POINT('',(11.7,1.75,-1.298960938811E-15));
#2312 = DIRECTION('',(0.,-1.,0.));
#2313 = DIRECTION('',(1.,0.,-1.110223024625E-16));
#2314 = DEFINITIONAL_REPRESENTATION('',(#2315),#2341);
#2315 = B_SPLINE_CURVE_WITH_KNOTS('',3,(#2316,#2317,#2318,#2319,#2320,
    #2321,#2322,#2323,#2324,#2325,#2326,#2327,#2328,#2329,#2330,#2331,
    #2332,#2333,#2334,#2335,#2336,#2337,#2338,#2339,#2340),
  .UNSPECIFIED.,.F.,.F.,(4,1,1,1,1,1,1,1,1,1,1,1,1,1,1,1,1,1,1,1,1,1,4),
  (0.,0.285599332145,0.571198664289,0.856797996434,1.142397328578,
    1.427996660723,1.713595992867,1.999195325012,2.284794657156,
    2.570393989301,2.855993321445,3.14159265359,3.427191985734,
    3.712791317879,3.998390650023,4.283989982168,4.569589314312,
    4.855188646457,5.140787978601,5.426387310746,5.711986642891,
    5.997585975035,6.28318530718),.QUASI_UNIFORM_KNOTS.);
#2316 = CARTESIAN_POINT('',(3.14159265359,3.047230548487));
#2317 = CARTESIAN_POINT('',(3.046392876208,3.047326017106));
#2318 = CARTESIAN_POINT('',(2.855993321445,3.04213524121));
#2319 = CARTESIAN_POINT('',(2.570393989301,3.020075722785));
#2320 = CARTESIAN_POINT('',(2.284794657156,2.985197456856));
#2321 = CARTESIAN_POINT('',(1.999195325012,2.940415172615));
#2322 = CARTESIAN_POINT('',(1.713595992867,2.889332990257));
#2323 = CARTESIAN_POINT('',(1.427996660723,2.836095681457));
#2324 = CARTESIAN_POINT('',(1.142397328578,2.785014502272));
#2325 = CARTESIAN_POINT('',(0.856797996434,2.740228205339));
#2326 = CARTESIAN_POINT('',(0.571198664289,2.705364987004));
#2327 = CARTESIAN_POINT('',(0.285599332145,2.683249290897));
#2328 = CARTESIAN_POINT('',(0.,2.675672790185));
#2329 = CARTESIAN_POINT('',(-0.285599332145,2.683249290897));
#2330 = CARTESIAN_POINT('',(-0.571198664289,2.705364987004));
#2331 = CARTESIAN_POINT('',(-0.856797996434,2.740228205339));
#2332 = CARTESIAN_POINT('',(-1.142397328578,2.785014502272));
#2333 = CARTESIAN_POINT('',(-1.427996660723,2.836095681457));
#2334 = CARTESIAN_POINT('',(-1.713595992867,2.889332990257));
#2335 = CARTESIAN_POINT('',(-1.999195325012,2.940415172615));
#2336 = CARTESIAN_POINT('',(-2.284794657156,2.985197456856));
#2337 = CARTESIAN_POINT('',(-2.570393989301,3.020075722785));
#2338 = CARTESIAN_POINT('',(-2.855993321445,3.04213524121));
#2339 = CARTESIAN_POINT('',(-3.046392876208,3.047326017106));
#2340 = CARTESIAN_POINT('',(-3.14159265359,3.047230548487));
#2341 = ( GEOMETRIC_REPRESENTATION_CONTEXT(2) 
PARAMETRIC_REPRESENTATION_CONTEXT() REPRESENTATION_CONTEXT('2D SPACE',''
  ) );
#2342 = ORIENTED_EDGE('',*,*,#2343,.T.);
#2343 = EDGE_CURVE('',#2293,#2270,#2344,.T.);
#2344 = SURFACE_CURVE('',#2345,(#2350,#2357),.PCURVE_S1.);
#2345 = ELLIPSE('',#2346,4.903472871534,4.9);
#2346 = AXIS2_PLACEMENT_3D('',#2347,#2348,#2349);
#2347 = CARTESIAN_POINT('',(11.7,-1.112714419455,-1.298960938811E-15));
#2348 = DIRECTION('',(-3.762968285262E-02,0.999291752677,
    4.177734031232E-18));
#2349 = DIRECTION('',(-0.999291752677,-3.762968285262E-02,
    1.10943671214E-16));
#2350 = PCURVE('',#1824,#2351);
#2351 = DEFINITIONAL_REPRESENTATION('',(#2352),#2356);
#2352 = LINE('',#2353,#2354);
#2353 = CARTESIAN_POINT('',(6.28318530718,1.));
#2354 = VECTOR('',#2355,1.);
#2355 = DIRECTION('',(-1.,2.261727773485E-15));
#2356 = ( GEOMETRIC_REPRESENTATION_CONTEXT(2) 
PARAMETRIC_REPRESENTATION_CONTEXT() REPRESENTATION_CONTEXT('2D SPACE',''
  ) );
#2357 = PCURVE('',#2309,#2358);
#2358 = DEFINITIONAL_REPRESENTATION('',(#2359),#2385);
#2359 = B_SPLINE_CURVE_WITH_KNOTS('',3,(#2360,#2361,#2362,#2363,#2364,
    #2365,#2366,#2367,#2368,#2369,#2370,#2371,#2372,#2373,#2374,#2375,
    #2376,#2377,#2378,#2379,#2380,#2381,#2382,#2383,#2384),
  .UNSPECIFIED.,.F.,.F.,(4,1,1,1,1,1,1,1,1,1,1,1,1,1,1,1,1,1,1,1,1,1,4),
  (0.,0.285599332145,0.571198664289,0.856797996434,1.142397328578,
    1.427996660723,1.713595992867,1.999195325012,2.284794657156,
    2.570393989301,2.855993321445,3.14159265359,3.427191985734,
    3.712791317879,3.998390650023,4.283989982168,4.569589314312,
    4.855188646457,5.140787978601,5.426387310746,5.711986642891,
    5.997585975035,6.28318530718),.QUASI_UNIFORM_KNOTS.);
#2360 = CARTESIAN_POINT('',(9.424777960769,3.047230548487));
#2361 = CARTESIAN_POINT('',(9.329578183388,3.047326017106));
#2362 = CARTESIAN_POINT('',(9.139178628625,3.04213524121));
#2363 = CARTESIAN_POINT('',(8.85357929648,3.020075722785));
#2364 = CARTESIAN_POINT('',(8.567979964336,2.985197456856));
#2365 = CARTESIAN_POINT('',(8.282380632191,2.940415172615));
#2366 = CARTESIAN_POINT('',(7.996781300047,2.889332990257));
#2367 = CARTESIAN_POINT('',(7.711181967902,2.836095681457));
#2368 = CARTESIAN_POINT('',(7.425582635758,2.785014502272));
#2369 = CARTESIAN_POINT('',(7.139983303613,2.740228205339));
#2370 = CARTESIAN_POINT('',(6.854383971469,2.705364987004));
#2371 = CARTESIAN_POINT('',(6.568784639324,2.683249290897));
#2372 = CARTESIAN_POINT('',(6.28318530718,2.675672790185));
#2373 = CARTESIAN_POINT('',(5.997585975035,2.683249290897));
#2374 = CARTESIAN_POINT('',(5.711986642891,2.705364987004));
#2375 = CARTESIAN_POINT('',(5.426387310746,2.740228205339));
#2376 = CARTESIAN_POINT('',(5.140787978601,2.785014502272));
#2377 = CARTESIAN_POINT('',(4.855188646457,2.836095681457));
#2378 = CARTESIAN_POINT('',(4.569589314312,2.889332990257));
#2379 = CARTESIAN_POINT('',(4.283989982168,2.940415172615));
#2380 = CARTESIAN_POINT('',(3.998390650023,2.985197456856));
#2381 = CARTESIAN_POINT('',(3.712791317879,3.020075722785));
#2382 = CARTESIAN_POINT('',(3.427191985734,3.04213524121));
#2383 = CARTESIAN_POINT('',(3.236792430971,3.047326017106));
#2384 = CARTESIAN_POINT('',(3.14159265359,3.047230548487));
#2385 = ( GEOMETRIC_REPRESENTATION_CONTEXT(2) 
PARAMETRIC_REPRESENTATION_CONTEXT() REPRESENTATION_CONTEXT('2D SPACE',''
  ) );
#2386 = ORIENTED_EDGE('',*,*,#2269,.F.);
#2387 = ADVANCED_FACE('',(#2388),#1913,.T.);
#2388 = FACE_BOUND('',#2389,.T.);
#2389 = EDGE_LOOP('',(#2390,#2419,#2439,#2440));
#2390 = ORIENTED_EDGE('',*,*,#2391,.F.);
#2391 = EDGE_CURVE('',#2392,#2392,#2394,.T.);
#2392 = VERTEX_POINT('',#2393);
#2393 = CARTESIAN_POINT('',(18.72598916708,0.,-1.05));
#2394 = SURFACE_CURVE('',#2395,(#2400,#2407),.PCURVE_S1.);
#2395 = CIRCLE('',#2396,1.05);
#2396 = AXIS2_PLACEMENT_3D('',#2397,#2398,#2399);
#2397 = CARTESIAN_POINT('',(18.72598916708,0.,-2.079002433217E-15));
#2398 = DIRECTION('',(1.,0.,-1.110223024625E-16));
#2399 = DIRECTION('',(-1.110223024625E-16,0.,-1.));
#2400 = PCURVE('',#1913,#2401);
#2401 = DEFINITIONAL_REPRESENTATION('',(#2402),#2406);
#2402 = LINE('',#2403,#2404);
#2403 = CARTESIAN_POINT('',(0.,0.9));
#2404 = VECTOR('',#2405,1.);
#2405 = DIRECTION('',(1.,0.));
#2406 = ( GEOMETRIC_REPRESENTATION_CONTEXT(2) 
PARAMETRIC_REPRESENTATION_CONTEXT() REPRESENTATION_CONTEXT('2D SPACE',''
  ) );
#2407 = PCURVE('',#2408,#2413);
#2408 = TOROIDAL_SURFACE('',#2409,0.75,0.3);
#2409 = AXIS2_PLACEMENT_3D('',#2410,#2411,#2412);
#2410 = CARTESIAN_POINT('',(18.72598916708,0.,-2.079002433217E-15));
#2411 = DIRECTION('',(1.,0.,-1.110223024625E-16));
#2412 = DIRECTION('',(-1.110223024625E-16,0.,-1.));
#2413 = DEFINITIONAL_REPRESENTATION('',(#2414),#2418);
#2414 = LINE('',#2415,#2416);
#2415 = CARTESIAN_POINT('',(0.,6.28318530718));
#2416 = VECTOR('',#2417,1.);
#2417 = DIRECTION('',(1.,0.));
#2418 = ( GEOMETRIC_REPRESENTATION_CONTEXT(2) 
PARAMETRIC_REPRESENTATION_CONTEXT() REPRESENTATION_CONTEXT('2D SPACE',''
  ) );
#2419 = ORIENTED_EDGE('',*,*,#2420,.F.);
#2420 = EDGE_CURVE('',#1869,#2392,#2421,.T.);
#2421 = SEAM_CURVE('',#2422,(#2425,#2432),.PCURVE_S1.);
#2422 = B_SPLINE_CURVE_WITH_KNOTS('',1,(#2423,#2424),.UNSPECIFIED.,.F.,
  .F.,(2,2),(0.3,0.9),.PIECEWISE_BEZIER_KNOTS.);
#2423 = CARTESIAN_POINT('',(18.12598916708,-2.571758278209E-16,-1.05));
#2424 = CARTESIAN_POINT('',(18.72598916708,-2.571758278209E-16,-1.05));
#2425 = PCURVE('',#1913,#2426);
#2426 = DEFINITIONAL_REPRESENTATION('',(#2427),#2431);
#2427 = LINE('',#2428,#2429);
#2428 = CARTESIAN_POINT('',(0.,0.));
#2429 = VECTOR('',#2430,1.);
#2430 = DIRECTION('',(0.,1.));
#2431 = ( GEOMETRIC_REPRESENTATION_CONTEXT(2) 
PARAMETRIC_REPRESENTATION_CONTEXT() REPRESENTATION_CONTEXT('2D SPACE',''
  ) );
#2432 = PCURVE('',#1913,#2433);
#2433 = DEFINITIONAL_REPRESENTATION('',(#2434),#2438);
#2434 = LINE('',#2435,#2436);
#2435 = CARTESIAN_POINT('',(6.28318530718,0.));
#2436 = VECTOR('',#2437,1.);
#2437 = DIRECTION('',(0.,1.));
#2438 = ( GEOMETRIC_REPRESENTATION_CONTEXT(2) 
PARAMETRIC_REPRESENTATION_CONTEXT() REPRESENTATION_CONTEXT('2D SPACE',''
  ) );
#2439 = ORIENTED_EDGE('',*,*,#1898,.T.);
#2440 = ORIENTED_EDGE('',*,*,#2420,.T.);
#2441 = ADVANCED_FACE('',(#2442),#2179,.T.);
#2442 = FACE_BOUND('',#2443,.T.);
#2443 = EDGE_LOOP('',(#2444,#2445,#2472,#2499));
#2444 = ORIENTED_EDGE('',*,*,#2162,.T.);
#2445 = ORIENTED_EDGE('',*,*,#2446,.F.);
#2446 = EDGE_CURVE('',#2447,#2163,#2449,.T.);
#2447 = VERTEX_POINT('',#2448);
#2448 = CARTESIAN_POINT('',(1.2,4.439344646909E-16,4.25));
#2449 = SEAM_CURVE('',#2450,(#2458,#2465),.PCURVE_S1.);
#2450 = ( BOUNDED_CURVE() B_SPLINE_CURVE(6,(#2451,#2452,#2453,#2454,
#2455,#2456,#2457),.UNSPECIFIED.,.F.,.F.) B_SPLINE_CURVE_WITH_KNOTS((7,7
),(0.523598775598,1.570796326795),.PIECEWISE_BEZIER_KNOTS.) CURVE() 
GEOMETRIC_REPRESENTATION_ITEM() RATIONAL_B_SPLINE_CURVE((1.013815801033,
    1.004520331021,0.999080478963,0.997285502839,0.999080478963,
1.004520331021,1.013815801033)) REPRESENTATION_ITEM('') );
#2451 = CARTESIAN_POINT('',(1.2,2.005359133604E-15,4.25));
#2452 = CARTESIAN_POINT('',(1.505097144788,1.94064343817E-15,
    4.073852081328));
#2453 = CARTESIAN_POINT('',(1.769673813183,1.853050648489E-15,
    3.835435612344));
#2454 = CARTESIAN_POINT('',(1.980106183112,1.746601298391E-15,
    3.545693976437));
#2455 = CARTESIAN_POINT('',(2.125813615377,1.62642281505E-15,
    3.218583380347));
#2456 = CARTESIAN_POINT('',(2.2,1.498445381236E-15,2.870245029776));
#2457 = CARTESIAN_POINT('',(2.2,1.369013990369E-15,2.517949192431));
#2458 = PCURVE('',#2179,#2459);
#2459 = DEFINITIONAL_REPRESENTATION('',(#2460),#2464);
#2460 = LINE('',#2461,#2462);
#2461 = CARTESIAN_POINT('',(3.14159265359,6.28318530718));
#2462 = VECTOR('',#2463,1.);
#2463 = DIRECTION('',(0.,1.));
#2464 = ( GEOMETRIC_REPRESENTATION_CONTEXT(2) 
PARAMETRIC_REPRESENTATION_CONTEXT() REPRESENTATION_CONTEXT('2D SPACE',''
  ) );
#2465 = PCURVE('',#2179,#2466);
#2466 = DEFINITIONAL_REPRESENTATION('',(#2467),#2471);
#2467 = LINE('',#2468,#2469);
#2468 = CARTESIAN_POINT('',(9.424777960769,6.28318530718));
#2469 = VECTOR('',#2470,1.);
#2470 = DIRECTION('',(0.,1.));
#2471 = ( GEOMETRIC_REPRESENTATION_CONTEXT(2) 
PARAMETRIC_REPRESENTATION_CONTEXT() REPRESENTATION_CONTEXT('2D SPACE',''
  ) );
#2472 = ORIENTED_EDGE('',*,*,#2473,.F.);
#2473 = EDGE_CURVE('',#2447,#2447,#2474,.T.);
#2474 = SURFACE_CURVE('',#2475,(#2480,#2487),.PCURVE_S1.);
#2475 = CIRCLE('',#2476,4.25);
#2476 = AXIS2_PLACEMENT_3D('',#2477,#2478,#2479);
#2477 = CARTESIAN_POINT('',(1.2,4.439344646909E-16,-1.33226762955E-16));
#2478 = DIRECTION('',(-1.,0.,1.110223024625E-16));
#2479 = DIRECTION('',(1.110223024625E-16,0.,1.));
#2480 = PCURVE('',#2179,#2481);
#2481 = DEFINITIONAL_REPRESENTATION('',(#2482),#2486);
#2482 = LINE('',#2483,#2484);
#2483 = CARTESIAN_POINT('',(9.424777960769,6.806784082778));
#2484 = VECTOR('',#2485,1.);
#2485 = DIRECTION('',(-1.,0.));
#2486 = ( GEOMETRIC_REPRESENTATION_CONTEXT(2) 
PARAMETRIC_REPRESENTATION_CONTEXT() REPRESENTATION_CONTEXT('2D SPACE',''
  ) );
#2487 = PCURVE('',#2488,#2493);
#2488 = PLANE('',#2489);
#2489 = AXIS2_PLACEMENT_3D('',#2490,#2491,#2492);
#2490 = CARTESIAN_POINT('',(1.2,0.,-1.33226762955E-16));
#2491 = DIRECTION('',(-1.,0.,1.110223024625E-16));
#2492 = DIRECTION('',(1.110223024625E-16,0.,1.));
#2493 = DEFINITIONAL_REPRESENTATION('',(#2494),#2498);
#2494 = CIRCLE('',#2495,4.25);
#2495 = AXIS2_PLACEMENT_2D('',#2496,#2497);
#2496 = CARTESIAN_POINT('',(0.,4.439344646909E-16));
#2497 = DIRECTION('',(1.,0.));
#2498 = ( GEOMETRIC_REPRESENTATION_CONTEXT(2) 
PARAMETRIC_REPRESENTATION_CONTEXT() REPRESENTATION_CONTEXT('2D SPACE',''
  ) );
#2499 = ORIENTED_EDGE('',*,*,#2446,.T.);
#2500 = ADVANCED_FACE('',(#2501),#2224,.T.);
#2501 = FACE_BOUND('',#2502,.T.);
#2502 = EDGE_LOOP('',(#2503,#2549,#2570,#2571));
#2503 = ORIENTED_EDGE('',*,*,#2504,.F.);
#2504 = EDGE_CURVE('',#2505,#2505,#2507,.T.);
#2505 = VERTEX_POINT('',#2506);
#2506 = CARTESIAN_POINT('',(16.6,0.928198290422,-1.842970220878E-15));
#2507 = SURFACE_CURVE('',#2508,(#2513,#2520),.PCURVE_S1.);
#2508 = ELLIPSE('',#2509,4.903472871534,4.9);
#2509 = AXIS2_PLACEMENT_3D('',#2510,#2511,#2512);
#2510 = CARTESIAN_POINT('',(11.7,1.112714419455,-1.298960938811E-15));
#2511 = DIRECTION('',(3.762968285262E-02,0.999291752677,
    -4.177734031232E-18));
#2512 = DIRECTION('',(0.999291752677,-3.762968285262E-02,
    -1.10943671214E-16));
#2513 = PCURVE('',#2224,#2514);
#2514 = DEFINITIONAL_REPRESENTATION('',(#2515),#2519);
#2515 = LINE('',#2516,#2517);
#2516 = CARTESIAN_POINT('',(6.28318530718,7.942527095328E-15));
#2517 = VECTOR('',#2518,1.);
#2518 = DIRECTION('',(-1.,-2.282391909897E-17));
#2519 = ( GEOMETRIC_REPRESENTATION_CONTEXT(2) 
PARAMETRIC_REPRESENTATION_CONTEXT() REPRESENTATION_CONTEXT('2D SPACE',''
  ) );
#2520 = PCURVE('',#2309,#2521);
#2521 = DEFINITIONAL_REPRESENTATION('',(#2522),#2548);
#2522 = B_SPLINE_CURVE_WITH_KNOTS('',3,(#2523,#2524,#2525,#2526,#2527,
    #2528,#2529,#2530,#2531,#2532,#2533,#2534,#2535,#2536,#2537,#2538,
    #2539,#2540,#2541,#2542,#2543,#2544,#2545,#2546,#2547),
  .UNSPECIFIED.,.F.,.F.,(4,1,1,1,1,1,1,1,1,1,1,1,1,1,1,1,1,1,1,1,1,1,4),
  (0.,0.285599332145,0.571198664289,0.856797996434,1.142397328578,
    1.427996660723,1.713595992867,1.999195325012,2.284794657156,
    2.570393989301,2.855993321445,3.14159265359,3.427191985734,
    3.712791317879,3.998390650023,4.283989982168,4.569589314312,
    4.855188646457,5.140787978601,5.426387310746,5.711986642891,
    5.997585975035,6.28318530718),.QUASI_UNIFORM_KNOTS.);
#2523 = CARTESIAN_POINT('',(6.28318530718,0.821801709578));
#2524 = CARTESIAN_POINT('',(6.187985529798,0.821897178197));
#2525 = CARTESIAN_POINT('',(5.997585975035,0.8167064023));
#2526 = CARTESIAN_POINT('',(5.711986642891,0.794646883875));
#2527 = CARTESIAN_POINT('',(5.426387310746,0.759768617947));
#2528 = CARTESIAN_POINT('',(5.140787978601,0.714986333706));
#2529 = CARTESIAN_POINT('',(4.855188646457,0.663904151348));
#2530 = CARTESIAN_POINT('',(4.569589314312,0.610666842547));
#2531 = CARTESIAN_POINT('',(4.283989982168,0.559585663362));
#2532 = CARTESIAN_POINT('',(3.998390650023,0.51479936643));
#2533 = CARTESIAN_POINT('',(3.712791317879,0.479936148095));
#2534 = CARTESIAN_POINT('',(3.427191985734,0.457820451988));
#2535 = CARTESIAN_POINT('',(3.14159265359,0.450243951276));
#2536 = CARTESIAN_POINT('',(2.855993321445,0.457820451988));
#2537 = CARTESIAN_POINT('',(2.570393989301,0.479936148095));
#2538 = CARTESIAN_POINT('',(2.284794657156,0.51479936643));
#2539 = CARTESIAN_POINT('',(1.999195325012,0.559585663362));
#2540 = CARTESIAN_POINT('',(1.713595992867,0.610666842547));
#2541 = CARTESIAN_POINT('',(1.427996660723,0.663904151348));
#2542 = CARTESIAN_POINT('',(1.142397328578,0.714986333706));
#2543 = CARTESIAN_POINT('',(0.856797996434,0.759768617947));
#2544 = CARTESIAN_POINT('',(0.571198664289,0.794646883875));
#2545 = CARTESIAN_POINT('',(0.285599332145,0.8167064023));
#2546 = CARTESIAN_POINT('',(9.519977738151E-02,0.821897178197));
#2547 = CARTESIAN_POINT('',(-8.881784197001E-16,0.821801709578));
#2548 = ( GEOMETRIC_REPRESENTATION_CONTEXT(2) 
PARAMETRIC_REPRESENTATION_CONTEXT() REPRESENTATION_CONTEXT('2D SPACE',''
  ) );
#2549 = ORIENTED_EDGE('',*,*,#2550,.T.);
#2550 = EDGE_CURVE('',#2505,#2208,#2551,.T.);
#2551 = SEAM_CURVE('',#2552,(#2556,#2563),.PCURVE_S1.);
#2552 = ( BOUNDED_CURVE() B_SPLINE_CURVE(2,(#2553,#2554,#2555),
.UNSPECIFIED.,.F.,.F.) B_SPLINE_CURVE_WITH_KNOTS((3,3),(
7.870823638761E-15,1.),.PIECEWISE_BEZIER_KNOTS.) CURVE() 
GEOMETRIC_REPRESENTATION_ITEM() RATIONAL_B_SPLINE_CURVE((1.,
0.694456063016,1.)) REPRESENTATION_ITEM('') );
#2553 = CARTESIAN_POINT('',(16.6,0.928198290422,-1.951390438126E-15));
#2554 = CARTESIAN_POINT('',(16.6,1.239032258065,-1.842970220878E-15));
#2555 = CARTESIAN_POINT('',(16.910638465924,1.228009602822,
    -1.985878235847E-15));
#2556 = PCURVE('',#2224,#2557);
#2557 = DEFINITIONAL_REPRESENTATION('',(#2558),#2562);
#2558 = LINE('',#2559,#2560);
#2559 = CARTESIAN_POINT('',(6.28318530718,0.));
#2560 = VECTOR('',#2561,1.);
#2561 = DIRECTION('',(0.,1.));
#2562 = ( GEOMETRIC_REPRESENTATION_CONTEXT(2) 
PARAMETRIC_REPRESENTATION_CONTEXT() REPRESENTATION_CONTEXT('2D SPACE',''
  ) );
#2563 = PCURVE('',#2224,#2564);
#2564 = DEFINITIONAL_REPRESENTATION('',(#2565),#2569);
#2565 = LINE('',#2566,#2567);
#2566 = CARTESIAN_POINT('',(0.,0.));
#2567 = VECTOR('',#2568,1.);
#2568 = DIRECTION('',(0.,1.));
#2569 = ( GEOMETRIC_REPRESENTATION_CONTEXT(2) 
PARAMETRIC_REPRESENTATION_CONTEXT() REPRESENTATION_CONTEXT('2D SPACE',''
  ) );
#2570 = ORIENTED_EDGE('',*,*,#2207,.F.);
#2571 = ORIENTED_EDGE('',*,*,#2550,.F.);
#2572 = ADVANCED_FACE('',(#2573),#2309,.F.);
#2573 = FACE_BOUND('',#2574,.F.);
#2574 = EDGE_LOOP('',(#2575,#2576,#2596,#2597,#2598));
#2575 = ORIENTED_EDGE('',*,*,#2292,.T.);
#2576 = ORIENTED_EDGE('',*,*,#2577,.F.);
#2577 = EDGE_CURVE('',#2505,#2293,#2578,.T.);
#2578 = SEAM_CURVE('',#2579,(#2582,#2589),.PCURVE_S1.);
#2579 = B_SPLINE_CURVE_WITH_KNOTS('',1,(#2580,#2581),.UNSPECIFIED.,.F.,
  .F.,(2,2),(0.821801709578,2.678198290422),.PIECEWISE_BEZIER_KNOTS.);
#2580 = CARTESIAN_POINT('',(16.6,0.928198290422,-3.043124084042E-15));
#2581 = CARTESIAN_POINT('',(16.6,-0.928198290422,-3.043124084042E-15));
#2582 = PCURVE('',#2309,#2583);
#2583 = DEFINITIONAL_REPRESENTATION('',(#2584),#2588);
#2584 = LINE('',#2585,#2586);
#2585 = CARTESIAN_POINT('',(0.,0.));
#2586 = VECTOR('',#2587,1.);
#2587 = DIRECTION('',(0.,1.));
#2588 = ( GEOMETRIC_REPRESENTATION_CONTEXT(2) 
PARAMETRIC_REPRESENTATION_CONTEXT() REPRESENTATION_CONTEXT('2D SPACE',''
  ) );
#2589 = PCURVE('',#2309,#2590);
#2590 = DEFINITIONAL_REPRESENTATION('',(#2591),#2595);
#2591 = LINE('',#2592,#2593);
#2592 = CARTESIAN_POINT('',(6.28318530718,0.));
#2593 = VECTOR('',#2594,1.);
#2594 = DIRECTION('',(0.,1.));
#2595 = ( GEOMETRIC_REPRESENTATION_CONTEXT(2) 
PARAMETRIC_REPRESENTATION_CONTEXT() REPRESENTATION_CONTEXT('2D SPACE',''
  ) );
#2596 = ORIENTED_EDGE('',*,*,#2504,.F.);
#2597 = ORIENTED_EDGE('',*,*,#2577,.T.);
#2598 = ORIENTED_EDGE('',*,*,#2343,.T.);
#2599 = ADVANCED_FACE('',(#2600),#2408,.T.);
#2600 = FACE_BOUND('',#2601,.T.);
#2601 = EDGE_LOOP('',(#2602,#2603,#2630,#2657));
#2602 = ORIENTED_EDGE('',*,*,#2391,.T.);
#2603 = ORIENTED_EDGE('',*,*,#2604,.T.);
#2604 = EDGE_CURVE('',#2392,#2605,#2607,.T.);
#2605 = VERTEX_POINT('',#2606);
#2606 = CARTESIAN_POINT('',(19.02598916708,0.,-0.75));
#2607 = SEAM_CURVE('',#2608,(#2616,#2623),.PCURVE_S1.);
#2608 = ( BOUNDED_CURVE() B_SPLINE_CURVE(6,(#2609,#2610,#2611,#2612,
#2613,#2614,#2615),.UNSPECIFIED.,.F.,.F.) B_SPLINE_CURVE_WITH_KNOTS((7,7
),(0.,1.570796326795),.PIECEWISE_BEZIER_KNOTS.) CURVE() 
GEOMETRIC_REPRESENTATION_ITEM() RATIONAL_B_SPLINE_CURVE((1.031393471788,
    1.010025407661,0.997924642725,0.993958444137,0.997924642725,
1.010025407661,1.031393471788)) REPRESENTATION_ITEM('') );
#2609 = CARTESIAN_POINT('',(18.72598916708,0.,-1.05));
#2610 = CARTESIAN_POINT('',(18.806190202026,0.,-1.05));
#2611 = CARTESIAN_POINT('',(18.884301738855,0.,-1.02449869481));
#2612 = CARTESIAN_POINT('',(18.951565021041,0.,-0.975575853961));
#2613 = CARTESIAN_POINT('',(19.00048786189,0.,-0.908312571775));
#2614 = CARTESIAN_POINT('',(19.02598916708,0.,-0.830201034946));
#2615 = CARTESIAN_POINT('',(19.02598916708,0.,-0.75));
#2616 = PCURVE('',#2408,#2617);
#2617 = DEFINITIONAL_REPRESENTATION('',(#2618),#2622);
#2618 = LINE('',#2619,#2620);
#2619 = CARTESIAN_POINT('',(6.28318530718,6.28318530718));
#2620 = VECTOR('',#2621,1.);
#2621 = DIRECTION('',(0.,1.));
#2622 = ( GEOMETRIC_REPRESENTATION_CONTEXT(2) 
PARAMETRIC_REPRESENTATION_CONTEXT() REPRESENTATION_CONTEXT('2D SPACE',''
  ) );
#2623 = PCURVE('',#2408,#2624);
#2624 = DEFINITIONAL_REPRESENTATION('',(#2625),#2629);
#2625 = LINE('',#2626,#2627);
#2626 = CARTESIAN_POINT('',(0.,6.28318530718));
#2627 = VECTOR('',#2628,1.);
#2628 = DIRECTION('',(0.,1.));
#2629 = ( GEOMETRIC_REPRESENTATION_CONTEXT(2) 
PARAMETRIC_REPRESENTATION_CONTEXT() REPRESENTATION_CONTEXT('2D SPACE',''
  ) );
#2630 = ORIENTED_EDGE('',*,*,#2631,.F.);
#2631 = EDGE_CURVE('',#2605,#2605,#2632,.T.);
#2632 = SURFACE_CURVE('',#2633,(#2638,#2645),.PCURVE_S1.);
#2633 = CIRCLE('',#2634,0.75);
#2634 = AXIS2_PLACEMENT_3D('',#2635,#2636,#2637);
#2635 = CARTESIAN_POINT('',(19.02598916708,0.,-2.112309123956E-15));
#2636 = DIRECTION('',(1.,0.,-1.110223024625E-16));
#2637 = DIRECTION('',(-1.110223024625E-16,0.,-1.));
#2638 = PCURVE('',#2408,#2639);
#2639 = DEFINITIONAL_REPRESENTATION('',(#2640),#2644);
#2640 = LINE('',#2641,#2642);
#2641 = CARTESIAN_POINT('',(0.,7.853981633974));
#2642 = VECTOR('',#2643,1.);
#2643 = DIRECTION('',(1.,0.));
#2644 = ( GEOMETRIC_REPRESENTATION_CONTEXT(2) 
PARAMETRIC_REPRESENTATION_CONTEXT() REPRESENTATION_CONTEXT('2D SPACE',''
  ) );
#2645 = PCURVE('',#2646,#2651);
#2646 = PLANE('',#2647);
#2647 = AXIS2_PLACEMENT_3D('',#2648,#2649,#2650);
#2648 = CARTESIAN_POINT('',(19.02598916708,0.,0.375));
#2649 = DIRECTION('',(1.,0.,-1.110223024625E-16));
#2650 = DIRECTION('',(-1.110223024625E-16,0.,-1.));
#2651 = DEFINITIONAL_REPRESENTATION('',(#2652),#2656);
#2652 = CIRCLE('',#2653,0.75);
#2653 = AXIS2_PLACEMENT_2D('',#2654,#2655);
#2654 = CARTESIAN_POINT('',(0.375,0.));
#2655 = DIRECTION('',(1.,0.));
#2656 = ( GEOMETRIC_REPRESENTATION_CONTEXT(2) 
PARAMETRIC_REPRESENTATION_CONTEXT() REPRESENTATION_CONTEXT('2D SPACE',''
  ) );
#2657 = ORIENTED_EDGE('',*,*,#2604,.F.);
#2658 = ADVANCED_FACE('',(#2659,#2690),#2488,.T.);
#2659 = FACE_BOUND('',#2660,.T.);
#2660 = EDGE_LOOP('',(#2661));
#2661 = ORIENTED_EDGE('',*,*,#2662,.F.);
#2662 = EDGE_CURVE('',#2663,#2663,#2665,.T.);
#2663 = VERTEX_POINT('',#2664);
#2664 = CARTESIAN_POINT('',(1.2,2.143131898508E-16,3.5));
#2665 = SURFACE_CURVE('',#2666,(#2671,#2678),.PCURVE_S1.);
#2666 = CIRCLE('',#2667,3.5);
#2667 = AXIS2_PLACEMENT_3D('',#2668,#2669,#2670);
#2668 = CARTESIAN_POINT('',(1.2,2.143131898508E-16,-1.33226762955E-16));
#2669 = DIRECTION('',(-1.,0.,1.110223024625E-16));
#2670 = DIRECTION('',(1.110223024625E-16,0.,1.));
#2671 = PCURVE('',#2488,#2672);
#2672 = DEFINITIONAL_REPRESENTATION('',(#2673),#2677);
#2673 = CIRCLE('',#2674,3.5);
#2674 = AXIS2_PLACEMENT_2D('',#2675,#2676);
#2675 = CARTESIAN_POINT('',(0.,2.143131898508E-16));
#2676 = DIRECTION('',(1.,0.));
#2677 = ( GEOMETRIC_REPRESENTATION_CONTEXT(2) 
PARAMETRIC_REPRESENTATION_CONTEXT() REPRESENTATION_CONTEXT('2D SPACE',''
  ) );
#2678 = PCURVE('',#2679,#2684);
#2679 = CYLINDRICAL_SURFACE('',#2680,3.5);
#2680 = AXIS2_PLACEMENT_3D('',#2681,#2682,#2683);
#2681 = CARTESIAN_POINT('',(1.2,2.143131898508E-16,-1.33226762955E-16));
#2682 = DIRECTION('',(-1.,0.,1.110223024625E-16));
#2683 = DIRECTION('',(1.110223024625E-16,0.,1.));
#2684 = DEFINITIONAL_REPRESENTATION('',(#2685),#2689);
#2685 = LINE('',#2686,#2687);
#2686 = CARTESIAN_POINT('',(0.,0.));
#2687 = VECTOR('',#2688,1.);
#2688 = DIRECTION('',(1.,0.));
#2689 = ( GEOMETRIC_REPRESENTATION_CONTEXT(2) 
PARAMETRIC_REPRESENTATION_CONTEXT() REPRESENTATION_CONTEXT('2D SPACE',''
  ) );
#2690 = FACE_BOUND('',#2691,.T.);
#2691 = EDGE_LOOP('',(#2692));
#2692 = ORIENTED_EDGE('',*,*,#2473,.T.);
#2693 = ADVANCED_FACE('',(#2694),#2646,.T.);
#2694 = FACE_BOUND('',#2695,.T.);
#2695 = EDGE_LOOP('',(#2696));
#2696 = ORIENTED_EDGE('',*,*,#2631,.T.);
#2697 = ADVANCED_FACE('',(#2698),#2679,.T.);
#2698 = FACE_BOUND('',#2699,.T.);
#2699 = EDGE_LOOP('',(#2700,#2701,#2723,#2750));
#2700 = ORIENTED_EDGE('',*,*,#2662,.T.);
#2701 = ORIENTED_EDGE('',*,*,#2702,.T.);
#2702 = EDGE_CURVE('',#2663,#2703,#2705,.T.);
#2703 = VERTEX_POINT('',#2704);
#2704 = CARTESIAN_POINT('',(3.885780586188E-16,2.143131898508E-16,3.5));
#2705 = SEAM_CURVE('',#2706,(#2709,#2716),.PCURVE_S1.);
#2706 = B_SPLINE_CURVE_WITH_KNOTS('',1,(#2707,#2708),.UNSPECIFIED.,.F.,
  .F.,(2,2),(0.,1.2),.PIECEWISE_BEZIER_KNOTS.);
#2707 = CARTESIAN_POINT('',(1.2,2.143131898508E-16,3.5));
#2708 = CARTESIAN_POINT('',(3.885780586188E-16,2.143131898508E-16,3.5));
#2709 = PCURVE('',#2679,#2710);
#2710 = DEFINITIONAL_REPRESENTATION('',(#2711),#2715);
#2711 = LINE('',#2712,#2713);
#2712 = CARTESIAN_POINT('',(6.28318530718,0.));
#2713 = VECTOR('',#2714,1.);
#2714 = DIRECTION('',(0.,1.));
#2715 = ( GEOMETRIC_REPRESENTATION_CONTEXT(2) 
PARAMETRIC_REPRESENTATION_CONTEXT() REPRESENTATION_CONTEXT('2D SPACE',''
  ) );
#2716 = PCURVE('',#2679,#2717);
#2717 = DEFINITIONAL_REPRESENTATION('',(#2718),#2722);
#2718 = LINE('',#2719,#2720);
#2719 = CARTESIAN_POINT('',(0.,0.));
#2720 = VECTOR('',#2721,1.);
#2721 = DIRECTION('',(0.,1.));
#2722 = ( GEOMETRIC_REPRESENTATION_CONTEXT(2) 
PARAMETRIC_REPRESENTATION_CONTEXT() REPRESENTATION_CONTEXT('2D SPACE',''
  ) );
#2723 = ORIENTED_EDGE('',*,*,#2724,.F.);
#2724 = EDGE_CURVE('',#2703,#2703,#2725,.T.);
#2725 = SURFACE_CURVE('',#2726,(#2731,#2738),.PCURVE_S1.);
#2726 = CIRCLE('',#2727,3.5);
#2727 = AXIS2_PLACEMENT_3D('',#2728,#2729,#2730);
#2728 = CARTESIAN_POINT('',(0.,2.143131898508E-16,0.));
#2729 = DIRECTION('',(-1.,0.,1.110223024625E-16));
#2730 = DIRECTION('',(1.110223024625E-16,0.,1.));
#2731 = PCURVE('',#2679,#2732);
#2732 = DEFINITIONAL_REPRESENTATION('',(#2733),#2737);
#2733 = LINE('',#2734,#2735);
#2734 = CARTESIAN_POINT('',(0.,1.2));
#2735 = VECTOR('',#2736,1.);
#2736 = DIRECTION('',(1.,0.));
#2737 = ( GEOMETRIC_REPRESENTATION_CONTEXT(2) 
PARAMETRIC_REPRESENTATION_CONTEXT() REPRESENTATION_CONTEXT('2D SPACE',''
  ) );
#2738 = PCURVE('',#2739,#2744);
#2739 = PLANE('',#2740);
#2740 = AXIS2_PLACEMENT_3D('',#2741,#2742,#2743);
#2741 = CARTESIAN_POINT('',(0.,0.,0.));
#2742 = DIRECTION('',(-1.,0.,1.110223024625E-16));
#2743 = DIRECTION('',(1.110223024625E-16,0.,1.));
#2744 = DEFINITIONAL_REPRESENTATION('',(#2745),#2749);
#2745 = CIRCLE('',#2746,3.5);
#2746 = AXIS2_PLACEMENT_2D('',#2747,#2748);
#2747 = CARTESIAN_POINT('',(0.,2.143131898508E-16));
#2748 = DIRECTION('',(1.,0.));
#2749 = ( GEOMETRIC_REPRESENTATION_CONTEXT(2) 
PARAMETRIC_REPRESENTATION_CONTEXT() REPRESENTATION_CONTEXT('2D SPACE',''
  ) );
#2750 = ORIENTED_EDGE('',*,*,#2702,.F.);
#2751 = ADVANCED_FACE('',(#2752,#2755),#2739,.T.);
#2752 = FACE_BOUND('',#2753,.T.);
#2753 = EDGE_LOOP('',(#2754));
#2754 = ORIENTED_EDGE('',*,*,#2724,.T.);
#2755 = FACE_BOUND('',#2756,.T.);
#2756 = EDGE_LOOP('',(#2757));
#2757 = ORIENTED_EDGE('',*,*,#2758,.F.);
#2758 = EDGE_CURVE('',#2759,#2759,#2761,.T.);
#2759 = VERTEX_POINT('',#2760);
#2760 = CARTESIAN_POINT('',(2.636779683485E-16,0.,2.375));
#2761 = SURFACE_CURVE('',#2762,(#2767,#2774),.PCURVE_S1.);
#2762 = CIRCLE('',#2763,2.375);
#2763 = AXIS2_PLACEMENT_3D('',#2764,#2765,#2766);
#2764 = CARTESIAN_POINT('',(0.,0.,0.));
#2765 = DIRECTION('',(-1.,0.,1.110223024625E-16));
#2766 = DIRECTION('',(1.110223024625E-16,0.,1.));
#2767 = PCURVE('',#2739,#2768);
#2768 = DEFINITIONAL_REPRESENTATION('',(#2769),#2773);
#2769 = CIRCLE('',#2770,2.375);
#2770 = AXIS2_PLACEMENT_2D('',#2771,#2772);
#2771 = CARTESIAN_POINT('',(0.,0.));
#2772 = DIRECTION('',(1.,0.));
#2773 = ( GEOMETRIC_REPRESENTATION_CONTEXT(2) 
PARAMETRIC_REPRESENTATION_CONTEXT() REPRESENTATION_CONTEXT('2D SPACE',''
  ) );
#2774 = PCURVE('',#2775,#2780);
#2775 = TOROIDAL_SURFACE('',#2776,2.375,0.35);
#2776 = AXIS2_PLACEMENT_3D('',#2777,#2778,#2779);
#2777 = CARTESIAN_POINT('',(-0.35,0.,0.));
#2778 = DIRECTION('',(-1.,0.,1.110223024625E-16));
#2779 = DIRECTION('',(1.110223024625E-16,0.,1.));
#2780 = DEFINITIONAL_REPRESENTATION('',(#2781),#2785);
#2781 = LINE('',#2782,#2783);
#2782 = CARTESIAN_POINT('',(0.,4.712388980385));
#2783 = VECTOR('',#2784,1.);
#2784 = DIRECTION('',(1.,0.));
#2785 = ( GEOMETRIC_REPRESENTATION_CONTEXT(2) 
PARAMETRIC_REPRESENTATION_CONTEXT() REPRESENTATION_CONTEXT('2D SPACE',''
  ) );
#2786 = ADVANCED_FACE('',(#2787),#2775,.F.);
#2787 = FACE_BOUND('',#2788,.F.);
#2788 = EDGE_LOOP('',(#2789,#2818,#2840,#2841));
#2789 = ORIENTED_EDGE('',*,*,#2790,.T.);
#2790 = EDGE_CURVE('',#2791,#2791,#2793,.T.);
#2791 = VERTEX_POINT('',#2792);
#2792 = CARTESIAN_POINT('',(-0.7,0.,2.375));
#2793 = SURFACE_CURVE('',#2794,(#2799,#2806),.PCURVE_S1.);
#2794 = CIRCLE('',#2795,2.375);
#2795 = AXIS2_PLACEMENT_3D('',#2796,#2797,#2798);
#2796 = CARTESIAN_POINT('',(-0.7,0.,0.));
#2797 = DIRECTION('',(-1.,0.,1.110223024625E-16));
#2798 = DIRECTION('',(1.110223024625E-16,0.,1.));
#2799 = PCURVE('',#2775,#2800);
#2800 = DEFINITIONAL_REPRESENTATION('',(#2801),#2805);
#2801 = LINE('',#2802,#2803);
#2802 = CARTESIAN_POINT('',(0.,1.570796326795));
#2803 = VECTOR('',#2804,1.);
#2804 = DIRECTION('',(1.,0.));
#2805 = ( GEOMETRIC_REPRESENTATION_CONTEXT(2) 
PARAMETRIC_REPRESENTATION_CONTEXT() REPRESENTATION_CONTEXT('2D SPACE',''
  ) );
#2806 = PCURVE('',#2807,#2812);
#2807 = PLANE('',#2808);
#2808 = AXIS2_PLACEMENT_3D('',#2809,#2810,#2811);
#2809 = CARTESIAN_POINT('',(-0.7,0.,0.));
#2810 = DIRECTION('',(-1.,0.,1.110223024625E-16));
#2811 = DIRECTION('',(1.110223024625E-16,0.,1.));
#2812 = DEFINITIONAL_REPRESENTATION('',(#2813),#2817);
#2813 = CIRCLE('',#2814,2.375);
#2814 = AXIS2_PLACEMENT_2D('',#2815,#2816);
#2815 = CARTESIAN_POINT('',(0.,0.));
#2816 = DIRECTION('',(1.,0.));
#2817 = ( GEOMETRIC_REPRESENTATION_CONTEXT(2) 
PARAMETRIC_REPRESENTATION_CONTEXT() REPRESENTATION_CONTEXT('2D SPACE',''
  ) );
#2818 = ORIENTED_EDGE('',*,*,#2819,.T.);
#2819 = EDGE_CURVE('',#2791,#2759,#2820,.T.);
#2820 = SEAM_CURVE('',#2821,(#2826,#2833),.PCURVE_S1.);
#2821 = CIRCLE('',#2822,0.35);
#2822 = AXIS2_PLACEMENT_3D('',#2823,#2824,#2825);
#2823 = CARTESIAN_POINT('',(-0.35,0.,2.375));
#2824 = DIRECTION('',(0.,-1.,0.));
#2825 = DIRECTION('',(1.110223024625E-16,0.,1.));
#2826 = PCURVE('',#2775,#2827);
#2827 = DEFINITIONAL_REPRESENTATION('',(#2828),#2832);
#2828 = LINE('',#2829,#2830);
#2829 = CARTESIAN_POINT('',(6.28318530718,0.));
#2830 = VECTOR('',#2831,1.);
#2831 = DIRECTION('',(0.,1.));
#2832 = ( GEOMETRIC_REPRESENTATION_CONTEXT(2) 
PARAMETRIC_REPRESENTATION_CONTEXT() REPRESENTATION_CONTEXT('2D SPACE',''
  ) );
#2833 = PCURVE('',#2775,#2834);
#2834 = DEFINITIONAL_REPRESENTATION('',(#2835),#2839);
#2835 = LINE('',#2836,#2837);
#2836 = CARTESIAN_POINT('',(4.138911435803E-13,0.));
#2837 = VECTOR('',#2838,1.);
#2838 = DIRECTION('',(0.,1.));
#2839 = ( GEOMETRIC_REPRESENTATION_CONTEXT(2) 
PARAMETRIC_REPRESENTATION_CONTEXT() REPRESENTATION_CONTEXT('2D SPACE',''
  ) );
#2840 = ORIENTED_EDGE('',*,*,#2758,.F.);
#2841 = ORIENTED_EDGE('',*,*,#2819,.F.);
#2842 = ADVANCED_FACE('',(#2843,#3587),#2807,.F.);
#2843 = FACE_BOUND('',#2844,.T.);
#2844 = EDGE_LOOP('',(#2845,#3105,#3318,#3347,#3376));
#2845 = ORIENTED_EDGE('',*,*,#2846,.T.);
#2846 = EDGE_CURVE('',#2847,#2849,#2851,.T.);
#2847 = VERTEX_POINT('',#2848);
#2848 = CARTESIAN_POINT('',(-0.7,-1.688342488832,-3.065915106958));
#2849 = VERTEX_POINT('',#2850);
#2850 = CARTESIAN_POINT('',(-0.7,3.24476023728,-1.312055387501));
#2851 = SURFACE_CURVE('',#2852,(#2890,#2931),.PCURVE_S1.);
#2852 = B_SPLINE_CURVE_WITH_KNOTS('',6,(#2853,#2854,#2855,#2856,#2857,
    #2858,#2859,#2860,#2861,#2862,#2863,#2864,#2865,#2866,#2867,#2868,
    #2869,#2870,#2871,#2872,#2873,#2874,#2875,#2876,#2877,#2878,#2879,
    #2880,#2881,#2882,#2883,#2884,#2885,#2886,#2887,#2888,#2889),
  .UNSPECIFIED.,.F.,.F.,(7,5,5,5,5,5,5,7),(0.,0.113004542368,
    0.15200740472,0.181009860442,0.209012436412,0.567012522831,
    0.915996589706,1.),.UNSPECIFIED.);
#2853 = CARTESIAN_POINT('',(-0.7,-1.688342488832,-3.065915106958));
#2854 = CARTESIAN_POINT('',(-0.7,-1.590766019816,-3.119644507309));
#2855 = CARTESIAN_POINT('',(-0.7,-1.491137023012,-3.169647316856));
#2856 = CARTESIAN_POINT('',(-0.7,-1.389634199725,-3.215825347686));
#2857 = CARTESIAN_POINT('',(-0.7,-1.286441362438,-3.258092288292));
#2858 = CARTESIAN_POINT('',(-0.7,-1.181747434819,-3.296373703579));
#2859 = CARTESIAN_POINT('',(-0.7,-1.039160827223,-3.34242247059));
#2860 = CARTESIAN_POINT('',(-0.7,-1.002419457961,-3.353755695435));
#2861 = CARTESIAN_POINT('',(-0.7,-0.965530294295,-3.364604146979));
#2862 = CARTESIAN_POINT('',(-0.7,-0.92850133682,-3.3749654387));
#2863 = CARTESIAN_POINT('',(-0.7,-0.891340636363,-3.384837359969));
#2864 = CARTESIAN_POINT('',(-0.7,-0.826331726511,-3.401193210309));
#2865 = CARTESIAN_POINT('',(-0.7,-0.798538791375,-3.40789682821));
#2866 = CARTESIAN_POINT('',(-0.7,-0.770680818753,-3.414327893332));
#2867 = CARTESIAN_POINT('',(-0.7,-0.742761151078,-3.42048562379));
#2868 = CARTESIAN_POINT('',(-0.7,-0.714783143045,-3.426369292234));
#2869 = CARTESIAN_POINT('',(-0.7,-0.659683636621,-3.437393787585));
#2870 = CARTESIAN_POINT('',(-0.7,-0.632565862696,-3.442553231432));
#2871 = CARTESIAN_POINT('',(-0.7,-0.605399870366,-3.44745595181));
#2872 = CARTESIAN_POINT('',(-0.7,-0.578188698547,-3.452101390976));
#2873 = CARTESIAN_POINT('',(-0.7,-0.550935394529,-3.456489039028));
#2874 = CARTESIAN_POINT('',(-0.7,-0.174722450241,-3.513410852763));
#2875 = CARTESIAN_POINT('',(-0.7,0.180689547127,-3.524008656524));
#2876 = CARTESIAN_POINT('',(-0.7,0.535980130038,-3.491366841689));
#2877 = CARTESIAN_POINT('',(-0.7,0.884705000696,-3.415951328786));
#2878 = CARTESIAN_POINT('',(-0.7,1.220574292056,-3.299240524619));
#2879 = CARTESIAN_POINT('',(-0.7,1.846621975602,-2.993094142481));
#2880 = CARTESIAN_POINT('',(-0.7,2.137911240876,-2.805479473184));
#2881 = CARTESIAN_POINT('',(-0.7,2.405875494336,-2.584056918241));
#2882 = CARTESIAN_POINT('',(-0.7,2.645829855161,-2.332552411607));
#2883 = CARTESIAN_POINT('',(-0.7,2.853730485892,-2.055378502283));
#2884 = CARTESIAN_POINT('',(-0.7,3.068092393638,-1.686307628322));
#2885 = CARTESIAN_POINT('',(-0.7,3.107648020339,-1.61352399841));
#2886 = CARTESIAN_POINT('',(-0.7,3.145129235485,-1.539632064921));
#2887 = CARTESIAN_POINT('',(-0.7,3.180497651722,-1.464705858781));
#2888 = CARTESIAN_POINT('',(-0.7,3.213718421543,-1.388821137966));
#2889 = CARTESIAN_POINT('',(-0.7,3.24476023728,-1.312055387502));
#2890 = PCURVE('',#2807,#2891);
#2891 = DEFINITIONAL_REPRESENTATION('',(#2892),#2930);
#2892 = B_SPLINE_CURVE_WITH_KNOTS('',6,(#2893,#2894,#2895,#2896,#2897,
    #2898,#2899,#2900,#2901,#2902,#2903,#2904,#2905,#2906,#2907,#2908,
    #2909,#2910,#2911,#2912,#2913,#2914,#2915,#2916,#2917,#2918,#2919,
    #2920,#2921,#2922,#2923,#2924,#2925,#2926,#2927,#2928,#2929),
  .UNSPECIFIED.,.F.,.F.,(7,5,5,5,5,5,5,7),(0.,0.113004542368,
    0.15200740472,0.181009860442,0.209012436412,0.567012522831,
    0.915996589706,1.),.UNSPECIFIED.);
#2893 = CARTESIAN_POINT('',(-3.065915106958,-1.688342488832));
#2894 = CARTESIAN_POINT('',(-3.119644507309,-1.590766019816));
#2895 = CARTESIAN_POINT('',(-3.169647316856,-1.491137023012));
#2896 = CARTESIAN_POINT('',(-3.215825347686,-1.389634199725));
#2897 = CARTESIAN_POINT('',(-3.258092288292,-1.286441362438));
#2898 = CARTESIAN_POINT('',(-3.296373703579,-1.181747434819));
#2899 = CARTESIAN_POINT('',(-3.34242247059,-1.039160827223));
#2900 = CARTESIAN_POINT('',(-3.353755695435,-1.002419457961));
#2901 = CARTESIAN_POINT('',(-3.364604146979,-0.965530294295));
#2902 = CARTESIAN_POINT('',(-3.3749654387,-0.92850133682));
#2903 = CARTESIAN_POINT('',(-3.384837359969,-0.891340636363));
#2904 = CARTESIAN_POINT('',(-3.401193210309,-0.826331726511));
#2905 = CARTESIAN_POINT('',(-3.40789682821,-0.798538791375));
#2906 = CARTESIAN_POINT('',(-3.414327893332,-0.770680818753));
#2907 = CARTESIAN_POINT('',(-3.42048562379,-0.742761151078));
#2908 = CARTESIAN_POINT('',(-3.426369292234,-0.714783143045));
#2909 = CARTESIAN_POINT('',(-3.437393787585,-0.659683636621));
#2910 = CARTESIAN_POINT('',(-3.442553231432,-0.632565862696));
#2911 = CARTESIAN_POINT('',(-3.44745595181,-0.605399870366));
#2912 = CARTESIAN_POINT('',(-3.452101390976,-0.578188698547));
#2913 = CARTESIAN_POINT('',(-3.456489039028,-0.550935394529));
#2914 = CARTESIAN_POINT('',(-3.513410852763,-0.174722450241));
#2915 = CARTESIAN_POINT('',(-3.524008656524,0.180689547127));
#2916 = CARTESIAN_POINT('',(-3.491366841689,0.535980130038));
#2917 = CARTESIAN_POINT('',(-3.415951328786,0.884705000696));
#2918 = CARTESIAN_POINT('',(-3.299240524619,1.220574292056));
#2919 = CARTESIAN_POINT('',(-2.993094142481,1.846621975602));
#2920 = CARTESIAN_POINT('',(-2.805479473184,2.137911240876));
#2921 = CARTESIAN_POINT('',(-2.584056918241,2.405875494336));
#2922 = CARTESIAN_POINT('',(-2.332552411607,2.645829855161));
#2923 = CARTESIAN_POINT('',(-2.055378502283,2.853730485892));
#2924 = CARTESIAN_POINT('',(-1.686307628322,3.068092393638));
#2925 = CARTESIAN_POINT('',(-1.61352399841,3.107648020339));
#2926 = CARTESIAN_POINT('',(-1.539632064921,3.145129235485));
#2927 = CARTESIAN_POINT('',(-1.464705858781,3.180497651722));
#2928 = CARTESIAN_POINT('',(-1.388821137966,3.213718421543));
#2929 = CARTESIAN_POINT('',(-1.312055387502,3.24476023728));
#2930 = ( GEOMETRIC_REPRESENTATION_CONTEXT(2) 
PARAMETRIC_REPRESENTATION_CONTEXT() REPRESENTATION_CONTEXT('2D SPACE',''
  ) );
#2931 = PCURVE('',#2932,#3065);
#2932 = B_SPLINE_SURFACE_WITH_KNOTS('',1,9,(
    (#2933,#2934,#2935,#2936,#2937,#2938,#2939,#2940,#2941,#2942,#2943
      ,#2944,#2945,#2946,#2947,#2948,#2949,#2950,#2951,#2952,#2953,#2954
      ,#2955,#2956,#2957,#2958,#2959,#2960,#2961,#2962,#2963,#2964,#2965
      ,#2966,#2967,#2968,#2969,#2970,#2971,#2972,#2973,#2974,#2975,#2976
      ,#2977,#2978,#2979,#2980,#2981,#2982,#2983,#2984,#2985,#2986,#2987
      ,#2988,#2989,#2990,#2991,#2992,#2993,#2994,#2995,#2996,#2997,#2998
      )
    ,(#2999,#3000,#3001,#3002,#3003,#3004,#3005,#3006,#3007,#3008,#3009
      ,#3010,#3011,#3012,#3013,#3014,#3015,#3016,#3017,#3018,#3019,#3020
      ,#3021,#3022,#3023,#3024,#3025,#3026,#3027,#3028,#3029,#3030,#3031
      ,#3032,#3033,#3034,#3035,#3036,#3037,#3038,#3039,#3040,#3041,#3042
      ,#3043,#3044,#3045,#3046,#3047,#3048,#3049,#3050,#3051,#3052,#3053
      ,#3054,#3055,#3056,#3057,#3058,#3059,#3060,#3061,#3062,#3063,#3064
      )),.UNSPECIFIED.,.F.,.F.,.F.,(2,2),(10,8,8,8,8,8,8,8,10),(0.,
    0.421427929131),(0.,5.587628957584,11.175257915168,16.762886872752,
    22.350515830336,27.938144787919,33.525773745503,39.113402703087,
    44.701031660671),.UNSPECIFIED.);
#2933 = CARTESIAN_POINT('',(1.360810219204,-1.749884229805E-02,3.5));
#2934 = CARTESIAN_POINT('',(1.210232543465,2.090588599833,3.510539739364
    ));
#2935 = CARTESIAN_POINT('',(1.059654867697,4.207329585445,2.090497567032
    ));
#2936 = CARTESIAN_POINT('',(0.909077192,5.212951286694,-0.747901399195)
  );
#2937 = CARTESIAN_POINT('',(0.758499516202,4.057779408705,
    -4.081577139591));
#2938 = CARTESIAN_POINT('',(0.607921840489,0.516794870074,
    -5.732169649916));
#2939 = CARTESIAN_POINT('',(0.457344164745,-2.779131283089,
    -4.473326155309));
#2940 = CARTESIAN_POINT('',(0.306766488987,-4.306352612656,
    -1.878065355383));
#2941 = CARTESIAN_POINT('',(0.156188813251,-4.032852706476,
    0.656162335844));
#2942 = CARTESIAN_POINT('',(-0.144966538239,-1.305711080824,
    3.871636414857));
#2943 = CARTESIAN_POINT('',(-0.295544213987,1.149872502675,
    4.555172394743));
#2944 = CARTESIAN_POINT('',(-0.446121889721,3.959632764296,
    3.472106852102));
#2945 = CARTESIAN_POINT('',(-0.596699565474,5.739639123572,
    0.425897179245));
#2946 = CARTESIAN_POINT('',(-0.747277241222,4.689243972139,
    -3.337040126034));
#2947 = CARTESIAN_POINT('',(-0.897854916952,1.588867001576,
    -5.020928124546));
#2948 = CARTESIAN_POINT('',(-1.04843259271,-1.375620194984,
    -4.492156651624));
#2949 = CARTESIAN_POINT('',(-1.199010268448,-3.122164405396,
    -2.635628841243));
#2950 = CARTESIAN_POINT('',(-1.500165619938,-3.789645501694,1.5274282068
    ));
#2951 = CARTESIAN_POINT('',(-1.650743295683,-2.711057676113,
    3.836921760341));
#2952 = CARTESIAN_POINT('',(-1.801320971424,-6.047806672236E-02,
    5.265981392299));
#2953 = CARTESIAN_POINT('',(-1.951898647171,3.410927574286,
    4.635775960838));
#2954 = CARTESIAN_POINT('',(-2.102476322918,5.585085134102,
    1.389845271128));
#2955 = CARTESIAN_POINT('',(-2.253053998655,4.846644904469,
    -2.060157943144));
#2956 = CARTESIAN_POINT('',(-2.403631674406,2.516326456824,
    -3.96735471898));
#2957 = CARTESIAN_POINT('',(-2.554209350147,-2.98645819232E-02,
    -4.085775088017));
#2958 = CARTESIAN_POINT('',(-2.855364701637,-3.625566167113,
    -1.884070042044));
#2959 = CARTESIAN_POINT('',(-3.00594237738,-4.677637033221,
    0.437623102604));
#2960 = CARTESIAN_POINT('',(-3.156520053126,-4.038329928499,
    3.380252855581));
#2961 = CARTESIAN_POINT('',(-3.307097728868,-1.301168541835,
    5.606407610842));
#2962 = CARTESIAN_POINT('',(-3.457675404615,2.578349402116,
    5.145576599109));
#2963 = CARTESIAN_POINT('',(-3.608253080357,4.717831167207,
    2.340147092789));
#2964 = CARTESIAN_POINT('',(-3.758830756103,4.649990604685,
    -0.670364793321));
#2965 = CARTESIAN_POINT('',(-3.909408431846,3.083303131859,
    -2.680987104261));
#2966 = CARTESIAN_POINT('',(-4.210563783335,-0.928123489018,
    -3.979074873305));
#2967 = CARTESIAN_POINT('',(-4.361141459079,-3.375718731138,
    -3.26746455548));
#2968 = CARTESIAN_POINT('',(-4.511719134825,-5.194399936054,
    -0.867426463423));
#2969 = CARTESIAN_POINT('',(-4.662296810567,-5.104073491728,
    2.65956348012));
#2970 = CARTESIAN_POINT('',(-4.812874486312,-2.230007163317,
    5.305837726139));
#2971 = CARTESIAN_POINT('',(-4.963452162058,1.292434051584,
    5.105274938657));
#2972 = CARTESIAN_POINT('',(-5.1140298378,3.534475185611,3.095042380874)
  );
#2973 = CARTESIAN_POINT('',(-5.264607513546,4.042013599013,
    0.597139873492));
#2974 = CARTESIAN_POINT('',(-5.565762865033,2.417845251072,
    -3.293702217462));
#2975 = CARTESIAN_POINT('',(-5.716340540781,0.284982008597,
    -4.689412271212));
#2976 = CARTESIAN_POINT('',(-5.866918216518,-2.720884237068,
    -4.508991788331));
#2977 = CARTESIAN_POINT('',(-6.017495892272,-5.340508662711,
    -2.145649807503));
#2978 = CARTESIAN_POINT('',(-6.168073568008,-5.480146745797,
    1.758646019731));
#2979 = CARTESIAN_POINT('',(-6.318651243756,-3.036051006173,
    4.303093494754));
#2980 = CARTESIAN_POINT('',(-6.4692289195,-5.075382365138E-02,
    4.697789440761));
#2981 = CARTESIAN_POINT('',(-6.619806595244,2.176368182708,
    3.458015556556));
#2982 = CARTESIAN_POINT('',(-6.920961946733,4.074345273966,
    -0.306856068291));
#2983 = CARTESIAN_POINT('',(-7.071539622474,3.746551698032,
    -2.834634358722));
#2984 = CARTESIAN_POINT('',(-7.222117298229,1.653848455471,
    -4.999900464028));
#2985 = CARTESIAN_POINT('',(-7.372694973953,-1.845264683409,
    -5.451590810307));
#2986 = CARTESIAN_POINT('',(-7.523272649723,-4.901035484109,
    -3.017399063412));
#2987 = CARTESIAN_POINT('',(-7.673850325446,-5.243096121503,0.49412654)
  );
#2988 = CARTESIAN_POINT('',(-7.824428001201,-3.600518672772,
    3.017957498735));
#2989 = CARTESIAN_POINT('',(-7.975005676943,-1.210013890259,
    3.902603790867));
#2990 = CARTESIAN_POINT('',(-8.27616102843,2.883897639182,2.894405701036
    ));
#2991 = CARTESIAN_POINT('',(-8.426738704183,4.590219462225,1.00084344763
    ));
#2992 = CARTESIAN_POINT('',(-8.57731637991,4.872954922241,
    -1.997129927329));
#2993 = CARTESIAN_POINT('',(-8.727894055668,2.939357538323,
    -4.948234325279));
#2994 = CARTESIAN_POINT('',(-8.878471731418,-0.897327018643,
    -5.685037383724));
#2995 = CARTESIAN_POINT('',(-9.029049407138,-3.786529297231,
    -3.660111127022));
#2996 = CARTESIAN_POINT('',(-9.179627082907,-4.634422054094,
    -0.770671478589));
#2997 = CARTESIAN_POINT('',(-9.330204758638,-3.750899100176,
    1.620248716541));
#2998 = CARTESIAN_POINT('',(-9.480782434386,-2.036285884762,
    2.846725488171));
#2999 = CARTESIAN_POINT('',(1.780782434386,1.749884229915E-02,3.5));
#3000 = CARTESIAN_POINT('',(1.630204758647,2.12558628443,3.489460260632)
  );
#3001 = CARTESIAN_POINT('',(1.479627082879,4.228022322743,2.048323593107
    ));
#3002 = CARTESIAN_POINT('',(1.329049407182,5.205212345532,
    -0.799988761345));
#3003 = CARTESIAN_POINT('',(1.178471731384,4.016764505789,
    -4.121947202253));
#3004 = CARTESIAN_POINT('',(1.027894055671,0.45945255564,-5.737050551049
    ));
#3005 = CARTESIAN_POINT('',(0.877316379927,-2.823721526553,
    -4.445313752809));
#3006 = CARTESIAN_POINT('',(0.726738704169,-4.324916273734,
    -1.834911862582));
#3007 = CARTESIAN_POINT('',(0.576161028433,-4.026090069454,
    0.696454383339));
#3008 = CARTESIAN_POINT('',(0.275005676943,-1.26693297117,3.884498784872
    ));
#3009 = CARTESIAN_POINT('',(0.124428001194,1.195362593835,4.543446992413
    ));
#3010 = CARTESIAN_POINT('',(-2.6149674539E-02,3.994152708452,
    3.432340560327));
#3011 = CARTESIAN_POINT('',(-0.176727350293,5.743610784342,
    0.368484723007));
#3012 = CARTESIAN_POINT('',(-0.327305026039,4.65564217268,
    -3.383761462633));
#3013 = CARTESIAN_POINT('',(-0.47788270177,1.538582876207,
    -5.036564340263));
#3014 = CARTESIAN_POINT('',(-0.628460377529,-1.420468901349,
    -4.478177131213));
#3015 = CARTESIAN_POINT('',(-0.779038053266,-3.148362206715,
    -2.604278282128));
#3016 = CARTESIAN_POINT('',(-1.080193404756,-3.774183160473,
    1.565244848041));
#3017 = CARTESIAN_POINT('',(-1.230771080501,-2.67255641982,
    3.863838051269));
#3018 = CARTESIAN_POINT('',(-1.381348756243,-7.820038764366E-03,
    5.266322856376));
#3019 = CARTESIAN_POINT('',(-1.531926431989,3.457110601868,4.60143804908
    ));
#3020 = CARTESIAN_POINT('',(-1.682504107736,5.598703097779,
    1.333930020207));
#3021 = CARTESIAN_POINT('',(-1.833081783474,4.825802916011,
    -2.108516975634));
#3022 = CARTESIAN_POINT('',(-1.983659459224,2.476530726451,
    -3.992317357012));
#3023 = CARTESIAN_POINT('',(-2.134237134965,-7.071711509289E-02,
    -4.085272211869));
#3024 = CARTESIAN_POINT('',(-2.435392486455,-3.644223901015,
    -1.847723497278));
#3025 = CARTESIAN_POINT('',(-2.585970162198,-4.673027353767,
    0.484373334915));
#3026 = CARTESIAN_POINT('',(-2.736547837945,-4.004328600764,
    3.420463482061));
#3027 = CARTESIAN_POINT('',(-2.887125513686,-1.245044522137,
    5.619137840034));
#3028 = CARTESIAN_POINT('',(-3.037703189434,2.629671576319,
    5.119538213393));
#3029 = CARTESIAN_POINT('',(-3.188280865175,4.740994652946,
    2.292856093021));
#3030 = CARTESIAN_POINT('',(-3.338858540921,4.643055104144,
    -0.716826947508));
#3031 = CARTESIAN_POINT('',(-3.489436216665,3.056341563685,
    -2.711683297199));
#3032 = CARTESIAN_POINT('',(-3.790591568154,-0.967864212086,
    -3.969595561657));
#3033 = CARTESIAN_POINT('',(-3.941169243897,-3.408221639354,
    -3.233547098352));
#3034 = CARTESIAN_POINT('',(-4.091746919643,-5.202813728603,
    -0.815443833417));
#3035 = CARTESIAN_POINT('',(-4.242324595385,-5.077225123308,
    2.710466605872));
#3036 = CARTESIAN_POINT('',(-4.39290227113,-2.176842131341,
    5.327870513065));
#3037 = CARTESIAN_POINT('',(-4.543479946876,1.343417528991,
    5.092096554914));
#3038 = CARTESIAN_POINT('',(-4.694057622618,3.565246096092,
    3.059546121423));
#3039 = CARTESIAN_POINT('',(-4.844635298364,4.047782383564,
    0.556693569883));
#3040 = CARTESIAN_POINT('',(-5.145790649852,2.384790358828,
    -3.317713807362));
#3041 = CARTESIAN_POINT('',(-5.296368325599,0.23807790976,
    -4.692027396088));
#3042 = CARTESIAN_POINT('',(-5.446946001336,-2.765834015766,
    -4.48156001543));
#3043 = CARTESIAN_POINT('',(-5.59752367709,-5.36169622847,-2.0921423185)
  );
#3044 = CARTESIAN_POINT('',(-5.748101352826,-5.462287920227,
    1.813354569756));
#3045 = CARTESIAN_POINT('',(-5.898679028574,-2.992872215729,
    4.333236118817));
#3046 = CARTESIAN_POINT('',(-6.049256704318,-3.777674299165E-03,
    4.698062079469));
#3047 = CARTESIAN_POINT('',(-6.199834380062,2.210836385307,
    3.436080985011));
#3048 = CARTESIAN_POINT('',(-6.500989731551,4.071073307494,
    -0.347580467055));
#3049 = CARTESIAN_POINT('',(-6.651567407293,3.718020640881,
    -2.871954751521));
#3050 = CARTESIAN_POINT('',(-6.802145083047,1.60377132765,
    -5.016187483272));
#3051 = CARTESIAN_POINT('',(-6.952722758772,-1.899683373245,
    -5.432867314492));
#3052 = CARTESIAN_POINT('',(-7.103300434541,-4.930961710526,
    -2.968242321283));
#3053 = CARTESIAN_POINT('',(-7.253878110264,-5.237893194145,
    0.546528012437));
#3054 = CARTESIAN_POINT('',(-7.40445578602,-3.570161850139,
    3.053808533399));
#3055 = CARTESIAN_POINT('',(-7.555033461761,-1.170930918621,
    3.914507726299));
#3056 = CARTESIAN_POINT('',(-7.856188813248,2.912694886049,
    2.865424656822));
#3057 = CARTESIAN_POINT('',(-8.006766489001,4.599997508926,
    0.954895398095));
#3058 = CARTESIAN_POINT('',(-8.157344164728,4.852741834104,
    -2.045755183878));
#3059 = CARTESIAN_POINT('',(-8.307921840486,2.889732762234,
    -4.977377863469));
#3060 = CARTESIAN_POINT('',(-8.458499516236,-0.954127354989,
    -5.675780709848));
#3061 = CARTESIAN_POINT('',(-8.609077191956,-3.822937771881,
    -3.622066318176));
#3062 = CARTESIAN_POINT('',(-8.759654867726,-4.641896383972,
    -0.724292950732));
#3063 = CARTESIAN_POINT('',(-8.910232543457,-3.734510573764,
    1.657673288053));
#3064 = CARTESIAN_POINT('',(-9.060810219204,-2.007719426357,
    2.866944177083));
#3065 = DEFINITIONAL_REPRESENTATION('',(#3066),#3104);
#3066 = B_SPLINE_CURVE_WITH_KNOTS('',6,(#3067,#3068,#3069,#3070,#3071,
    #3072,#3073,#3074,#3075,#3076,#3077,#3078,#3079,#3080,#3081,#3082,
    #3083,#3084,#3085,#3086,#3087,#3088,#3089,#3090,#3091,#3092,#3093,
    #3094,#3095,#3096,#3097,#3098,#3099,#3100,#3101,#3102,#3103),
  .UNSPECIFIED.,.F.,.F.,(7,5,5,5,5,5,5,7),(0.,0.113004542368,
    0.15200740472,0.181009860442,0.209012436412,0.567012522831,
    0.915996589706,1.),.UNSPECIFIED.);
#3067 = CARTESIAN_POINT('',(0.421427929131,10.228528011149));
#3068 = CARTESIAN_POINT('',(0.413490838577,10.195915590093));
#3069 = CARTESIAN_POINT('',(0.40555381969,10.163303463511));
#3070 = CARTESIAN_POINT('',(0.397616881579,10.130691668825));
#3071 = CARTESIAN_POINT('',(0.389680028696,10.098080224326));
#3072 = CARTESIAN_POINT('',(0.381743260836,10.065469129176));
#3073 = CARTESIAN_POINT('',(0.371067271415,10.021602946751));
#3074 = CARTESIAN_POINT('',(0.368327978245,10.010347565244));
#3075 = CARTESIAN_POINT('',(0.3655886933,9.999092217529));
#3076 = CARTESIAN_POINT('',(0.362849416208,9.987836902084));
#3077 = CARTESIAN_POINT('',(0.360110146559,9.976581617222));
#3078 = CARTESIAN_POINT('',(0.355333973299,9.956956973618));
#3079 = CARTESIAN_POINT('',(0.353297066533,9.948587601911));
#3080 = CARTESIAN_POINT('',(0.351260163415,9.940218245197));
#3081 = CARTESIAN_POINT('',(0.349223263751,9.931848902671));
#3082 = CARTESIAN_POINT('',(0.347186367336,9.923479573496));
#3083 = CARTESIAN_POINT('',(0.343182803891,9.907029478101));
#3084 = CARTESIAN_POINT('',(0.341216136641,9.898948710972));
#3085 = CARTESIAN_POINT('',(0.339249472016,9.890867954635));
#3086 = CARTESIAN_POINT('',(0.337282809824,9.88278720829));
#3087 = CARTESIAN_POINT('',(0.335316149867,9.874706471127));
#3088 = CARTESIAN_POINT('',(0.308206672668,9.763317331874));
#3089 = CARTESIAN_POINT('',(0.283056816159,9.659980006395));
#3090 = CARTESIAN_POINT('',(0.257915396071,9.556677345022));
#3091 = CARTESIAN_POINT('',(0.232773512512,9.453372779304));
#3092 = CARTESIAN_POINT('',(0.207622451842,9.350030506092));
#3093 = CARTESIAN_POINT('',(0.157967375484,9.146004579127));
#3094 = CARTESIAN_POINT('',(0.133449567815,9.045264256008));
#3095 = CARTESIAN_POINT('',(0.108939179918,8.944554419718));
#3096 = CARTESIAN_POINT('',(8.442879277829E-02,8.843844586542));
#3097 = CARTESIAN_POINT('',(5.991099580521E-02,8.743104307371));
#3098 = CARTESIAN_POINT('',(2.94999294989E-02,8.6181493894));
#3099 = CARTESIAN_POINT('',(2.359992242858E-02,8.593907066159));
#3100 = CARTESIAN_POINT('',(1.769992562948E-02,8.569664785122));
#3101 = CARTESIAN_POINT('',(1.179993957544E-02,8.545422548234));
#3102 = CARTESIAN_POINT('',(5.899964420724E-03,8.52118035613));
#3103 = CARTESIAN_POINT('',(0.,8.49693820813));
#3104 = ( GEOMETRIC_REPRESENTATION_CONTEXT(2) 
PARAMETRIC_REPRESENTATION_CONTEXT() REPRESENTATION_CONTEXT('2D SPACE',''
  ) );
#3105 = ORIENTED_EDGE('',*,*,#3106,.T.);
#3106 = EDGE_CURVE('',#2849,#3107,#3109,.T.);
#3107 = VERTEX_POINT('',#3108);
#3108 = CARTESIAN_POINT('',(-0.7,0.897253332626,2.252900673036));
#3109 = SURFACE_CURVE('',#3110,(#3133,#3159),.PCURVE_S1.);
#3110 = B_SPLINE_CURVE_WITH_KNOTS('',6,(#3111,#3112,#3113,#3114,#3115,
    #3116,#3117,#3118,#3119,#3120,#3121,#3122,#3123,#3124,#3125,#3126,
    #3127,#3128,#3129,#3130,#3131,#3132),.UNSPECIFIED.,.F.,.F.,(7,5,5,5,
    7),(0.,0.329365383541,0.595462584811,0.815557752251,1.),
  .UNSPECIFIED.);
#3111 = CARTESIAN_POINT('',(-0.7,3.24476023728,-1.312055387501));
#3112 = CARTESIAN_POINT('',(-0.7,3.295760546761,-1.048490469906));
#3113 = CARTESIAN_POINT('',(-0.7,3.322005897334,-0.780606590806));
#3114 = CARTESIAN_POINT('',(-0.7,3.322517732983,-0.511308685168));
#3115 = CARTESIAN_POINT('',(-0.7,3.296762963358,-0.243729626409));
#3116 = CARTESIAN_POINT('',(-0.7,3.244659268312,1.877342401464E-02));
#3117 = CARTESIAN_POINT('',(-0.7,3.10388586474,0.477766268933));
#3118 = CARTESIAN_POINT('',(-0.7,3.024156756177,0.677270797934));
#3119 = CARTESIAN_POINT('',(-0.7,2.927913736658,0.86928540333));
#3120 = CARTESIAN_POINT('',(-0.7,2.815739461879,1.051916349447));
#3121 = CARTESIAN_POINT('',(-0.7,2.688504169979,1.223266992082));
#3122 = CARTESIAN_POINT('',(-0.7,2.430783752768,1.512375758382));
#3123 = CARTESIAN_POINT('',(-0.7,2.304656110542,1.634285665629));
#3124 = CARTESIAN_POINT('',(-0.7,2.169773989194,1.746182154204));
#3125 = CARTESIAN_POINT('',(-0.7,2.026998354344,1.847075002577));
#3126 = CARTESIAN_POINT('',(-0.7,1.877352746889,1.936040638272));
#3127 = CARTESIAN_POINT('',(-0.7,1.591908220656,2.076150292123));
#3128 = CARTESIAN_POINT('',(-0.7,1.457788244556,2.131088566477));
#3129 = CARTESIAN_POINT('',(-0.7,1.320408919672,2.176607291768));
#3130 = CARTESIAN_POINT('',(-0.7,1.180566390163,2.212290721832));
#3131 = CARTESIAN_POINT('',(-0.7,1.039139405883,2.237804849392));
#3132 = CARTESIAN_POINT('',(-0.7,0.89709262713,2.252917783084));
#3133 = PCURVE('',#2807,#3134);
#3134 = DEFINITIONAL_REPRESENTATION('',(#3135),#3158);
#3135 = B_SPLINE_CURVE_WITH_KNOTS('',6,(#3136,#3137,#3138,#3139,#3140,
    #3141,#3142,#3143,#3144,#3145,#3146,#3147,#3148,#3149,#3150,#3151,
    #3152,#3153,#3154,#3155,#3156,#3157),.UNSPECIFIED.,.F.,.F.,(7,5,5,5,
    7),(0.,0.329365383541,0.595462584811,0.815557752251,1.),
  .UNSPECIFIED.);
#3136 = CARTESIAN_POINT('',(-1.312055387501,3.24476023728));
#3137 = CARTESIAN_POINT('',(-1.048490469906,3.295760546761));
#3138 = CARTESIAN_POINT('',(-0.780606590806,3.322005897334));
#3139 = CARTESIAN_POINT('',(-0.511308685168,3.322517732983));
#3140 = CARTESIAN_POINT('',(-0.243729626409,3.296762963358));
#3141 = CARTESIAN_POINT('',(1.877342401464E-02,3.244659268312));
#3142 = CARTESIAN_POINT('',(0.477766268933,3.10388586474));
#3143 = CARTESIAN_POINT('',(0.677270797934,3.024156756177));
#3144 = CARTESIAN_POINT('',(0.86928540333,2.927913736658));
#3145 = CARTESIAN_POINT('',(1.051916349447,2.815739461879));
#3146 = CARTESIAN_POINT('',(1.223266992082,2.688504169979));
#3147 = CARTESIAN_POINT('',(1.512375758382,2.430783752768));
#3148 = CARTESIAN_POINT('',(1.634285665629,2.304656110542));
#3149 = CARTESIAN_POINT('',(1.746182154204,2.169773989194));
#3150 = CARTESIAN_POINT('',(1.847075002577,2.026998354344));
#3151 = CARTESIAN_POINT('',(1.936040638272,1.877352746889));
#3152 = CARTESIAN_POINT('',(2.076150292123,1.591908220656));
#3153 = CARTESIAN_POINT('',(2.131088566477,1.457788244556));
#3154 = CARTESIAN_POINT('',(2.176607291768,1.320408919672));
#3155 = CARTESIAN_POINT('',(2.212290721832,1.180566390163));
#3156 = CARTESIAN_POINT('',(2.237804849392,1.039139405883));
#3157 = CARTESIAN_POINT('',(2.252917783084,0.89709262713));
#3158 = ( GEOMETRIC_REPRESENTATION_CONTEXT(2) 
PARAMETRIC_REPRESENTATION_CONTEXT() REPRESENTATION_CONTEXT('2D SPACE',''
  ) );
#3159 = PCURVE('',#3160,#3293);
#3160 = B_SPLINE_SURFACE_WITH_KNOTS('',1,9,(
    (#3161,#3162,#3163,#3164,#3165,#3166,#3167,#3168,#3169,#3170,#3171
      ,#3172,#3173,#3174,#3175,#3176,#3177,#3178,#3179,#3180,#3181,#3182
      ,#3183,#3184,#3185,#3186,#3187,#3188,#3189,#3190,#3191,#3192,#3193
      ,#3194,#3195,#3196,#3197,#3198,#3199,#3200,#3201,#3202,#3203,#3204
      ,#3205,#3206,#3207,#3208,#3209,#3210,#3211,#3212,#3213,#3214,#3215
      ,#3216,#3217,#3218,#3219,#3220,#3221,#3222,#3223,#3224,#3225,#3226
      )
    ,(#3227,#3228,#3229,#3230,#3231,#3232,#3233,#3234,#3235,#3236,#3237
      ,#3238,#3239,#3240,#3241,#3242,#3243,#3244,#3245,#3246,#3247,#3248
      ,#3249,#3250,#3251,#3252,#3253,#3254,#3255,#3256,#3257,#3258,#3259
      ,#3260,#3261,#3262,#3263,#3264,#3265,#3266,#3267,#3268,#3269,#3270
      ,#3271,#3272,#3273,#3274,#3275,#3276,#3277,#3278,#3279,#3280,#3281
      ,#3282,#3283,#3284,#3285,#3286,#3287,#3288,#3289,#3290,#3291,#3292
      )),.UNSPECIFIED.,.F.,.F.,.F.,(2,2),(10,8,8,8,8,8,8,8,10),(0.,
    1.197199994035),(0.,5.587628957584,11.175257915168,16.762886872752,
    22.350515830336,27.938144787919,33.525773745503,39.113402703087,
    44.701031660671),.UNSPECIFIED.);
#3161 = CARTESIAN_POINT('',(0.952758101983,-5.15031853998E-02,2.375));
#3162 = CARTESIAN_POINT('',(0.802180426244,1.378984757034,2.406020917918
    ));
#3163 = CARTESIAN_POINT('',(0.651602750476,2.83154246812,1.46630681177)
  );
#3164 = CARTESIAN_POINT('',(0.501025074779,3.546123167093,
    -0.448524298624));
#3165 = CARTESIAN_POINT('',(0.350447398981,2.799935177871,
    -2.723929518348));
#3166 = CARTESIAN_POINT('',(0.199869723268,0.41561314674,-3.884159522416
    ));
#3167 = CARTESIAN_POINT('',(4.9292047524E-02,-1.835348426278,
    -3.067190831852));
#3168 = CARTESIAN_POINT('',(-0.101285628234,-2.901147523592,
    -1.323265437585));
#3169 = CARTESIAN_POINT('',(-0.25186330397,-2.744236190244,
    0.399629043432));
#3170 = CARTESIAN_POINT('',(-0.55301865546,-0.929927874778,
    2.612617416558));
#3171 = CARTESIAN_POINT('',(-0.703596331208,0.728760693166,
    3.104286756588));
#3172 = CARTESIAN_POINT('',(-0.854174006942,2.647805802009,
    2.401101413401));
#3173 = CARTESIAN_POINT('',(-1.004751682696,3.890257722271,
    0.354011123504));
#3174 = CARTESIAN_POINT('',(-1.155329358442,3.220035447424,
    -2.211515589074));
#3175 = CARTESIAN_POINT('',(-1.305907034173,1.135098010494,
    -3.389353323468));
#3176 = CARTESIAN_POINT('',(-1.456484709931,-0.882672976892,
    -3.064078456545));
#3177 = CARTESIAN_POINT('',(-1.607062385669,-2.088946967002,
    -1.823961679762));
#3178 = CARTESIAN_POINT('',(-1.908217737159,-2.589053659009,
    0.993648211573));
#3179 = CARTESIAN_POINT('',(-2.058795412904,-1.883242416368,
    2.573147181228));
#3180 = CARTESIAN_POINT('',(-2.209373088645,-0.10066514137,
    3.572958171009));
#3181 = CARTESIAN_POINT('',(-2.359950764392,2.262263749642,
    3.184586589873));
#3182 = CARTESIAN_POINT('',(-2.510528440138,3.774458861969,
    1.006424255874));
#3183 = CARTESIAN_POINT('',(-2.661106115877,3.312395023567,
    -1.343206109427));
#3184 = CARTESIAN_POINT('',(-2.811683791627,1.75256907046,
    -2.663867493954));
#3185 = CARTESIAN_POINT('',(-2.962261467368,2.599337678364E-02,
    -2.773059679225));
#3186 = CARTESIAN_POINT('',(-3.263416818858,-2.439078908741,
    -1.319632408861));
#3187 = CARTESIAN_POINT('',(-3.413994494601,-3.17933042147,
    0.244021714292));
#3188 = CARTESIAN_POINT('',(-3.564572170347,-2.778796262685,
    2.248211404938));
#3189 = CARTESIAN_POINT('',(-3.715149846089,-0.946486580371,
    3.789933007645));
#3190 = CARTESIAN_POINT('',(-3.865727521836,1.691480424691,
    3.521125483814));
#3191 = CARTESIAN_POINT('',(-4.016305197578,3.175156716687,1.6415059582)
  );
#3192 = CARTESIAN_POINT('',(-4.166882873324,3.163204066691,
    -0.402279825754));
#3193 = CARTESIAN_POINT('',(-4.317460549068,2.122770827287,
    -1.78448299453));
#3194 = CARTESIAN_POINT('',(-4.618615900557,-0.584798411236,
    -2.710820238834));
#3195 = CARTESIAN_POINT('',(-4.7691935763,-2.253862249379,
    -2.255613877325));
#3196 = CARTESIAN_POINT('',(-4.919771252046,-3.515244159844,
    -0.647472443028));
#3197 = CARTESIAN_POINT('',(-5.070348927788,-3.493879674935,
    1.747064776497));
#3198 = CARTESIAN_POINT('',(-5.220926603533,-1.573419632826,
    3.575441212319));
#3199 = CARTESIAN_POINT('',(-5.371504279279,0.819278711151,
    3.479216230642));
#3200 = CARTESIAN_POINT('',(-5.522081955021,2.363550967282,
    2.140400732713));
#3201 = CARTESIAN_POINT('',(-5.672659630767,2.736262781069,0.45100070189
    ));
#3202 = CARTESIAN_POINT('',(-5.973814982254,1.678109778881,
    -2.207823178517));
#3203 = CARTESIAN_POINT('',(-6.124392658002,0.246491678984,
    -3.179139880234));
#3204 = CARTESIAN_POINT('',(-6.274970333739,-1.795416378738,
    -3.090735061102));
#3205 = CARTESIAN_POINT('',(-6.425548009493,-3.599925104548,
    -1.516564634633));
#3206 = CARTESIAN_POINT('',(-6.576125685229,-3.738893235813,
    1.131418609547));
#3207 = CARTESIAN_POINT('',(-6.726703360977,-2.109070091891,
    2.885824896805));
#3208 = CARTESIAN_POINT('',(-6.877281036721,-8.763267915144E-02,
    3.187476986385));
#3209 = CARTESIAN_POINT('',(-7.027858712465,1.437791849079,2.37134774796
    ));
#3210 = CARTESIAN_POINT('',(-7.329014063954,2.768439238617,
    -0.162110243905));
#3211 = CARTESIAN_POINT('',(-7.479591739696,2.57460953914,
    -1.881242866672));
#3212 = CARTESIAN_POINT('',(-7.630169415449,1.178958273319,
    -3.374347264048));
#3213 = CARTESIAN_POINT('',(-7.780747091175,-1.1905240954,
    -3.720494979634));
#3214 = CARTESIAN_POINT('',(-7.931324766943,-3.291815982464,
    -2.103182527017));
#3215 = CARTESIAN_POINT('',(-8.081902442667,-3.563706897873,
    0.275964366913));
#3216 = CARTESIAN_POINT('',(-8.232480118422,-2.477582951838,
    2.007304458337));
#3217 = CARTESIAN_POINT('',(-8.383057794164,-0.86533575734,
    2.634716240358));
#3218 = CARTESIAN_POINT('',(-8.684213145651,1.924322553312,
    1.996877144038));
#3219 = CARTESIAN_POINT('',(-8.834790821404,3.103719644295,
    0.731172199218));
#3220 = CARTESIAN_POINT('',(-8.985368497131,3.32953622311,
    -1.300135416364));
#3221 = CARTESIAN_POINT('',(-9.135946172888,2.05075525192,
    -3.324730352765));
#3222 = CARTESIAN_POINT('',(-9.286523848639,-0.544583219191,
    -3.868185440352));
#3223 = CARTESIAN_POINT('',(-9.437101524359,-2.528204447378,
    -2.52672628445));
#3224 = CARTESIAN_POINT('',(-9.587679200129,-3.136322847798,
    -0.575471429848));
#3225 = CARTESIAN_POINT('',(-9.738256875859,-2.563810229755,
    1.057077455049));
#3226 = CARTESIAN_POINT('',(-9.888834551607,-1.41411211457,
    1.908812328526));
#3227 = CARTESIAN_POINT('',(1.360810219204,-1.749884229806E-02,3.5));
#3228 = CARTESIAN_POINT('',(1.210232543465,2.090588599833,3.510539739364
    ));
#3229 = CARTESIAN_POINT('',(1.059654867697,4.207329585445,2.090497567032
    ));
#3230 = CARTESIAN_POINT('',(0.909077192,5.212951286694,-0.747901399195)
  );
#3231 = CARTESIAN_POINT('',(0.758499516202,4.057779408705,
    -4.081577139591));
#3232 = CARTESIAN_POINT('',(0.607921840489,0.516794870074,
    -5.732169649917));
#3233 = CARTESIAN_POINT('',(0.457344164745,-2.779131283089,
    -4.473326155309));
#3234 = CARTESIAN_POINT('',(0.306766488987,-4.306352612656,
    -1.878065355383));
#3235 = CARTESIAN_POINT('',(0.156188813251,-4.032852706476,
    0.656162335844));
#3236 = CARTESIAN_POINT('',(-0.144966538239,-1.305711080824,
    3.871636414857));
#3237 = CARTESIAN_POINT('',(-0.295544213987,1.149872502675,
    4.555172394743));
#3238 = CARTESIAN_POINT('',(-0.446121889721,3.959632764296,
    3.472106852102));
#3239 = CARTESIAN_POINT('',(-0.596699565474,5.739639123572,
    0.425897179245));
#3240 = CARTESIAN_POINT('',(-0.747277241222,4.689243972139,
    -3.337040126035));
#3241 = CARTESIAN_POINT('',(-0.897854916952,1.588867001576,
    -5.020928124546));
#3242 = CARTESIAN_POINT('',(-1.048432592711,-1.375620194985,
    -4.492156651624));
#3243 = CARTESIAN_POINT('',(-1.199010268448,-3.122164405395,
    -2.635628841243));
#3244 = CARTESIAN_POINT('',(-1.500165619938,-3.789645501694,1.5274282068
    ));
#3245 = CARTESIAN_POINT('',(-1.650743295683,-2.711057676113,
    3.836921760341));
#3246 = CARTESIAN_POINT('',(-1.801320971424,-6.047806672253E-02,
    5.265981392299));
#3247 = CARTESIAN_POINT('',(-1.951898647171,3.410927574287,
    4.635775960838));
#3248 = CARTESIAN_POINT('',(-2.102476322918,5.585085134102,
    1.389845271128));
#3249 = CARTESIAN_POINT('',(-2.253053998655,4.846644904469,
    -2.060157943144));
#3250 = CARTESIAN_POINT('',(-2.403631674406,2.516326456824,
    -3.96735471898));
#3251 = CARTESIAN_POINT('',(-2.554209350147,-2.986458192319E-02,
    -4.085775088017));
#3252 = CARTESIAN_POINT('',(-2.855364701637,-3.625566167113,
    -1.884070042044));
#3253 = CARTESIAN_POINT('',(-3.00594237738,-4.677637033221,
    0.437623102604));
#3254 = CARTESIAN_POINT('',(-3.156520053126,-4.038329928498,
    3.380252855581));
#3255 = CARTESIAN_POINT('',(-3.307097728868,-1.301168541835,
    5.606407610842));
#3256 = CARTESIAN_POINT('',(-3.457675404615,2.578349402117,
    5.145576599109));
#3257 = CARTESIAN_POINT('',(-3.608253080357,4.717831167207,
    2.340147092789));
#3258 = CARTESIAN_POINT('',(-3.758830756103,4.649990604685,
    -0.670364793321));
#3259 = CARTESIAN_POINT('',(-3.909408431846,3.083303131859,
    -2.680987104261));
#3260 = CARTESIAN_POINT('',(-4.210563783335,-0.928123489018,
    -3.979074873305));
#3261 = CARTESIAN_POINT('',(-4.361141459079,-3.375718731138,
    -3.26746455548));
#3262 = CARTESIAN_POINT('',(-4.511719134825,-5.194399936054,
    -0.867426463423));
#3263 = CARTESIAN_POINT('',(-4.662296810567,-5.104073491728,
    2.65956348012));
#3264 = CARTESIAN_POINT('',(-4.812874486312,-2.230007163317,
    5.305837726139));
#3265 = CARTESIAN_POINT('',(-4.963452162058,1.292434051584,
    5.105274938657));
#3266 = CARTESIAN_POINT('',(-5.1140298378,3.534475185611,3.095042380874)
  );
#3267 = CARTESIAN_POINT('',(-5.264607513546,4.042013599013,
    0.597139873492));
#3268 = CARTESIAN_POINT('',(-5.565762865033,2.417845251072,
    -3.293702217462));
#3269 = CARTESIAN_POINT('',(-5.716340540781,0.284982008597,
    -4.689412271211));
#3270 = CARTESIAN_POINT('',(-5.866918216518,-2.720884237069,
    -4.508991788332));
#3271 = CARTESIAN_POINT('',(-6.017495892272,-5.34050866271,
    -2.145649807503));
#3272 = CARTESIAN_POINT('',(-6.168073568008,-5.480146745797,
    1.758646019731));
#3273 = CARTESIAN_POINT('',(-6.318651243756,-3.036051006173,
    4.303093494754));
#3274 = CARTESIAN_POINT('',(-6.4692289195,-5.075382365147E-02,
    4.697789440761));
#3275 = CARTESIAN_POINT('',(-6.619806595244,2.176368182708,
    3.458015556556));
#3276 = CARTESIAN_POINT('',(-6.920961946733,4.074345273966,
    -0.306856068291));
#3277 = CARTESIAN_POINT('',(-7.071539622474,3.746551698032,
    -2.834634358722));
#3278 = CARTESIAN_POINT('',(-7.222117298229,1.653848455471,
    -4.999900464028));
#3279 = CARTESIAN_POINT('',(-7.372694973954,-1.845264683409,
    -5.451590810307));
#3280 = CARTESIAN_POINT('',(-7.523272649723,-4.901035484109,
    -3.017399063412));
#3281 = CARTESIAN_POINT('',(-7.673850325446,-5.243096121503,
    0.494126540001));
#3282 = CARTESIAN_POINT('',(-7.824428001201,-3.600518672772,
    3.017957498735));
#3283 = CARTESIAN_POINT('',(-7.975005676943,-1.210013890259,
    3.902603790867));
#3284 = CARTESIAN_POINT('',(-8.27616102843,2.883897639182,2.894405701036
    ));
#3285 = CARTESIAN_POINT('',(-8.426738704183,4.590219462226,1.00084344763
    ));
#3286 = CARTESIAN_POINT('',(-8.57731637991,4.872954922241,
    -1.997129927329));
#3287 = CARTESIAN_POINT('',(-8.727894055667,2.939357538323,
    -4.948234325278));
#3288 = CARTESIAN_POINT('',(-8.878471731418,-0.897327018643,
    -5.685037383724));
#3289 = CARTESIAN_POINT('',(-9.029049407138,-3.786529297231,
    -3.660111127022));
#3290 = CARTESIAN_POINT('',(-9.179627082907,-4.634422054094,
    -0.770671478589));
#3291 = CARTESIAN_POINT('',(-9.330204758638,-3.750899100176,
    1.620248716541));
#3292 = CARTESIAN_POINT('',(-9.480782434386,-2.036285884762,
    2.846725488171));
#3293 = DEFINITIONAL_REPRESENTATION('',(#3294),#3317);
#3294 = B_SPLINE_CURVE_WITH_KNOTS('',6,(#3295,#3296,#3297,#3298,#3299,
    #3300,#3301,#3302,#3303,#3304,#3305,#3306,#3307,#3308,#3309,#3310,
    #3311,#3312,#3313,#3314,#3315,#3316),.UNSPECIFIED.,.F.,.F.,(7,5,5,5,
    7),(0.,0.329365383541,0.595462584811,0.815557752251,1.),
  .UNSPECIFIED.);
#3295 = CARTESIAN_POINT('',(1.197199994035,8.49693820813));
#3296 = CARTESIAN_POINT('',(1.142367312922,8.419881070606));
#3297 = CARTESIAN_POINT('',(1.086709147292,8.341663868088));
#3298 = CARTESIAN_POINT('',(1.030193991672,8.26224232549));
#3299 = CARTESIAN_POINT('',(0.972772554942,8.181547173309));
#3300 = CARTESIAN_POINT('',(0.914382380536,8.099490640455));
#3301 = CARTESIAN_POINT('',(0.806969147527,7.948541314253));
#3302 = CARTESIAN_POINT('',(0.758296651024,7.880141170752));
#3303 = CARTESIAN_POINT('',(0.708925592889,7.810759328771));
#3304 = CARTESIAN_POINT('',(0.658819902692,7.740345098027));
#3305 = CARTESIAN_POINT('',(0.607935912771,7.668837111741));
#3306 = CARTESIAN_POINT('',(0.513468348806,7.536080516216));
#3307 = CARTESIAN_POINT('',(0.470140911025,7.475191858871));
#3308 = CARTESIAN_POINT('',(0.426228907567,7.413481703163));
#3309 = CARTESIAN_POINT('',(0.381704591997,7.350911056636));
#3310 = CARTESIAN_POINT('',(0.33653537021,7.287434114337));
#3311 = CARTESIAN_POINT('',(0.252270236354,7.169015137256));
#3312 = CARTESIAN_POINT('',(0.213374341187,7.114354189038));
#3313 = CARTESIAN_POINT('',(0.173984010201,7.058998403213));
#3314 = CARTESIAN_POINT('',(0.134077199754,7.002916801543));
#3315 = CARTESIAN_POINT('',(9.362952447355E-02,6.946075114918));
#3316 = CARTESIAN_POINT('',(5.261610273403E-02,6.888438376842));
#3317 = ( GEOMETRIC_REPRESENTATION_CONTEXT(2) 
PARAMETRIC_REPRESENTATION_CONTEXT() REPRESENTATION_CONTEXT('2D SPACE',''
  ) );
#3318 = ORIENTED_EDGE('',*,*,#3319,.F.);
#3319 = EDGE_CURVE('',#3320,#3107,#3322,.T.);
#3320 = VERTEX_POINT('',#3321);
#3321 = CARTESIAN_POINT('',(-0.7,-5.939536975865E-16,2.425));
#3322 = SURFACE_CURVE('',#3323,(#3328,#3335),.PCURVE_S1.);
#3323 = CIRCLE('',#3324,2.425);
#3324 = AXIS2_PLACEMENT_3D('',#3325,#3326,#3327);
#3325 = CARTESIAN_POINT('',(-0.7,0.,0.));
#3326 = DIRECTION('',(-1.,0.,1.110223024625E-16));
#3327 = DIRECTION('',(1.110223024625E-16,0.,1.));
#3328 = PCURVE('',#2807,#3329);
#3329 = DEFINITIONAL_REPRESENTATION('',(#3330),#3334);
#3330 = CIRCLE('',#3331,2.425);
#3331 = AXIS2_PLACEMENT_2D('',#3332,#3333);
#3332 = CARTESIAN_POINT('',(0.,0.));
#3333 = DIRECTION('',(1.,0.));
#3334 = ( GEOMETRIC_REPRESENTATION_CONTEXT(2) 
PARAMETRIC_REPRESENTATION_CONTEXT() REPRESENTATION_CONTEXT('2D SPACE',''
  ) );
#3335 = PCURVE('',#3336,#3341);
#3336 = CYLINDRICAL_SURFACE('',#3337,2.425);
#3337 = AXIS2_PLACEMENT_3D('',#3338,#3339,#3340);
#3338 = CARTESIAN_POINT('',(1.570796326795,0.,-1.743934249004E-16));
#3339 = DIRECTION('',(-1.,0.,1.110223024625E-16));
#3340 = DIRECTION('',(1.110223024625E-16,0.,1.));
#3341 = DEFINITIONAL_REPRESENTATION('',(#3342),#3346);
#3342 = LINE('',#3343,#3344);
#3343 = CARTESIAN_POINT('',(0.,2.270796326795));
#3344 = VECTOR('',#3345,1.);
#3345 = DIRECTION('',(1.,0.));
#3346 = ( GEOMETRIC_REPRESENTATION_CONTEXT(2) 
PARAMETRIC_REPRESENTATION_CONTEXT() REPRESENTATION_CONTEXT('2D SPACE',''
  ) );
#3347 = ORIENTED_EDGE('',*,*,#3348,.F.);
#3348 = EDGE_CURVE('',#3349,#3320,#3351,.T.);
#3349 = VERTEX_POINT('',#3350);
#3350 = CARTESIAN_POINT('',(-0.7,-2.118078856799,1.180833158441));
#3351 = SURFACE_CURVE('',#3352,(#3357,#3364),.PCURVE_S1.);
#3352 = CIRCLE('',#3353,2.425);
#3353 = AXIS2_PLACEMENT_3D('',#3354,#3355,#3356);
#3354 = CARTESIAN_POINT('',(-0.7,0.,0.));
#3355 = DIRECTION('',(-1.,0.,1.110223024625E-16));
#3356 = DIRECTION('',(1.110223024625E-16,0.,1.));
#3357 = PCURVE('',#2807,#3358);
#3358 = DEFINITIONAL_REPRESENTATION('',(#3359),#3363);
#3359 = CIRCLE('',#3360,2.425);
#3360 = AXIS2_PLACEMENT_2D('',#3361,#3362);
#3361 = CARTESIAN_POINT('',(0.,0.));
#3362 = DIRECTION('',(1.,0.));
#3363 = ( GEOMETRIC_REPRESENTATION_CONTEXT(2) 
PARAMETRIC_REPRESENTATION_CONTEXT() REPRESENTATION_CONTEXT('2D SPACE',''
  ) );
#3364 = PCURVE('',#3365,#3370);
#3365 = CYLINDRICAL_SURFACE('',#3366,2.425);
#3366 = AXIS2_PLACEMENT_3D('',#3367,#3368,#3369);
#3367 = CARTESIAN_POINT('',(1.570796326795,0.,-1.743934249004E-16));
#3368 = DIRECTION('',(-1.,0.,1.110223024625E-16));
#3369 = DIRECTION('',(1.110223024625E-16,0.,1.));
#3370 = DEFINITIONAL_REPRESENTATION('',(#3371),#3375);
#3371 = LINE('',#3372,#3373);
#3372 = CARTESIAN_POINT('',(0.,2.270796326795));
#3373 = VECTOR('',#3374,1.);
#3374 = DIRECTION('',(1.,0.));
#3375 = ( GEOMETRIC_REPRESENTATION_CONTEXT(2) 
PARAMETRIC_REPRESENTATION_CONTEXT() REPRESENTATION_CONTEXT('2D SPACE',''
  ) );
#3376 = ORIENTED_EDGE('',*,*,#3377,.T.);
#3377 = EDGE_CURVE('',#3349,#2847,#3378,.T.);
#3378 = SURFACE_CURVE('',#3379,(#3402,#3428),.PCURVE_S1.);
#3379 = B_SPLINE_CURVE_WITH_KNOTS('',6,(#3380,#3381,#3382,#3383,#3384,
    #3385,#3386,#3387,#3388,#3389,#3390,#3391,#3392,#3393,#3394,#3395,
    #3396,#3397,#3398,#3399,#3400,#3401),.UNSPECIFIED.,.F.,.F.,(7,5,5,5,
    7),(0.,0.170723230257,0.376180815465,0.649553263374,1.),
  .UNSPECIFIED.);
#3380 = CARTESIAN_POINT('',(-0.7,-2.117944901433,1.180968183537));
#3381 = CARTESIAN_POINT('',(-0.7,-2.211081530332,1.087122482208));
#3382 = CARTESIAN_POINT('',(-0.7,-2.298179952966,0.986700006747));
#3383 = CARTESIAN_POINT('',(-0.7,-2.378762806109,0.880325838217));
#3384 = CARTESIAN_POINT('',(-0.7,-2.452449847176,0.768644248018));
#3385 = CARTESIAN_POINT('',(-0.7,-2.51894685566,0.652308924482));
#3386 = CARTESIAN_POINT('',(-0.7,-2.6491438488,0.387154668106));
#3387 = CARTESIAN_POINT('',(-0.7,-2.709523970932,0.236538545293));
#3388 = CARTESIAN_POINT('',(-0.7,-2.758796417014,8.126034062717E-02));
#3389 = CARTESIAN_POINT('',(-0.7,-2.796746083633,-7.756546192368E-02));
#3390 = CARTESIAN_POINT('',(-0.7,-2.823293304764,-0.238855515034));
#3391 = CARTESIAN_POINT('',(-0.7,-2.858653880009,-0.618065121512));
#3392 = CARTESIAN_POINT('',(-0.7,-2.858697358174,-0.837096633365));
#3393 = CARTESIAN_POINT('',(-0.7,-2.838734937397,-1.056208173855));
#3394 = CARTESIAN_POINT('',(-0.7,-2.799252088651,-1.27315026299));
#3395 = CARTESIAN_POINT('',(-0.7,-2.740988588331,-1.485877532741));
#3396 = CARTESIAN_POINT('',(-0.7,-2.567403511823,-1.957481203868));
#3397 = CARTESIAN_POINT('',(-0.7,-2.440613468868,-2.212493223907));
#3398 = CARTESIAN_POINT('',(-0.7,-2.28658833784,-2.453699210049));
#3399 = CARTESIAN_POINT('',(-0.7,-2.107912533654,-2.677949744742));
#3400 = CARTESIAN_POINT('',(-0.7,-1.907450548072,-2.88268026387));
#3401 = CARTESIAN_POINT('',(-0.7,-1.688342488832,-3.065915106958));
#3402 = PCURVE('',#2807,#3403);
#3403 = DEFINITIONAL_REPRESENTATION('',(#3404),#3427);
#3404 = B_SPLINE_CURVE_WITH_KNOTS('',6,(#3405,#3406,#3407,#3408,#3409,
    #3410,#3411,#3412,#3413,#3414,#3415,#3416,#3417,#3418,#3419,#3420,
    #3421,#3422,#3423,#3424,#3425,#3426),.UNSPECIFIED.,.F.,.F.,(7,5,5,5,
    7),(0.,0.170723230257,0.376180815465,0.649553263374,1.),
  .UNSPECIFIED.);
#3405 = CARTESIAN_POINT('',(1.180968183537,-2.117944901433));
#3406 = CARTESIAN_POINT('',(1.087122482208,-2.211081530332));
#3407 = CARTESIAN_POINT('',(0.986700006747,-2.298179952966));
#3408 = CARTESIAN_POINT('',(0.880325838217,-2.378762806109));
#3409 = CARTESIAN_POINT('',(0.768644248018,-2.452449847176));
#3410 = CARTESIAN_POINT('',(0.652308924482,-2.51894685566));
#3411 = CARTESIAN_POINT('',(0.387154668106,-2.6491438488));
#3412 = CARTESIAN_POINT('',(0.236538545293,-2.709523970932));
#3413 = CARTESIAN_POINT('',(8.126034062717E-02,-2.758796417014));
#3414 = CARTESIAN_POINT('',(-7.756546192368E-02,-2.796746083633));
#3415 = CARTESIAN_POINT('',(-0.238855515034,-2.823293304764));
#3416 = CARTESIAN_POINT('',(-0.618065121512,-2.858653880009));
#3417 = CARTESIAN_POINT('',(-0.837096633365,-2.858697358174));
#3418 = CARTESIAN_POINT('',(-1.056208173855,-2.838734937397));
#3419 = CARTESIAN_POINT('',(-1.27315026299,-2.799252088651));
#3420 = CARTESIAN_POINT('',(-1.485877532741,-2.740988588331));
#3421 = CARTESIAN_POINT('',(-1.957481203868,-2.567403511823));
#3422 = CARTESIAN_POINT('',(-2.212493223907,-2.440613468868));
#3423 = CARTESIAN_POINT('',(-2.453699210049,-2.28658833784));
#3424 = CARTESIAN_POINT('',(-2.677949744742,-2.107912533654));
#3425 = CARTESIAN_POINT('',(-2.88268026387,-1.907450548072));
#3426 = CARTESIAN_POINT('',(-3.065915106958,-1.688342488832));
#3427 = ( GEOMETRIC_REPRESENTATION_CONTEXT(2) 
PARAMETRIC_REPRESENTATION_CONTEXT() REPRESENTATION_CONTEXT('2D SPACE',''
  ) );
#3428 = PCURVE('',#3429,#3562);
#3429 = B_SPLINE_SURFACE_WITH_KNOTS('',1,9,(
    (#3430,#3431,#3432,#3433,#3434,#3435,#3436,#3437,#3438,#3439,#3440
      ,#3441,#3442,#3443,#3444,#3445,#3446,#3447,#3448,#3449,#3450,#3451
      ,#3452,#3453,#3454,#3455,#3456,#3457,#3458,#3459,#3460,#3461,#3462
      ,#3463,#3464,#3465,#3466,#3467,#3468,#3469,#3470,#3471,#3472,#3473
      ,#3474,#3475,#3476,#3477,#3478,#3479,#3480,#3481,#3482,#3483,#3484
      ,#3485,#3486,#3487,#3488,#3489,#3490,#3491,#3492,#3493,#3494,#3495
      )
    ,(#3496,#3497,#3498,#3499,#3500,#3501,#3502,#3503,#3504,#3505,#3506
      ,#3507,#3508,#3509,#3510,#3511,#3512,#3513,#3514,#3515,#3516,#3517
      ,#3518,#3519,#3520,#3521,#3522,#3523,#3524,#3525,#3526,#3527,#3528
      ,#3529,#3530,#3531,#3532,#3533,#3534,#3535,#3536,#3537,#3538,#3539
      ,#3540,#3541,#3542,#3543,#3544,#3545,#3546,#3547,#3548,#3549,#3550
      ,#3551,#3552,#3553,#3554,#3555,#3556,#3557,#3558,#3559,#3560,#3561
      )),.UNSPECIFIED.,.F.,.F.,.F.,(2,2),(10,8,8,8,8,8,8,8,10),(0.,
    1.197199994035),(0.,5.587628957584,11.175257915168,16.762886872752,
    22.350515830336,27.938144787919,33.525773745503,39.113402703087,
    44.701031660671),.UNSPECIFIED.);
#3430 = CARTESIAN_POINT('',(1.780782434386,1.749884229914E-02,3.5));
#3431 = CARTESIAN_POINT('',(1.630204758647,2.12558628443,3.489460260632)
  );
#3432 = CARTESIAN_POINT('',(1.479627082879,4.228022322744,2.048323593107
    ));
#3433 = CARTESIAN_POINT('',(1.329049407182,5.205212345532,
    -0.799988761345));
#3434 = CARTESIAN_POINT('',(1.178471731384,4.016764505789,
    -4.121947202253));
#3435 = CARTESIAN_POINT('',(1.027894055671,0.45945255564,-5.737050551049
    ));
#3436 = CARTESIAN_POINT('',(0.877316379927,-2.823721526553,
    -4.445313752809));
#3437 = CARTESIAN_POINT('',(0.726738704169,-4.324916273735,
    -1.834911862583));
#3438 = CARTESIAN_POINT('',(0.576161028433,-4.026090069454,
    0.696454383339));
#3439 = CARTESIAN_POINT('',(0.275005676943,-1.26693297117,3.884498784872
    ));
#3440 = CARTESIAN_POINT('',(0.124428001195,1.195362593835,4.543446992413
    ));
#3441 = CARTESIAN_POINT('',(-2.614967454E-02,3.994152708452,
    3.432340560326));
#3442 = CARTESIAN_POINT('',(-0.176727350293,5.743610784342,
    0.368484723007));
#3443 = CARTESIAN_POINT('',(-0.32730502604,4.65564217268,-3.383761462633
    ));
#3444 = CARTESIAN_POINT('',(-0.47788270177,1.538582876207,
    -5.036564340263));
#3445 = CARTESIAN_POINT('',(-0.628460377529,-1.420468901349,
    -4.478177131213));
#3446 = CARTESIAN_POINT('',(-0.779038053266,-3.148362206715,
    -2.604278282128));
#3447 = CARTESIAN_POINT('',(-1.080193404756,-3.774183160473,
    1.565244848041));
#3448 = CARTESIAN_POINT('',(-1.230771080501,-2.67255641982,
    3.863838051269));
#3449 = CARTESIAN_POINT('',(-1.381348756243,-7.820038764196E-03,
    5.266322856376));
#3450 = CARTESIAN_POINT('',(-1.531926431989,3.457110601867,4.60143804908
    ));
#3451 = CARTESIAN_POINT('',(-1.682504107736,5.598703097779,
    1.333930020207));
#3452 = CARTESIAN_POINT('',(-1.833081783474,4.825802916011,
    -2.108516975634));
#3453 = CARTESIAN_POINT('',(-1.983659459224,2.476530726451,
    -3.992317357012));
#3454 = CARTESIAN_POINT('',(-2.134237134965,-7.07171150929E-02,
    -4.085272211869));
#3455 = CARTESIAN_POINT('',(-2.435392486455,-3.644223901015,
    -1.847723497278));
#3456 = CARTESIAN_POINT('',(-2.585970162198,-4.673027353767,
    0.484373334915));
#3457 = CARTESIAN_POINT('',(-2.736547837945,-4.004328600764,
    3.420463482061));
#3458 = CARTESIAN_POINT('',(-2.887125513686,-1.245044522137,
    5.619137840034));
#3459 = CARTESIAN_POINT('',(-3.037703189434,2.629671576319,
    5.119538213393));
#3460 = CARTESIAN_POINT('',(-3.188280865175,4.740994652946,
    2.292856093021));
#3461 = CARTESIAN_POINT('',(-3.338858540921,4.643055104144,
    -0.716826947508));
#3462 = CARTESIAN_POINT('',(-3.489436216665,3.056341563685,
    -2.711683297199));
#3463 = CARTESIAN_POINT('',(-3.790591568154,-0.967864212086,
    -3.969595561657));
#3464 = CARTESIAN_POINT('',(-3.941169243897,-3.408221639353,
    -3.233547098352));
#3465 = CARTESIAN_POINT('',(-4.091746919644,-5.202813728604,
    -0.815443833417));
#3466 = CARTESIAN_POINT('',(-4.242324595385,-5.077225123308,
    2.710466605873));
#3467 = CARTESIAN_POINT('',(-4.392902271131,-2.176842131341,
    5.327870513064));
#3468 = CARTESIAN_POINT('',(-4.543479946876,1.343417528991,
    5.092096554914));
#3469 = CARTESIAN_POINT('',(-4.694057622618,3.565246096092,
    3.059546121423));
#3470 = CARTESIAN_POINT('',(-4.844635298364,4.047782383564,
    0.556693569883));
#3471 = CARTESIAN_POINT('',(-5.145790649852,2.384790358828,
    -3.317713807362));
#3472 = CARTESIAN_POINT('',(-5.296368325599,0.23807790976,
    -4.692027396088));
#3473 = CARTESIAN_POINT('',(-5.446946001336,-2.765834015766,
    -4.48156001543));
#3474 = CARTESIAN_POINT('',(-5.59752367709,-5.36169622847,-2.0921423185)
  );
#3475 = CARTESIAN_POINT('',(-5.748101352826,-5.462287920227,
    1.813354569756));
#3476 = CARTESIAN_POINT('',(-5.898679028574,-2.992872215728,
    4.333236118817));
#3477 = CARTESIAN_POINT('',(-6.049256704318,-3.777674299203E-03,
    4.698062079469));
#3478 = CARTESIAN_POINT('',(-6.199834380062,2.210836385307,
    3.436080985011));
#3479 = CARTESIAN_POINT('',(-6.500989731551,4.071073307494,
    -0.347580467055));
#3480 = CARTESIAN_POINT('',(-6.651567407293,3.718020640881,
    -2.871954751521));
#3481 = CARTESIAN_POINT('',(-6.802145083047,1.60377132765,
    -5.016187483272));
#3482 = CARTESIAN_POINT('',(-6.952722758772,-1.899683373245,
    -5.432867314492));
#3483 = CARTESIAN_POINT('',(-7.103300434541,-4.930961710526,
    -2.968242321283));
#3484 = CARTESIAN_POINT('',(-7.253878110264,-5.237893194145,
    0.546528012437));
#3485 = CARTESIAN_POINT('',(-7.40445578602,-3.570161850139,
    3.053808533399));
#3486 = CARTESIAN_POINT('',(-7.555033461761,-1.170930918621,
    3.914507726299));
#3487 = CARTESIAN_POINT('',(-7.856188813248,2.912694886049,
    2.865424656822));
#3488 = CARTESIAN_POINT('',(-8.006766489001,4.599997508926,
    0.954895398095));
#3489 = CARTESIAN_POINT('',(-8.157344164729,4.852741834104,
    -2.045755183879));
#3490 = CARTESIAN_POINT('',(-8.307921840485,2.889732762234,
    -4.977377863469));
#3491 = CARTESIAN_POINT('',(-8.458499516237,-0.954127354989,
    -5.675780709848));
#3492 = CARTESIAN_POINT('',(-8.609077191956,-3.822937771881,
    -3.622066318175));
#3493 = CARTESIAN_POINT('',(-8.759654867726,-4.641896383972,
    -0.724292950732));
#3494 = CARTESIAN_POINT('',(-8.910232543456,-3.734510573764,
    1.657673288053));
#3495 = CARTESIAN_POINT('',(-9.060810219204,-2.007719426357,
    2.866944177083));
#3496 = CARTESIAN_POINT('',(2.188834551607,5.150318539843E-02,2.375));
#3497 = CARTESIAN_POINT('',(2.038256875868,1.481991127833,2.343979082079
    ));
#3498 = CARTESIAN_POINT('',(1.8876792001,2.89244603347,1.342178943135));
#3499 = CARTESIAN_POINT('',(1.737101524403,3.52334565332,-0.60182958728)
  );
#3500 = CARTESIAN_POINT('',(1.586523848605,2.679218726293,
    -2.842748054245));
#3501 = CARTESIAN_POINT('',(1.435946172892,0.246841304517,
    -3.898525155963));
#3502 = CARTESIAN_POINT('',(1.285368497148,-1.966587941266,
    -2.984743779936));
#3503 = CARTESIAN_POINT('',(1.13479082139,-2.955784719692,
    -1.196254615816));
#3504 = CARTESIAN_POINT('',(0.984213145654,-2.724332167888,
    0.518217962448));
#3505 = CARTESIAN_POINT('',(0.683057794164,-0.815794828895,
    2.650474379681));
#3506 = CARTESIAN_POINT('',(0.532480118416,0.862648670372,3.069776155269
    ));
#3507 = CARTESIAN_POINT('',(0.381902442682,2.749406070957,2.284059916427
    ));
#3508 = CARTESIAN_POINT('',(0.231324766928,3.901947248782,0.185032837549
    ));
#3509 = CARTESIAN_POINT('',(8.0747091182E-02,3.121137493049,
    -2.349027409562));
#3510 = CARTESIAN_POINT('',(-6.9830584549E-02,0.987100069411,
    -3.435374363218));
#3511 = CARTESIAN_POINT('',(-0.220408260307,-1.014673208643,
    -3.022933458536));
#3512 = CARTESIAN_POINT('',(-0.370985936045,-2.166053223254,
    -1.731689652223));
#3513 = CARTESIAN_POINT('',(-0.672141287535,-2.543544372565,
    1.104951431053));
#3514 = CARTESIAN_POINT('',(-0.82271896328,-1.769924214676,
    2.652368120435));
#3515 = CARTESIAN_POINT('',(-0.973296639021,5.43197502248E-02,
    3.573963179646));
#3516 = CARTESIAN_POINT('',(-1.123874314768,2.398191200796,
    3.083522084844));
#3517 = CARTESIAN_POINT('',(-1.274451990514,3.81453971395,0.841852595322
    ));
#3518 = CARTESIAN_POINT('',(-1.425029666252,3.251052177148,
    -1.485538051939));
#3519 = CARTESIAN_POINT('',(-1.575607342003,1.635440928809,
    -2.737338375781));
#3520 = CARTESIAN_POINT('',(-1.726185017744,-9.424518265695E-02,
    -2.771579597111));
#3521 = CARTESIAN_POINT('',(-2.027340369234,-2.493992983163,
    -1.212656027123));
#3522 = CARTESIAN_POINT('',(-2.177918044977,-3.165763056755,
    0.38161858162));
#3523 = CARTESIAN_POINT('',(-2.328495720724,-2.678722403155,
    2.366560682865));
#3524 = CARTESIAN_POINT('',(-2.479073396465,-0.781300464483,
    3.827401049422));
#3525 = CARTESIAN_POINT('',(-2.629651072212,1.842533586263,
    3.444488424965));
#3526 = CARTESIAN_POINT('',(-2.780228747954,3.243332272541,
    1.502317485775));
#3527 = CARTESIAN_POINT('',(-2.9308064237,3.142791266571,-0.539028811789
    ));
#3528 = CARTESIAN_POINT('',(-3.081384099443,2.043416626556,
    -1.874829069371));
#3529 = CARTESIAN_POINT('',(-3.382539450932,-0.701764653525,
    -2.682920407694));
#3530 = CARTESIAN_POINT('',(-3.533117126676,-2.349525909825,
    -2.155786868605));
#3531 = CARTESIAN_POINT('',(-3.683694802422,-3.540007919078,
    -0.494475405564));
#3532 = CARTESIAN_POINT('',(-3.834272478164,-3.414858647557,
    1.896884580476));
#3533 = CARTESIAN_POINT('',(-3.984850153909,-1.416942509833,
    3.640288857124));
#3534 = CARTESIAN_POINT('',(-4.135427829655,0.969335008838,3.44042916521
    ));
#3535 = CARTESIAN_POINT('',(-4.286005505397,2.454116953325,
    2.035926939516));
#3536 = CARTESIAN_POINT('',(-4.436583181143,2.753241663169,
    0.331957771054));
#3537 = CARTESIAN_POINT('',(-4.73773853263,1.580821500346,
    -2.278494903268));
#3538 = CARTESIAN_POINT('',(-4.888316208378,0.108441946484,
    -3.186836804353));
#3539 = CARTESIAN_POINT('',(-5.038893884115,-1.927714090005,
    -3.009996937892));
#3540 = CARTESIAN_POINT('',(-5.189471559869,-3.662285065787,
    -1.359079580518));
#3541 = CARTESIAN_POINT('',(-5.340049235605,-3.686330535455,
    1.292438667148));
#3542 = CARTESIAN_POINT('',(-5.490626911353,-1.981984813242,
    2.974541688981));
#3543 = CARTESIAN_POINT('',(-5.641204587097,5.062911486557E-02,
    3.188279425867));
#3544 = CARTESIAN_POINT('',(-5.791782262841,1.539239830524,
    2.306789173989));
#3545 = CARTESIAN_POINT('',(-6.09293761433,2.758809076066,
    -0.281971673822));
#3546 = CARTESIAN_POINT('',(-6.243515290071,2.490635965288,
    -1.991085510929));
#3547 = CARTESIAN_POINT('',(-6.394092965826,1.031569574433,
    -3.422283770784));
#3548 = CARTESIAN_POINT('',(-6.54467064155,-1.350691026672,
    -3.665387352523));
#3549 = CARTESIAN_POINT('',(-6.69524831732,-3.37989586576,
    -1.958502738475));
#3550 = CARTESIAN_POINT('',(-6.845825993043,-3.548393465834,
    0.430194155607));
#3551 = CARTESIAN_POINT('',(-6.996403668798,-2.388235723176,
    2.112822437956));
#3552 = CARTESIAN_POINT('',(-7.14698134454,-0.75030543134,2.669752306348
    ));
#3553 = CARTESIAN_POINT('',(-7.448136696027,2.009079585753,
    1.911579153022));
#3554 = CARTESIAN_POINT('',(-7.59871437178,3.132498722561,0.595936343408
    ));
#3555 = CARTESIAN_POINT('',(-7.749292047508,3.270044377419,
    -1.443250918544));
#3556 = CARTESIAN_POINT('',(-7.899869723264,1.904697929972,
    -3.410506601558));
#3557 = CARTESIAN_POINT('',(-8.050447399015,-0.711759893145,
    -3.840940884243));
#3558 = CARTESIAN_POINT('',(-8.201025074735,-2.635363103247,
    -2.414751514345));
#3559 = CARTESIAN_POINT('',(-8.351602750505,-3.158321548677,
    -0.438968575658));
#3560 = CARTESIAN_POINT('',(-8.502180426235,-2.515574963683,
    1.167226721621));
#3561 = CARTESIAN_POINT('',(-8.652758101983,-1.330034346548,
    1.96832065861));
#3562 = DEFINITIONAL_REPRESENTATION('',(#3563),#3586);
#3563 = B_SPLINE_CURVE_WITH_KNOTS('',6,(#3564,#3565,#3566,#3567,#3568,
    #3569,#3570,#3571,#3572,#3573,#3574,#3575,#3576,#3577,#3578,#3579,
    #3580,#3581,#3582,#3583,#3584,#3585),.UNSPECIFIED.,.F.,.F.,(7,5,5,5,
    7),(0.,0.170723230257,0.376180815465,0.649553263374,1.),
  .UNSPECIFIED.);
#3564 = CARTESIAN_POINT('',(1.144584575699,11.837028804233));
#3565 = CARTESIAN_POINT('',(1.106618061069,11.783673927547));
#3566 = CARTESIAN_POINT('',(1.069136019913,11.730999888245));
#3567 = CARTESIAN_POINT('',(1.032119167259,11.678979584882));
#3568 = CARTESIAN_POINT('',(0.995548597474,11.62758644911));
#3569 = CARTESIAN_POINT('',(0.959406979586,11.576796125468));
#3570 = CARTESIAN_POINT('',(0.880683671892,11.466165154591));
#3571 = CARTESIAN_POINT('',(0.838286650545,11.406584024538));
#3572 = CARTESIAN_POINT('',(0.79646148069,11.347806525426));
#3573 = CARTESIAN_POINT('',(0.75518135701,11.289794987365));
#3574 = CARTESIAN_POINT('',(0.714421422642,11.232514478656));
#3575 = CARTESIAN_POINT('',(0.620590730314,11.100652887797));
#3576 = CARTESIAN_POINT('',(0.56790922354,11.026618825809));
#3577 = CARTESIAN_POINT('',(0.516066742045,10.95376385784));
#3578 = CARTESIAN_POINT('',(0.465013360243,10.882017822762));
#3579 = CARTESIAN_POINT('',(0.414708665095,10.811323927562));
#3580 = CARTESIAN_POINT('',(0.30155602661,10.652308934168));
#3581 = CARTESIAN_POINT('',(0.23916241913,10.564626320539));
#3582 = CARTESIAN_POINT('',(0.177876962815,10.478501007322));
#3583 = CARTESIAN_POINT('',(0.117623384704,10.393825807047));
#3584 = CARTESIAN_POINT('',(5.834264593273E-02,10.310517751572));
#3585 = CARTESIAN_POINT('',(0.,10.228528011149));
#3586 = ( GEOMETRIC_REPRESENTATION_CONTEXT(2) 
PARAMETRIC_REPRESENTATION_CONTEXT() REPRESENTATION_CONTEXT('2D SPACE',''
  ) );
#3587 = FACE_BOUND('',#3588,.T.);
#3588 = EDGE_LOOP('',(#3589));
#3589 = ORIENTED_EDGE('',*,*,#2790,.T.);
#3590 = ADVANCED_FACE('',(#3591),#2932,.T.);
#3591 = FACE_BOUND('',#3592,.T.);
#3592 = EDGE_LOOP('',(#3593,#3678,#3679,#3764));
#3593 = ORIENTED_EDGE('',*,*,#3594,.F.);
#3594 = EDGE_CURVE('',#2849,#3595,#3597,.T.);
#3595 = VERTEX_POINT('',#3596);
#3596 = CARTESIAN_POINT('',(-7.,3.149315462236,-1.527137163548));
#3597 = SURFACE_CURVE('',#3598,(#3665,#3671),.PCURVE_S1.);
#3598 = B_SPLINE_CURVE_WITH_KNOTS('',9,(#3599,#3600,#3601,#3602,#3603,
    #3604,#3605,#3606,#3607,#3608,#3609,#3610,#3611,#3612,#3613,#3614,
    #3615,#3616,#3617,#3618,#3619,#3620,#3621,#3622,#3623,#3624,#3625,
    #3626,#3627,#3628,#3629,#3630,#3631,#3632,#3633,#3634,#3635,#3636,
    #3637,#3638,#3639,#3640,#3641,#3642,#3643,#3644,#3645,#3646,#3647,
    #3648,#3649,#3650,#3651,#3652,#3653,#3654,#3655,#3656,#3657,#3658,
    #3659,#3660,#3661,#3662,#3663,#3664),.UNSPECIFIED.,.F.,.F.,(10,8,8,8
    ,8,8,8,8,10),(0.,5.587628957584,11.175257915168,16.762886872752,
    22.350515830336,27.938144787919,33.525773745503,39.113402703087,
    44.701031660671),.UNSPECIFIED.);
#3599 = CARTESIAN_POINT('',(1.360810219204,-1.749884229806E-02,3.5));
#3600 = CARTESIAN_POINT('',(1.210232543465,2.090588599833,3.510539739364
    ));
#3601 = CARTESIAN_POINT('',(1.059654867697,4.207329585445,2.090497567032
    ));
#3602 = CARTESIAN_POINT('',(0.909077192,5.212951286694,-0.747901399195)
  );
#3603 = CARTESIAN_POINT('',(0.758499516202,4.057779408705,
    -4.081577139591));
#3604 = CARTESIAN_POINT('',(0.607921840489,0.516794870074,
    -5.732169649917));
#3605 = CARTESIAN_POINT('',(0.457344164745,-2.779131283089,
    -4.473326155309));
#3606 = CARTESIAN_POINT('',(0.306766488987,-4.306352612656,
    -1.878065355383));
#3607 = CARTESIAN_POINT('',(0.156188813251,-4.032852706476,
    0.656162335844));
#3608 = CARTESIAN_POINT('',(-0.144966538239,-1.305711080824,
    3.871636414857));
#3609 = CARTESIAN_POINT('',(-0.295544213987,1.149872502675,
    4.555172394743));
#3610 = CARTESIAN_POINT('',(-0.446121889721,3.959632764296,
    3.472106852102));
#3611 = CARTESIAN_POINT('',(-0.596699565474,5.739639123572,
    0.425897179245));
#3612 = CARTESIAN_POINT('',(-0.747277241222,4.689243972139,
    -3.337040126035));
#3613 = CARTESIAN_POINT('',(-0.897854916952,1.588867001576,
    -5.020928124546));
#3614 = CARTESIAN_POINT('',(-1.048432592711,-1.375620194985,
    -4.492156651624));
#3615 = CARTESIAN_POINT('',(-1.199010268448,-3.122164405395,
    -2.635628841243));
#3616 = CARTESIAN_POINT('',(-1.500165619938,-3.789645501694,1.5274282068
    ));
#3617 = CARTESIAN_POINT('',(-1.650743295683,-2.711057676113,
    3.836921760341));
#3618 = CARTESIAN_POINT('',(-1.801320971424,-6.047806672253E-02,
    5.265981392299));
#3619 = CARTESIAN_POINT('',(-1.951898647171,3.410927574287,
    4.635775960838));
#3620 = CARTESIAN_POINT('',(-2.102476322918,5.585085134102,
    1.389845271128));
#3621 = CARTESIAN_POINT('',(-2.253053998655,4.846644904469,
    -2.060157943144));
#3622 = CARTESIAN_POINT('',(-2.403631674406,2.516326456824,
    -3.96735471898));
#3623 = CARTESIAN_POINT('',(-2.554209350147,-2.986458192319E-02,
    -4.085775088017));
#3624 = CARTESIAN_POINT('',(-2.855364701637,-3.625566167113,
    -1.884070042044));
#3625 = CARTESIAN_POINT('',(-3.00594237738,-4.677637033221,
    0.437623102604));
#3626 = CARTESIAN_POINT('',(-3.156520053126,-4.038329928498,
    3.380252855581));
#3627 = CARTESIAN_POINT('',(-3.307097728868,-1.301168541835,
    5.606407610842));
#3628 = CARTESIAN_POINT('',(-3.457675404615,2.578349402117,
    5.145576599109));
#3629 = CARTESIAN_POINT('',(-3.608253080357,4.717831167207,
    2.340147092789));
#3630 = CARTESIAN_POINT('',(-3.758830756103,4.649990604685,
    -0.670364793321));
#3631 = CARTESIAN_POINT('',(-3.909408431846,3.083303131859,
    -2.680987104261));
#3632 = CARTESIAN_POINT('',(-4.210563783335,-0.928123489018,
    -3.979074873305));
#3633 = CARTESIAN_POINT('',(-4.361141459079,-3.375718731138,
    -3.26746455548));
#3634 = CARTESIAN_POINT('',(-4.511719134825,-5.194399936054,
    -0.867426463423));
#3635 = CARTESIAN_POINT('',(-4.662296810567,-5.104073491728,
    2.65956348012));
#3636 = CARTESIAN_POINT('',(-4.812874486312,-2.230007163317,
    5.305837726139));
#3637 = CARTESIAN_POINT('',(-4.963452162058,1.292434051584,
    5.105274938657));
#3638 = CARTESIAN_POINT('',(-5.1140298378,3.534475185611,3.095042380874)
  );
#3639 = CARTESIAN_POINT('',(-5.264607513546,4.042013599013,
    0.597139873492));
#3640 = CARTESIAN_POINT('',(-5.565762865033,2.417845251072,
    -3.293702217462));
#3641 = CARTESIAN_POINT('',(-5.716340540781,0.284982008597,
    -4.689412271211));
#3642 = CARTESIAN_POINT('',(-5.866918216518,-2.720884237069,
    -4.508991788332));
#3643 = CARTESIAN_POINT('',(-6.017495892272,-5.34050866271,
    -2.145649807503));
#3644 = CARTESIAN_POINT('',(-6.168073568008,-5.480146745797,
    1.758646019731));
#3645 = CARTESIAN_POINT('',(-6.318651243756,-3.036051006173,
    4.303093494754));
#3646 = CARTESIAN_POINT('',(-6.4692289195,-5.075382365147E-02,
    4.697789440761));
#3647 = CARTESIAN_POINT('',(-6.619806595244,2.176368182708,
    3.458015556556));
#3648 = CARTESIAN_POINT('',(-6.920961946733,4.074345273966,
    -0.306856068291));
#3649 = CARTESIAN_POINT('',(-7.071539622474,3.746551698032,
    -2.834634358722));
#3650 = CARTESIAN_POINT('',(-7.222117298229,1.653848455471,
    -4.999900464028));
#3651 = CARTESIAN_POINT('',(-7.372694973954,-1.845264683409,
    -5.451590810307));
#3652 = CARTESIAN_POINT('',(-7.523272649723,-4.901035484109,
    -3.017399063412));
#3653 = CARTESIAN_POINT('',(-7.673850325446,-5.243096121503,
    0.494126540001));
#3654 = CARTESIAN_POINT('',(-7.824428001201,-3.600518672772,
    3.017957498735));
#3655 = CARTESIAN_POINT('',(-7.975005676943,-1.210013890259,
    3.902603790867));
#3656 = CARTESIAN_POINT('',(-8.27616102843,2.883897639182,2.894405701036
    ));
#3657 = CARTESIAN_POINT('',(-8.426738704183,4.590219462226,1.00084344763
    ));
#3658 = CARTESIAN_POINT('',(-8.57731637991,4.872954922241,
    -1.997129927329));
#3659 = CARTESIAN_POINT('',(-8.727894055667,2.939357538323,
    -4.948234325278));
#3660 = CARTESIAN_POINT('',(-8.878471731418,-0.897327018643,
    -5.685037383724));
#3661 = CARTESIAN_POINT('',(-9.029049407138,-3.786529297231,
    -3.660111127022));
#3662 = CARTESIAN_POINT('',(-9.179627082907,-4.634422054094,
    -0.770671478589));
#3663 = CARTESIAN_POINT('',(-9.330204758638,-3.750899100176,
    1.620248716541));
#3664 = CARTESIAN_POINT('',(-9.480782434386,-2.036285884762,
    2.846725488171));
#3665 = PCURVE('',#2932,#3666);
#3666 = DEFINITIONAL_REPRESENTATION('',(#3667),#3670);
#3667 = B_SPLINE_CURVE_WITH_KNOTS('',1,(#3668,#3669),.UNSPECIFIED.,.F.,
  .F.,(2,2),(0.,44.701031660671),.PIECEWISE_BEZIER_KNOTS.);
#3668 = CARTESIAN_POINT('',(0.,0.));
#3669 = CARTESIAN_POINT('',(0.,44.701031660671));
#3670 = ( GEOMETRIC_REPRESENTATION_CONTEXT(2) 
PARAMETRIC_REPRESENTATION_CONTEXT() REPRESENTATION_CONTEXT('2D SPACE',''
  ) );
#3671 = PCURVE('',#3160,#3672);
#3672 = DEFINITIONAL_REPRESENTATION('',(#3673),#3677);
#3673 = LINE('',#3674,#3675);
#3674 = CARTESIAN_POINT('',(1.197199994035,0.));
#3675 = VECTOR('',#3676,1.);
#3676 = DIRECTION('',(0.,1.));
#3677 = ( GEOMETRIC_REPRESENTATION_CONTEXT(2) 
PARAMETRIC_REPRESENTATION_CONTEXT() REPRESENTATION_CONTEXT('2D SPACE',''
  ) );
#3678 = ORIENTED_EDGE('',*,*,#2846,.F.);
#3679 = ORIENTED_EDGE('',*,*,#3680,.T.);
#3680 = EDGE_CURVE('',#2847,#3681,#3683,.T.);
#3681 = VERTEX_POINT('',#3682);
#3682 = CARTESIAN_POINT('',(-7.,-1.890504169201,-2.945496956599));
#3683 = SURFACE_CURVE('',#3684,(#3751,#3758),.PCURVE_S1.);
#3684 = B_SPLINE_CURVE_WITH_KNOTS('',9,(#3685,#3686,#3687,#3688,#3689,
    #3690,#3691,#3692,#3693,#3694,#3695,#3696,#3697,#3698,#3699,#3700,
    #3701,#3702,#3703,#3704,#3705,#3706,#3707,#3708,#3709,#3710,#3711,
    #3712,#3713,#3714,#3715,#3716,#3717,#3718,#3719,#3720,#3721,#3722,
    #3723,#3724,#3725,#3726,#3727,#3728,#3729,#3730,#3731,#3732,#3733,
    #3734,#3735,#3736,#3737,#3738,#3739,#3740,#3741,#3742,#3743,#3744,
    #3745,#3746,#3747,#3748,#3749,#3750),.UNSPECIFIED.,.F.,.F.,(10,8,8,8
    ,8,8,8,8,10),(0.,5.587628957584,11.175257915168,16.762886872752,
    22.350515830336,27.938144787919,33.525773745503,39.113402703087,
    44.701031660671),.UNSPECIFIED.);
#3685 = CARTESIAN_POINT('',(1.780782434386,1.749884229915E-02,3.5));
#3686 = CARTESIAN_POINT('',(1.630204758647,2.12558628443,3.489460260632)
  );
#3687 = CARTESIAN_POINT('',(1.479627082879,4.228022322743,2.048323593107
    ));
#3688 = CARTESIAN_POINT('',(1.329049407182,5.205212345532,
    -0.799988761345));
#3689 = CARTESIAN_POINT('',(1.178471731384,4.016764505789,
    -4.121947202253));
#3690 = CARTESIAN_POINT('',(1.027894055671,0.45945255564,-5.737050551049
    ));
#3691 = CARTESIAN_POINT('',(0.877316379927,-2.823721526553,
    -4.445313752809));
#3692 = CARTESIAN_POINT('',(0.726738704169,-4.324916273734,
    -1.834911862582));
#3693 = CARTESIAN_POINT('',(0.576161028433,-4.026090069454,
    0.696454383339));
#3694 = CARTESIAN_POINT('',(0.275005676943,-1.26693297117,3.884498784872
    ));
#3695 = CARTESIAN_POINT('',(0.124428001194,1.195362593835,4.543446992413
    ));
#3696 = CARTESIAN_POINT('',(-2.6149674539E-02,3.994152708452,
    3.432340560327));
#3697 = CARTESIAN_POINT('',(-0.176727350293,5.743610784342,
    0.368484723007));
#3698 = CARTESIAN_POINT('',(-0.327305026039,4.65564217268,
    -3.383761462633));
#3699 = CARTESIAN_POINT('',(-0.47788270177,1.538582876207,
    -5.036564340263));
#3700 = CARTESIAN_POINT('',(-0.628460377529,-1.420468901349,
    -4.478177131213));
#3701 = CARTESIAN_POINT('',(-0.779038053266,-3.148362206715,
    -2.604278282128));
#3702 = CARTESIAN_POINT('',(-1.080193404756,-3.774183160473,
    1.565244848041));
#3703 = CARTESIAN_POINT('',(-1.230771080501,-2.67255641982,
    3.863838051269));
#3704 = CARTESIAN_POINT('',(-1.381348756243,-7.820038764366E-03,
    5.266322856376));
#3705 = CARTESIAN_POINT('',(-1.531926431989,3.457110601868,4.60143804908
    ));
#3706 = CARTESIAN_POINT('',(-1.682504107736,5.598703097779,
    1.333930020207));
#3707 = CARTESIAN_POINT('',(-1.833081783474,4.825802916011,
    -2.108516975634));
#3708 = CARTESIAN_POINT('',(-1.983659459224,2.476530726451,
    -3.992317357012));
#3709 = CARTESIAN_POINT('',(-2.134237134965,-7.071711509289E-02,
    -4.085272211869));
#3710 = CARTESIAN_POINT('',(-2.435392486455,-3.644223901015,
    -1.847723497278));
#3711 = CARTESIAN_POINT('',(-2.585970162198,-4.673027353767,
    0.484373334915));
#3712 = CARTESIAN_POINT('',(-2.736547837945,-4.004328600764,
    3.420463482061));
#3713 = CARTESIAN_POINT('',(-2.887125513686,-1.245044522137,
    5.619137840034));
#3714 = CARTESIAN_POINT('',(-3.037703189434,2.629671576319,
    5.119538213393));
#3715 = CARTESIAN_POINT('',(-3.188280865175,4.740994652946,
    2.292856093021));
#3716 = CARTESIAN_POINT('',(-3.338858540921,4.643055104144,
    -0.716826947508));
#3717 = CARTESIAN_POINT('',(-3.489436216665,3.056341563685,
    -2.711683297199));
#3718 = CARTESIAN_POINT('',(-3.790591568154,-0.967864212086,
    -3.969595561657));
#3719 = CARTESIAN_POINT('',(-3.941169243897,-3.408221639354,
    -3.233547098352));
#3720 = CARTESIAN_POINT('',(-4.091746919643,-5.202813728603,
    -0.815443833417));
#3721 = CARTESIAN_POINT('',(-4.242324595385,-5.077225123308,
    2.710466605872));
#3722 = CARTESIAN_POINT('',(-4.39290227113,-2.176842131341,
    5.327870513065));
#3723 = CARTESIAN_POINT('',(-4.543479946876,1.343417528991,
    5.092096554914));
#3724 = CARTESIAN_POINT('',(-4.694057622618,3.565246096092,
    3.059546121423));
#3725 = CARTESIAN_POINT('',(-4.844635298364,4.047782383564,
    0.556693569883));
#3726 = CARTESIAN_POINT('',(-5.145790649852,2.384790358828,
    -3.317713807362));
#3727 = CARTESIAN_POINT('',(-5.296368325599,0.23807790976,
    -4.692027396088));
#3728 = CARTESIAN_POINT('',(-5.446946001336,-2.765834015766,
    -4.48156001543));
#3729 = CARTESIAN_POINT('',(-5.59752367709,-5.36169622847,-2.0921423185)
  );
#3730 = CARTESIAN_POINT('',(-5.748101352826,-5.462287920227,
    1.813354569756));
#3731 = CARTESIAN_POINT('',(-5.898679028574,-2.992872215729,
    4.333236118817));
#3732 = CARTESIAN_POINT('',(-6.049256704318,-3.777674299165E-03,
    4.698062079469));
#3733 = CARTESIAN_POINT('',(-6.199834380062,2.210836385307,
    3.436080985011));
#3734 = CARTESIAN_POINT('',(-6.500989731551,4.071073307494,
    -0.347580467055));
#3735 = CARTESIAN_POINT('',(-6.651567407293,3.718020640881,
    -2.871954751521));
#3736 = CARTESIAN_POINT('',(-6.802145083047,1.60377132765,
    -5.016187483272));
#3737 = CARTESIAN_POINT('',(-6.952722758772,-1.899683373245,
    -5.432867314492));
#3738 = CARTESIAN_POINT('',(-7.103300434541,-4.930961710526,
    -2.968242321283));
#3739 = CARTESIAN_POINT('',(-7.253878110264,-5.237893194145,
    0.546528012437));
#3740 = CARTESIAN_POINT('',(-7.40445578602,-3.570161850139,
    3.053808533399));
#3741 = CARTESIAN_POINT('',(-7.555033461761,-1.170930918621,
    3.914507726299));
#3742 = CARTESIAN_POINT('',(-7.856188813248,2.912694886049,
    2.865424656822));
#3743 = CARTESIAN_POINT('',(-8.006766489001,4.599997508926,
    0.954895398095));
#3744 = CARTESIAN_POINT('',(-8.157344164728,4.852741834104,
    -2.045755183878));
#3745 = CARTESIAN_POINT('',(-8.307921840486,2.889732762234,
    -4.977377863469));
#3746 = CARTESIAN_POINT('',(-8.458499516236,-0.954127354989,
    -5.675780709848));
#3747 = CARTESIAN_POINT('',(-8.609077191956,-3.822937771881,
    -3.622066318176));
#3748 = CARTESIAN_POINT('',(-8.759654867726,-4.641896383972,
    -0.724292950732));
#3749 = CARTESIAN_POINT('',(-8.910232543457,-3.734510573764,
    1.657673288053));
#3750 = CARTESIAN_POINT('',(-9.060810219204,-2.007719426357,
    2.866944177083));
#3751 = PCURVE('',#2932,#3752);
#3752 = DEFINITIONAL_REPRESENTATION('',(#3753),#3757);
#3753 = LINE('',#3754,#3755);
#3754 = CARTESIAN_POINT('',(0.421427929131,0.));
#3755 = VECTOR('',#3756,1.);
#3756 = DIRECTION('',(0.,1.));
#3757 = ( GEOMETRIC_REPRESENTATION_CONTEXT(2) 
PARAMETRIC_REPRESENTATION_CONTEXT() REPRESENTATION_CONTEXT('2D SPACE',''
  ) );
#3758 = PCURVE('',#3429,#3759);
#3759 = DEFINITIONAL_REPRESENTATION('',(#3760),#3763);
#3760 = B_SPLINE_CURVE_WITH_KNOTS('',1,(#3761,#3762),.UNSPECIFIED.,.F.,
  .F.,(2,2),(0.,44.701031660671),.PIECEWISE_BEZIER_KNOTS.);
#3761 = CARTESIAN_POINT('',(0.,0.));
#3762 = CARTESIAN_POINT('',(0.,44.701031660671));
#3763 = ( GEOMETRIC_REPRESENTATION_CONTEXT(2) 
PARAMETRIC_REPRESENTATION_CONTEXT() REPRESENTATION_CONTEXT('2D SPACE',''
  ) );
#3764 = ORIENTED_EDGE('',*,*,#3765,.T.);
#3765 = EDGE_CURVE('',#3681,#3595,#3766,.T.);
#3766 = SURFACE_CURVE('',#3767,(#3805,#3846),.PCURVE_S1.);
#3767 = B_SPLINE_CURVE_WITH_KNOTS('',6,(#3768,#3769,#3770,#3771,#3772,
    #3773,#3774,#3775,#3776,#3777,#3778,#3779,#3780,#3781,#3782,#3783,
    #3784,#3785,#3786,#3787,#3788,#3789,#3790,#3791,#3792,#3793,#3794,
    #3795,#3796,#3797,#3798,#3799,#3800,#3801,#3802,#3803,#3804),
  .UNSPECIFIED.,.F.,.F.,(7,5,5,5,5,5,5,7),(0.,0.137999524794,
    0.193998861434,0.222998426584,0.250997973045,0.522989825178,
    0.761997966252,1.),.UNSPECIFIED.);
#3768 = CARTESIAN_POINT('',(-7.,-1.890504169201,-2.945496956599));
#3769 = CARTESIAN_POINT('',(-7.,-1.776020135606,-3.018974781659));
#3770 = CARTESIAN_POINT('',(-7.,-1.65810894892,-3.08711459389));
#3771 = CARTESIAN_POINT('',(-7.,-1.537083585491,-3.14971548471));
#3772 = CARTESIAN_POINT('',(-7.,-1.413269655104,-3.206602339302));
#3773 = CARTESIAN_POINT('',(-7.,-1.287005400982,-3.257625836612));
#3774 = CARTESIAN_POINT('',(-7.,-1.106552519573,-3.320938022703));
#3775 = CARTESIAN_POINT('',(-7.,-1.054117469876,-3.338227811218));
#3776 = CARTESIAN_POINT('',(-7.,-1.001359887232,-3.3545236091));
#3777 = CARTESIAN_POINT('',(-7.,-0.948303332703,-3.369817957302));
#3778 = CARTESIAN_POINT('',(-7.,-0.894971591873,-3.38410414353));
#3779 = CARTESIAN_POINT('',(-7.,-0.813640465916,-3.404249210995));
#3780 = CARTESIAN_POINT('',(-7.,-0.785824894815,-3.41085025767));
#3781 = CARTESIAN_POINT('',(-7.,-0.75794529365,-3.417178514485));
#3782 = CARTESIAN_POINT('',(-7.,-0.730005006779,-3.423233208437));
#3783 = CARTESIAN_POINT('',(-7.,-0.702007390824,-3.429013621293));
#3784 = CARTESIAN_POINT('',(-7.,-0.646871566814,-3.439834707758));
#3785 = CARTESIAN_POINT('',(-7.,-0.619737015412,-3.444894016898));
#3786 = CARTESIAN_POINT('',(-7.,-0.592555192653,-3.449696419871));
#3787 = CARTESIAN_POINT('',(-7.,-0.565329139076,-3.454241367628));
#3788 = CARTESIAN_POINT('',(-7.,-0.53806190357,-3.458528359204));
#3789 = CARTESIAN_POINT('',(-7.,-0.245508122125,-3.501691204884));
#3790 = CARTESIAN_POINT('',(-7.,2.336491125936E-02,-3.516444700293));
#3791 = CARTESIAN_POINT('',(-7.,0.29300206826,-3.506384645989));
#3792 = CARTESIAN_POINT('',(-7.,0.560569918241,-3.471556786743));
#3793 = CARTESIAN_POINT('',(-7.,0.823266681194,-3.412386160994));
#3794 = CARTESIAN_POINT('',(-7.,1.302487290765,-3.257180328654));
#3795 = CARTESIAN_POINT('',(-7.,1.520780616938,-3.166474948771));
#3796 = CARTESIAN_POINT('',(-7.,1.73136410881,-3.058256880723));
#3797 = CARTESIAN_POINT('',(-7.,1.932511249592,-2.933371195381));
#3798 = CARTESIAN_POINT('',(-7.,2.122610528882,-2.792865544836));
#3799 = CARTESIAN_POINT('',(-7.,2.477028124365,-2.483838958597));
#3800 = CARTESIAN_POINT('',(-7.,2.641472553846,-2.315420173201));
#3801 = CARTESIAN_POINT('',(-7.,2.792070944943,-2.134033876543));
#3802 = CARTESIAN_POINT('',(-7.,2.927581070699,-1.941114945905));
#3803 = CARTESIAN_POINT('',(-7.,3.046942194709,-1.738237341508));
#3804 = CARTESIAN_POINT('',(-7.,3.149315462236,-1.527137163549));
#3805 = PCURVE('',#2932,#3806);
#3806 = DEFINITIONAL_REPRESENTATION('',(#3807),#3845);
#3807 = B_SPLINE_CURVE_WITH_KNOTS('',6,(#3808,#3809,#3810,#3811,#3812,
    #3813,#3814,#3815,#3816,#3817,#3818,#3819,#3820,#3821,#3822,#3823,
    #3824,#3825,#3826,#3827,#3828,#3829,#3830,#3831,#3832,#3833,#3834,
    #3835,#3836,#3837,#3838,#3839,#3840,#3841,#3842,#3843,#3844),
  .UNSPECIFIED.,.F.,.F.,(7,5,5,5,5,5,5,7),(0.,0.137999524794,
    0.193998861434,0.222998426584,0.250997973045,0.522989825178,
    0.761997966252,1.),.UNSPECIFIED.);
#3808 = CARTESIAN_POINT('',(0.421427929131,36.20409345254));
#3809 = CARTESIAN_POINT('',(0.411735175129,36.164267250162));
#3810 = CARTESIAN_POINT('',(0.402042375092,36.124440858632));
#3811 = CARTESIAN_POINT('',(0.392349535157,36.084614303168));
#3812 = CARTESIAN_POINT('',(0.382656663967,36.04478761928));
#3813 = CARTESIAN_POINT('',(0.372963772668,36.004960852769));
#3814 = CARTESIAN_POINT('',(0.359337558146,35.948972598339));
#3815 = CARTESIAN_POINT('',(0.355404236572,35.9328111172));
#3816 = CARTESIAN_POINT('',(0.35147091056,35.916649617819));
#3817 = CARTESIAN_POINT('',(0.347537580563,35.90048810207));
#3818 = CARTESIAN_POINT('',(0.343604247126,35.884326572185));
#3819 = CARTESIAN_POINT('',(0.337634011024,35.859795687442));
#3820 = CARTESIAN_POINT('',(0.335597110341,35.851426340731));
#3821 = CARTESIAN_POINT('',(0.333560208906,35.843056990933));
#3822 = CARTESIAN_POINT('',(0.331523306802,35.834687638381));
#3823 = CARTESIAN_POINT('',(0.329486404114,35.826318283433));
#3824 = CARTESIAN_POINT('',(0.325482838163,35.809868177739));
#3825 = CARTESIAN_POINT('',(0.323516174917,35.801787427065));
#3826 = CARTESIAN_POINT('',(0.32154951128,35.793706674786));
#3827 = CARTESIAN_POINT('',(0.31958284734,35.785625921259));
#3828 = CARTESIAN_POINT('',(0.317616183188,35.777545166861));
#3829 = CARTESIAN_POINT('',(0.296545043145,35.690966730278));
#3830 = CARTESIAN_POINT('',(0.277438638844,35.612461124518));
#3831 = CARTESIAN_POINT('',(0.258334544449,35.533965009847));
#3832 = CARTESIAN_POINT('',(0.239230641803,35.455469683051));
#3833 = CARTESIAN_POINT('',(0.220124783347,35.376966320094));
#3834 = CARTESIAN_POINT('',(0.184234109997,35.229496445175));
#3835 = CARTESIAN_POINT('',(0.167446324185,35.160517726113));
#3836 = CARTESIAN_POINT('',(0.150659918914,35.091544679511));
#3837 = CARTESIAN_POINT('',(0.133873667234,35.022572263989));
#3838 = CARTESIAN_POINT('',(0.117086301327,34.953595270263));
#3839 = CARTESIAN_POINT('',(8.35840556979E-02,34.815939118641));
#3840 = CARTESIAN_POINT('',(6.686720672701E-02,34.747251869374));
#3841 = CARTESIAN_POINT('',(5.015127524164E-02,34.678568389929));
#3842 = CARTESIAN_POINT('',(3.343500850324E-02,34.609883532975));
#3843 = CARTESIAN_POINT('',(1.671719727893E-02,34.541192329939));
#3844 = CARTESIAN_POINT('',(0.,34.472503649521));
#3845 = ( GEOMETRIC_REPRESENTATION_CONTEXT(2) 
PARAMETRIC_REPRESENTATION_CONTEXT() REPRESENTATION_CONTEXT('2D SPACE',''
  ) );
#3846 = PCURVE('',#3847,#3852);
#3847 = PLANE('',#3848);
#3848 = AXIS2_PLACEMENT_3D('',#3849,#3850,#3851);
#3849 = CARTESIAN_POINT('',(-7.,0.,8.881784197001E-16));
#3850 = DIRECTION('',(-1.,0.,1.110223024625E-16));
#3851 = DIRECTION('',(1.110223024625E-16,0.,1.));
#3852 = DEFINITIONAL_REPRESENTATION('',(#3853),#3891);
#3853 = B_SPLINE_CURVE_WITH_KNOTS('',6,(#3854,#3855,#3856,#3857,#3858,
    #3859,#3860,#3861,#3862,#3863,#3864,#3865,#3866,#3867,#3868,#3869,
    #3870,#3871,#3872,#3873,#3874,#3875,#3876,#3877,#3878,#3879,#3880,
    #3881,#3882,#3883,#3884,#3885,#3886,#3887,#3888,#3889,#3890),
  .UNSPECIFIED.,.F.,.F.,(7,5,5,5,5,5,5,7),(0.,0.137999524794,
    0.193998861434,0.222998426584,0.250997973045,0.522989825178,
    0.761997966252,1.),.UNSPECIFIED.);
#3854 = CARTESIAN_POINT('',(-2.945496956599,-1.890504169201));
#3855 = CARTESIAN_POINT('',(-3.018974781659,-1.776020135606));
#3856 = CARTESIAN_POINT('',(-3.08711459389,-1.65810894892));
#3857 = CARTESIAN_POINT('',(-3.14971548471,-1.537083585491));
#3858 = CARTESIAN_POINT('',(-3.206602339302,-1.413269655104));
#3859 = CARTESIAN_POINT('',(-3.257625836612,-1.287005400982));
#3860 = CARTESIAN_POINT('',(-3.320938022703,-1.106552519573));
#3861 = CARTESIAN_POINT('',(-3.338227811218,-1.054117469876));
#3862 = CARTESIAN_POINT('',(-3.3545236091,-1.001359887232));
#3863 = CARTESIAN_POINT('',(-3.369817957302,-0.948303332703));
#3864 = CARTESIAN_POINT('',(-3.38410414353,-0.894971591873));
#3865 = CARTESIAN_POINT('',(-3.404249210995,-0.813640465916));
#3866 = CARTESIAN_POINT('',(-3.41085025767,-0.785824894815));
#3867 = CARTESIAN_POINT('',(-3.417178514485,-0.75794529365));
#3868 = CARTESIAN_POINT('',(-3.423233208437,-0.730005006779));
#3869 = CARTESIAN_POINT('',(-3.429013621293,-0.702007390824));
#3870 = CARTESIAN_POINT('',(-3.439834707758,-0.646871566814));
#3871 = CARTESIAN_POINT('',(-3.444894016898,-0.619737015412));
#3872 = CARTESIAN_POINT('',(-3.449696419871,-0.592555192653));
#3873 = CARTESIAN_POINT('',(-3.454241367628,-0.565329139076));
#3874 = CARTESIAN_POINT('',(-3.458528359204,-0.53806190357));
#3875 = CARTESIAN_POINT('',(-3.501691204884,-0.245508122125));
#3876 = CARTESIAN_POINT('',(-3.516444700293,2.336491125936E-02));
#3877 = CARTESIAN_POINT('',(-3.506384645989,0.29300206826));
#3878 = CARTESIAN_POINT('',(-3.471556786743,0.560569918241));
#3879 = CARTESIAN_POINT('',(-3.412386160994,0.823266681194));
#3880 = CARTESIAN_POINT('',(-3.257180328654,1.302487290765));
#3881 = CARTESIAN_POINT('',(-3.166474948771,1.520780616938));
#3882 = CARTESIAN_POINT('',(-3.058256880723,1.73136410881));
#3883 = CARTESIAN_POINT('',(-2.933371195381,1.932511249592));
#3884 = CARTESIAN_POINT('',(-2.792865544836,2.122610528882));
#3885 = CARTESIAN_POINT('',(-2.483838958597,2.477028124365));
#3886 = CARTESIAN_POINT('',(-2.315420173201,2.641472553846));
#3887 = CARTESIAN_POINT('',(-2.134033876543,2.792070944943));
#3888 = CARTESIAN_POINT('',(-1.941114945905,2.927581070699));
#3889 = CARTESIAN_POINT('',(-1.738237341508,3.046942194709));
#3890 = CARTESIAN_POINT('',(-1.527137163549,3.149315462236));
#3891 = ( GEOMETRIC_REPRESENTATION_CONTEXT(2) 
PARAMETRIC_REPRESENTATION_CONTEXT() REPRESENTATION_CONTEXT('2D SPACE',''
  ) );
#3892 = ADVANCED_FACE('',(#3893),#3160,.T.);
#3893 = FACE_BOUND('',#3894,.T.);
#3894 = EDGE_LOOP('',(#3895,#3896,#3897,#3977,#4072,#4286,#4500,#4672));
#3895 = ORIENTED_EDGE('',*,*,#3106,.F.);
#3896 = ORIENTED_EDGE('',*,*,#3594,.T.);
#3897 = ORIENTED_EDGE('',*,*,#3898,.T.);
#3898 = EDGE_CURVE('',#3595,#3899,#3901,.T.);
#3899 = VERTEX_POINT('',#3900);
#3900 = CARTESIAN_POINT('',(-7.,1.046672369776,2.187487588431));
#3901 = SURFACE_CURVE('',#3902,(#3925,#3951),.PCURVE_S1.);
#3902 = B_SPLINE_CURVE_WITH_KNOTS('',6,(#3903,#3904,#3905,#3906,#3907,
    #3908,#3909,#3910,#3911,#3912,#3913,#3914,#3915,#3916,#3917,#3918,
    #3919,#3920,#3921,#3922,#3923,#3924),.UNSPECIFIED.,.F.,.F.,(7,5,5,5,
    7),(0.,0.350446635041,0.622845511234,0.829276748862,1.),
  .UNSPECIFIED.);
#3903 = CARTESIAN_POINT('',(-7.,3.149315462236,-1.527137163548));
#3904 = CARTESIAN_POINT('',(-7.,3.222302333677,-1.250991961778));
#3905 = CARTESIAN_POINT('',(-7.,3.267651217793,-0.968073286289));
#3906 = CARTESIAN_POINT('',(-7.,3.283940408945,-0.681807828734));
#3907 = CARTESIAN_POINT('',(-7.,3.270313386899,-0.395943738449));
#3908 = CARTESIAN_POINT('',(-7.,3.226480118261,-0.114544739406));
#3909 = CARTESIAN_POINT('',(-7.,3.095918699375,0.36992161262));
#3910 = CARTESIAN_POINT('',(-7.,3.020912320962,0.576497872327));
#3911 = CARTESIAN_POINT('',(-7.,2.928266926817,0.775724998296));
#3912 = CARTESIAN_POINT('',(-7.,2.818552902169,0.965527574398));
#3913 = CARTESIAN_POINT('',(-7.,2.692661739902,1.143812934647));
#3914 = CARTESIAN_POINT('',(-7.,2.445191849698,1.433336883306));
#3915 = CARTESIAN_POINT('',(-7.,2.329949324398,1.550366090357));
#3916 = CARTESIAN_POINT('',(-7.,2.206738643575,1.658726948819));
#3917 = CARTESIAN_POINT('',(-7.,2.076259234804,1.757568701955));
#3918 = CARTESIAN_POINT('',(-7.,1.939341409245,1.846094249907));
#3919 = CARTESIAN_POINT('',(-7.,1.679214702394,1.987672246001));
#3920 = CARTESIAN_POINT('',(-7.,1.557728711656,2.04421337724));
#3921 = CARTESIAN_POINT('',(-7.,1.433062467378,2.092802172958));
#3922 = CARTESIAN_POINT('',(-7.,1.305833767904,2.133075043192));
#3923 = CARTESIAN_POINT('',(-7.,1.176725185717,2.164725780488));
#3924 = CARTESIAN_POINT('',(-7.,1.046487480273,2.187519949106));
#3925 = PCURVE('',#3160,#3926);
#3926 = DEFINITIONAL_REPRESENTATION('',(#3927),#3950);
#3927 = B_SPLINE_CURVE_WITH_KNOTS('',6,(#3928,#3929,#3930,#3931,#3932,
    #3933,#3934,#3935,#3936,#3937,#3938,#3939,#3940,#3941,#3942,#3943,
    #3944,#3945,#3946,#3947,#3948,#3949),.UNSPECIFIED.,.F.,.F.,(7,5,5,5,
    7),(0.,0.350446635041,0.622845511234,0.829276748862,1.),
  .UNSPECIFIED.);
#3928 = CARTESIAN_POINT('',(1.197199994035,34.472503649521));
#3929 = CARTESIAN_POINT('',(1.13885738153,34.390513956075));
#3930 = CARTESIAN_POINT('',(1.079576677256,34.30720594908));
#3931 = CARTESIAN_POINT('',(1.019323134747,34.222530798838));
#3932 = CARTESIAN_POINT('',(0.958037715245,34.136405537354));
#3933 = CARTESIAN_POINT('',(0.895644145978,34.048722977427));
#3934 = CARTESIAN_POINT('',(0.782668157024,33.889956232103));
#3935 = CARTESIAN_POINT('',(0.732545198478,33.819517733905));
#3936 = CARTESIAN_POINT('',(0.681679140219,33.748034947235));
#3937 = CARTESIAN_POINT('',(0.630029515237,33.675451003234));
#3938 = CARTESIAN_POINT('',(0.577547706925,33.601697580302));
#3939 = CARTESIAN_POINT('',(0.48374470986,33.469874909986));
#3940 = CARTESIAN_POINT('',(0.442801426128,33.412336737838));
#3941 = CARTESIAN_POINT('',(0.401333522568,33.354061310072));
#3942 = CARTESIAN_POINT('',(0.359315697408,33.295013069751));
#3943 = CARTESIAN_POINT('',(0.316720600371,33.235153581146));
#3944 = CARTESIAN_POINT('',(0.237793587356,33.124236340319));
#3945 = CARTESIAN_POINT('',(0.201651990606,33.073446046381));
#3946 = CARTESIAN_POINT('',(0.165081442513,33.022052941092));
#3947 = CARTESIAN_POINT('',(0.128064612127,32.970032669024));
#3948 = CARTESIAN_POINT('',(9.058259384713E-02,32.917358661869));
#3949 = CARTESIAN_POINT('',(5.261610273403E-02,32.864003818232));
#3950 = ( GEOMETRIC_REPRESENTATION_CONTEXT(2) 
PARAMETRIC_REPRESENTATION_CONTEXT() REPRESENTATION_CONTEXT('2D SPACE',''
  ) );
#3951 = PCURVE('',#3847,#3952);
#3952 = DEFINITIONAL_REPRESENTATION('',(#3953),#3976);
#3953 = B_SPLINE_CURVE_WITH_KNOTS('',6,(#3954,#3955,#3956,#3957,#3958,
    #3959,#3960,#3961,#3962,#3963,#3964,#3965,#3966,#3967,#3968,#3969,
    #3970,#3971,#3972,#3973,#3974,#3975),.UNSPECIFIED.,.F.,.F.,(7,5,5,5,
    7),(0.,0.350446635041,0.622845511234,0.829276748862,1.),
  .UNSPECIFIED.);
#3954 = CARTESIAN_POINT('',(-1.527137163548,3.149315462236));
#3955 = CARTESIAN_POINT('',(-1.250991961778,3.222302333677));
#3956 = CARTESIAN_POINT('',(-0.968073286289,3.267651217793));
#3957 = CARTESIAN_POINT('',(-0.681807828734,3.283940408945));
#3958 = CARTESIAN_POINT('',(-0.395943738449,3.270313386899));
#3959 = CARTESIAN_POINT('',(-0.114544739406,3.226480118261));
#3960 = CARTESIAN_POINT('',(0.36992161262,3.095918699375));
#3961 = CARTESIAN_POINT('',(0.576497872327,3.020912320962));
#3962 = CARTESIAN_POINT('',(0.775724998296,2.928266926817));
#3963 = CARTESIAN_POINT('',(0.965527574398,2.818552902169));
#3964 = CARTESIAN_POINT('',(1.143812934647,2.692661739902));
#3965 = CARTESIAN_POINT('',(1.433336883306,2.445191849698));
#3966 = CARTESIAN_POINT('',(1.550366090357,2.329949324398));
#3967 = CARTESIAN_POINT('',(1.658726948819,2.206738643575));
#3968 = CARTESIAN_POINT('',(1.757568701955,2.076259234804));
#3969 = CARTESIAN_POINT('',(1.846094249907,1.939341409245));
#3970 = CARTESIAN_POINT('',(1.987672246001,1.679214702394));
#3971 = CARTESIAN_POINT('',(2.04421337724,1.557728711656));
#3972 = CARTESIAN_POINT('',(2.092802172958,1.433062467378));
#3973 = CARTESIAN_POINT('',(2.133075043192,1.305833767904));
#3974 = CARTESIAN_POINT('',(2.164725780488,1.176725185717));
#3975 = CARTESIAN_POINT('',(2.187519949106,1.046487480273));
#3976 = ( GEOMETRIC_REPRESENTATION_CONTEXT(2) 
PARAMETRIC_REPRESENTATION_CONTEXT() REPRESENTATION_CONTEXT('2D SPACE',''
  ) );
#3977 = ORIENTED_EDGE('',*,*,#3978,.F.);
#3978 = EDGE_CURVE('',#3979,#3899,#3981,.T.);
#3979 = VERTEX_POINT('',#3980);
#3980 = CARTESIAN_POINT('',(-6.888426161398,-5.939536975865E-16,2.425));
#3981 = SURFACE_CURVE('',#3982,(#4041,#4054),.PCURVE_S1.);
#3982 = B_SPLINE_CURVE_WITH_KNOTS('',8,(#3983,#3984,#3985,#3986,#3987,
    #3988,#3989,#3990,#3991,#3992,#3993,#3994,#3995,#3996,#3997,#3998,
    #3999,#4000,#4001,#4002,#4003,#4004,#4005,#4006,#4007,#4008,#4009,
    #4010,#4011,#4012,#4013,#4014,#4015,#4016,#4017,#4018,#4019,#4020,
    #4021,#4022,#4023,#4024,#4025,#4026,#4027,#4028,#4029,#4030,#4031,
    #4032,#4033,#4034,#4035,#4036,#4037,#4038,#4039,#4040),
  .UNSPECIFIED.,.F.,.F.,(9,7,7,7,7,7,7,7,9),(0.,9.24842362049E-02,
    0.135352198657,0.180635974505,0.365410655678,0.494655317759,
    0.686079745579,0.845954522303,1.),.UNSPECIFIED.);
#3983 = CARTESIAN_POINT('',(-6.888426161398,-3.996802888651E-15,2.425));
#3984 = CARTESIAN_POINT('',(-6.906577825259,0.176067281134,2.425));
#3985 = CARTESIAN_POINT('',(-6.924732560257,0.35215895246,2.410390352599
    ));
#3986 = CARTESIAN_POINT('',(-6.942886416966,0.526822379894,
    2.381164425988));
#3987 = CARTESIAN_POINT('',(-6.961038540195,0.698643097195,
    2.337496006397));
#3988 = CARTESIAN_POINT('',(-6.979189811643,0.866245846513,
    2.279715749079));
#3989 = CARTESIAN_POINT('',(-6.997341409507,1.028299670922,
    2.208301890828));
#3990 = CARTESIAN_POINT('',(-7.015493285022,1.183527058931,
    2.123885224021));
#3991 = CARTESIAN_POINT('',(-7.042055041119,1.398942161463,
    1.982484815989));
#3992 = CARTESIAN_POINT('',(-7.050467443708,1.465445069556,
    1.935077193105));
#3993 = CARTESIAN_POINT('',(-7.058879953325,1.530107732995,
    1.885122772012));
#3994 = CARTESIAN_POINT('',(-7.067292697228,1.592816695337,
    1.832704976803));
#3995 = CARTESIAN_POINT('',(-7.07570574032,1.653463175951,1.777913347201
    ));
#3996 = CARTESIAN_POINT('',(-7.084119085159,1.711943070014,
    1.720843538555));
#3997 = CARTESIAN_POINT('',(-7.092532671951,1.768156948517,
    1.661597321843));
#3998 = CARTESIAN_POINT('',(-7.109834237509,1.878898046652,
    1.535512468628));
#3999 = CARTESIAN_POINT('',(-7.118722764655,1.933155894118,
    1.468429563434));
#4000 = CARTESIAN_POINT('',(-7.127611875692,1.984672771531,
    1.399160015389));
#4001 = CARTESIAN_POINT('',(-7.136501325442,2.033345853546,
    1.327835151599));
#4002 = CARTESIAN_POINT('',(-7.145390707842,2.079080318597,
    1.254591478972));
#4003 = CARTESIAN_POINT('',(-7.154279455953,2.1217893489,1.179570684221)
  );
#4004 = CARTESIAN_POINT('',(-7.163166841953,2.16139413045,1.102919633861
    ));
#4005 = CARTESIAN_POINT('',(-7.208306639891,2.346470697238,
    0.705993878743));
#4006 = CARTESIAN_POINT('',(-7.244623812671,2.442609875094,
    0.361824480434));
#4007 = CARTESIAN_POINT('',(-7.28093474294,2.480493105047,
    3.522322088272E-03));
#4008 = CARTESIAN_POINT('',(-7.317222161057,2.458444987137,
    -0.357392282979));
#4009 = CARTESIAN_POINT('',(-7.353494486127,2.376819155544,
    -0.709657922663));
#4010 = CARTESIAN_POINT('',(-7.389788053759,2.238474096169,
    -1.042348418269));
#4011 = CARTESIAN_POINT('',(-7.426130638636,2.048318367391,
    -1.344894825288));
#4012 = CARTESIAN_POINT('',(-7.487754593917,1.651891771811,
    -1.792320412512));
#4013 = CARTESIAN_POINT('',(-7.513132171804,1.467287473051,
    -1.957653918171));
#4014 = CARTESIAN_POINT('',(-7.538503798544,1.263897517688,
    -2.101092306365));
#4015 = CARTESIAN_POINT('',(-7.563870889374,1.04480719384,
    -2.220204521643));
#4016 = CARTESIAN_POINT('',(-7.589238472243,0.813380212939,
    -2.313101391314));
#4017 = CARTESIAN_POINT('',(-7.614611275232,0.573216292713,
    -2.378395482327));
#4018 = CARTESIAN_POINT('',(-7.639989808037,0.328155336597,
    -2.415257710468));
#4019 = CARTESIAN_POINT('',(-7.702916752921,-0.281918495111,
    -2.435966104263));
#4020 = CARTESIAN_POINT('',(-7.740576649354,-0.649189230684,
    -2.385816868413));
#4021 = CARTESIAN_POINT('',(-7.778170694175,-1.005435951197,
    -2.272110534605));
#4022 = CARTESIAN_POINT('',(-7.815734355879,-1.338158558297,
    -2.098336541731));
#4023 = CARTESIAN_POINT('',(-7.853306049253,-1.636052253935,
    -1.869950670103));
#4024 = CARTESIAN_POINT('',(-7.890915090234,-1.889402956943,
    -1.594903677658));
#4025 = CARTESIAN_POINT('',(-7.928588677171,-2.089778524251,
    -1.283056624936));
#4026 = CARTESIAN_POINT('',(-7.997543270273,-2.351104222747,
    -0.667499030857));
#4027 = CARTESIAN_POINT('',(-8.02896274601,-2.430003065388,
    -0.369949064572));
#4028 = CARTESIAN_POINT('',(-8.060355713843,-2.465601118233,
    -6.220336241575E-02));
#4029 = CARTESIAN_POINT('',(-8.091729166567,-2.45667487895,
    0.248357680467));
#4030 = CARTESIAN_POINT('',(-8.123099243801,-2.403265320545,
    0.554427106976));
#4031 = CARTESIAN_POINT('',(-8.154485653171,-2.306788859045,
    0.848834375825));
#4032 = CARTESIAN_POINT('',(-8.185898285828,-2.169921586673,
    1.124582206532));
#4033 = CARTESIAN_POINT('',(-8.247501965571,-1.831030819563,
    1.616768368765));
#4034 = CARTESIAN_POINT('',(-8.277769313466,-1.631159729789,
    1.835591252694));
#4035 = CARTESIAN_POINT('',(-8.308018681609,-1.401593394437,
    2.025794124537));
#4036 = CARTESIAN_POINT('',(-8.338253987466,-1.147269605069,
    2.182865583887));
#4037 = CARTESIAN_POINT('',(-8.368484520929,-0.873671236787,
    2.303258349914));
#4038 = CARTESIAN_POINT('',(-8.398720881519,-0.586828027378,
    2.384470852142));
#4039 = CARTESIAN_POINT('',(-8.428983636584,-0.293253357681,2.425));
#4040 = CARTESIAN_POINT('',(-8.45921874123,-4.440892098501E-16,2.425));
#4041 = PCURVE('',#3160,#4042);
#4042 = DEFINITIONAL_REPRESENTATION('',(#4043),#4053);
#4043 = B_SPLINE_CURVE_WITH_KNOTS('',8,(#4044,#4045,#4046,#4047,#4048,
    #4049,#4050,#4051,#4052),.UNSPECIFIED.,.F.,.F.,(9,9),(0.,
    7.105649978169E-02),.PIECEWISE_BEZIER_KNOTS.);
#4044 = CARTESIAN_POINT('',(5.266066812538E-02,32.404035724991));
#4045 = CARTESIAN_POINT('',(5.265926922748E-02,32.461534969973));
#4046 = CARTESIAN_POINT('',(5.265762591068E-02,32.519041346205));
#4047 = CARTESIAN_POINT('',(5.265615816408E-02,32.576548058629));
#4048 = CARTESIAN_POINT('',(5.265558036861E-02,32.634053171412));
#4049 = CARTESIAN_POINT('',(5.26565541933E-02,32.691557621876));
#4050 = CARTESIAN_POINT('',(5.265943732802E-02,32.749063298664));
#4051 = CARTESIAN_POINT('',(5.266412805274E-02,32.80657118415));
#4052 = CARTESIAN_POINT('',(5.267000564309E-02,32.86407956109));
#4053 = ( GEOMETRIC_REPRESENTATION_CONTEXT(2) 
PARAMETRIC_REPRESENTATION_CONTEXT() REPRESENTATION_CONTEXT('2D SPACE',''
  ) );
#4054 = PCURVE('',#4055,#4060);
#4055 = CYLINDRICAL_SURFACE('',#4056,2.425);
#4056 = AXIS2_PLACEMENT_3D('',#4057,#4058,#4059);
#4057 = CARTESIAN_POINT('',(1.570796326795,0.,-1.743934249004E-16));
#4058 = DIRECTION('',(-1.,0.,1.110223024625E-16));
#4059 = DIRECTION('',(1.110223024625E-16,0.,1.));
#4060 = DEFINITIONAL_REPRESENTATION('',(#4061),#4071);
#4061 = B_SPLINE_CURVE_WITH_KNOTS('',8,(#4062,#4063,#4064,#4065,#4066,
    #4067,#4068,#4069,#4070),.UNSPECIFIED.,.F.,.F.,(9,9),(0.,
    7.105649978169E-02),.PIECEWISE_BEZIER_KNOTS.);
#4062 = CARTESIAN_POINT('',(0.,8.459222488193));
#4063 = CARTESIAN_POINT('',(5.578314603098E-02,8.473168580307));
#4064 = CARTESIAN_POINT('',(0.111572107339,8.487116485311));
#4065 = CARTESIAN_POINT('',(0.167360146127,8.501064412012));
#4066 = CARTESIAN_POINT('',(0.223145346524,8.515011647413));
#4067 = CARTESIAN_POINT('',(0.278928780511,8.528958193326));
#4068 = CARTESIAN_POINT('',(0.334712659457,8.5429043859));
#4069 = CARTESIAN_POINT('',(0.390498471239,8.556850498065));
#4070 = CARTESIAN_POINT('',(0.446285102964,8.570796324895));
#4071 = ( GEOMETRIC_REPRESENTATION_CONTEXT(2) 
PARAMETRIC_REPRESENTATION_CONTEXT() REPRESENTATION_CONTEXT('2D SPACE',''
  ) );
#4072 = ORIENTED_EDGE('',*,*,#4073,.F.);
#4073 = EDGE_CURVE('',#4074,#3979,#4076,.T.);
#4074 = VERTEX_POINT('',#4075);
#4075 = CARTESIAN_POINT('',(-5.317646329444,-5.939536975865E-16,2.425));
#4076 = SURFACE_CURVE('',#4077,(#4143,#4212),.PCURVE_S1.);
#4077 = B_SPLINE_CURVE_WITH_KNOTS('',8,(#4078,#4079,#4080,#4081,#4082,
    #4083,#4084,#4085,#4086,#4087,#4088,#4089,#4090,#4091,#4092,#4093,
    #4094,#4095,#4096,#4097,#4098,#4099,#4100,#4101,#4102,#4103,#4104,
    #4105,#4106,#4107,#4108,#4109,#4110,#4111,#4112,#4113,#4114,#4115,
    #4116,#4117,#4118,#4119,#4120,#4121,#4122,#4123,#4124,#4125,#4126,
    #4127,#4128,#4129,#4130,#4131,#4132,#4133,#4134,#4135,#4136,#4137,
    #4138,#4139,#4140,#4141,#4142),.UNSPECIFIED.,.F.,.F.,(9,7,7,7,7,7,7,
    7,7,9),(0.,0.174261349046,0.256279491994,0.283748645355,
    0.331668519031,0.508769482343,0.618716549263,0.773552626002,
    0.890721617808,1.),.UNSPECIFIED.);
#4078 = CARTESIAN_POINT('',(-5.317646329444,1.7763568394E-15,2.425));
#4079 = CARTESIAN_POINT('',(-5.351854302975,0.331797114028,2.425));
#4080 = CARTESIAN_POINT('',(-5.386118873352,0.664182021099,
    2.373116463664));
#4081 = CARTESIAN_POINT('',(-5.420341966725,0.986730333921,
    2.269032421536));
#4082 = CARTESIAN_POINT('',(-5.454541511309,1.290048347474,
    2.115313734638));
#4083 = CARTESIAN_POINT('',(-5.488745099612,1.565576752582,
    1.916019094298));
#4084 = CARTESIAN_POINT('',(-5.522976966729,1.805783241518,1.67689600445
    ));
#4085 = CARTESIAN_POINT('',(-5.557247032549,2.0040744206,1.405129223964)
  );
#4086 = CARTESIAN_POINT('',(-5.607551802423,2.227449777562,
    0.971327497087));
#4087 = CARTESIAN_POINT('',(-5.623652680252,2.28872924403,0.827218003882
    ));
#4088 = CARTESIAN_POINT('',(-5.639752548854,2.339333445839,0.67872684481
    ));
#4089 = CARTESIAN_POINT('',(-5.655850766342,2.378903871539,
    0.526782098746));
#4090 = CARTESIAN_POINT('',(-5.671948099508,2.40718007419,0.372336748147
    ));
#4091 = CARTESIAN_POINT('',(-5.688045858229,2.423996404983,
    0.216363827197));
#4092 = CARTESIAN_POINT('',(-5.70414476561,2.42928593361,
    5.985335436438E-02));
#4093 = CARTESIAN_POINT('',(-5.725635302105,2.421016961652,
    -0.148449948632));
#4094 = CARTESIAN_POINT('',(-5.731026711718,2.417654513054,
    -0.200655503347));
#4095 = CARTESIAN_POINT('',(-5.736418095582,2.4130056325,-0.252771104505
    ));
#4096 = CARTESIAN_POINT('',(-5.741809663625,2.407073015849,
    -0.30476161086));
#4097 = CARTESIAN_POINT('',(-5.747201532818,2.39986063191,
    -0.356591250169));
#4098 = CARTESIAN_POINT('',(-5.752593727182,2.391373722444,
    -0.408223619196));
#4099 = CARTESIAN_POINT('',(-5.757986177777,2.381618802163,
    -0.459621683707));
#4100 = CARTESIAN_POINT('',(-5.772786004721,2.35138776682,
    -0.599937131002));
#4101 = CARTESIAN_POINT('',(-5.782194516132,2.328336532799,
    -0.688301460257));
#4102 = CARTESIAN_POINT('',(-5.79160272689,2.30149202158,-0.775646465293
    ));
#4103 = CARTESIAN_POINT('',(-5.80100964708,2.270907331589,
    -0.861782129891));
#4104 = CARTESIAN_POINT('',(-5.810414826924,2.236646594765,
    -0.946522722562));
#4105 = CARTESIAN_POINT('',(-5.819818356787,2.198784976556,
    -1.029686796545));
#4106 = CARTESIAN_POINT('',(-5.829220867171,2.157408675924,
    -1.11109718981));
#4107 = CARTESIAN_POINT('',(-5.873373629054,1.947067402573,
    -1.484335217417));
#4108 = CARTESIAN_POINT('',(-5.90818818462,1.734536662015,
    -1.752317084743));
#4109 = CARTESIAN_POINT('',(-5.942992511114,1.480110088584,
    -1.984814536433));
#4110 = CARTESIAN_POINT('',(-5.977770951421,1.191012846593,
    -2.174611362626));
#4111 = CARTESIAN_POINT('',(-6.012537915905,0.875393996366,
    -2.316019040402));
#4112 = CARTESIAN_POINT('',(-6.047322971617,0.542448632392,
    -2.405202826799));
#4113 = CARTESIAN_POINT('',(-6.082146488523,0.202180098271,
    -2.439966247279));
#4114 = CARTESIAN_POINT('',(-6.138484153633,-0.343477758089,
    -2.409660643418));
#4115 = CARTESIAN_POINT('',(-6.160070053575,-0.55139964853,
    -2.377430832415));
#4116 = CARTESIAN_POINT('',(-6.181654529353,-0.755772900912,
    -2.324695112856));
#4117 = CARTESIAN_POINT('',(-6.203236684295,-0.954242791925,
    -2.25193827012));
#4118 = CARTESIAN_POINT('',(-6.224819327214,-1.144563104919,
    -2.159948397958));
#4119 = CARTESIAN_POINT('',(-6.24640508618,-1.324605590948,
    -2.049790395004));
#4120 = CARTESIAN_POINT('',(-6.267992526646,-1.492384647747,
    -1.922818388555));
#4121 = CARTESIAN_POINT('',(-6.319962565396,-1.862567303318,
    -1.580622976414));
#4122 = CARTESIAN_POINT('',(-6.350385693672,-2.051486321649,
    -1.350214402409));
#4123 = CARTESIAN_POINT('',(-6.380787445698,-2.207482392734,
    -1.09424418199));
#4124 = CARTESIAN_POINT('',(-6.411173921001,-2.326724279375,
    -0.818334839618));
#4125 = CARTESIAN_POINT('',(-6.441560925309,-2.406444954053,
    -0.528534194729));
#4126 = CARTESIAN_POINT('',(-6.471963804029,-2.445028831224,
    -0.231287306404));
#4127 = CARTESIAN_POINT('',(-6.502389750201,-2.44194463307,
    6.664374750583E-02));
#4128 = CARTESIAN_POINT('',(-6.555787601658,-2.365442910329,
    0.578854816689));
#4129 = CARTESIAN_POINT('',(-6.578799567439,-2.309278581775,
    0.796115452701));
#4130 = CARTESIAN_POINT('',(-6.601807977403,-2.2303181192,1.007018890233
    ));
#4131 = CARTESIAN_POINT('',(-6.624812261212,-2.129445844259,
    1.20878275936));
#4132 = CARTESIAN_POINT('',(-6.64781521272,-2.007912807416,
    1.398816765901));
#4133 = CARTESIAN_POINT('',(-6.67082000946,-1.867302844393,
    1.574720106874));
#4134 = CARTESIAN_POINT('',(-6.69382713982,-1.709550995144,
    1.734308981102));
#4135 = CARTESIAN_POINT('',(-6.73827257855,-1.376064006181,
    2.007576341519));
#4136 = CARTESIAN_POINT('',(-6.75972581139,-1.202152007945,
    2.123707329054));
#4137 = CARTESIAN_POINT('',(-6.781175537764,-1.01712506938,
    2.222544486825));
#4138 = CARTESIAN_POINT('',(-6.802621856063,-0.823007241095,
    2.302874778845));
#4139 = CARTESIAN_POINT('',(-6.824068893497,-0.621945502501,
    2.363774725008));
#4140 = CARTESIAN_POINT('',(-6.845520485393,-0.416185763307,
    2.404597970342));
#4141 = CARTESIAN_POINT('',(-6.86697597894,-0.208062210386,2.425));
#4142 = CARTESIAN_POINT('',(-6.888426161398,-3.996802888651E-15,2.425));
#4143 = PCURVE('',#3160,#4144);
#4144 = DEFINITIONAL_REPRESENTATION('',(#4145),#4211);
#4145 = B_SPLINE_CURVE_WITH_KNOTS('',8,(#4146,#4147,#4148,#4149,#4150,
    #4151,#4152,#4153,#4154,#4155,#4156,#4157,#4158,#4159,#4160,#4161,
    #4162,#4163,#4164,#4165,#4166,#4167,#4168,#4169,#4170,#4171,#4172,
    #4173,#4174,#4175,#4176,#4177,#4178,#4179,#4180,#4181,#4182,#4183,
    #4184,#4185,#4186,#4187,#4188,#4189,#4190,#4191,#4192,#4193,#4194,
    #4195,#4196,#4197,#4198,#4199,#4200,#4201,#4202,#4203,#4204,#4205,
    #4206,#4207,#4208,#4209,#4210),.UNSPECIFIED.,.F.,.F.,(9,7,7,7,7,7,7,
    7,7,9),(0.,0.174261349046,0.256279491994,0.283748645355,
    0.331668519031,0.508769482343,0.618716549263,0.773552626002,
    0.890721617808,1.),.UNSPECIFIED.);
#4146 = CARTESIAN_POINT('',(5.26329077976E-02,25.927505551277));
#4147 = CARTESIAN_POINT('',(5.262891241482E-02,26.068543024615));
#4148 = CARTESIAN_POINT('',(5.263438298465E-02,26.209827155364));
#4149 = CARTESIAN_POINT('',(5.264906472574E-02,26.350953216634));
#4150 = CARTESIAN_POINT('',(5.266710945562E-02,26.491986909814));
#4151 = CARTESIAN_POINT('',(5.267134806564E-02,26.633017873741));
#4152 = CARTESIAN_POINT('',(5.266174756326E-02,26.774145985907));
#4153 = CARTESIAN_POINT('',(5.265530236453E-02,26.915436029548));
#4154 = CARTESIAN_POINT('',(5.265800705794E-02,27.122851710157));
#4155 = CARTESIAN_POINT('',(5.266074815249E-02,27.18924118221));
#4156 = CARTESIAN_POINT('',(5.266582937484E-02,27.255629781729));
#4157 = CARTESIAN_POINT('',(5.267358778415E-02,27.322015335816));
#4158 = CARTESIAN_POINT('',(5.268316469101E-02,27.38839979931));
#4159 = CARTESIAN_POINT('',(5.269234855126E-02,27.454785465062));
#4160 = CARTESIAN_POINT('',(5.26983289341E-02,27.521171364966));
#4161 = CARTESIAN_POINT('',(5.269970740886E-02,27.609781054078));
#4162 = CARTESIAN_POINT('',(5.269951497705E-02,27.632010134957));
#4163 = CARTESIAN_POINT('',(5.269869762005E-02,27.654238231453));
#4164 = CARTESIAN_POINT('',(5.269721195875E-02,27.676466148159));
#4165 = CARTESIAN_POINT('',(5.269505788425E-02,27.698694367213));
#4166 = CARTESIAN_POINT('',(5.269227855786E-02,27.7209230483));
#4167 = CARTESIAN_POINT('',(5.268896041108E-02,27.743152028649));
#4168 = CARTESIAN_POINT('',(5.267873093976E-02,27.804158902759));
#4169 = CARTESIAN_POINT('',(5.266905146531E-02,27.842937586384));
#4170 = CARTESIAN_POINT('',(5.266068495989E-02,27.881716875521));
#4171 = CARTESIAN_POINT('',(5.265645390643E-02,27.920496655116));
#4172 = CARTESIAN_POINT('',(5.265751303323E-02,27.959276693448));
#4173 = CARTESIAN_POINT('',(5.266334931392E-02,27.998056642133));
#4174 = CARTESIAN_POINT('',(5.26717819675E-02,28.036836036121));
#4175 = CARTESIAN_POINT('',(5.270549992048E-02,28.218929921339));
#4176 = CARTESIAN_POINT('',(5.272598253067E-02,28.362502795745));
#4177 = CARTESIAN_POINT('',(5.267274190938E-02,28.505929890318));
#4178 = CARTESIAN_POINT('',(5.264668725932E-02,28.64928845823));
#4179 = CARTESIAN_POINT('',(5.26490824796E-02,28.792639691116));
#4180 = CARTESIAN_POINT('',(5.26580049148E-02,28.936074688834));
#4181 = CARTESIAN_POINT('',(5.26634273345E-02,29.079663347495));
#4182 = CARTESIAN_POINT('',(5.266212631298E-02,29.311947663101));
#4183 = CARTESIAN_POINT('',(5.265928921011E-02,29.400944621564));
#4184 = CARTESIAN_POINT('',(5.265337721971E-02,29.489931386866));
#4185 = CARTESIAN_POINT('',(5.264549698238E-02,29.578905817113));
#4186 = CARTESIAN_POINT('',(5.263772424669E-02,29.667882410416));
#4187 = CARTESIAN_POINT('',(5.263225004008E-02,29.756875081661));
#4188 = CARTESIAN_POINT('',(5.263054665406E-02,29.845879985094));
#4189 = CARTESIAN_POINT('',(5.263537956222E-02,30.060164735982));
#4190 = CARTESIAN_POINT('',(5.264564848644E-02,30.18561693839));
#4191 = CARTESIAN_POINT('',(5.266363693273E-02,30.310991852615));
#4192 = CARTESIAN_POINT('',(5.268546248112E-02,30.436309171628));
#4193 = CARTESIAN_POINT('',(5.27016611762E-02,30.561620764289));
#4194 = CARTESIAN_POINT('',(5.270661613984E-02,30.686982007856));
#4195 = CARTESIAN_POINT('',(5.270148163029E-02,30.812424182084));
#4196 = CARTESIAN_POINT('',(5.268170102485E-02,31.032561365861));
#4197 = CARTESIAN_POINT('',(5.266966861083E-02,31.127425222106));
#4198 = CARTESIAN_POINT('',(5.265582339218E-02,31.222271869784));
#4199 = CARTESIAN_POINT('',(5.264290638526E-02,31.317102809323));
#4200 = CARTESIAN_POINT('',(5.263374278999E-02,31.411933530359));
#4201 = CARTESIAN_POINT('',(5.262980505267E-02,31.506779203459));
#4202 = CARTESIAN_POINT('',(5.263048635089E-02,31.601640989512));
#4203 = CARTESIAN_POINT('',(5.263780644941E-02,31.784904515012));
#4204 = CARTESIAN_POINT('',(5.264400067787E-02,31.873367164855));
#4205 = CARTESIAN_POINT('',(5.265180120176E-02,31.961817614522));
#4206 = CARTESIAN_POINT('',(5.265890714689E-02,32.050253036234));
#4207 = CARTESIAN_POINT('',(5.266334074813E-02,32.138687667535));
#4208 = CARTESIAN_POINT('',(5.266437490663E-02,32.227136300075));
#4209 = CARTESIAN_POINT('',(5.266281973997E-02,32.315597380724));
#4210 = CARTESIAN_POINT('',(5.266066812538E-02,32.404035724991));
#4211 = ( GEOMETRIC_REPRESENTATION_CONTEXT(2) 
PARAMETRIC_REPRESENTATION_CONTEXT() REPRESENTATION_CONTEXT('2D SPACE',''
  ) );
#4212 = PCURVE('',#4213,#4218);
#4213 = CYLINDRICAL_SURFACE('',#4214,2.425);
#4214 = AXIS2_PLACEMENT_3D('',#4215,#4216,#4217);
#4215 = CARTESIAN_POINT('',(1.570796326795,0.,-1.743934249004E-16));
#4216 = DIRECTION('',(-1.,0.,1.110223024625E-16));
#4217 = DIRECTION('',(1.110223024625E-16,0.,1.));
#4218 = DEFINITIONAL_REPRESENTATION('',(#4219),#4285);
#4219 = B_SPLINE_CURVE_WITH_KNOTS('',8,(#4220,#4221,#4222,#4223,#4224,
    #4225,#4226,#4227,#4228,#4229,#4230,#4231,#4232,#4233,#4234,#4235,
    #4236,#4237,#4238,#4239,#4240,#4241,#4242,#4243,#4244,#4245,#4246,
    #4247,#4248,#4249,#4250,#4251,#4252,#4253,#4254,#4255,#4256,#4257,
    #4258,#4259,#4260,#4261,#4262,#4263,#4264,#4265,#4266,#4267,#4268,
    #4269,#4270,#4271,#4272,#4273,#4274,#4275,#4276,#4277,#4278,#4279,
    #4280,#4281,#4282,#4283,#4284),.UNSPECIFIED.,.F.,.F.,(9,7,7,7,7,7,7,
    7,7,9),(0.,0.174261349046,0.256279491994,0.283748645355,
    0.331668519031,0.508769482343,0.618716549263,0.773552626002,
    0.890721617808,1.),.UNSPECIFIED.);
#4220 = CARTESIAN_POINT('',(0.,6.888442656239));
#4221 = CARTESIAN_POINT('',(0.136823552177,6.92265062977));
#4222 = CARTESIAN_POINT('',(0.273888834219,6.956915200147));
#4223 = CARTESIAN_POINT('',(0.410805728341,6.99113829352));
#4224 = CARTESIAN_POINT('',(0.547639301295,7.025337838104));
#4225 = CARTESIAN_POINT('',(0.68447401808,7.059541426407));
#4226 = CARTESIAN_POINT('',(0.821395351647,7.093773293524));
#4227 = CARTESIAN_POINT('',(0.95846397524,7.128043359343));
#4228 = CARTESIAN_POINT('',(1.159674252451,7.178348129218));
#4229 = CARTESIAN_POINT('',(1.224076254219,7.194449007047));
#4230 = CARTESIAN_POINT('',(1.288476571587,7.210548875649));
#4231 = CARTESIAN_POINT('',(1.352873859954,7.226647093137));
#4232 = CARTESIAN_POINT('',(1.417271018321,7.242744426302));
#4233 = CARTESIAN_POINT('',(1.481671264433,7.258842185024));
#4234 = CARTESIAN_POINT('',(1.54607425945,7.274941092405));
#4235 = CARTESIAN_POINT('',(1.632040182831,7.2964316289));
#4236 = CARTESIAN_POINT('',(1.653606283093,7.301823038513));
#4237 = CARTESIAN_POINT('',(1.675171667148,7.307214422377));
#4238 = CARTESIAN_POINT('',(1.696737094426,7.31260599042));
#4239 = CARTESIAN_POINT('',(1.718302999566,7.317997859613));
#4240 = CARTESIAN_POINT('',(1.739869492418,7.323390053976));
#4241 = CARTESIAN_POINT('',(1.761436358043,7.328782504572));
#4242 = CARTESIAN_POINT('',(1.820626112002,7.343582331516));
#4243 = CARTESIAN_POINT('',(1.858249327693,7.352990842927));
#4244 = CARTESIAN_POINT('',(1.895872604655,7.362399053685));
#4245 = CARTESIAN_POINT('',(1.933495882069,7.371805973875));
#4246 = CARTESIAN_POINT('',(1.971119137434,7.381211153719));
#4247 = CARTESIAN_POINT('',(2.00874238656,7.390614683582));
#4248 = CARTESIAN_POINT('',(2.046365683569,7.400017193966));
#4249 = CARTESIAN_POINT('',(2.223036795341,7.444169955849));
#4250 = CARTESIAN_POINT('',(2.362337046163,7.478984511415));
#4251 = CARTESIAN_POINT('',(2.501474111996,7.513788837909));
#4252 = CARTESIAN_POINT('',(2.640525462479,7.548567278216));
#4253 = CARTESIAN_POINT('',(2.779581268817,7.5833342427));
#4254 = CARTESIAN_POINT('',(2.918728729093,7.618119298412));
#4255 = CARTESIAN_POINT('',(3.058033926675,7.652942815318));
#4256 = CARTESIAN_POINT('',(3.28339425183,7.709280480428));
#4257 = CARTESIAN_POINT('',(3.369739679804,7.73086638037));
#4258 = CARTESIAN_POINT('',(3.456075385286,7.752450856148));
#4259 = CARTESIAN_POINT('',(3.542397988967,7.77403301109));
#4260 = CARTESIAN_POINT('',(3.628720747988,7.795615654009));
#4261 = CARTESIAN_POINT('',(3.715057095899,7.817201412975));
#4262 = CARTESIAN_POINT('',(3.801403830013,7.838788853441));
#4263 = CARTESIAN_POINT('',(4.009286699073,7.89075889219));
#4264 = CARTESIAN_POINT('',(4.130989165176,7.921182020467));
#4265 = CARTESIAN_POINT('',(4.252616551178,7.951583772493));
#4266 = CARTESIAN_POINT('',(4.374190284827,7.981970247796));
#4267 = CARTESIAN_POINT('',(4.495761531264,8.012357252103));
#4268 = CARTESIAN_POINT('',(4.617381840315,8.042760130824));
#4269 = CARTESIAN_POINT('',(4.739079832361,8.073186076996));
#4270 = CARTESIAN_POINT('',(4.952643770358,8.126583928453));
#4271 = CARTESIAN_POINT('',(5.044674157742,8.149595894234));
#4272 = CARTESIAN_POINT('',(5.136686724745,8.172604304197));
#4273 = CARTESIAN_POINT('',(5.228682972944,8.195608588007));
#4274 = CARTESIAN_POINT('',(5.320678664883,8.218611539515));
#4275 = CARTESIAN_POINT('',(5.412689618386,8.241616336255));
#4276 = CARTESIAN_POINT('',(5.504717839111,8.264623466615));
#4277 = CARTESIAN_POINT('',(5.682510840362,8.309068905345));
#4278 = CARTESIAN_POINT('',(5.76833446369,8.330522138184));
#4279 = CARTESIAN_POINT('',(5.854148121204,8.351971864559));
#4280 = CARTESIAN_POINT('',(5.939948815589,8.373418182858));
#4281 = CARTESIAN_POINT('',(6.025749445259,8.394865220292));
#4282 = CARTESIAN_POINT('',(6.111562955897,8.416316812188));
#4283 = CARTESIAN_POINT('',(6.197386457536,8.437772305735));
#4284 = CARTESIAN_POINT('',(6.28318530718,8.459222488193));
#4285 = ( GEOMETRIC_REPRESENTATION_CONTEXT(2) 
PARAMETRIC_REPRESENTATION_CONTEXT() REPRESENTATION_CONTEXT('2D SPACE',''
  ) );
#4286 = ORIENTED_EDGE('',*,*,#4287,.F.);
#4287 = EDGE_CURVE('',#4288,#4074,#4290,.T.);
#4288 = VERTEX_POINT('',#4289);
#4289 = CARTESIAN_POINT('',(-3.746825380291,-5.939536975865E-16,2.425));
#4290 = SURFACE_CURVE('',#4291,(#4357,#4426),.PCURVE_S1.);
#4291 = B_SPLINE_CURVE_WITH_KNOTS('',8,(#4292,#4293,#4294,#4295,#4296,
    #4297,#4298,#4299,#4300,#4301,#4302,#4303,#4304,#4305,#4306,#4307,
    #4308,#4309,#4310,#4311,#4312,#4313,#4314,#4315,#4316,#4317,#4318,
    #4319,#4320,#4321,#4322,#4323,#4324,#4325,#4326,#4327,#4328,#4329,
    #4330,#4331,#4332,#4333,#4334,#4335,#4336,#4337,#4338,#4339,#4340,
    #4341,#4342,#4343,#4344,#4345,#4346,#4347,#4348,#4349,#4350,#4351,
    #4352,#4353,#4354,#4355,#4356),.UNSPECIFIED.,.F.,.F.,(9,7,7,7,7,7,7,
    7,7,9),(0.,0.156138148615,0.322253819413,0.410014909807,
    0.452276905062,0.477906075521,0.647504023349,0.761990109132,
    0.879338787202,1.),.UNSPECIFIED.);
#4292 = CARTESIAN_POINT('',(-3.746825380291,-8.881784197001E-16,2.425));
#4293 = CARTESIAN_POINT('',(-3.77747081259,0.297283603667,2.425));
#4294 = CARTESIAN_POINT('',(-3.808153146229,0.594900482002,
    2.383349135531));
#4295 = CARTESIAN_POINT('',(-3.838818787319,0.885506939194,
    2.299885669397));
#4296 = CARTESIAN_POINT('',(-3.869474736322,1.162321373617,2.17619322804
    ));
#4297 = CARTESIAN_POINT('',(-3.90013194809,1.419063229706,2.014911123439
    ));
#4298 = CARTESIAN_POINT('',(-3.930800345411,1.650041470112,
    1.819788854994));
#4299 = CARTESIAN_POINT('',(-3.961485344268,1.850161810034,
    1.595587713347));
#4300 = CARTESIAN_POINT('',(-4.024736495756,2.191350435871,
    1.085650738673));
#4301 = CARTESIAN_POINT('',(-4.057388170574,2.328317810973,
    0.796165882397));
#4302 = CARTESIAN_POINT('',(-4.090007985446,2.421173423541,
    0.487381839481));
#4303 = CARTESIAN_POINT('',(-4.122609933618,2.467120424731,
    0.167239081051));
#4304 = CARTESIAN_POINT('',(-4.155216836059,2.464797076586,
    -0.156173389777));
#4305 = CARTESIAN_POINT('',(-4.187845855362,2.41446179818,
    -0.474653445371));
#4306 = CARTESIAN_POINT('',(-4.220502743689,2.31782607088,
    -0.779959668965));
#4307 = CARTESIAN_POINT('',(-4.270335356841,2.105711619159,
    -1.214299537012));
#4308 = CARTESIAN_POINT('',(-4.28756315054,2.020554495924,
    -1.358688219534));
#4309 = CARTESIAN_POINT('',(-4.304789303917,1.924103576611,
    -1.496205862312));
#4310 = CARTESIAN_POINT('',(-4.322013388035,1.81701528404,
    -1.625827057295));
#4311 = CARTESIAN_POINT('',(-4.339236962375,1.700047817768,
    -1.746609637222));
#4312 = CARTESIAN_POINT('',(-4.356462252805,1.574053424847,
    -1.85769525536));
#4313 = CARTESIAN_POINT('',(-4.373690195744,1.439978795704,
    -1.958317350628));
#4314 = CARTESIAN_POINT('',(-4.399213950789,1.230923338472,
    -2.090915467441));
#4315 = CARTESIAN_POINT('',(-4.40751039307,1.161338373792,
    -2.131437800995));
#4316 = CARTESIAN_POINT('',(-4.415807308524,1.090233407802,
    -2.169310788878));
#4317 = CARTESIAN_POINT('',(-4.424104622869,1.017726257011,
    -2.204468201528));
#4318 = CARTESIAN_POINT('',(-4.43240205439,0.943937837734,
    -2.236850289684));
#4319 = CARTESIAN_POINT('',(-4.440699113939,0.868992166086,
    -2.266403784391));
#4320 = CARTESIAN_POINT('',(-4.448995104935,0.793016357985,
    -2.293081897002));
#4321 = CARTESIAN_POINT('',(-4.462318909838,0.669520464946,
    -2.331254693425));
#4322 = CARTESIAN_POINT('',(-4.467348171679,0.6225690694,-2.344592970305
    ));
#4323 = CARTESIAN_POINT('',(-4.472377180421,0.575314465282,
    -2.35685035501));
#4324 = CARTESIAN_POINT('',(-4.477406138,0.527785262587,-2.368018929376)
  );
#4325 = CARTESIAN_POINT('',(-4.482435176757,0.480010658537,
    -2.378091651879));
#4326 = CARTESIAN_POINT('',(-4.487464359432,0.432020437579,
    -2.38706235763));
#4327 = CARTESIAN_POINT('',(-4.49249367917,0.383844971388,
    -2.394925758381));
#4328 = CARTESIAN_POINT('',(-4.530804378049,1.569890407841E-02,
    -2.446355898899));
#4329 = CARTESIAN_POINT('',(-4.564145487648,-0.311423263543,
    -2.442432763982));
#4330 = CARTESIAN_POINT('',(-4.597474689334,-0.636416083283,
    -2.388318779099));
#4331 = CARTESIAN_POINT('',(-4.630778818495,-0.950384908513,
    -2.285075831986));
#4332 = CARTESIAN_POINT('',(-4.66407316941,-1.244973033742,
    -2.135216908241));
#4333 = CARTESIAN_POINT('',(-4.697382846557,-1.512492826941,
    -1.942892911039));
#4334 = CARTESIAN_POINT('',(-4.730724065931,-1.745914300262,
    -1.713675344226));
#4335 = CARTESIAN_POINT('',(-4.78648457949,-2.070538531859,
    -1.281019771151));
#4336 = CARTESIAN_POINT('',(-4.808964902816,-2.183497836616,
    -1.093155606286));
#4337 = CARTESIAN_POINT('',(-4.831442677155,-2.276890933247,
    -0.894009954801));
#4338 = CARTESIAN_POINT('',(-4.853918043285,-2.349438876556,
    -0.685987227612));
#4339 = CARTESIAN_POINT('',(-4.876393672638,-2.400222482156,
    -0.47161063365));
#4340 = CARTESIAN_POINT('',(-4.898872160572,-2.428660043052,
    -0.253500569624));
#4341 = CARTESIAN_POINT('',(-4.921353403892,-2.434535326998,
    -3.436889475174E-02));
#4342 = CARTESIAN_POINT('',(-4.966859690166,-2.401224220244,
    0.405797635483));
#4343 = CARTESIAN_POINT('',(-4.989901095673,-2.360895119626,
    0.626905709843));
#4344 = CARTESIAN_POINT('',(-5.012936731649,-2.297296677741,
    0.843311233994));
#4345 = CARTESIAN_POINT('',(-5.035967448439,-2.21111155041,
    1.052163081821));
#4346 = CARTESIAN_POINT('',(-5.058998119163,-2.103404564724,
    1.250774144074));
#4347 = CARTESIAN_POINT('',(-5.082033718794,-1.975589048797,
    1.436622902433));
#4348 = CARTESIAN_POINT('',(-5.10507534154,-1.829447111834,
    1.607380832468));
#4349 = CARTESIAN_POINT('',(-5.151795090714,-1.500351781822,
    1.918945741935));
#4350 = CARTESIAN_POINT('',(-5.175491734192,-1.316342561607,
    2.058897212945));
#4351 = CARTESIAN_POINT('',(-5.199185221071,-1.117525457304,
    2.178564706501));
#4352 = CARTESIAN_POINT('',(-5.22287583623,-0.906545098759,
    2.276164786537));
#4353 = CARTESIAN_POINT('',(-5.246566957503,-0.686234235059,
    2.350338376252));
#4354 = CARTESIAN_POINT('',(-5.270261756304,-0.459584506168,
    2.400124513775));
#4355 = CARTESIAN_POINT('',(-5.293959996941,-0.229743418134,2.425));
#4356 = CARTESIAN_POINT('',(-5.317646329444,1.7763568394E-15,2.425));
#4357 = PCURVE('',#3160,#4358);
#4358 = DEFINITIONAL_REPRESENTATION('',(#4359),#4425);
#4359 = B_SPLINE_CURVE_WITH_KNOTS('',8,(#4360,#4361,#4362,#4363,#4364,
    #4365,#4366,#4367,#4368,#4369,#4370,#4371,#4372,#4373,#4374,#4375,
    #4376,#4377,#4378,#4379,#4380,#4381,#4382,#4383,#4384,#4385,#4386,
    #4387,#4388,#4389,#4390,#4391,#4392,#4393,#4394,#4395,#4396,#4397,
    #4398,#4399,#4400,#4401,#4402,#4403,#4404,#4405,#4406,#4407,#4408,
    #4409,#4410,#4411,#4412,#4413,#4414,#4415,#4416,#4417,#4418,#4419,
    #4420,#4421,#4422,#4423,#4424),.UNSPECIFIED.,.F.,.F.,(9,7,7,7,7,7,7,
    7,7,9),(0.,0.156138148615,0.322253819413,0.410014909807,
    0.452276905062,0.477906075521,0.647504023349,0.761990109132,
    0.879338787202,1.),.UNSPECIFIED.);
#4360 = CARTESIAN_POINT('',(5.269730138044E-02,19.450935352195));
#4361 = CARTESIAN_POINT('',(5.270361607173E-02,19.577298580629));
#4362 = CARTESIAN_POINT('',(5.270178947729E-02,19.703802516124));
#4363 = CARTESIAN_POINT('',(5.268956233006E-02,19.830223010432));
#4364 = CARTESIAN_POINT('',(5.266856076947E-02,19.956591212437));
#4365 = CARTESIAN_POINT('',(5.264718887419E-02,20.08296410052));
#4366 = CARTESIAN_POINT('',(5.263396824212E-02,20.209394562902));
#4367 = CARTESIAN_POINT('',(5.26299199209E-02,20.335906365147));
#4368 = CARTESIAN_POINT('',(5.263520773272E-02,20.596704974712));
#4369 = CARTESIAN_POINT('',(5.264544986872E-02,20.73134567226));
#4370 = CARTESIAN_POINT('',(5.265984184138E-02,20.865860839705));
#4371 = CARTESIAN_POINT('',(5.267127540586E-02,21.000298183367));
#4372 = CARTESIAN_POINT('',(5.266759852275E-02,21.134734719081));
#4373 = CARTESIAN_POINT('',(5.265680605012E-02,21.269252445315));
#4374 = CARTESIAN_POINT('',(5.265346647822E-02,21.403895552141));
#4375 = CARTESIAN_POINT('',(5.266191834623E-02,21.609372557296));
#4376 = CARTESIAN_POINT('',(5.266737799411E-02,21.680412242932));
#4377 = CARTESIAN_POINT('',(5.267541771327E-02,21.751448791162));
#4378 = CARTESIAN_POINT('',(5.268578260961E-02,21.822480075219));
#4379 = CARTESIAN_POINT('',(5.269624758158E-02,21.893509398045));
#4380 = CARTESIAN_POINT('',(5.270286015207E-02,21.964540382658));
#4381 = CARTESIAN_POINT('',(5.270209934817E-02,22.03557194194));
#4382 = CARTESIAN_POINT('',(5.269150811035E-02,22.140794195935));
#4383 = CARTESIAN_POINT('',(5.268640636843E-02,22.174994134228));
#4384 = CARTESIAN_POINT('',(5.26799548042E-02,22.209194126538));
#4385 = CARTESIAN_POINT('',(5.26727951922E-02,22.243394768489));
#4386 = CARTESIAN_POINT('',(5.266590168021E-02,22.277596267521));
#4387 = CARTESIAN_POINT('',(5.266058078921E-02,22.3117984429));
#4388 = CARTESIAN_POINT('',(5.265847141337E-02,22.34600072571));
#4389 = CARTESIAN_POINT('',(5.266340864276E-02,22.400943119021));
#4390 = CARTESIAN_POINT('',(5.266645395892E-02,22.421683576435));
#4391 = CARTESIAN_POINT('',(5.267020903729E-02,22.442423987733));
#4392 = CARTESIAN_POINT('',(5.267428423307E-02,22.46316463795));
#4393 = CARTESIAN_POINT('',(5.267837198796E-02,22.483905640517));
#4394 = CARTESIAN_POINT('',(5.268224683011E-02,22.504646937268));
#4395 = CARTESIAN_POINT('',(5.268576537416E-02,22.525388298432));
#4396 = CARTESIAN_POINT('',(5.270938646495E-02,22.683380551553));
#4397 = CARTESIAN_POINT('',(5.271096024694E-02,22.820851679763));
#4398 = CARTESIAN_POINT('',(5.266549789491E-02,22.958207609848));
#4399 = CARTESIAN_POINT('',(5.264679637401E-02,23.095497770641));
#4400 = CARTESIAN_POINT('',(5.265043515267E-02,23.232779009821));
#4401 = CARTESIAN_POINT('',(5.265901028938E-02,23.370130377818));
#4402 = CARTESIAN_POINT('',(5.26636729424E-02,23.507606299477));
#4403 = CARTESIAN_POINT('',(5.266180698064E-02,23.737510164355));
#4404 = CARTESIAN_POINT('',(5.265843689826E-02,23.830194175904));
#4405 = CARTESIAN_POINT('',(5.265190198252E-02,23.922863230124));
#4406 = CARTESIAN_POINT('',(5.264330729419E-02,24.015519460414));
#4407 = CARTESIAN_POINT('',(5.263534605104E-02,24.108177666191));
#4408 = CARTESIAN_POINT('',(5.263062823297E-02,24.200852216233));
#4409 = CARTESIAN_POINT('',(5.263016192827E-02,24.293544101734));
#4410 = CARTESIAN_POINT('',(5.263742357207E-02,24.481181531558));
#4411 = CARTESIAN_POINT('',(5.264535425769E-02,24.576194825333));
#4412 = CARTESIAN_POINT('',(5.265730792639E-02,24.671189984272));
#4413 = CARTESIAN_POINT('',(5.267160237549E-02,24.766168150422));
#4414 = CARTESIAN_POINT('',(5.268518728707E-02,24.861145129514));
#4415 = CARTESIAN_POINT('',(5.26951360501E-02,24.95613732108));
#4416 = CARTESIAN_POINT('',(5.270006281648E-02,25.051147289101));
#4417 = CARTESIAN_POINT('',(5.269989533582E-02,25.243777514384));
#4418 = CARTESIAN_POINT('',(5.269451428332E-02,25.341473716346));
#4419 = CARTESIAN_POINT('',(5.268385895338E-02,25.439149491302));
#4420 = CARTESIAN_POINT('',(5.266951707295E-02,25.536808245093));
#4421 = CARTESIAN_POINT('',(5.265478256497E-02,25.634468533879));
#4422 = CARTESIAN_POINT('',(5.264296424729E-02,25.732148083668));
#4423 = CARTESIAN_POINT('',(5.263567428609E-02,25.829848188269));
#4424 = CARTESIAN_POINT('',(5.26329077976E-02,25.927505551277));
#4425 = ( GEOMETRIC_REPRESENTATION_CONTEXT(2) 
PARAMETRIC_REPRESENTATION_CONTEXT() REPRESENTATION_CONTEXT('2D SPACE',''
  ) );
#4426 = PCURVE('',#4427,#4432);
#4427 = CYLINDRICAL_SURFACE('',#4428,2.425);
#4428 = AXIS2_PLACEMENT_3D('',#4429,#4430,#4431);
#4429 = CARTESIAN_POINT('',(1.570796326795,0.,-1.743934249004E-16));
#4430 = DIRECTION('',(-1.,0.,1.110223024625E-16));
#4431 = DIRECTION('',(1.110223024625E-16,0.,1.));
#4432 = DEFINITIONAL_REPRESENTATION('',(#4433),#4499);
#4433 = B_SPLINE_CURVE_WITH_KNOTS('',8,(#4434,#4435,#4436,#4437,#4438,
    #4439,#4440,#4441,#4442,#4443,#4444,#4445,#4446,#4447,#4448,#4449,
    #4450,#4451,#4452,#4453,#4454,#4455,#4456,#4457,#4458,#4459,#4460,
    #4461,#4462,#4463,#4464,#4465,#4466,#4467,#4468,#4469,#4470,#4471,
    #4472,#4473,#4474,#4475,#4476,#4477,#4478,#4479,#4480,#4481,#4482,
    #4483,#4484,#4485,#4486,#4487,#4488,#4489,#4490,#4491,#4492,#4493,
    #4494,#4495,#4496,#4497,#4498),.UNSPECIFIED.,.F.,.F.,(9,7,7,7,7,7,7,
    7,7,9),(0.,0.156138148615,0.322253819413,0.410014909807,
    0.452276905062,0.477906075521,0.647504023349,0.761990109132,
    0.879338787202,1.),.UNSPECIFIED.);
#4434 = CARTESIAN_POINT('',(0.,5.317621707086));
#4435 = CARTESIAN_POINT('',(0.12259117677,5.348267139385));
#4436 = CARTESIAN_POINT('',(0.245319509662,5.378949473024));
#4437 = CARTESIAN_POINT('',(0.367966312809,5.409615114113));
#4438 = CARTESIAN_POINT('',(0.490560059055,5.440271063116));
#4439 = CARTESIAN_POINT('',(0.613155056801,5.470928274885));
#4440 = CARTESIAN_POINT('',(0.735805193717,5.501596672206));
#4441 = CARTESIAN_POINT('',(0.858536187854,5.532281671062));
#4442 = CARTESIAN_POINT('',(1.111547100025,5.595532822551));
#4443 = CARTESIAN_POINT('',(1.242170743522,5.628184497369));
#4444 = CARTESIAN_POINT('',(1.372677404794,5.660804312241));
#4445 = CARTESIAN_POINT('',(1.503112752909,5.693406260412));
#4446 = CARTESIAN_POINT('',(1.633546773447,5.726013162854));
#4447 = CARTESIAN_POINT('',(1.764050092226,5.758642182157));
#4448 = CARTESIAN_POINT('',(1.894666465694,5.791299070484));
#4449 = CARTESIAN_POINT('',(2.093993065729,5.841131683636));
#4450 = CARTESIAN_POINT('',(2.162905419409,5.858359477334));
#4451 = CARTESIAN_POINT('',(2.231814484439,5.875585630712));
#4452 = CARTESIAN_POINT('',(2.300719385347,5.89280971483));
#4453 = CARTESIAN_POINT('',(2.369624597631,5.91003328917));
#4454 = CARTESIAN_POINT('',(2.438534523454,5.9272585796));
#4455 = CARTESIAN_POINT('',(2.507448077012,5.944486522539));
#4456 = CARTESIAN_POINT('',(2.60953508404,5.970010277584));
#4457 = CARTESIAN_POINT('',(2.642716840483,5.978306719865));
#4458 = CARTESIAN_POINT('',(2.675898606679,5.986603635319));
#4459 = CARTESIAN_POINT('',(2.709080398752,5.994900949664));
#4460 = CARTESIAN_POINT('',(2.742262191153,6.003198381185));
#4461 = CARTESIAN_POINT('',(2.775443916658,6.011495440734));
#4462 = CARTESIAN_POINT('',(2.808625466372,6.01979143173));
#4463 = CARTESIAN_POINT('',(2.861928958548,6.033115236633));
#4464 = CARTESIAN_POINT('',(2.882051149388,6.038144498474));
#4465 = CARTESIAN_POINT('',(2.902173599597,6.043173507216));
#4466 = CARTESIAN_POINT('',(2.922296490086,6.048202464795));
#4467 = CARTESIAN_POINT('',(2.94241984533,6.053231503552));
#4468 = CARTESIAN_POINT('',(2.962543533367,6.058260686227));
#4469 = CARTESIAN_POINT('',(2.982667265801,6.063290005965));
#4470 = CARTESIAN_POINT('',(3.135954322918,6.101600704844));
#4471 = CARTESIAN_POINT('',(3.269328273914,6.134941814443));
#4472 = CARTESIAN_POINT('',(3.402571323678,6.168271016129));
#4473 = CARTESIAN_POINT('',(3.535738760572,6.201575145289));
#4474 = CARTESIAN_POINT('',(3.668908090884,6.234869496204));
#4475 = CARTESIAN_POINT('',(3.802155140329,6.268179173352));
#4476 = CARTESIAN_POINT('',(3.935530468939,6.301520392726));
#4477 = CARTESIAN_POINT('',(4.158581606181,6.357280906285));
#4478 = CARTESIAN_POINT('',(4.248504312295,6.379761229611));
#4479 = CARTESIAN_POINT('',(4.338412546176,6.40223900395));
#4480 = CARTESIAN_POINT('',(4.428306880723,6.42471437008));
#4481 = CARTESIAN_POINT('',(4.51820089497,6.447189999433));
#4482 = CARTESIAN_POINT('',(4.608108634655,6.469668487367));
#4483 = CARTESIAN_POINT('',(4.698031731723,6.492149730687));
#4484 = CARTESIAN_POINT('',(4.88006274062,6.537656016961));
#4485 = CARTESIAN_POINT('',(4.972236343991,6.560697422468));
#4486 = CARTESIAN_POINT('',(5.06439232582,6.583733058444));
#4487 = CARTESIAN_POINT('',(5.156532700538,6.606763775234));
#4488 = CARTESIAN_POINT('',(5.248673228314,6.629794445958));
#4489 = CARTESIAN_POINT('',(5.340829604961,6.652830045589));
#4490 = CARTESIAN_POINT('',(5.433003680064,6.675871668335));
#4491 = CARTESIAN_POINT('',(5.619883994535,6.722591417509));
#4492 = CARTESIAN_POINT('',(5.714663900831,6.746288060987));
#4493 = CARTESIAN_POINT('',(5.809423270845,6.769981547866));
#4494 = CARTESIAN_POINT('',(5.904164777693,6.793672163025));
#4495 = CARTESIAN_POINT('',(5.998906366409,6.817363284298));
#4496 = CARTESIAN_POINT('',(6.093665904595,6.841058083099));
#4497 = CARTESIAN_POINT('',(6.18844575331,6.864756323736));
#4498 = CARTESIAN_POINT('',(6.28318530718,6.888442656239));
#4499 = ( GEOMETRIC_REPRESENTATION_CONTEXT(2) 
PARAMETRIC_REPRESENTATION_CONTEXT() REPRESENTATION_CONTEXT('2D SPACE',''
  ) );
#4500 = ORIENTED_EDGE('',*,*,#4501,.F.);
#4501 = EDGE_CURVE('',#4502,#4288,#4504,.T.);
#4502 = VERTEX_POINT('',#4503);
#4503 = CARTESIAN_POINT('',(-2.176047341932,-5.939536975865E-16,2.425));
#4504 = SURFACE_CURVE('',#4505,(#4557,#4612),.PCURVE_S1.);
#4505 = B_SPLINE_CURVE_WITH_KNOTS('',8,(#4506,#4507,#4508,#4509,#4510,
    #4511,#4512,#4513,#4514,#4515,#4516,#4517,#4518,#4519,#4520,#4521,
    #4522,#4523,#4524,#4525,#4526,#4527,#4528,#4529,#4530,#4531,#4532,
    #4533,#4534,#4535,#4536,#4537,#4538,#4539,#4540,#4541,#4542,#4543,
    #4544,#4545,#4546,#4547,#4548,#4549,#4550,#4551,#4552,#4553,#4554,
    #4555,#4556),.UNSPECIFIED.,.F.,.F.,(9,7,7,7,7,7,7,9),(0.,
    0.183189386105,0.361939382514,0.546405791934,0.618864204269,
    0.691680745809,0.809276457065,1.),.UNSPECIFIED.);
#4506 = CARTESIAN_POINT('',(-2.176047341932,-8.881784197001E-16,2.425));
#4507 = CARTESIAN_POINT('',(-2.211996953682,0.348691281873,2.425));
#4508 = CARTESIAN_POINT('',(-2.248023387899,0.698141720928,
    2.367698124862));
#4509 = CARTESIAN_POINT('',(-2.283997431824,1.036112763024,
    2.252665610556));
#4510 = CARTESIAN_POINT('',(-2.319940401228,1.351732220205,
    2.083105947305));
#4511 = CARTESIAN_POINT('',(-2.355882338656,1.635166444922,
    1.863940166346));
#4512 = CARTESIAN_POINT('',(-2.391854887394,1.877907549334,
    1.602142986301));
#4513 = CARTESIAN_POINT('',(-2.427881373118,2.072599401388,
    1.306346841128));
#4514 = CARTESIAN_POINT('',(-2.498913825524,2.353258004035,
    0.677174681725));
#4515 = CARTESIAN_POINT('',(-2.534067567664,2.442317005341,
    0.343601606416));
#4516 = CARTESIAN_POINT('',(-2.569180095064,2.476874758973,
    -2.635042956918E-03));
#4517 = CARTESIAN_POINT('',(-2.604266909312,2.455435078771,
    -0.351122505668));
#4518 = CARTESIAN_POINT('',(-2.639346099775,2.378347056909,
    -0.691653921048));
#4519 = CARTESIAN_POINT('',(-2.674443729345,2.248134718685,
    -1.014331936538));
#4520 = CARTESIAN_POINT('',(-2.709583822484,2.069153102943,
    -1.309579282063));
#4521 = CARTESIAN_POINT('',(-2.780850157196,1.62182468241,
    -1.836736243321));
#4522 = CARTESIAN_POINT('',(-2.817125820994,1.349833879368,
    -2.067460099466));
#4523 = CARTESIAN_POINT('',(-2.853355751733,1.040790640465,
    -2.251361504308));
#4524 = CARTESIAN_POINT('',(-2.889563635174,0.70439151039,
    -2.382110048564));
#4525 = CARTESIAN_POINT('',(-2.925771272236,0.350986540538,
    -2.455336829971));
#4526 = CARTESIAN_POINT('',(-2.961986179624,-8.372451267291E-03,
    -2.469083959212));
#4527 = CARTESIAN_POINT('',(-2.99825949361,-0.362102011952,
    -2.423384715326));
#4528 = CARTESIAN_POINT('',(-3.048679831229,-0.830426708745,
    -2.282550889253));
#4529 = CARTESIAN_POINT('',(-3.062903593619,-0.959933869352,
    -2.234244467844));
#4530 = CARTESIAN_POINT('',(-3.077118258898,-1.086206433436,
    -2.177546333103));
#4531 = CARTESIAN_POINT('',(-3.091358350051,-1.208602148109,
    -2.11271710292));
#4532 = CARTESIAN_POINT('',(-3.105563267564,-1.326519724064,
    -2.040072168718));
#4533 = CARTESIAN_POINT('',(-3.119776948377,-1.439395993462,
    -1.959963701522));
#4534 = CARTESIAN_POINT('',(-3.133991382354,-1.546677764094,
    -1.872815178795));
#4535 = CARTESIAN_POINT('',(-3.162493012699,-1.749556530377,
    -1.684900372043));
#4536 = CARTESIAN_POINT('',(-3.176780459299,-1.845092447336,
    -1.584069326404));
#4537 = CARTESIAN_POINT('',(-3.191069555107,-1.933964441932,
    -1.477069397961));
#4538 = CARTESIAN_POINT('',(-3.205360173542,-2.015713252085,
    -1.364415050168));
#4539 = CARTESIAN_POINT('',(-3.219652139554,-2.08992803092,
    -1.246658153894));
#4540 = CARTESIAN_POINT('',(-3.233945162662,-2.156246771532,
    -1.124385960733));
#4541 = CARTESIAN_POINT('',(-3.248238476295,-2.214359868855,
    -0.998220968292));
#4542 = CARTESIAN_POINT('',(-3.285610700981,-2.344210744455,
    -0.659849774835));
#4543 = CARTESIAN_POINT('',(-3.308698585193,-2.402390241734,
    -0.442339388561));
#4544 = CARTESIAN_POINT('',(-3.331779483805,-2.437441979236,
    -0.219110999348));
#4545 = CARTESIAN_POINT('',(-3.354854150443,-2.448760419999,
    6.950853895801E-03));
#4546 = CARTESIAN_POINT('',(-3.377927997413,-2.436159049542,
    0.23294560892));
#4547 = CARTESIAN_POINT('',(-3.401006362353,-2.399840349829,
    0.455973621642));
#4548 = CARTESIAN_POINT('',(-3.424090088192,-2.34042552738,
    0.673153117035));
#4549 = CARTESIAN_POINT('',(-3.484591893389,-2.127057352451,
    1.219852810162));
#4550 = CARTESIAN_POINT('',(-3.522115868756,-1.936870299156,
    1.536323323921));
#4551 = CARTESIAN_POINT('',(-3.55958066988,-1.693046349052,
    1.817885597162));
#4552 = CARTESIAN_POINT('',(-3.597013095676,-1.403613599356,
    2.054534750834));
#4553 = CARTESIAN_POINT('',(-3.634437121122,-1.077928183793,
    2.238121352939));
#4554 = CARTESIAN_POINT('',(-3.671888564843,-0.726984854316,
    2.362890452361));
#4555 = CARTESIAN_POINT('',(-3.709403164101,-0.36302347371,2.425));
#4556 = CARTESIAN_POINT('',(-3.746825380291,-8.881784197001E-16,2.425));
#4557 = PCURVE('',#3160,#4558);
#4558 = DEFINITIONAL_REPRESENTATION('',(#4559),#4611);
#4559 = B_SPLINE_CURVE_WITH_KNOTS('',8,(#4560,#4561,#4562,#4563,#4564,
    #4565,#4566,#4567,#4568,#4569,#4570,#4571,#4572,#4573,#4574,#4575,
    #4576,#4577,#4578,#4579,#4580,#4581,#4582,#4583,#4584,#4585,#4586,
    #4587,#4588,#4589,#4590,#4591,#4592,#4593,#4594,#4595,#4596,#4597,
    #4598,#4599,#4600,#4601,#4602,#4603,#4604,#4605,#4606,#4607,#4608,
    #4609,#4610),.UNSPECIFIED.,.F.,.F.,(9,7,7,7,7,7,7,9),(0.,
    0.183189386105,0.361939382514,0.546405791934,0.618864204269,
    0.691680745809,0.809276457065,1.),.UNSPECIFIED.);
#4560 = CARTESIAN_POINT('',(5.263561179491E-02,12.974364892397));
#4561 = CARTESIAN_POINT('',(5.262842228009E-02,13.122578835318));
#4562 = CARTESIAN_POINT('',(5.262788942579E-02,13.271118880082));
#4563 = CARTESIAN_POINT('',(5.264035344985E-02,13.419461178833));
#4564 = CARTESIAN_POINT('',(5.266842017559E-02,13.567697280747));
#4565 = CARTESIAN_POINT('',(5.269605149022E-02,13.715928515825));
#4566 = CARTESIAN_POINT('',(5.270760317414E-02,13.864263367639));
#4567 = CARTESIAN_POINT('',(5.270403070615E-02,14.012799353159));
#4568 = CARTESIAN_POINT('',(5.267913813099E-02,14.305638675392));
#4569 = CARTESIAN_POINT('',(5.265820894059E-02,14.450551855283));
#4570 = CARTESIAN_POINT('',(5.263453407617E-02,14.595291243918));
#4571 = CARTESIAN_POINT('',(5.261902910649E-02,14.739936095776));
#4572 = CARTESIAN_POINT('',(5.262407447166E-02,14.884578393639));
#4573 = CARTESIAN_POINT('',(5.263872649162E-02,15.029310218256));
#4574 = CARTESIAN_POINT('',(5.265133058688E-02,15.174214246674));
#4575 = CARTESIAN_POINT('',(5.266547146132E-02,15.468072744609));
#4576 = CARTESIAN_POINT('',(5.266666733456E-02,15.617642818664));
#4577 = CARTESIAN_POINT('',(5.265762643185E-02,15.767009944608));
#4578 = CARTESIAN_POINT('',(5.264348468604E-02,15.916278998914));
#4579 = CARTESIAN_POINT('',(5.264348974636E-02,16.065566918091));
#4580 = CARTESIAN_POINT('',(5.269562882741E-02,16.214958078256));
#4581 = CARTESIAN_POINT('',(5.270962282807E-02,16.364536449178));
#4582 = CARTESIAN_POINT('',(5.26898924496E-02,16.572397099484));
#4583 = CARTESIAN_POINT('',(5.26757851837E-02,16.631023349072));
#4584 = CARTESIAN_POINT('',(5.268455650023E-02,16.689644241903));
#4585 = CARTESIAN_POINT('',(5.261670273403E-02,16.748262285995));
#4586 = CARTESIAN_POINT('',(5.266957081896E-02,16.806904957567));
#4587 = CARTESIAN_POINT('',(5.267196180453E-02,16.865512824973));
#4588 = CARTESIAN_POINT('',(5.26848159884E-02,16.924138501832));
#4589 = CARTESIAN_POINT('',(5.269965555577E-02,17.0416745885));
#4590 = CARTESIAN_POINT('',(5.270302934657E-02,17.100587981188));
#4591 = CARTESIAN_POINT('',(5.27010379801E-02,17.159500634004));
#4592 = CARTESIAN_POINT('',(5.269507688396E-02,17.218413986056));
#4593 = CARTESIAN_POINT('',(5.268730353625E-02,17.277330347525));
#4594 = CARTESIAN_POINT('',(5.267947597863E-02,17.336250991332));
#4595 = CARTESIAN_POINT('',(5.267256409284E-02,17.395174119811));
#4596 = CARTESIAN_POINT('',(5.265836368435E-02,17.549243793622));
#4597 = CARTESIAN_POINT('',(5.265339186155E-02,17.644430591928));
#4598 = CARTESIAN_POINT('',(5.265450064286E-02,17.739597133026));
#4599 = CARTESIAN_POINT('',(5.265947331678E-02,17.834743409018));
#4600 = CARTESIAN_POINT('',(5.266399190103E-02,17.929885667294));
#4601 = CARTESIAN_POINT('',(5.266501815913E-02,18.025041645822));
#4602 = CARTESIAN_POINT('',(5.266264143184E-02,18.120214945643));
#4603 = CARTESIAN_POINT('',(5.265014974943E-02,18.369652724271));
#4604 = CARTESIAN_POINT('',(5.263619734918E-02,18.524348430699));
#4605 = CARTESIAN_POINT('',(5.262060766751E-02,18.678797854578));
#4606 = CARTESIAN_POINT('',(5.261863131093E-02,18.833132922556));
#4607 = CARTESIAN_POINT('',(5.264193639039E-02,18.987468883363));
#4608 = CARTESIAN_POINT('',(5.266968284268E-02,19.141924134133));
#4609 = CARTESIAN_POINT('',(5.268959028861E-02,19.29662876559));
#4610 = CARTESIAN_POINT('',(5.269730138044E-02,19.450935352195));
#4611 = ( GEOMETRIC_REPRESENTATION_CONTEXT(2) 
PARAMETRIC_REPRESENTATION_CONTEXT() REPRESENTATION_CONTEXT('2D SPACE',''
  ) );
#4612 = PCURVE('',#4613,#4618);
#4613 = CYLINDRICAL_SURFACE('',#4614,2.425);
#4614 = AXIS2_PLACEMENT_3D('',#4615,#4616,#4617);
#4615 = CARTESIAN_POINT('',(1.570796326795,0.,-1.743934249004E-16));
#4616 = DIRECTION('',(-1.,0.,1.110223024625E-16));
#4617 = DIRECTION('',(1.110223024625E-16,0.,1.));
#4618 = DEFINITIONAL_REPRESENTATION('',(#4619),#4671);
#4619 = B_SPLINE_CURVE_WITH_KNOTS('',8,(#4620,#4621,#4622,#4623,#4624,
    #4625,#4626,#4627,#4628,#4629,#4630,#4631,#4632,#4633,#4634,#4635,
    #4636,#4637,#4638,#4639,#4640,#4641,#4642,#4643,#4644,#4645,#4646,
    #4647,#4648,#4649,#4650,#4651,#4652,#4653,#4654,#4655,#4656,#4657,
    #4658,#4659,#4660,#4661,#4662,#4663,#4664,#4665,#4666,#4667,#4668,
    #4669,#4670),.UNSPECIFIED.,.F.,.F.,(9,7,7,7,7,7,7,9),(0.,
    0.183189386105,0.361939382514,0.546405791934,0.618864204269,
    0.691680745809,0.809276457065,1.),.UNSPECIFIED.);
#4620 = CARTESIAN_POINT('',(0.,3.746843668727));
#4621 = CARTESIAN_POINT('',(0.143790219329,3.782793280477));
#4622 = CARTESIAN_POINT('',(0.2878923445,3.818819714694));
#4623 = CARTESIAN_POINT('',(0.431798908518,3.854793758619));
#4624 = CARTESIAN_POINT('',(0.575603188641,3.890736728023));
#4625 = CARTESIAN_POINT('',(0.719408842716,3.926678665451));
#4626 = CARTESIAN_POINT('',(0.863317409689,3.962651214189));
#4627 = CARTESIAN_POINT('',(1.007420321934,3.998677699913));
#4628 = CARTESIAN_POINT('',(1.29151585939,4.069710152319));
#4629 = CARTESIAN_POINT('',(1.432100209344,4.104863894459));
#4630 = CARTESIAN_POINT('',(1.572512981711,4.139976421859));
#4631 = CARTESIAN_POINT('',(1.712831555719,4.175063236107));
#4632 = CARTESIAN_POINT('',(1.853150588766,4.21014242657));
#4633 = CARTESIAN_POINT('',(1.993564639215,4.24524005614));
#4634 = CARTESIAN_POINT('',(2.134150633783,4.280380149279));
#4635 = CARTESIAN_POINT('',(2.419253066591,4.35164648399));
#4636 = CARTESIAN_POINT('',(2.564366854368,4.387922147788));
#4637 = CARTESIAN_POINT('',(2.709278492449,4.424152078528));
#4638 = CARTESIAN_POINT('',(2.854084787832,4.460359961968));
#4639 = CARTESIAN_POINT('',(2.998890077036,4.496567599031));
#4640 = CARTESIAN_POINT('',(3.143801734161,4.532782506419));
#4641 = CARTESIAN_POINT('',(3.288915953228,4.569055820405));
#4642 = CARTESIAN_POINT('',(3.490582803909,4.619476158024));
#4643 = CARTESIAN_POINT('',(3.547462000005,4.633699920414));
#4644 = CARTESIAN_POINT('',(3.60434071442,4.647914585693));
#4645 = CARTESIAN_POINT('',(3.661215058278,4.662154676846));
#4646 = CARTESIAN_POINT('',(3.718086890482,4.676359594359));
#4647 = CARTESIAN_POINT('',(3.77496415316,4.690573275172));
#4648 = CARTESIAN_POINT('',(3.831841275499,4.704787709149));
#4649 = CARTESIAN_POINT('',(3.945876447967,4.733289339494));
#4650 = CARTESIAN_POINT('',(4.003034123086,4.747576786094));
#4651 = CARTESIAN_POINT('',(4.060189076312,4.761865881902));
#4652 = CARTESIAN_POINT('',(4.117342427078,4.776156500337));
#4653 = CARTESIAN_POINT('',(4.174496701535,4.790448466349));
#4654 = CARTESIAN_POINT('',(4.231653748709,4.804741489457));
#4655 = CARTESIAN_POINT('',(4.288812537585,4.81903480309));
#4656 = CARTESIAN_POINT('',(4.438268668242,4.856407027776));
#4657 = CARTESIAN_POINT('',(4.530604932178,4.879494911988));
#4658 = CARTESIAN_POINT('',(4.622923872326,4.9025758106));
#4659 = CARTESIAN_POINT('',(4.71522750594,4.925650477238));
#4660 = CARTESIAN_POINT('',(4.807531433889,4.948724324208));
#4661 = CARTESIAN_POINT('',(4.899851250396,4.971802689148));
#4662 = CARTESIAN_POINT('',(4.992188807066,4.994886414987));
#4663 = CARTESIAN_POINT('',(5.234193588809,5.055388220184));
#4664 = CARTESIAN_POINT('',(5.384278645114,5.092912195551));
#4665 = CARTESIAN_POINT('',(5.534118688866,5.130376996675));
#4666 = CARTESIAN_POINT('',(5.683838542531,5.167809422471));
#4667 = CARTESIAN_POINT('',(5.833558789518,5.205233447917));
#4668 = CARTESIAN_POINT('',(5.983399321591,5.242684891637));
#4669 = CARTESIAN_POINT('',(6.13348490565,5.280199490896));
#4670 = CARTESIAN_POINT('',(6.28318530718,5.317621707086));
#4671 = ( GEOMETRIC_REPRESENTATION_CONTEXT(2) 
PARAMETRIC_REPRESENTATION_CONTEXT() REPRESENTATION_CONTEXT('2D SPACE',''
  ) );
#4672 = ORIENTED_EDGE('',*,*,#4673,.F.);
#4673 = EDGE_CURVE('',#3107,#4502,#4674,.T.);
#4674 = SURFACE_CURVE('',#4675,(#4727,#4782),.PCURVE_S1.);
#4675 = B_SPLINE_CURVE_WITH_KNOTS('',8,(#4676,#4677,#4678,#4679,#4680,
    #4681,#4682,#4683,#4684,#4685,#4686,#4687,#4688,#4689,#4690,#4691,
    #4692,#4693,#4694,#4695,#4696,#4697,#4698,#4699,#4700,#4701,#4702,
    #4703,#4704,#4705,#4706,#4707,#4708,#4709,#4710,#4711,#4712,#4713,
    #4714,#4715,#4716,#4717,#4718,#4719,#4720,#4721,#4722,#4723,#4724,
    #4725,#4726),.UNSPECIFIED.,.F.,.F.,(9,7,7,7,7,7,7,9),(0.,
    0.170369508225,0.320356508057,0.499026507704,0.67851355075,
    0.750634520036,0.824320138941,1.),.UNSPECIFIED.);
#4676 = CARTESIAN_POINT('',(-0.605249771057,0.,2.425));
#4677 = CARTESIAN_POINT('',(-0.638685788269,0.324310256969,2.425));
#4678 = CARTESIAN_POINT('',(-0.672172674645,0.649153710863,
    2.375431547573));
#4679 = CARTESIAN_POINT('',(-0.705624017288,0.964829249706,
    2.276013450054));
#4680 = CARTESIAN_POINT('',(-0.739059345286,1.262556410807,
    2.129069228035));
#4681 = CARTESIAN_POINT('',(-0.772500205673,1.534305982757,
    1.938311663412));
#4682 = CARTESIAN_POINT('',(-0.805961478198,1.772972433667,
    1.708998248264));
#4683 = CARTESIAN_POINT('',(-0.839454529545,1.972286524765,
    1.447715947684));
#4684 = CARTESIAN_POINT('',(-0.902319379065,2.264779230993,
    0.912639765157));
#4685 = CARTESIAN_POINT('',(-0.931779565456,2.368151405929,
    0.643445180441));
#4686 = CARTESIAN_POINT('',(-0.961221156343,2.434728521229,
    0.361192657836));
#4687 = CARTESIAN_POINT('',(-0.990649517982,2.462791927113,
    7.180504295132E-02));
#4688 = CARTESIAN_POINT('',(-1.020078718505,2.451635185164,
    -0.218723105106));
#4689 = CARTESIAN_POINT('',(-1.049522362099,2.401617929972,
    -0.504368092486));
#4690 = CARTESIAN_POINT('',(-1.078985765615,2.314109939185,
    -0.779124224166));
#4691 = CARTESIAN_POINT('',(-1.143489785517,2.046528150959,
    -1.344626359942));
#4692 = CARTESIAN_POINT('',(-1.178629564363,1.851494269493,
    -1.629349657496));
#4693 = CARTESIAN_POINT('',(-1.213728230346,1.611389874419,
    -1.880992507758));
#4694 = CARTESIAN_POINT('',(-1.248801238056,1.333132806986,
    -2.091646537832));
#4695 = CARTESIAN_POINT('',(-1.283866639593,1.024685365016,
    -2.254935526016));
#4696 = CARTESIAN_POINT('',(-1.318950426725,0.695189864133,
    -2.366331921192));
#4697 = CARTESIAN_POINT('',(-1.354076562079,0.354737206901,
    -2.422903781741));
#4698 = CARTESIAN_POINT('',(-1.424353928917,-0.327029832312,
    -2.42701732281));
#4699 = CARTESIAN_POINT('',(-1.459643902174,-0.669697565513,
    -2.374067349477));
#4700 = CARTESIAN_POINT('',(-1.494894943135,-1.001927985612,
    -2.265663391562));
#4701 = CARTESIAN_POINT('',(-1.530126445696,-1.313459854414,
    -2.104661405834));
#4702 = CARTESIAN_POINT('',(-1.565358075463,-1.594971688603,
    -1.895561326238));
#4703 = CARTESIAN_POINT('',(-1.600597234611,-1.83833322613,-1.6447556936
    ));
#4704 = CARTESIAN_POINT('',(-1.635883776813,-2.036465505715,
    -1.36020798211));
#4705 = CARTESIAN_POINT('',(-1.685261206244,-2.244317999453,
    -0.928713626146));
#4706 = CARTESIAN_POINT('',(-1.69941796163,-2.295901035125,
    -0.801161248479));
#4707 = CARTESIAN_POINT('',(-1.713573585492,-2.339186889506,
    -0.670361839852));
#4708 = CARTESIAN_POINT('',(-1.727732786782,-2.373940988617,
    -0.5369345897));
#4709 = CARTESIAN_POINT('',(-1.741895884828,-2.399983656317,
    -0.401562463702));
#4710 = CARTESIAN_POINT('',(-1.756036849768,-2.417202612004,
    -0.264862463575));
#4711 = CARTESIAN_POINT('',(-1.770187566009,-2.425533119856,
    -0.12753026798));
#4712 = CARTESIAN_POINT('',(-1.798794165686,-2.424415577973,
    0.150035831629));
#4713 = CARTESIAN_POINT('',(-1.813252491357,-2.414577624498,
    0.29027411262));
#4714 = CARTESIAN_POINT('',(-1.82771257819,-2.395468724387,
    0.429752792303));
#4715 = CARTESIAN_POINT('',(-1.842174301681,-2.367160802371,
    0.567758326762));
#4716 = CARTESIAN_POINT('',(-1.856637483277,-2.329789469105,
    0.70358989324));
#4717 = CARTESIAN_POINT('',(-1.871101879034,-2.283551818594,
    0.836561052679));
#4718 = CARTESIAN_POINT('',(-1.885566862516,-2.228708022137,
    0.966002362177));
#4719 = CARTESIAN_POINT('',(-1.934515453198,-2.01509409934,
    1.389913603464));
#4720 = CARTESIAN_POINT('',(-1.969064014861,-1.817243178232,
    1.665415587392));
#4721 = CARTESIAN_POINT('',(-2.003565696819,-1.576550813862,
    1.908035006521));
#4722 = CARTESIAN_POINT('',(-2.038040107685,-1.299727287575,
    2.110386011223));
#4723 = CARTESIAN_POINT('',(-2.072519414964,-0.994451566652,
    2.26653244971));
#4724 = CARTESIAN_POINT('',(-2.107023694498,-0.669482590657,
    2.372286028062));
#4725 = CARTESIAN_POINT('',(-2.141566816025,-0.33444196454,2.425));
#4726 = CARTESIAN_POINT('',(-2.176047341932,-8.881784197001E-16,2.425));
#4727 = PCURVE('',#3160,#4728);
#4728 = DEFINITIONAL_REPRESENTATION('',(#4729),#4781);
#4729 = B_SPLINE_CURVE_WITH_KNOTS('',8,(#4730,#4731,#4732,#4733,#4734,
    #4735,#4736,#4737,#4738,#4739,#4740,#4741,#4742,#4743,#4744,#4745,
    #4746,#4747,#4748,#4749,#4750,#4751,#4752,#4753,#4754,#4755,#4756,
    #4757,#4758,#4759,#4760,#4761,#4762,#4763,#4764,#4765,#4766,#4767,
    #4768,#4769,#4770,#4771,#4772,#4773,#4774,#4775,#4776,#4777,#4778,
    #4779,#4780),.UNSPECIFIED.,.F.,.F.,(9,7,7,7,7,7,7,9),(0.,
    0.170369508225,0.320356508057,0.499026507704,0.67851355075,
    0.750634520036,0.824320138941,1.),.UNSPECIFIED.);
#4730 = CARTESIAN_POINT('',(5.265691306128E-02,6.497830526182));
#4731 = CARTESIAN_POINT('',(5.265647970484E-02,6.635690147847));
#4732 = CARTESIAN_POINT('',(5.266307786001E-02,6.773769389929));
#4733 = CARTESIAN_POINT('',(5.267084245171E-02,6.911703720655));
#4734 = CARTESIAN_POINT('',(5.266518914729E-02,7.049553164951));
#4735 = CARTESIAN_POINT('',(5.264775576132E-02,7.187408865154));
#4736 = CARTESIAN_POINT('',(5.263387872079E-02,7.325353724545));
#4737 = CARTESIAN_POINT('',(5.262891747213E-02,7.46344214086));
#4738 = CARTESIAN_POINT('',(5.263658569563E-02,7.722651331828));
#4739 = CARTESIAN_POINT('',(5.264716764929E-02,7.844133663038));
#4740 = CARTESIAN_POINT('',(5.266466269776E-02,7.965549038087));
#4741 = CARTESIAN_POINT('',(5.26852857029E-02,8.086914263317));
#4742 = CARTESIAN_POINT('',(5.270074743284E-02,8.208275694136));
#4743 = CARTESIAN_POINT('',(5.270599815686E-02,8.329682325594));
#4744 = CARTESIAN_POINT('',(5.270178355977E-02,8.451157127545));
#4745 = CARTESIAN_POINT('',(5.267926212508E-02,8.717082365189));
#4746 = CARTESIAN_POINT('',(5.265836400722E-02,8.861938016616));
#4747 = CARTESIAN_POINT('',(5.263467328053E-02,9.006620230871));
#4748 = CARTESIAN_POINT('',(5.261908675409E-02,9.151208042301));
#4749 = CARTESIAN_POINT('',(5.262401162617E-02,9.295793317637));
#4750 = CARTESIAN_POINT('',(5.263860753189E-02,9.44046798956));
#4751 = CARTESIAN_POINT('',(5.265122400998E-02,9.585314485959));
#4752 = CARTESIAN_POINT('',(5.266525929615E-02,9.875095216504));
#4753 = CARTESIAN_POINT('',(5.266665698353E-02,10.020601467959));
#4754 = CARTESIAN_POINT('',(5.26584158686E-02,10.165933651902));
#4755 = CARTESIAN_POINT('',(5.264510950468E-02,10.311178158685));
#4756 = CARTESIAN_POINT('',(5.264338867152E-02,10.45643947127));
#4757 = CARTESIAN_POINT('',(5.268742455544E-02,10.60179613084));
#4758 = CARTESIAN_POINT('',(5.270630018167E-02,10.747312797686));
#4759 = CARTESIAN_POINT('',(5.26946831575E-02,10.950884829184));
#4760 = CARTESIAN_POINT('',(5.268415362077E-02,11.009239829651));
#4761 = CARTESIAN_POINT('',(5.268460922355E-02,11.067605602292));
#4762 = CARTESIAN_POINT('',(5.264744069694E-02,11.125933251339));
#4763 = CARTESIAN_POINT('',(5.264248515243E-02,11.184322236466));
#4764 = CARTESIAN_POINT('',(5.266887223631E-02,11.242664010704));
#4765 = CARTESIAN_POINT('',(5.267780135143E-02,11.301021456655));
#4766 = CARTESIAN_POINT('',(5.269658161887E-02,11.418995880888));
#4767 = CARTESIAN_POINT('',(5.270281898995E-02,11.478617850263));
#4768 = CARTESIAN_POINT('',(5.270319012839E-02,11.538238837198));
#4769 = CARTESIAN_POINT('',(5.269867254008E-02,11.597859702049));
#4770 = CARTESIAN_POINT('',(5.269147340416E-02,11.657482810405));
#4771 = CARTESIAN_POINT('',(5.268357385839E-02,11.717109940576));
#4772 = CARTESIAN_POINT('',(5.267617810698E-02,11.776740201994));
#4773 = CARTESIAN_POINT('',(5.265549820134E-02,11.97853134984));
#4774 = CARTESIAN_POINT('',(5.264804653208E-02,12.12096824685));
#4775 = CARTESIAN_POINT('',(5.265800660035E-02,12.263236322857));
#4776 = CARTESIAN_POINT('',(5.267331864034E-02,12.405399478452));
#4777 = CARTESIAN_POINT('',(5.266860349203E-02,12.547554678011));
#4778 = CARTESIAN_POINT('',(5.265558699329E-02,12.689801174789));
#4779 = CARTESIAN_POINT('',(5.264250750922E-02,12.8322077327));
#4780 = CARTESIAN_POINT('',(5.263561179491E-02,12.974364892397));
#4781 = ( GEOMETRIC_REPRESENTATION_CONTEXT(2) 
PARAMETRIC_REPRESENTATION_CONTEXT() REPRESENTATION_CONTEXT('2D SPACE',''
  ) );
#4782 = PCURVE('',#3336,#4783);
#4783 = DEFINITIONAL_REPRESENTATION('',(#4784),#4836);
#4784 = B_SPLINE_CURVE_WITH_KNOTS('',8,(#4785,#4786,#4787,#4788,#4789,
    #4790,#4791,#4792,#4793,#4794,#4795,#4796,#4797,#4798,#4799,#4800,
    #4801,#4802,#4803,#4804,#4805,#4806,#4807,#4808,#4809,#4810,#4811,
    #4812,#4813,#4814,#4815,#4816,#4817,#4818,#4819,#4820,#4821,#4822,
    #4823,#4824,#4825,#4826,#4827,#4828,#4829,#4830,#4831,#4832,#4833,
    #4834,#4835),.UNSPECIFIED.,.F.,.F.,(9,7,7,7,7,7,7,9),(0.,
    0.170369508225,0.320356508057,0.499026507704,0.67851355075,
    0.750634520036,0.824320138941,1.),.UNSPECIFIED.);
#4785 = CARTESIAN_POINT('',(0.,2.176046097851));
#4786 = CARTESIAN_POINT('',(0.133736188441,2.209482115064));
#4787 = CARTESIAN_POINT('',(0.267691645097,2.24296900144));
#4788 = CARTESIAN_POINT('',(0.401515626945,2.276420344083));
#4789 = CARTESIAN_POINT('',(0.535262932827,2.309855672081));
#4790 = CARTESIAN_POINT('',(0.669011962776,2.343296532468));
#4791 = CARTESIAN_POINT('',(0.802841664377,2.376757804993));
#4792 = CARTESIAN_POINT('',(0.936806326119,2.41025085634));
#4793 = CARTESIAN_POINT('',(1.188271076874,2.473115705859));
#4794 = CARTESIAN_POINT('',(1.306122353201,2.502575892251));
#4795 = CARTESIAN_POINT('',(1.423908733754,2.532017483137));
#4796 = CARTESIAN_POINT('',(1.541648535743,2.561445844777));
#4797 = CARTESIAN_POINT('',(1.659387402051,2.5908750453));
#4798 = CARTESIAN_POINT('',(1.777171017502,2.620318688894));
#4799 = CARTESIAN_POINT('',(1.895020097281,2.649782092409));
#4800 = CARTESIAN_POINT('',(2.153005186652,2.714286112311));
#4801 = CARTESIAN_POINT('',(2.293533742555,2.749425891158));
#4802 = CARTESIAN_POINT('',(2.433891064767,2.784524557141));
#4803 = CARTESIAN_POINT('',(2.574154306167,2.819597564851));
#4804 = CARTESIAN_POINT('',(2.714417987058,2.854662966388));
#4805 = CARTESIAN_POINT('',(2.85477653725,2.88974675352));
#4806 = CARTESIAN_POINT('',(2.995306679826,2.924872888874));
#4807 = CARTESIAN_POINT('',(3.276452844332,2.995150255712));
#4808 = CARTESIAN_POINT('',(3.417623890429,3.030440228969));
#4809 = CARTESIAN_POINT('',(3.558621356135,3.06569126993));
#4810 = CARTESIAN_POINT('',(3.699524182513,3.100922772491));
#4811 = CARTESIAN_POINT('',(3.840426021589,3.136154402258));
#4812 = CARTESIAN_POINT('',(3.981423306807,3.171393561406));
#4813 = CARTESIAN_POINT('',(4.122593832169,3.206680103608));
#4814 = CARTESIAN_POINT('',(4.320097667716,3.256057533039));
#4815 = CARTESIAN_POINT('',(4.376716583222,3.270214288425));
#4816 = CARTESIAN_POINT('',(4.433333334562,3.284369912286));
#4817 = CARTESIAN_POINT('',(4.489953028674,3.298529113577));
#4818 = CARTESIAN_POINT('',(4.546562531412,3.312692211623));
#4819 = CARTESIAN_POINT('',(4.60318119616,3.326833176563));
#4820 = CARTESIAN_POINT('',(4.65979873115,3.340983892804));
#4821 = CARTESIAN_POINT('',(4.774259906133,3.369590492481));
#4822 = CARTESIAN_POINT('',(4.832105946949,3.384048818152));
#4823 = CARTESIAN_POINT('',(4.889949230902,3.398508904985));
#4824 = CARTESIAN_POINT('',(4.947790049932,3.412970628476));
#4825 = CARTESIAN_POINT('',(5.005630817199,3.427433810072));
#4826 = CARTESIAN_POINT('',(5.063473809228,3.441898205828));
#4827 = CARTESIAN_POINT('',(5.121318890002,3.456363189311));
#4828 = CARTESIAN_POINT('',(5.317067800729,3.505311779993));
#4829 = CARTESIAN_POINT('',(5.455237883684,3.539860341656));
#4830 = CARTESIAN_POINT('',(5.593250961523,3.574362023614));
#4831 = CARTESIAN_POINT('',(5.731177187337,3.608836434481));
#4832 = CARTESIAN_POINT('',(5.869101032945,3.643315741759));
#4833 = CARTESIAN_POINT('',(6.007110812248,3.677820021293));
#4834 = CARTESIAN_POINT('',(6.145271094998,3.71236314282));
#4835 = CARTESIAN_POINT('',(6.28318530718,3.746843668727));
#4836 = ( GEOMETRIC_REPRESENTATION_CONTEXT(2) 
PARAMETRIC_REPRESENTATION_CONTEXT() REPRESENTATION_CONTEXT('2D SPACE',''
  ) );
#4837 = ADVANCED_FACE('',(#4838),#3336,.T.);
#4838 = FACE_BOUND('',#4839,.T.);
#4839 = EDGE_LOOP('',(#4840,#4841,#4864,#5031,#5052));
#4840 = ORIENTED_EDGE('',*,*,#4673,.T.);
#4841 = ORIENTED_EDGE('',*,*,#4842,.T.);
#4842 = EDGE_CURVE('',#4502,#4843,#4845,.T.);
#4843 = VERTEX_POINT('',#4844);
#4844 = CARTESIAN_POINT('',(-2.536359488059,-5.939536975865E-16,2.425));
#4845 = SURFACE_CURVE('',#4846,(#4850,#4857),.PCURVE_S1.);
#4846 = LINE('',#4847,#4848);
#4847 = CARTESIAN_POINT('',(1.570796326795,-5.939536975865E-16,2.425));
#4848 = VECTOR('',#4849,1.);
#4849 = DIRECTION('',(-1.,0.,1.110223024625E-16));
#4850 = PCURVE('',#3336,#4851);
#4851 = DEFINITIONAL_REPRESENTATION('',(#4852),#4856);
#4852 = LINE('',#4853,#4854);
#4853 = CARTESIAN_POINT('',(6.28318530718,-0.));
#4854 = VECTOR('',#4855,1.);
#4855 = DIRECTION('',(0.,1.));
#4856 = ( GEOMETRIC_REPRESENTATION_CONTEXT(2) 
PARAMETRIC_REPRESENTATION_CONTEXT() REPRESENTATION_CONTEXT('2D SPACE',''
  ) );
#4857 = PCURVE('',#4613,#4858);
#4858 = DEFINITIONAL_REPRESENTATION('',(#4859),#4863);
#4859 = LINE('',#4860,#4861);
#4860 = CARTESIAN_POINT('',(0.,-0.));
#4861 = VECTOR('',#4862,1.);
#4862 = DIRECTION('',(0.,1.));
#4863 = ( GEOMETRIC_REPRESENTATION_CONTEXT(2) 
PARAMETRIC_REPRESENTATION_CONTEXT() REPRESENTATION_CONTEXT('2D SPACE',''
  ) );
#4864 = ORIENTED_EDGE('',*,*,#4865,.F.);
#4865 = EDGE_CURVE('',#4866,#4843,#4868,.T.);
#4866 = VERTEX_POINT('',#4867);
#4867 = CARTESIAN_POINT('',(-0.965540565664,-5.939536975865E-16,2.425));
#4868 = SURFACE_CURVE('',#4869,(#4921,#4976),.PCURVE_S1.);
#4869 = B_SPLINE_CURVE_WITH_KNOTS('',8,(#4870,#4871,#4872,#4873,#4874,
    #4875,#4876,#4877,#4878,#4879,#4880,#4881,#4882,#4883,#4884,#4885,
    #4886,#4887,#4888,#4889,#4890,#4891,#4892,#4893,#4894,#4895,#4896,
    #4897,#4898,#4899,#4900,#4901,#4902,#4903,#4904,#4905,#4906,#4907,
    #4908,#4909,#4910,#4911,#4912,#4913,#4914,#4915,#4916,#4917,#4918,
    #4919,#4920),.UNSPECIFIED.,.F.,.F.,(9,7,7,7,7,7,7,9),(0.,
    0.186065290494,0.37541893981,0.567979578613,0.60380396733,
    0.741194914273,0.863917722304,1.),.UNSPECIFIED.);
#4870 = CARTESIAN_POINT('',(-0.965540565664,8.881784197001E-16,2.425));
#4871 = CARTESIAN_POINT('',(-1.002049353473,0.35417188067,2.425));
#4872 = CARTESIAN_POINT('',(-1.038646694372,0.709176365147,
    2.365882580595));
#4873 = CARTESIAN_POINT('',(-1.075195976253,1.05212601449,2.247170354781
    ));
#4874 = CARTESIAN_POINT('',(-1.111724063235,1.371636153744,
    2.072306333397));
#4875 = CARTESIAN_POINT('',(-1.14825166815,1.657442602057,1.846518582038
    ));
#4876 = CARTESIAN_POINT('',(-1.184800502137,1.900716484778,
    1.577214140096));
#4877 = CARTESIAN_POINT('',(-1.221397363284,2.093844322723,
    1.273531271646));
#4878 = CARTESIAN_POINT('',(-1.295060573264,2.373061551689,
    0.615725484165));
#4879 = CARTESIAN_POINT('',(-1.332306926178,2.457895555983,
    0.259164253345));
#4880 = CARTESIAN_POINT('',(-1.369492648362,2.480893138694,
    -0.10980216016));
#4881 = CARTESIAN_POINT('',(-1.406652624603,2.440813312118,
    -0.478682512232));
#4882 = CARTESIAN_POINT('',(-1.443820222007,2.338595294559,
    -0.835373617897));
#4883 = CARTESIAN_POINT('',(-1.481017769477,2.177944006953,
    -1.168311663404));
#4884 = CARTESIAN_POINT('',(-1.518271681411,1.964734925216,
    -1.466411154628));
#4885 = CARTESIAN_POINT('',(-1.59321874532,1.448964516082,
    -1.978758419052));
#4886 = CARTESIAN_POINT('',(-1.631104019336,1.14360030536,
    -2.192842057711));
#4887 = CARTESIAN_POINT('',(-1.668923465845,0.802723995836,
    -2.352140250374));
#4888 = CARTESIAN_POINT('',(-1.706713962817,0.438089055017,
    -2.450623567021));
#4889 = CARTESIAN_POINT('',(-1.744519285048,6.192351802004E-02,
    -2.484568315824));
#4890 = CARTESIAN_POINT('',(-1.782370639985,-0.313029672174,
    -2.453244230016));
#4891 = CARTESIAN_POINT('',(-1.820250992868,-0.673662388052,
    -2.358211150637));
#4892 = CARTESIAN_POINT('',(-1.865054447333,-1.069137458572,
    -2.177663971937));
#4893 = CARTESIAN_POINT('',(-1.872081841494,-1.130261824721,
    -2.147349564396));
#4894 = CARTESIAN_POINT('',(-1.879109575041,-1.190401208904,
    -2.115075597703));
#4895 = CARTESIAN_POINT('',(-1.886138148115,-1.249482164513,
    -2.080879662468));
#4896 = CARTESIAN_POINT('',(-1.893167762915,-1.307433077005,
    -2.04480265343));
#4897 = CARTESIAN_POINT('',(-1.900198323697,-1.364184163909,
    -2.006888769459));
#4898 = CARTESIAN_POINT('',(-1.907229436777,-1.419667474826,
    -1.967185513556));
#4899 = CARTESIAN_POINT('',(-1.941225061578,-1.681486579284,
    -1.766809201754));
#4900 = CARTESIAN_POINT('',(-1.968211113951,-1.86971286375,
    -1.582169213489));
#4901 = CARTESIAN_POINT('',(-1.995174665406,-2.034548033131,
    -1.374751713689));
#4902 = CARTESIAN_POINT('',(-2.022127857587,-2.172853638889,
    -1.14809411517));
#4903 = CARTESIAN_POINT('',(-2.049084798361,-2.282164413,-0.906117923483
    ));
#4904 = CARTESIAN_POINT('',(-2.076052664298,-2.360631981635,
    -0.653069246259));
#4905 = CARTESIAN_POINT('',(-2.10303234742,-2.407102451844,
    -0.393531636037));
#4906 = CARTESIAN_POINT('',(-2.154075297704,-2.434136935794,
    0.100819070925));
#4907 = CARTESIAN_POINT('',(-2.178168150942,-2.421221451236,
    0.33556251279));
#4908 = CARTESIAN_POINT('',(-2.20225451806,-2.382409329828,
    0.568362674032));
#4909 = CARTESIAN_POINT('',(-2.22633407055,-2.318078110146,
    0.795886210682));
#4910 = CARTESIAN_POINT('',(-2.250411849432,-2.229081563984,1.014942151)
  );
#4911 = CARTESIAN_POINT('',(-2.27449393971,-2.116705624178,
    1.222488484395));
#4912 = CARTESIAN_POINT('',(-2.298582381157,-1.982697541039,
    1.415662454377));
#4913 = CARTESIAN_POINT('',(-2.349361894347,-1.659326292958,
    1.787275103359));
#4914 = CARTESIAN_POINT('',(-2.376081458494,-1.465330142084,
    1.962044341537));
#4915 = CARTESIAN_POINT('',(-2.402793956027,-1.250447528619,
    2.112544423467));
#4916 = CARTESIAN_POINT('',(-2.429501802887,-1.018289858176,
    2.235943149726));
#4917 = CARTESIAN_POINT('',(-2.456211527175,-0.772801703223,
    2.330073630234));
#4918 = CARTESIAN_POINT('',(-2.482928854606,-0.518207493547,
    2.393381153529));
#4919 = CARTESIAN_POINT('',(-2.509654220762,-0.259016830194,2.425));
#4920 = CARTESIAN_POINT('',(-2.536359488059,8.881784197001E-16,2.425));
#4921 = PCURVE('',#3336,#4922);
#4922 = DEFINITIONAL_REPRESENTATION('',(#4923),#4975);
#4923 = B_SPLINE_CURVE_WITH_KNOTS('',8,(#4924,#4925,#4926,#4927,#4928,
    #4929,#4930,#4931,#4932,#4933,#4934,#4935,#4936,#4937,#4938,#4939,
    #4940,#4941,#4942,#4943,#4944,#4945,#4946,#4947,#4948,#4949,#4950,
    #4951,#4952,#4953,#4954,#4955,#4956,#4957,#4958,#4959,#4960,#4961,
    #4962,#4963,#4964,#4965,#4966,#4967,#4968,#4969,#4970,#4971,#4972,
    #4973,#4974),.UNSPECIFIED.,.F.,.F.,(9,7,7,7,7,7,7,9),(0.,
    0.186065290494,0.37541893981,0.567979578613,0.60380396733,
    0.741194914273,0.863917722304,1.),.UNSPECIFIED.);
#4924 = CARTESIAN_POINT('',(0.,2.536336892459));
#4925 = CARTESIAN_POINT('',(0.14605026007,2.572845680268));
#4926 = CARTESIAN_POINT('',(0.292442559005,2.609443021167));
#4927 = CARTESIAN_POINT('',(0.438620107781,2.645992303048));
#4928 = CARTESIAN_POINT('',(0.584687511562,2.68252039003));
#4929 = CARTESIAN_POINT('',(0.730755495555,2.719047994944));
#4930 = CARTESIAN_POINT('',(0.876933162915,2.755596828932));
#4931 = CARTESIAN_POINT('',(1.023324594101,2.792193690079));
#4932 = CARTESIAN_POINT('',(1.318010071621,2.865856900059));
#4933 = CARTESIAN_POINT('',(1.467024626077,2.903103252973));
#4934 = CARTESIAN_POINT('',(1.615799016944,2.940288975157));
#4935 = CARTESIAN_POINT('',(1.76445457134,2.977448951398));
#4936 = CARTESIAN_POINT('',(1.913108340777,3.014616548802));
#4937 = CARTESIAN_POINT('',(2.061879337498,3.051814096272));
#4938 = CARTESIAN_POINT('',(2.210887232307,3.089068008206));
#4939 = CARTESIAN_POINT('',(2.510678163617,3.164015072115));
#4940 = CARTESIAN_POINT('',(2.662230218417,3.201900346131));
#4941 = CARTESIAN_POINT('',(2.813524753793,3.23971979264));
#4942 = CARTESIAN_POINT('',(2.964694360063,3.277510289612));
#4943 = CARTESIAN_POINT('',(3.115863391818,3.315315611843));
#4944 = CARTESIAN_POINT('',(3.267155996382,3.35316696678));
#4945 = CARTESIAN_POINT('',(3.418712700682,3.391047319662));
#4946 = CARTESIAN_POINT('',(3.597986428332,3.435850774128));
#4947 = CARTESIAN_POINT('',(3.626107349787,3.442878168289));
#4948 = CARTESIAN_POINT('',(3.654228342944,3.449905901836));
#4949 = CARTESIAN_POINT('',(3.682349308782,3.456934474909));
#4950 = CARTESIAN_POINT('',(3.710470090158,3.46396408971));
#4951 = CARTESIAN_POINT('',(3.7385904718,3.470994650492));
#4952 = CARTESIAN_POINT('',(3.766710180311,3.478025763572));
#4953 = CARTESIAN_POINT('',(3.902667579746,3.512021388373));
#4954 = CARTESIAN_POINT('',(4.01058152589,3.539007440746));
#4955 = CARTESIAN_POINT('',(4.118454901233,3.565970992201));
#4956 = CARTESIAN_POINT('',(4.226295358498,3.592924184382));
#4957 = CARTESIAN_POINT('',(4.33413522089,3.619881125156));
#4958 = CARTESIAN_POINT('',(4.442007245272,3.646848991093));
#4959 = CARTESIAN_POINT('',(4.549919830236,3.673828674215));
#4960 = CARTESIAN_POINT('',(4.754080395396,3.724871624499));
#4961 = CARTESIAN_POINT('',(4.850446592466,3.748964477737));
#4962 = CARTESIAN_POINT('',(4.946791264291,3.773050844855));
#4963 = CARTESIAN_POINT('',(5.043117313793,3.797130397345));
#4964 = CARTESIAN_POINT('',(5.139443675006,3.821208176227));
#4965 = CARTESIAN_POINT('',(5.235789631295,3.845290266505));
#4966 = CARTESIAN_POINT('',(5.332158453176,3.869378707952));
#4967 = CARTESIAN_POINT('',(5.535296728459,3.920158221142));
#4968 = CARTESIAN_POINT('',(5.642178890569,3.946877785288));
#4969 = CARTESIAN_POINT('',(5.749022087791,3.973590282822));
#4970 = CARTESIAN_POINT('',(5.855834528846,4.000298129682));
#4971 = CARTESIAN_POINT('',(5.962647351258,4.02700785397));
#4972 = CARTESIAN_POINT('',(6.069491445945,4.053725181401));
#4973 = CARTESIAN_POINT('',(6.176374243182,4.080450547557));
#4974 = CARTESIAN_POINT('',(6.28318530718,4.107155814854));
#4975 = ( GEOMETRIC_REPRESENTATION_CONTEXT(2) 
PARAMETRIC_REPRESENTATION_CONTEXT() REPRESENTATION_CONTEXT('2D SPACE',''
  ) );
#4976 = PCURVE('',#3429,#4977);
#4977 = DEFINITIONAL_REPRESENTATION('',(#4978),#5030);
#4978 = B_SPLINE_CURVE_WITH_KNOTS('',8,(#4979,#4980,#4981,#4982,#4983,
    #4984,#4985,#4986,#4987,#4988,#4989,#4990,#4991,#4992,#4993,#4994,
    #4995,#4996,#4997,#4998,#4999,#5000,#5001,#5002,#5003,#5004,#5005,
    #5006,#5007,#5008,#5009,#5010,#5011,#5012,#5013,#5014,#5015,#5016,
    #5017,#5018,#5019,#5020,#5021,#5022,#5023,#5024,#5025,#5026,#5027,
    #5028,#5029),.UNSPECIFIED.,.F.,.F.,(9,7,7,7,7,7,7,9),(0.,
    0.186065290494,0.37541893981,0.567979578613,0.60380396733,
    0.741194914273,0.863917722304,1.),.UNSPECIFIED.);
#4979 = CARTESIAN_POINT('',(1.144562098327,12.931849016588));
#4980 = CARTESIAN_POINT('',(1.14457090655,13.082390983307));
#4981 = CARTESIAN_POINT('',(1.144574388559,13.233290578766));
#4982 = CARTESIAN_POINT('',(1.144565116968,13.383974099004));
#4983 = CARTESIAN_POINT('',(1.144537976231,13.534545118674));
#4984 = CARTESIAN_POINT('',(1.144508111471,13.685110322621));
#4985 = CARTESIAN_POINT('',(1.144493780058,13.835784885506));
#4986 = CARTESIAN_POINT('',(1.144495186502,13.986679586078));
#4987 = CARTESIAN_POINT('',(1.144518305076,14.290433270404));
#4988 = CARTESIAN_POINT('',(1.144540425311,14.444035003515));
#4989 = CARTESIAN_POINT('',(1.14456667243,14.59739254929));
#4990 = CARTESIAN_POINT('',(1.144583975699,14.750631372907));
#4991 = CARTESIAN_POINT('',(1.144575608623,14.90386554448));
#4992 = CARTESIAN_POINT('',(1.144558143825,15.057210418188));
#4993 = CARTESIAN_POINT('',(1.144545412964,15.210794341201));
#4994 = CARTESIAN_POINT('',(1.14453405726,15.5197930437));
#4995 = CARTESIAN_POINT('',(1.14453572194,15.67600036952));
#4996 = CARTESIAN_POINT('',(1.144547162038,15.83195001911));
#4997 = CARTESIAN_POINT('',(1.144560459287,15.987782916577));
#4998 = CARTESIAN_POINT('',(1.144546572535,16.143638738102));
#4999 = CARTESIAN_POINT('',(1.14447472982,16.299602911002));
#5000 = CARTESIAN_POINT('',(1.144490438128,16.45580968218));
#5001 = CARTESIAN_POINT('',(1.144523726392,16.640585837799));
#5002 = CARTESIAN_POINT('',(1.144530355225,16.66956984179));
#5003 = CARTESIAN_POINT('',(1.14453638058,16.698554397027));
#5004 = CARTESIAN_POINT('',(1.144540425833,16.727539631058));
#5005 = CARTESIAN_POINT('',(1.144541748459,16.756525334092));
#5006 = CARTESIAN_POINT('',(1.144540240039,16.785510959002));
#5007 = CARTESIAN_POINT('',(1.144536426253,16.814495621326));
#5008 = CARTESIAN_POINT('',(1.144512447091,16.954629474937));
#5009 = CARTESIAN_POINT('',(1.144481271744,17.065852008136));
#5010 = CARTESIAN_POINT('',(1.144490901039,17.17703911101));
#5011 = CARTESIAN_POINT('',(1.144515575505,17.288204644692));
#5012 = CARTESIAN_POINT('',(1.144533742132,17.399376488664));
#5013 = CARTESIAN_POINT('',(1.144542617434,17.510580321006));
#5014 = CARTESIAN_POINT('',(1.144544224901,17.621822663261));
#5015 = CARTESIAN_POINT('',(1.144541421751,17.832274199418));
#5016 = CARTESIAN_POINT('',(1.144537625372,17.931606243037));
#5017 = CARTESIAN_POINT('',(1.144534101038,18.030911926004));
#5018 = CARTESIAN_POINT('',(1.144534780614,18.130195419356));
#5019 = CARTESIAN_POINT('',(1.144540437194,18.22947859419));
#5020 = CARTESIAN_POINT('',(1.144548834201,18.328783396523));
#5021 = CARTESIAN_POINT('',(1.144556911984,18.428113936785));
#5022 = CARTESIAN_POINT('',(1.144568813539,18.63749995871));
#5023 = CARTESIAN_POINT('',(1.144572062622,18.747672109938));
#5024 = CARTESIAN_POINT('',(1.144569431395,18.857806861092));
#5025 = CARTESIAN_POINT('',(1.144558896084,18.967911329306));
#5026 = CARTESIAN_POINT('',(1.144542725864,19.078015619542));
#5027 = CARTESIAN_POINT('',(1.144525886076,19.188150317382));
#5028 = CARTESIAN_POINT('',(1.144512717538,19.298323318998));
#5029 = CARTESIAN_POINT('',(1.144505210108,19.408421406524));
#5030 = ( GEOMETRIC_REPRESENTATION_CONTEXT(2) 
PARAMETRIC_REPRESENTATION_CONTEXT() REPRESENTATION_CONTEXT('2D SPACE',''
  ) );
#5031 = ORIENTED_EDGE('',*,*,#5032,.F.);
#5032 = EDGE_CURVE('',#3320,#4866,#5033,.T.);
#5033 = SURFACE_CURVE('',#5034,(#5038,#5045),.PCURVE_S1.);
#5034 = LINE('',#5035,#5036);
#5035 = CARTESIAN_POINT('',(1.570796326795,-5.939536975865E-16,2.425));
#5036 = VECTOR('',#5037,1.);
#5037 = DIRECTION('',(-1.,0.,1.110223024625E-16));
#5038 = PCURVE('',#3336,#5039);
#5039 = DEFINITIONAL_REPRESENTATION('',(#5040),#5044);
#5040 = LINE('',#5041,#5042);
#5041 = CARTESIAN_POINT('',(0.,-0.));
#5042 = VECTOR('',#5043,1.);
#5043 = DIRECTION('',(0.,1.));
#5044 = ( GEOMETRIC_REPRESENTATION_CONTEXT(2) 
PARAMETRIC_REPRESENTATION_CONTEXT() REPRESENTATION_CONTEXT('2D SPACE',''
  ) );
#5045 = PCURVE('',#3365,#5046);
#5046 = DEFINITIONAL_REPRESENTATION('',(#5047),#5051);
#5047 = LINE('',#5048,#5049);
#5048 = CARTESIAN_POINT('',(6.28318530718,-0.));
#5049 = VECTOR('',#5050,1.);
#5050 = DIRECTION('',(0.,1.));
#5051 = ( GEOMETRIC_REPRESENTATION_CONTEXT(2) 
PARAMETRIC_REPRESENTATION_CONTEXT() REPRESENTATION_CONTEXT('2D SPACE',''
  ) );
#5052 = ORIENTED_EDGE('',*,*,#3319,.T.);
#5053 = ADVANCED_FACE('',(#5054),#3365,.T.);
#5054 = FACE_BOUND('',#5055,.T.);
#5055 = EDGE_LOOP('',(#5056,#5057,#5058));
#5056 = ORIENTED_EDGE('',*,*,#3348,.T.);
#5057 = ORIENTED_EDGE('',*,*,#5032,.T.);
#5058 = ORIENTED_EDGE('',*,*,#5059,.F.);
#5059 = EDGE_CURVE('',#3349,#4866,#5060,.T.);
#5060 = SURFACE_CURVE('',#5061,(#5127,#5147),.PCURVE_S1.);
#5061 = B_SPLINE_CURVE_WITH_KNOTS('',8,(#5062,#5063,#5064,#5065,#5066,
    #5067,#5068,#5069,#5070,#5071,#5072,#5073,#5074,#5075,#5076,#5077,
    #5078,#5079,#5080,#5081,#5082,#5083,#5084,#5085,#5086,#5087,#5088,
    #5089,#5090,#5091,#5092,#5093,#5094,#5095,#5096,#5097,#5098,#5099,
    #5100,#5101,#5102,#5103,#5104,#5105,#5106,#5107,#5108,#5109,#5110,
    #5111,#5112,#5113,#5114,#5115,#5116,#5117,#5118,#5119,#5120,#5121,
    #5122,#5123,#5124,#5125,#5126),.UNSPECIFIED.,.F.,.F.,(9,7,7,7,7,7,7,
    7,7,9),(0.,0.177865347221,0.325582855766,0.516683460357,
    0.626141570199,0.701264805889,0.741705508696,0.786286689952,
    0.888738509446,1.),.UNSPECIFIED.);
#5062 = CARTESIAN_POINT('',(0.605243696673,0.,2.425));
#5063 = CARTESIAN_POINT('',(0.570331609389,0.338633755319,2.425));
#5064 = CARTESIAN_POINT('',(0.53535035824,0.677923960547,2.370956240948)
  );
#5065 = CARTESIAN_POINT('',(0.500411596278,1.006736350246,2.262507783809
    ));
#5066 = CARTESIAN_POINT('',(0.465502525593,1.315093347306,2.102464321881
    ));
#5067 = CARTESIAN_POINT('',(0.430597267201,1.593930251899,1.895219820953
    ));
#5068 = CARTESIAN_POINT('',(0.395665503998,1.835330868059,1.646997992215
    ));
#5069 = CARTESIAN_POINT('',(0.360686971789,2.03238767932,1.365537408499)
  );
#5070 = CARTESIAN_POINT('',(0.296780162275,2.303601834232,0.808166637321
    ));
#5071 = CARTESIAN_POINT('',(0.267755016932,2.393253996343,0.538734915338
    ));
#5072 = CARTESIAN_POINT('',(0.238742512148,2.446691615986,0.258255336917
    ));
#5073 = CARTESIAN_POINT('',(0.209740626751,2.462518176807,
    -2.754643494276E-02));
#5074 = CARTESIAN_POINT('',(0.180741574966,2.440299872137,
    -0.312916864138));
#5075 = CARTESIAN_POINT('',(0.151735858519,2.380605694434,
    -0.592117921035));
#5076 = CARTESIAN_POINT('',(0.122718013243,2.284957988137,
    -0.859470090026));
#5077 = CARTESIAN_POINT('',(5.6222647403E-02,1.989804497767,
    -1.433067385154));
#5078 = CARTESIAN_POINT('',(1.8622993897E-02,1.767419873823,
    -1.728890491641));
#5079 = CARTESIAN_POINT('',(-1.891402134E-02,1.495061410439,
    -1.984251278896));
#5080 = CARTESIAN_POINT('',(-5.6425075685E-02,1.181820702342,
    -2.1899742629));
#5081 = CARTESIAN_POINT('',(-9.3944230492E-02,0.837918440343,
    -2.338878660448));
#5082 = CARTESIAN_POINT('',(-0.131493680742,0.474967077611,
    -2.426363075618));
#5083 = CARTESIAN_POINT('',(-0.169102090198,0.105626727109,
    -2.449867348184));
#5084 = CARTESIAN_POINT('',(-0.228095331925,-0.463415851804,
    -2.389414540305));
#5085 = CARTESIAN_POINT('',(-0.249584643619,-0.668545372,-2.347038658333
    ));
#5086 = CARTESIAN_POINT('',(-0.271070636766,-0.86914693426,
    -2.284542126668));
#5087 = CARTESIAN_POINT('',(-0.292553475637,-1.062925568584,
    -2.202517663512));
#5088 = CARTESIAN_POINT('',(-0.314037510706,-1.247706204073,
    -2.101850697664));
#5089 = CARTESIAN_POINT('',(-0.335526864029,-1.421442773879,
    -1.983693607892));
#5090 = CARTESIAN_POINT('',(-0.357020924462,-1.582243901319,
    -1.849474808734));
#5091 = CARTESIAN_POINT('',(-0.393257954665,-1.828735357851,
    -1.599002187661));
#5092 = CARTESIAN_POINT('',(-0.40800775925,-1.9221926379,-1.490291109169
    ));
#5093 = CARTESIAN_POINT('',(-0.422757185984,-2.008242430697,
    -1.375358945512));
#5094 = CARTESIAN_POINT('',(-0.437505391816,-2.086404768172,
    -1.254799366559));
#5095 = CARTESIAN_POINT('',(-0.452251973444,-2.156259698126,
    -1.129244426889));
#5096 = CARTESIAN_POINT('',(-0.46699661185,-2.217446433489,
    -0.999361122823));
#5097 = CARTESIAN_POINT('',(-0.481739059075,-2.269666243485,
    -0.865850293412));
#5098 = CARTESIAN_POINT('',(-0.504414594874,-2.335849351293,
    -0.656019051976));
#5099 = CARTESIAN_POINT('',(-0.51234887027,-2.356345215531,
    -0.581749702358));
#5100 = CARTESIAN_POINT('',(-0.52028335227,-2.374140935297,
    -0.506753182111));
#5101 = CARTESIAN_POINT('',(-0.528218739575,-2.389206684415,
    -0.431144063553));
#5102 = CARTESIAN_POINT('',(-0.536155370728,-2.401518554643,
    -0.355038125722));
#5103 = CARTESIAN_POINT('',(-0.544093224111,-2.411058555675,
    -0.278552354375));
#5104 = CARTESIAN_POINT('',(-0.552031917945,-2.417814615139,
    -0.20180494199));
#5105 = CARTESIAN_POINT('',(-0.568722307472,-2.426152593021,
    -4.015336786574E-02));
#5106 = CARTESIAN_POINT('',(-0.577473954816,-2.427134300713,
    4.478296790126E-02));
#5107 = CARTESIAN_POINT('',(-0.586225443232,-2.424717334143,
    0.129735566034));
#5108 = CARTESIAN_POINT('',(-0.594976604037,-2.418902308818,
    0.214546372374));
#5109 = CARTESIAN_POINT('',(-0.603727308958,-2.40969882328,
    0.299057432112));
#5110 = CARTESIAN_POINT('',(-0.612477470134,-2.397125459108,
    0.383110889786));
#5111 = CARTESIAN_POINT('',(-0.621227040116,-2.381209780917,
    0.466548989284));
#5112 = CARTESIAN_POINT('',(-0.650081985932,-2.3178156179,0.739186346505
    ));
#5113 = CARTESIAN_POINT('',(-0.670191185498,-2.256169964407,
    0.925144362785));
#5114 = CARTESIAN_POINT('',(-0.690298552316,-2.177488637578,
    1.105145489437));
#5115 = CARTESIAN_POINT('',(-0.710404761722,-2.082465050342,
    1.277375277757));
#5116 = CARTESIAN_POINT('',(-0.730512578959,-1.972006389916,
    1.440136274916));
#5117 = CARTESIAN_POINT('',(-0.750623824355,-1.847214924832,
    1.591851275971));
#5118 = CARTESIAN_POINT('',(-0.770736947339,-1.709392995913,
    1.731081016556));
#5119 = CARTESIAN_POINT('',(-0.812682549144,-1.397910482048,
    1.992821019032));
#5120 = CARTESIAN_POINT('',(-0.834525705995,-1.222100288438,
    2.11293729082));
#5121 = CARTESIAN_POINT('',(-0.856364370524,-1.034584343576,
    2.215245705882));
#5122 = CARTESIAN_POINT('',(-0.878198465153,-0.837488763682,
    2.298445817091));
#5123 = CARTESIAN_POINT('',(-0.900031473151,-0.633067798059,
    2.361547718713));
#5124 = CARTESIAN_POINT('',(-0.921867318865,-0.423684869278,
    2.403856868586));
#5125 = CARTESIAN_POINT('',(-0.943706924101,-0.211808222133,
    2.425000004552));
#5126 = CARTESIAN_POINT('',(-0.965540565664,4.440892098501E-16,2.425));
#5127 = PCURVE('',#3365,#5128);
#5128 = DEFINITIONAL_REPRESENTATION('',(#5129),#5146);
#5129 = B_SPLINE_CURVE_WITH_KNOTS('',8,(#5130,#5131,#5132,#5133,#5134,
    #5135,#5136,#5137,#5138,#5139,#5140,#5141,#5142,#5143,#5144,#5145),
  .UNSPECIFIED.,.F.,.F.,(9,7,9),(0.830885150202,0.888738512404,1.),
  .UNSPECIFIED.);
#5130 = CARTESIAN_POINT('',(5.220973618761,2.270796319736));
#5131 = CARTESIAN_POINT('',(5.266395022608,2.282150990162));
#5132 = CARTESIAN_POINT('',(5.31181593748,2.293505860847));
#5133 = CARTESIAN_POINT('',(5.35723691663,2.304861115246));
#5134 = CARTESIAN_POINT('',(5.402658841955,2.316216945083));
#5135 = CARTESIAN_POINT('',(5.448082247352,2.327573386789));
#5136 = CARTESIAN_POINT('',(5.493506642758,2.338930177687));
#5137 = CARTESIAN_POINT('',(5.538929838858,2.350286631919));
#5138 = CARTESIAN_POINT('',(5.67169243331,2.383478875939));
#5139 = CARTESIAN_POINT('',(5.759062665361,2.40532203279));
#5140 = CARTESIAN_POINT('',(5.846419640227,2.427160697319));
#5141 = CARTESIAN_POINT('',(5.933764970559,2.448994791948));
#5142 = CARTESIAN_POINT('',(6.021111054227,2.470827799946));
#5143 = CARTESIAN_POINT('',(6.108469888943,2.492663645659));
#5144 = CARTESIAN_POINT('',(6.195841710424,2.514503250896));
#5145 = CARTESIAN_POINT('',(6.28318530718,2.536336892459));
#5146 = ( GEOMETRIC_REPRESENTATION_CONTEXT(2) 
PARAMETRIC_REPRESENTATION_CONTEXT() REPRESENTATION_CONTEXT('2D SPACE',''
  ) );
#5147 = PCURVE('',#3429,#5148);
#5148 = DEFINITIONAL_REPRESENTATION('',(#5149),#5166);
#5149 = B_SPLINE_CURVE_WITH_KNOTS('',8,(#5150,#5151,#5152,#5153,#5154,
    #5155,#5156,#5157,#5158,#5159,#5160,#5161,#5162,#5163,#5164,#5165),
  .UNSPECIFIED.,.F.,.F.,(9,7,9),(0.830885150202,0.888738514814,1.),
  .UNSPECIFIED.);
#5150 = CARTESIAN_POINT('',(1.144529978706,11.836952048887));
#5151 = CARTESIAN_POINT('',(1.144534775239,11.883775295075));
#5152 = CARTESIAN_POINT('',(1.144538792285,11.930598271524));
#5153 = CARTESIAN_POINT('',(1.144541678932,11.977421241503));
#5154 = CARTESIAN_POINT('',(1.144543306859,12.024244815175));
#5155 = CARTESIAN_POINT('',(1.144543789251,12.07106930181));
#5156 = CARTESIAN_POINT('',(1.144543426818,12.117894040961));
#5157 = CARTESIAN_POINT('',(1.144542580932,12.164716712593));
#5158 = CARTESIAN_POINT('',(1.144539344773,12.301567287237));
#5159 = CARTESIAN_POINT('',(1.144536321493,12.391624824853));
#5160 = CARTESIAN_POINT('',(1.144534892878,12.481665456774));
#5161 = CARTESIAN_POINT('',(1.144536633142,12.571692630666));
#5162 = CARTESIAN_POINT('',(1.144542092407,12.661720299656));
#5163 = CARTESIAN_POINT('',(1.144549835792,12.751761910787));
#5164 = CARTESIAN_POINT('',(1.144556789482,12.8418192162));
#5165 = CARTESIAN_POINT('',(1.144562052284,12.931849016832));
#5166 = ( GEOMETRIC_REPRESENTATION_CONTEXT(2) 
PARAMETRIC_REPRESENTATION_CONTEXT() REPRESENTATION_CONTEXT('2D SPACE',''
  ) );
#5167 = ADVANCED_FACE('',(#5168),#3429,.T.);
#5168 = FACE_BOUND('',#5169,.T.);
#5169 = EDGE_LOOP('',(#5170,#5171,#5172,#5173,#5174,#5362,#5571,#5766));
#5170 = ORIENTED_EDGE('',*,*,#3680,.F.);
#5171 = ORIENTED_EDGE('',*,*,#3377,.F.);
#5172 = ORIENTED_EDGE('',*,*,#5059,.T.);
#5173 = ORIENTED_EDGE('',*,*,#4865,.T.);
#5174 = ORIENTED_EDGE('',*,*,#5175,.T.);
#5175 = EDGE_CURVE('',#4843,#5176,#5178,.T.);
#5176 = VERTEX_POINT('',#5177);
#5177 = CARTESIAN_POINT('',(-4.107137041807,-5.939536975865E-16,2.425));
#5178 = SURFACE_CURVE('',#5179,(#5238,#5300),.PCURVE_S1.);
#5179 = B_SPLINE_CURVE_WITH_KNOTS('',8,(#5180,#5181,#5182,#5183,#5184,
    #5185,#5186,#5187,#5188,#5189,#5190,#5191,#5192,#5193,#5194,#5195,
    #5196,#5197,#5198,#5199,#5200,#5201,#5202,#5203,#5204,#5205,#5206,
    #5207,#5208,#5209,#5210,#5211,#5212,#5213,#5214,#5215,#5216,#5217,
    #5218,#5219,#5220,#5221,#5222,#5223,#5224,#5225,#5226,#5227,#5228,
    #5229,#5230,#5231,#5232,#5233,#5234,#5235,#5236,#5237),
  .UNSPECIFIED.,.F.,.F.,(9,7,7,7,7,7,7,7,9),(0.,0.162800604063,
    0.317700023062,0.383246261496,0.459591953683,0.605571859038,
    0.798787150018,0.895405965711,1.),.UNSPECIFIED.);
#5180 = CARTESIAN_POINT('',(-2.536359488059,8.881784197001E-16,2.425));
#5181 = CARTESIAN_POINT('',(-2.568315124098,0.309940636873,2.425));
#5182 = CARTESIAN_POINT('',(-2.600309692507,0.62028997888,2.379726929176
    ));
#5183 = CARTESIAN_POINT('',(-2.632275065615,0.922673103201,
    2.288974422488));
#5184 = CARTESIAN_POINT('',(-2.66422173329,1.209414981502,2.154637921138
    ));
#5185 = CARTESIAN_POINT('',(-2.696169196529,1.473443271414,
    1.979825610041));
#5186 = CARTESIAN_POINT('',(-2.728136165381,1.708414705461,
    1.768952016129));
#5187 = CARTESIAN_POINT('',(-2.760131085272,1.908703940326,
    1.527590064739));
#5188 = CARTESIAN_POINT('',(-2.822485713891,2.223712711333,
    1.011279540838));
#5189 = CARTESIAN_POINT('',(-2.852923763415,2.342489839818,
    0.737912734032));
#5190 = CARTESIAN_POINT('',(-2.88334291027,2.422583162916,0.448952023123
    ));
#5191 = CARTESIAN_POINT('',(-2.913747341038,2.46184818903,0.150854001102
    ));
#5192 = CARTESIAN_POINT('',(-2.944147930632,2.459272919787,
    -0.149807785202));
#5193 = CARTESIAN_POINT('',(-2.974560327271,2.415060121465,
    -0.446384849458));
#5194 = CARTESIAN_POINT('',(-3.004994922304,2.330547991163,
    -0.732209426389));
#5195 = CARTESIAN_POINT('',(-3.048263532813,2.157346425306,
    -1.114473997265));
#5196 = CARTESIAN_POINT('',(-3.061130388766,2.09915946711,
    -1.225114689743));
#5197 = CARTESIAN_POINT('',(-3.073997935741,2.034494332598,
    -1.332267575011));
#5198 = CARTESIAN_POINT('',(-3.086865928786,1.963598353132,
    -1.435489720398));
#5199 = CARTESIAN_POINT('',(-3.099734349257,1.886752846936,
    -1.534362285272));
#5200 = CARTESIAN_POINT('',(-3.112603067435,1.804271293179,
    -1.628490799167));
#5201 = CARTESIAN_POINT('',(-3.125471583457,1.716499153022,
    -1.717506506762));
#5202 = CARTESIAN_POINT('',(-3.153326130811,1.515860858323,
    -1.898398843534));
#5203 = CARTESIAN_POINT('',(-3.168312706592,1.401232226131,
    -1.988339829299));
#5204 = CARTESIAN_POINT('',(-3.183299754992,1.280530365528,
    -2.070348413309));
#5205 = CARTESIAN_POINT('',(-3.198275998784,1.154392930932,
    -2.143951693923));
#5206 = CARTESIAN_POINT('',(-3.213263437029,1.023515141005,
    -2.208737388426));
#5207 = CARTESIAN_POINT('',(-3.228233951232,0.888596540032,
    -2.264363965252));
#5208 = CARTESIAN_POINT('',(-3.243219242436,0.750408723786,
    -2.310549428428));
#5209 = CARTESIAN_POINT('',(-3.286860787625,0.340731331165,
    -2.416975195356));
#5210 = CARTESIAN_POINT('',(-3.315551351765,6.233994581167E-02,
    -2.451684543385));
#5211 = CARTESIAN_POINT('',(-3.344210419411,-0.219716011544,
    -2.44961674417));
#5212 = CARTESIAN_POINT('',(-3.37285553422,-0.499755180859,
    -2.410521694424));
#5213 = CARTESIAN_POINT('',(-3.401504891483,-0.772252633867,
    -2.335062122704));
#5214 = CARTESIAN_POINT('',(-3.430168181831,-1.03187905013,
    -2.224830289311));
#5215 = CARTESIAN_POINT('',(-3.458847775004,-1.273526556645,
    -2.08230540602));
#5216 = CARTESIAN_POINT('',(-3.525425933503,-1.782487735048,
    -1.684837249715));
#5217 = CARTESIAN_POINT('',(-3.563453883574,-2.03394898386,
    -1.40754636144));
#5218 = CARTESIAN_POINT('',(-3.601412502778,-2.235104312398,
    -1.087867545833));
#5219 = CARTESIAN_POINT('',(-3.639330997497,-2.378426787079,
    -0.736846055528));
#5220 = CARTESIAN_POINT('',(-3.677251363993,-2.458650748477,
    -0.366282935184));
#5221 = CARTESIAN_POINT('',(-3.715210358363,-2.47345987717,
    1.111566731654E-02));
#5222 = CARTESIAN_POINT('',(-3.753240704073,-2.42281227419,
    0.381999320374));
#5223 = CARTESIAN_POINT('',(-3.810138115118,-2.256095790703,
    0.908016550415));
#5224 = CARTESIAN_POINT('',(-3.829109023337,-2.185308309376,
    1.078580354369));
#5225 = CARTESIAN_POINT('',(-3.848078619931,-2.099803163379,
    1.242770475621));
#5226 = CARTESIAN_POINT('',(-3.867046074114,-2.000264998061,
    1.399112710092));
#5227 = CARTESIAN_POINT('',(-3.886012701821,-1.887541720263,
    1.546234259304));
#5228 = CARTESIAN_POINT('',(-3.904979915867,-1.762631994166,
    1.682866050763));
#5229 = CARTESIAN_POINT('',(-3.923947103005,-1.62668824485,
    1.807856663856));
#5230 = CARTESIAN_POINT('',(-3.963436962308,-1.323359434861,
    2.041812051783));
#5231 = CARTESIAN_POINT('',(-3.983968522645,-1.154229080957,
    2.148661106939));
#5232 = CARTESIAN_POINT('',(-4.004497083471,-0.975314230523,
    2.239436649281));
#5233 = CARTESIAN_POINT('',(-4.025022486624,-0.788412629152,
    2.313115650258));
#5234 = CARTESIAN_POINT('',(-4.045547977414,-0.595420139759,
    2.368921125546));
#5235 = CARTESIAN_POINT('',(-4.066076787271,-0.398311661451,
    2.406311693961));
#5236 = CARTESIAN_POINT('',(-4.086608762883,-0.199132472869,2.425));
#5237 = CARTESIAN_POINT('',(-4.107137041807,1.7763568394E-15,2.425));
#5238 = PCURVE('',#3429,#5239);
#5239 = DEFINITIONAL_REPRESENTATION('',(#5240),#5299);
#5240 = B_SPLINE_CURVE_WITH_KNOTS('',8,(#5241,#5242,#5243,#5244,#5245,
    #5246,#5247,#5248,#5249,#5250,#5251,#5252,#5253,#5254,#5255,#5256,
    #5257,#5258,#5259,#5260,#5261,#5262,#5263,#5264,#5265,#5266,#5267,
    #5268,#5269,#5270,#5271,#5272,#5273,#5274,#5275,#5276,#5277,#5278,
    #5279,#5280,#5281,#5282,#5283,#5284,#5285,#5286,#5287,#5288,#5289,
    #5290,#5291,#5292,#5293,#5294,#5295,#5296,#5297,#5298),
  .UNSPECIFIED.,.F.,.F.,(9,7,7,7,7,7,7,7,9),(0.,0.162800604063,
    0.317700023062,0.383246261496,0.459591953683,0.605571859038,
    0.798787150018,0.895405965711,1.),.UNSPECIFIED.);
#5241 = CARTESIAN_POINT('',(1.144505210108,19.408421406524));
#5242 = CARTESIAN_POINT('',(1.144496226684,19.540165244717));
#5243 = CARTESIAN_POINT('',(1.144495353235,19.672081002239));
#5244 = CARTESIAN_POINT('',(1.144506073401,19.803892677129));
#5245 = CARTESIAN_POINT('',(1.144527780147,19.935642667134));
#5246 = CARTESIAN_POINT('',(1.144551168231,20.067398300141));
#5247 = CARTESIAN_POINT('',(1.144565723563,20.199221944065));
#5248 = CARTESIAN_POINT('',(1.14457019994,20.33114666897));
#5249 = CARTESIAN_POINT('',(1.144564929867,20.588233982907));
#5250 = CARTESIAN_POINT('',(1.144555849711,20.71372051566));
#5251 = CARTESIAN_POINT('',(1.144542917053,20.839123696738));
#5252 = CARTESIAN_POINT('',(1.144531939525,20.964468949411));
#5253 = CARTESIAN_POINT('',(1.144531749307,21.089813524068));
#5254 = CARTESIAN_POINT('',(1.144539401105,21.215217800922));
#5255 = CARTESIAN_POINT('',(1.144544396331,21.340709870775));
#5256 = CARTESIAN_POINT('',(1.144542250616,21.519107906777));
#5257 = CARTESIAN_POINT('',(1.144540439267,21.572156767424));
#5258 = CARTESIAN_POINT('',(1.14453717109,21.625206429928));
#5259 = CARTESIAN_POINT('',(1.144532283225,21.678255655457));
#5260 = CARTESIAN_POINT('',(1.144525997135,21.731304678363));
#5261 = CARTESIAN_POINT('',(1.14451900355,21.784353934497));
#5262 = CARTESIAN_POINT('',(1.14451236865,21.837402861182));
#5263 = CARTESIAN_POINT('',(1.144501312854,21.952234565212));
#5264 = CARTESIAN_POINT('',(1.144498353076,22.014021640703));
#5265 = CARTESIAN_POINT('',(1.144493571096,22.075808104089));
#5266 = CARTESIAN_POINT('',(1.144510636836,22.137580721843));
#5267 = CARTESIAN_POINT('',(1.144506814969,22.19937014186));
#5268 = CARTESIAN_POINT('',(1.144539122605,22.261140555567));
#5269 = CARTESIAN_POINT('',(1.144544227212,22.322933667608));
#5270 = CARTESIAN_POINT('',(1.144526149401,22.502846963083));
#5271 = CARTESIAN_POINT('',(1.144478007715,22.621073535305));
#5272 = CARTESIAN_POINT('',(1.144484419461,22.739246908856));
#5273 = CARTESIAN_POINT('',(1.144512791638,22.857393614689));
#5274 = CARTESIAN_POINT('',(1.144533327158,22.975546799649));
#5275 = CARTESIAN_POINT('',(1.144543042235,23.093742226064));
#5276 = CARTESIAN_POINT('',(1.144544420684,23.211993155168));
#5277 = CARTESIAN_POINT('',(1.144540211464,23.486496019744));
#5278 = CARTESIAN_POINT('',(1.144532245532,23.643278079975));
#5279 = CARTESIAN_POINT('',(1.144529112829,23.799781073923));
#5280 = CARTESIAN_POINT('',(1.144549912668,23.95615226312));
#5281 = CARTESIAN_POINT('',(1.144573086213,24.112534505655));
#5282 = CARTESIAN_POINT('',(1.144578031742,24.269050398904));
#5283 = CARTESIAN_POINT('',(1.144568192797,24.42583970444));
#5284 = CARTESIAN_POINT('',(1.144542991652,24.660398324479));
#5285 = CARTESIAN_POINT('',(1.144532863257,24.738603149303));
#5286 = CARTESIAN_POINT('',(1.144521989671,24.816801518933));
#5287 = CARTESIAN_POINT('',(1.144511892022,24.894992145609));
#5288 = CARTESIAN_POINT('',(1.144504050382,24.973182535043));
#5289 = CARTESIAN_POINT('',(1.144499499445,25.051379966481));
#5290 = CARTESIAN_POINT('',(1.14449859991,25.129582418342));
#5291 = CARTESIAN_POINT('',(1.144503568103,25.292410261262));
#5292 = CARTESIAN_POINT('',(1.144509992731,25.37707308181));
#5293 = CARTESIAN_POINT('',(1.144519927062,25.461728467292));
#5294 = CARTESIAN_POINT('',(1.14453194068,25.546373755408));
#5295 = CARTESIAN_POINT('',(1.144544076853,25.631019577086));
#5296 = CARTESIAN_POINT('',(1.144554415078,25.715676556948));
#5297 = CARTESIAN_POINT('',(1.144561624438,25.800342192513));
#5298 = CARTESIAN_POINT('',(1.144565507761,25.884987912118));
#5299 = ( GEOMETRIC_REPRESENTATION_CONTEXT(2) 
PARAMETRIC_REPRESENTATION_CONTEXT() REPRESENTATION_CONTEXT('2D SPACE',''
  ) );
#5300 = PCURVE('',#4613,#5301);
#5301 = DEFINITIONAL_REPRESENTATION('',(#5302),#5361);
#5302 = B_SPLINE_CURVE_WITH_KNOTS('',8,(#5303,#5304,#5305,#5306,#5307,
    #5308,#5309,#5310,#5311,#5312,#5313,#5314,#5315,#5316,#5317,#5318,
    #5319,#5320,#5321,#5322,#5323,#5324,#5325,#5326,#5327,#5328,#5329,
    #5330,#5331,#5332,#5333,#5334,#5335,#5336,#5337,#5338,#5339,#5340,
    #5341,#5342,#5343,#5344,#5345,#5346,#5347,#5348,#5349,#5350,#5351,
    #5352,#5353,#5354,#5355,#5356,#5357,#5358,#5359,#5360),
  .UNSPECIFIED.,.F.,.F.,(9,7,7,7,7,7,7,7,9),(0.,0.162800604063,
    0.317700023062,0.383246261496,0.459591953683,0.605571859038,
    0.798787150018,0.895405965711,1.),.UNSPECIFIED.);
#5303 = CARTESIAN_POINT('',(0.,4.107155814854));
#5304 = CARTESIAN_POINT('',(0.127810571906,4.139111450893));
#5305 = CARTESIAN_POINT('',(0.255789274768,4.171106019301));
#5306 = CARTESIAN_POINT('',(0.383667243886,4.20307139241));
#5307 = CARTESIAN_POINT('',(0.511483484271,4.235018060085));
#5308 = CARTESIAN_POINT('',(0.639301336541,4.266965523324));
#5309 = CARTESIAN_POINT('',(0.767183795421,4.298932492176));
#5310 = CARTESIAN_POINT('',(0.895165998481,4.330927412066));
#5311 = CARTESIAN_POINT('',(1.144576256795,4.393282040686));
#5312 = CARTESIAN_POINT('',(1.266318295381,4.42372009021));
#5313 = CARTESIAN_POINT('',(1.387983415073,4.454139237064));
#5314 = CARTESIAN_POINT('',(1.509596088248,4.484543667833));
#5315 = CARTESIAN_POINT('',(1.631208858703,4.514944257427));
#5316 = CARTESIAN_POINT('',(1.752873584297,4.545356654066));
#5317 = CARTESIAN_POINT('',(1.874616018366,4.575791249099));
#5318 = CARTESIAN_POINT('',(2.047676831959,4.619059859608));
#5319 = CARTESIAN_POINT('',(2.099137749236,4.631926715561));
#5320 = CARTESIAN_POINT('',(2.15059879137,4.644794262536));
#5321 = CARTESIAN_POINT('',(2.202059094232,4.657662255581));
#5322 = CARTESIAN_POINT('',(2.253519348316,4.670530676052));
#5323 = CARTESIAN_POINT('',(2.304980502179,4.68339939423));
#5324 = CARTESIAN_POINT('',(2.356442483299,4.696267910252));
#5325 = CARTESIAN_POINT('',(2.46784205724,4.724122457606));
#5326 = CARTESIAN_POINT('',(2.527784952746,4.739109033387));
#5327 = CARTESIAN_POINT('',(2.587725584337,4.754096081787));
#5328 = CARTESIAN_POINT('',(2.647666739526,4.769072325579));
#5329 = CARTESIAN_POINT('',(2.707605034824,4.784059763824));
#5330 = CARTESIAN_POINT('',(2.767549933121,4.799030278027));
#5331 = CARTESIAN_POINT('',(2.827492635078,4.814015569231));
#5332 = CARTESIAN_POINT('',(3.002039165302,4.85765711442));
#5333 = CARTESIAN_POINT('',(3.116750365141,4.88634767856));
#5334 = CARTESIAN_POINT('',(3.23140593908,4.915006746205));
#5335 = CARTESIAN_POINT('',(3.346018841639,4.943651861015));
#5336 = CARTESIAN_POINT('',(3.460631237193,4.972301218278));
#5337 = CARTESIAN_POINT('',(3.575284588138,5.000964508626));
#5338 = CARTESIAN_POINT('',(3.689996077341,5.029644101799));
#5339 = CARTESIAN_POINT('',(3.95629410956,5.096222260298));
#5340 = CARTESIAN_POINT('',(4.108398651412,5.134250210369));
#5341 = CARTESIAN_POINT('',(4.260243123511,5.172208829573));
#5342 = CARTESIAN_POINT('',(4.411961849245,5.210127324291));
#5343 = CARTESIAN_POINT('',(4.563679069423,5.248047690788));
#5344 = CARTESIAN_POINT('',(4.715519002513,5.286006685157));
#5345 = CARTESIAN_POINT('',(4.867621647466,5.324037030868));
#5346 = CARTESIAN_POINT('',(5.095170009208,5.380934441913));
#5347 = CARTESIAN_POINT('',(5.171037691069,5.399905350132));
#5348 = CARTESIAN_POINT('',(5.246899664783,5.418874946726));
#5349 = CARTESIAN_POINT('',(5.322754923995,5.437842400908));
#5350 = CARTESIAN_POINT('',(5.398610748153,5.456809028616));
#5351 = CARTESIAN_POINT('',(5.474473955904,5.475776242662));
#5352 = CARTESIAN_POINT('',(5.550342209356,5.4947434298));
#5353 = CARTESIAN_POINT('',(5.708309685574,5.534233289103));
#5354 = CARTESIAN_POINT('',(5.790445195129,5.55476484944));
#5355 = CARTESIAN_POINT('',(5.872572955881,5.575293410266));
#5356 = CARTESIAN_POINT('',(5.954690031319,5.595818813419));
#5357 = CARTESIAN_POINT('',(6.036806686018,5.616344304209));
#5358 = CARTESIAN_POINT('',(6.118933560243,5.636873114066));
#5359 = CARTESIAN_POINT('',(6.201068823522,5.657405089678));
#5360 = CARTESIAN_POINT('',(6.28318530718,5.677933368602));
#5361 = ( GEOMETRIC_REPRESENTATION_CONTEXT(2) 
PARAMETRIC_REPRESENTATION_CONTEXT() REPRESENTATION_CONTEXT('2D SPACE',''
  ) );
#5362 = ORIENTED_EDGE('',*,*,#5363,.T.);
#5363 = EDGE_CURVE('',#5176,#5364,#5366,.T.);
#5364 = VERTEX_POINT('',#5365);
#5365 = CARTESIAN_POINT('',(-5.677936281118,-5.939536975865E-16,2.425));
#5366 = SURFACE_CURVE('',#5367,(#5433,#5502),.PCURVE_S1.);
#5367 = B_SPLINE_CURVE_WITH_KNOTS('',8,(#5368,#5369,#5370,#5371,#5372,
    #5373,#5374,#5375,#5376,#5377,#5378,#5379,#5380,#5381,#5382,#5383,
    #5384,#5385,#5386,#5387,#5388,#5389,#5390,#5391,#5392,#5393,#5394,
    #5395,#5396,#5397,#5398,#5399,#5400,#5401,#5402,#5403,#5404,#5405,
    #5406,#5407,#5408,#5409,#5410,#5411,#5412,#5413,#5414,#5415,#5416,
    #5417,#5418,#5419,#5420,#5421,#5422,#5423,#5424,#5425,#5426,#5427,
    #5428,#5429,#5430,#5431,#5432),.UNSPECIFIED.,.F.,.F.,(9,7,7,7,7,7,7,
    7,7,9),(0.,0.143658578003,0.29243481058,0.324940259403,
    0.429890428956,0.540360433863,0.661200630561,0.775734005007,
    0.890795002217,1.),.UNSPECIFIED.);
#5368 = CARTESIAN_POINT('',(-4.107137041807,1.7763568394E-15,2.425));
#5369 = CARTESIAN_POINT('',(-4.13534071296,0.273586831192,2.425));
#5370 = CARTESIAN_POINT('',(-4.163567873886,0.547383431045,
    2.389724631371));
#5371 = CARTESIAN_POINT('',(-4.191783933827,0.815746548345,
    2.319079964515));
#5372 = CARTESIAN_POINT('',(-4.219991927716,1.073386153073,
    2.214168729444));
#5373 = CARTESIAN_POINT('',(-4.248199138475,1.315344678969,
    2.076888656711));
#5374 = CARTESIAN_POINT('',(-4.276413631196,1.537049002863,
    1.909950715388));
#5375 = CARTESIAN_POINT('',(-4.304639639313,1.734341930541,
    1.716836545908));
#5376 = CARTESIAN_POINT('',(-4.36204936781,2.079289495308,1.279629761162
    ));
#5377 = CARTESIAN_POINT('',(-4.391284011431,2.22524218457,1.033564678621
    ));
#5378 = CARTESIAN_POINT('',(-4.42050562522,2.337653197556,0.768742403062
    ));
#5379 = CARTESIAN_POINT('',(-4.449721282124,2.413893361067,
    0.490571931448));
#5380 = CARTESIAN_POINT('',(-4.478943167654,2.452284690166,
    0.204703240112));
#5381 = CARTESIAN_POINT('',(-4.508174332882,2.45215952153,
    -8.300481362715E-02));
#5382 = CARTESIAN_POINT('',(-4.537404531542,2.41382440519,
    -0.366534521306));
#5383 = CARTESIAN_POINT('',(-4.572982774555,2.322740258224,
    -0.699524476569));
#5384 = CARTESIAN_POINT('',(-4.579361744064,2.304666627154,
    -0.758755102871));
#5385 = CARTESIAN_POINT('',(-4.585740848875,2.284867351254,
    -0.817449833626));
#5386 = CARTESIAN_POINT('',(-4.592120531255,2.263360850704,
    -0.875550573294));
#5387 = CARTESIAN_POINT('',(-4.598501008452,2.240168192871,
    -0.932999535049));
#5388 = CARTESIAN_POINT('',(-4.604882272694,2.215313092304,
    -0.989739240784));
#5389 = CARTESIAN_POINT('',(-4.611264091189,2.188821910736,
    -1.04571252111));
#5390 = CARTESIAN_POINT('',(-4.638251260898,2.070002975122,
    -1.278925008145));
#5391 = CARTESIAN_POINT('',(-4.658865237177,1.962488000032,
    -1.448490231949));
#5392 = CARTESIAN_POINT('',(-4.679472160144,1.839138208723,
    -1.60763913615));
#5393 = CARTESIAN_POINT('',(-4.700071965921,1.701155042136,
    -1.754658944132));
#5394 = CARTESIAN_POINT('',(-4.72067045864,1.549936225384,
    -1.888021167353));
#5395 = CARTESIAN_POINT('',(-4.741272420614,1.387052495621,
    -2.006380427096));
#5396 = CARTESIAN_POINT('',(-4.761877675604,1.214246737656,
    -2.10859408391));
#5397 = CARTESIAN_POINT('',(-4.804166115865,0.843155635631,
    -2.283410692348));
#5398 = CARTESIAN_POINT('',(-4.825859155825,0.643915391631,
    -2.354217229311));
#5399 = CARTESIAN_POINT('',(-4.847550474721,0.437992154362,
    -2.405098766505));
#5400 = CARTESIAN_POINT('',(-4.869238460502,0.227718375241,
    -2.435354704729));
#5401 = CARTESIAN_POINT('',(-4.890925615217,1.547747401135E-02,
    -2.444607142566));
#5402 = CARTESIAN_POINT('',(-4.912614974292,-0.196316844727,
    -2.432782818266));
#5403 = CARTESIAN_POINT('',(-4.934305969267,-0.40523783442,
    -2.400137215668));
#5404 = CARTESIAN_POINT('',(-4.979709026842,-0.831595836468,
    -2.289546400824));
#5405 = CARTESIAN_POINT('',(-5.003437632651,-1.04816186129,
    -2.20759230714));
#5406 = CARTESIAN_POINT('',(-5.027160933547,-1.255348644847,
    -2.102254254401));
#5407 = CARTESIAN_POINT('',(-5.050880683959,-1.450226474046,
    -1.974836920388));
#5408 = CARTESIAN_POINT('',(-5.074602355427,-1.630129342103,
    -1.827031955539));
#5409 = CARTESIAN_POINT('',(-5.098330721704,-1.792647723375,
    -1.660877784518));
#5410 = CARTESIAN_POINT('',(-5.122065933375,-1.935663000728,
    -1.478777138249));
#5411 = CARTESIAN_POINT('',(-5.168280414458,-2.172894209676,
    -1.098508619383));
#5412 = CARTESIAN_POINT('',(-5.190777143122,-2.26935254596,
    -0.901539118531));
#5413 = CARTESIAN_POINT('',(-5.213270132245,-2.345327125549,
    -0.695002399146));
#5414 = CARTESIAN_POINT('',(-5.235758636612,-2.399749431647,
    -0.481406573379));
#5415 = CARTESIAN_POINT('',(-5.258245274514,-2.431919507331,
    -0.263348179287));
#5416 = CARTESIAN_POINT('',(-5.280733253032,-2.441483056058,
    -4.349219743938E-02));
#5417 = CARTESIAN_POINT('',(-5.303223345403,-2.428458868814,
    0.175437574271));
#5418 = CARTESIAN_POINT('',(-5.348289962713,-2.358023453051,
    0.606922951259));
#5419 = CARTESIAN_POINT('',(-5.370881616924,-2.300384246647,
    0.819590074482));
#5420 = CARTESIAN_POINT('',(-5.393468702806,-2.220836536473,
    1.025879838337));
#5421 = CARTESIAN_POINT('',(-5.416052546223,-2.120243493483,
    1.22316819813));
#5422 = CARTESIAN_POINT('',(-5.438637592547,-1.999808779755,
    1.409010181482));
#5423 = CARTESIAN_POINT('',(-5.461227780535,-1.861046418793,
    1.581139316107));
#5424 = CARTESIAN_POINT('',(-5.48382316336,-1.705796905831,
    1.737493952858));
#5425 = CARTESIAN_POINT('',(-5.527849844318,-1.375381471864,
    2.008031930993));
#5426 = CARTESIAN_POINT('',(-5.549295148716,-1.20153021312,
    2.124039192022));
#5427 = CARTESIAN_POINT('',(-5.570738258478,-1.016582465295,
    2.222768696109));
#5428 = CARTESIAN_POINT('',(-5.592177730793,-0.822558707254,
    2.303010360358));
#5429 = CARTESIAN_POINT('',(-5.613616249012,-0.621602071084,
    2.363842717168));
#5430 = CARTESIAN_POINT('',(-5.635056968581,-0.41595461806,
    2.404620604451));
#5431 = CARTESIAN_POINT('',(-5.656499607472,-0.207946784855,2.425));
#5432 = CARTESIAN_POINT('',(-5.677936281118,1.33226762955E-15,2.425));
#5433 = PCURVE('',#3429,#5434);
#5434 = DEFINITIONAL_REPRESENTATION('',(#5435),#5501);
#5435 = B_SPLINE_CURVE_WITH_KNOTS('',8,(#5436,#5437,#5438,#5439,#5440,
    #5441,#5442,#5443,#5444,#5445,#5446,#5447,#5448,#5449,#5450,#5451,
    #5452,#5453,#5454,#5455,#5456,#5457,#5458,#5459,#5460,#5461,#5462,
    #5463,#5464,#5465,#5466,#5467,#5468,#5469,#5470,#5471,#5472,#5473,
    #5474,#5475,#5476,#5477,#5478,#5479,#5480,#5481,#5482,#5483,#5484,
    #5485,#5486,#5487,#5488,#5489,#5490,#5491,#5492,#5493,#5494,#5495,
    #5496,#5497,#5498,#5499,#5500),.UNSPECIFIED.,.F.,.F.,(9,7,7,7,7,7,7,
    7,7,9),(0.,0.143658578003,0.29243481058,0.324940259403,
    0.429890428956,0.540360433863,0.661200630561,0.775734005007,
    0.890795002217,1.),.UNSPECIFIED.);
#5436 = CARTESIAN_POINT('',(1.144565507761,25.884987912118));
#5437 = CARTESIAN_POINT('',(1.144570843034,26.001282125044));
#5438 = CARTESIAN_POINT('',(1.144569865393,26.11766431716));
#5439 = CARTESIAN_POINT('',(1.14456185236,26.233990851808));
#5440 = CARTESIAN_POINT('',(1.144549145925,26.35027753357));
#5441 = CARTESIAN_POINT('',(1.144538297734,26.466563597816));
#5442 = CARTESIAN_POINT('',(1.144534784797,26.582889994699));
#5443 = CARTESIAN_POINT('',(1.144536482527,26.699271193398));
#5444 = CARTESIAN_POINT('',(1.144542226454,26.93598563995));
#5445 = CARTESIAN_POINT('',(1.144546374439,27.056528992748));
#5446 = CARTESIAN_POINT('',(1.144546992465,27.177013661471));
#5447 = CARTESIAN_POINT('',(1.144537402542,27.297459423957));
#5448 = CARTESIAN_POINT('',(1.144511721833,27.417908255114));
#5449 = CARTESIAN_POINT('',(1.144483688356,27.53839204107));
#5450 = CARTESIAN_POINT('',(1.14449592551,27.658928434649));
#5451 = CARTESIAN_POINT('',(1.144521806053,27.805657658855));
#5452 = CARTESIAN_POINT('',(1.144527420491,27.831966713972));
#5453 = CARTESIAN_POINT('',(1.144532894587,27.858276129728));
#5454 = CARTESIAN_POINT('',(1.14453735393,27.884586500816));
#5455 = CARTESIAN_POINT('',(1.144540163861,27.910897831078));
#5456 = CARTESIAN_POINT('',(1.144540929475,27.937209533501));
#5457 = CARTESIAN_POINT('',(1.144539495618,27.963520430219));
#5458 = CARTESIAN_POINT('',(1.144524489128,28.074770292634));
#5459 = CARTESIAN_POINT('',(1.14449932939,28.159728536863));
#5460 = CARTESIAN_POINT('',(1.144489413254,28.244679121591));
#5461 = CARTESIAN_POINT('',(1.144495106655,28.329622297694));
#5462 = CARTESIAN_POINT('',(1.144507502806,28.414569479389));
#5463 = CARTESIAN_POINT('',(1.14451965947,28.499530628631));
#5464 = CARTESIAN_POINT('',(1.144529766576,28.584502475058));
#5465 = CARTESIAN_POINT('',(1.144543062497,28.758880865936));
#5466 = CARTESIAN_POINT('',(1.144546106809,28.848327839249));
#5467 = CARTESIAN_POINT('',(1.144544175354,28.937760723916));
#5468 = CARTESIAN_POINT('',(1.144539766831,29.027176384737));
#5469 = CARTESIAN_POINT('',(1.144536088467,29.116589645089));
#5470 = CARTESIAN_POINT('',(1.144535225832,29.206015951235));
#5471 = CARTESIAN_POINT('',(1.144537474437,29.295453374638));
#5472 = CARTESIAN_POINT('',(1.144546600902,29.482667802294));
#5473 = CARTESIAN_POINT('',(1.144553919293,29.580513635031));
#5474 = CARTESIAN_POINT('',(1.144562670984,29.678339609291));
#5475 = CARTESIAN_POINT('',(1.144569968402,29.776148900817));
#5476 = CARTESIAN_POINT('',(1.144572786482,29.87395981818));
#5477 = CARTESIAN_POINT('',(1.144569793046,29.971790171947));
#5478 = CARTESIAN_POINT('',(1.14456209864,30.069642143657));
#5479 = CARTESIAN_POINT('',(1.144541742206,30.260160723411));
#5480 = CARTESIAN_POINT('',(1.144529364511,30.352899717374));
#5481 = CARTESIAN_POINT('',(1.144516191781,30.445622175542));
#5482 = CARTESIAN_POINT('',(1.144504810627,30.538328660314));
#5483 = CARTESIAN_POINT('',(1.144497749607,30.6310335206));
#5484 = CARTESIAN_POINT('',(1.144496303488,30.723751799083));
#5485 = CARTESIAN_POINT('',(1.144499973972,30.816485983643));
#5486 = CARTESIAN_POINT('',(1.144514763288,31.002321190633));
#5487 = CARTESIAN_POINT('',(1.14452591614,31.095484640465));
#5488 = CARTESIAN_POINT('',(1.144539377064,31.188632498154));
#5489 = CARTESIAN_POINT('',(1.144552664442,31.281766742936));
#5490 = CARTESIAN_POINT('',(1.144562978208,31.374901768571));
#5491 = CARTESIAN_POINT('',(1.144568567131,31.468051353937));
#5492 = CARTESIAN_POINT('',(1.144569564134,31.561215905079));
#5493 = CARTESIAN_POINT('',(1.144564801145,31.74273586752));
#5494 = CARTESIAN_POINT('',(1.14455942305,31.831149564816));
#5495 = CARTESIAN_POINT('',(1.144551798641,31.919551056617));
#5496 = CARTESIAN_POINT('',(1.144544104032,32.007937452185));
#5497 = CARTESIAN_POINT('',(1.144538476795,32.096322819224));
#5498 = CARTESIAN_POINT('',(1.144536078996,32.184721801034));
#5499 = CARTESIAN_POINT('',(1.144536625441,32.273132834001));
#5500 = CARTESIAN_POINT('',(1.144538377152,32.361520965408));
#5501 = ( GEOMETRIC_REPRESENTATION_CONTEXT(2) 
PARAMETRIC_REPRESENTATION_CONTEXT() REPRESENTATION_CONTEXT('2D SPACE',''
  ) );
#5502 = PCURVE('',#4427,#5503);
#5503 = DEFINITIONAL_REPRESENTATION('',(#5504),#5570);
#5504 = B_SPLINE_CURVE_WITH_KNOTS('',8,(#5505,#5506,#5507,#5508,#5509,
    #5510,#5511,#5512,#5513,#5514,#5515,#5516,#5517,#5518,#5519,#5520,
    #5521,#5522,#5523,#5524,#5525,#5526,#5527,#5528,#5529,#5530,#5531,
    #5532,#5533,#5534,#5535,#5536,#5537,#5538,#5539,#5540,#5541,#5542,
    #5543,#5544,#5545,#5546,#5547,#5548,#5549,#5550,#5551,#5552,#5553,
    #5554,#5555,#5556,#5557,#5558,#5559,#5560,#5561,#5562,#5563,#5564,
    #5565,#5566,#5567,#5568,#5569),.UNSPECIFIED.,.F.,.F.,(9,7,7,7,7,7,7,
    7,7,9),(0.,0.143658578003,0.29243481058,0.324940259403,
    0.429890428956,0.540360433863,0.661200630561,0.775734005007,
    0.890795002217,1.),.UNSPECIFIED.);
#5505 = CARTESIAN_POINT('',(0.,5.677933368602));
#5506 = CARTESIAN_POINT('',(0.112819311832,5.706137039755));
#5507 = CARTESIAN_POINT('',(0.225724994661,5.734364200681));
#5508 = CARTESIAN_POINT('',(0.338579156008,5.762580260622));
#5509 = CARTESIAN_POINT('',(0.451398402412,5.790788254511));
#5510 = CARTESIAN_POINT('',(0.564220913342,5.81899546527));
#5511 = CARTESIAN_POINT('',(0.677083097848,5.847209957991));
#5512 = CARTESIAN_POINT('',(0.789995420522,5.875435966108));
#5513 = CARTESIAN_POINT('',(1.019645269767,5.932845694605));
#5514 = CARTESIAN_POINT('',(1.136586321967,5.962080338226));
#5515 = CARTESIAN_POINT('',(1.253463938971,5.991301952015));
#5516 = CARTESIAN_POINT('',(1.370298523663,6.020517608919));
#5517 = CARTESIAN_POINT('',(1.487135244657,6.049739494449));
#5518 = CARTESIAN_POINT('',(1.604018635368,6.078970659677));
#5519 = CARTESIAN_POINT('',(1.720965881162,6.108200858337));
#5520 = CARTESIAN_POINT('',(1.863325709396,6.14377910135));
#5521 = CARTESIAN_POINT('',(1.888851597171,6.150158070859));
#5522 = CARTESIAN_POINT('',(1.914377480884,6.15653717567));
#5523 = CARTESIAN_POINT('',(1.939903597897,6.16291685805));
#5524 = CARTESIAN_POINT('',(1.965429907061,6.169297335247));
#5525 = CARTESIAN_POINT('',(1.990956088713,6.175678599489));
#5526 = CARTESIAN_POINT('',(2.016481544673,6.182060417984));
#5527 = CARTESIAN_POINT('',(2.124414128403,6.209047587693));
#5528 = CARTESIAN_POINT('',(2.206844135673,6.229661563972));
#5529 = CARTESIAN_POINT('',(2.289265711096,6.250268486939));
#5530 = CARTESIAN_POINT('',(2.371675477208,6.270868292716));
#5531 = CARTESIAN_POINT('',(2.454083775172,6.291466785435));
#5532 = CARTESIAN_POINT('',(2.536501934664,6.312068747409));
#5533 = CARTESIAN_POINT('',(2.618929426517,6.332674002399));
#5534 = CARTESIAN_POINT('',(2.788086786289,6.374962442659));
#5535 = CARTESIAN_POINT('',(2.87485596329,6.39665548262));
#5536 = CARTESIAN_POINT('',(2.96161384598,6.418346801516));
#5537 = CARTESIAN_POINT('',(3.048358567246,6.440034787296));
#5538 = CARTESIAN_POINT('',(3.135104472204,6.461721942012));
#5539 = CARTESIAN_POINT('',(3.22186543945,6.483411301087));
#5540 = CARTESIAN_POINT('',(3.308638027362,6.505102296062));
#5541 = CARTESIAN_POINT('',(3.49027404228,6.550505353637));
#5542 = CARTESIAN_POINT('',(3.585204186805,6.574233959446));
#5543 = CARTESIAN_POINT('',(3.680113470098,6.597957260342));
#5544 = CARTESIAN_POINT('',(3.775003894571,6.621677010754));
#5545 = CARTESIAN_POINT('',(3.869893344649,6.645398682221));
#5546 = CARTESIAN_POINT('',(3.964800081785,6.669127048499));
#5547 = CARTESIAN_POINT('',(4.059727295997,6.69286226017));
#5548 = CARTESIAN_POINT('',(4.244551832603,6.739076741252));
#5549 = CARTESIAN_POINT('',(4.334519354615,6.761573469917));
#5550 = CARTESIAN_POINT('',(4.424471689779,6.78406645904));
#5551 = CARTESIAN_POINT('',(4.514409798743,6.806554963407));
#5552 = CARTESIAN_POINT('',(4.604347404367,6.829041601309));
#5553 = CARTESIAN_POINT('',(4.694298464364,6.851529579827));
#5554 = CARTESIAN_POINT('',(4.784264729794,6.874019672198));
#5555 = CARTESIAN_POINT('',(4.964551945693,6.919086289508));
#5556 = CARTESIAN_POINT('',(5.05493345133,6.941677943719));
#5557 = CARTESIAN_POINT('',(5.145298845698,6.964265029601));
#5558 = CARTESIAN_POINT('',(5.235649896654,6.986848873018));
#5559 = CARTESIAN_POINT('',(5.326001030865,7.009433919342));
#5560 = CARTESIAN_POINT('',(5.416366528917,7.032024107329));
#5561 = CARTESIAN_POINT('',(5.506747693564,7.054619490155));
#5562 = CARTESIAN_POINT('',(5.682847625878,7.098646171113));
#5563 = CARTESIAN_POINT('',(5.768622783981,7.120091475511));
#5564 = CARTESIAN_POINT('',(5.854387895975,7.141534585273));
#5565 = CARTESIAN_POINT('',(5.940140189918,7.162974057588));
#5566 = CARTESIAN_POINT('',(6.025892669799,7.184412575807));
#5567 = CARTESIAN_POINT('',(6.111658277713,7.205853295376));
#5568 = CARTESIAN_POINT('',(6.197434055693,7.227295934267));
#5569 = CARTESIAN_POINT('',(6.28318530718,7.248732607913));
#5570 = ( GEOMETRIC_REPRESENTATION_CONTEXT(2) 
PARAMETRIC_REPRESENTATION_CONTEXT() REPRESENTATION_CONTEXT('2D SPACE',''
  ) );
#5571 = ORIENTED_EDGE('',*,*,#5572,.T.);
#5572 = EDGE_CURVE('',#5364,#5573,#5575,.T.);
#5573 = VERTEX_POINT('',#5574);
#5574 = CARTESIAN_POINT('',(-7.,-2.033907396141,1.3205474679));
#5575 = SURFACE_CURVE('',#5576,(#5642,#5704),.PCURVE_S1.);
#5576 = B_SPLINE_CURVE_WITH_KNOTS('',8,(#5577,#5578,#5579,#5580,#5581,
    #5582,#5583,#5584,#5585,#5586,#5587,#5588,#5589,#5590,#5591,#5592,
    #5593,#5594,#5595,#5596,#5597,#5598,#5599,#5600,#5601,#5602,#5603,
    #5604,#5605,#5606,#5607,#5608,#5609,#5610,#5611,#5612,#5613,#5614,
    #5615,#5616,#5617,#5618,#5619,#5620,#5621,#5622,#5623,#5624,#5625,
    #5626,#5627,#5628,#5629,#5630,#5631,#5632,#5633,#5634,#5635,#5636,
    #5637,#5638,#5639,#5640,#5641),.UNSPECIFIED.,.F.,.F.,(9,7,7,7,7,7,7,
    7,7,9),(0.,0.154190832057,0.195143583727,0.325258570078,
    0.405893228944,0.525488479858,0.642455985212,0.746795068308,
    0.85144620858,1.),.UNSPECIFIED.);
#5577 = CARTESIAN_POINT('',(-5.677936281118,1.33226762955E-15,2.425));
#5578 = CARTESIAN_POINT('',(-5.708202695605,0.293599822696,2.425));
#5579 = CARTESIAN_POINT('',(-5.738502507647,0.587521388099,2.38437498438
    ));
#5580 = CARTESIAN_POINT('',(-5.768785299584,0.87469156955,2.302970661975
    ));
#5581 = CARTESIAN_POINT('',(-5.799060130783,1.148575191591,
    2.182292949835));
#5582 = CARTESIAN_POINT('',(-5.829342400579,1.403116180913,
    2.024854771031));
#5583 = CARTESIAN_POINT('',(-5.859637507504,1.632811470591,
    1.834221591774));
#5584 = CARTESIAN_POINT('',(-5.88993412044,1.832710780422,1.614929611831
    ));
#5585 = CARTESIAN_POINT('',(-5.928228998605,2.043081138573,
    1.308634900402));
#5586 = CARTESIAN_POINT('',(-5.936264862266,2.084867589895,
    1.242732606967));
#5587 = CARTESIAN_POINT('',(-5.944301092947,2.124221966911,
    1.175309551348));
#5588 = CARTESIAN_POINT('',(-5.952338364531,2.161079736642,
    1.106471005068));
#5589 = CARTESIAN_POINT('',(-5.960376974157,2.195382122517,
    1.036324861214));
#5590 = CARTESIAN_POINT('',(-5.968416842214,2.227076104364,
    0.964981634442));
#5591 = CARTESIAN_POINT('',(-5.976457512347,2.25611441842,0.892554460979
    ));
#5592 = CARTESIAN_POINT('',(-6.010044851131,2.366146561934,
    0.585967525825));
#5593 = CARTESIAN_POINT('',(-6.035606222002,2.422654755927,
    0.342876726433));
#5594 = CARTESIAN_POINT('',(-6.061150004022,2.450528724697,
    9.377634682519E-02));
#5595 = CARTESIAN_POINT('',(-6.086685368069,2.449111899976,
    -0.157377724098));
#5596 = CARTESIAN_POINT('',(-6.112223731185,2.418372136156,
    -0.406648195166));
#5597 = CARTESIAN_POINT('',(-6.137771230829,2.358844687296,
    -0.650133714354));
#5598 = CARTESIAN_POINT('',(-6.163328142953,2.271686731246,
    -0.883992840839));
#5599 = CARTESIAN_POINT('',(-6.204699616587,2.088909368486,
    -1.241231362207));
#5600 = CARTESIAN_POINT('',(-6.220531333571,2.009075806514,
    -1.372875865656));
#5601 = CARTESIAN_POINT('',(-6.236362629644,1.919775099696,
    -1.49862026222));
#5602 = CARTESIAN_POINT('',(-6.252192552172,1.82152552859,
    -1.617669671549));
#5603 = CARTESIAN_POINT('',(-6.268021431973,1.714917861646,
    -1.729292049221));
#5604 = CARTESIAN_POINT('',(-6.28385003016,1.600609019005,-1.83281789809
    ));
#5605 = CARTESIAN_POINT('',(-6.299678645724,1.479320994406,
    -1.92764400003));
#5606 = CARTESIAN_POINT('',(-6.338981181052,1.162775973123,
    -2.140196684843));
#5607 = CARTESIAN_POINT('',(-6.362465237355,0.960002181273,
    -2.246912166061));
#5608 = CARTESIAN_POINT('',(-6.385944371002,0.74616435247,
    -2.331573677793));
#5609 = CARTESIAN_POINT('',(-6.409420187378,0.524090728761,
    -2.392890969578));
#5610 = CARTESIAN_POINT('',(-6.432897865631,0.296720506577,
    -2.430009637628));
#5611 = CARTESIAN_POINT('',(-6.456381933036,6.707966368502E-02,
    -2.442480552791));
#5612 = CARTESIAN_POINT('',(-6.479872530776,-0.161728161214,
    -2.430294857457));
#5613 = CARTESIAN_POINT('',(-6.526321265085,-0.606438198293,
    -2.358488441301));
#5614 = CARTESIAN_POINT('',(-6.54929717539,-0.8226802188,-2.299888951632
    ));
#5615 = CARTESIAN_POINT('',(-6.572268893792,-1.032324168874,
    -2.2186413648));
#5616 = CARTESIAN_POINT('',(-6.595235609906,-1.232609988392,
    -2.115656456976));
#5617 = CARTESIAN_POINT('',(-6.618200199083,-1.420971496902,
    -1.99220924584));
#5618 = CARTESIAN_POINT('',(-6.641166250913,-1.59503641538,
    -1.849904385878));
#5619 = CARTESIAN_POINT('',(-6.664134797915,-1.752654652178,
    -1.690691355032));
#5620 = CARTESIAN_POINT('',(-6.707574785788,-2.016266910978,
    -1.361899108168));
#5621 = CARTESIAN_POINT('',(-6.728059216502,-2.126065403507,
    -1.195209914297));
#5622 = CARTESIAN_POINT('',(-6.7485411459,-2.220050769939,
    -1.018479232187));
#5623 = CARTESIAN_POINT('',(-6.769020740561,-2.297174298817,
    -0.833471021623));
#5624 = CARTESIAN_POINT('',(-6.789501212278,-2.35662784092,
    -0.642051798734));
#5625 = CARTESIAN_POINT('',(-6.809985475605,-2.397834622539,
    -0.446172082219));
#5626 = CARTESIAN_POINT('',(-6.830472930884,-2.420468343333,
    -0.247858167803));
#5627 = CARTESIAN_POINT('',(-6.871501076407,-2.428544833751,
    0.15002380997));
#5628 = CARTESIAN_POINT('',(-6.892052044226,-2.413878282044,
    0.349696081891));
#5629 = CARTESIAN_POINT('',(-6.912601731122,-2.380441042178,
    0.54767684937));
#5630 = CARTESIAN_POINT('',(-6.933148772576,-2.328479736916,
    0.741907385316));
#5631 = CARTESIAN_POINT('',(-6.953695158397,-2.258497943452,
    0.93039638114));
#5632 = CARTESIAN_POINT('',(-6.974243252059,-2.17123651472,
    1.111229113248));
#5633 = CARTESIAN_POINT('',(-6.994792655581,-2.067683751832,
    1.282585365918));
#5634 = CARTESIAN_POINT('',(-7.044499797291,-1.780805994438,
    1.670144970133));
#5635 = CARTESIAN_POINT('',(-7.073690084884,-1.582020399415,
    1.875302171945));
#5636 = CARTESIAN_POINT('',(-7.102865395518,-1.356403617531,
    2.053102604206));
#5637 = CARTESIAN_POINT('',(-7.132033032724,-1.108470009651,
    2.199605337552));
#5638 = CARTESIAN_POINT('',(-7.161207103984,-0.843208459418,
    2.311722432941));
#5639 = CARTESIAN_POINT('',(-7.190396565236,-0.566066022689,
    2.387283778023));
#5640 = CARTESIAN_POINT('',(-7.219593176481,-0.282893733364,2.425));
#5641 = CARTESIAN_POINT('',(-7.24875317019,3.552713678801E-15,2.425));
#5642 = PCURVE('',#3429,#5643);
#5643 = DEFINITIONAL_REPRESENTATION('',(#5644),#5703);
#5644 = B_SPLINE_CURVE_WITH_KNOTS('',8,(#5645,#5646,#5647,#5648,#5649,
    #5650,#5651,#5652,#5653,#5654,#5655,#5656,#5657,#5658,#5659,#5660,
    #5661,#5662,#5663,#5664,#5665,#5666,#5667,#5668,#5669,#5670,#5671,
    #5672,#5673,#5674,#5675,#5676,#5677,#5678,#5679,#5680,#5681,#5682,
    #5683,#5684,#5685,#5686,#5687,#5688,#5689,#5690,#5691,#5692,#5693,
    #5694,#5695,#5696,#5697,#5698,#5699,#5700,#5701,#5702),
  .UNSPECIFIED.,.F.,.F.,(9,7,7,7,7,7,7,7,9),(0.,0.15419083341,
    0.195143585439,0.325258572931,0.405893232505,0.525488484468,
    0.642455990848,0.746795074859,0.841681180621),.UNSPECIFIED.);
#5645 = CARTESIAN_POINT('',(1.144538377152,32.361520965408));
#5646 = CARTESIAN_POINT('',(1.14454085039,32.486316064922));
#5647 = CARTESIAN_POINT('',(1.144545833431,32.611252393147));
#5648 = CARTESIAN_POINT('',(1.144548762406,32.73611565907));
#5649 = CARTESIAN_POINT('',(1.14454191895,32.860932368697));
#5650 = CARTESIAN_POINT('',(1.144516487274,32.985753626157));
#5651 = CARTESIAN_POINT('',(1.144483927725,33.110617795557));
#5652 = CARTESIAN_POINT('',(1.144494479238,33.235548758981));
#5653 = CARTESIAN_POINT('',(1.144521724121,33.39348087419));
#5654 = CARTESIAN_POINT('',(1.144529622462,33.42662468851));
#5655 = CARTESIAN_POINT('',(1.144536798952,33.459769001661));
#5656 = CARTESIAN_POINT('',(1.144541319588,33.492913874259));
#5657 = CARTESIAN_POINT('',(1.144542218958,33.526059174724));
#5658 = CARTESIAN_POINT('',(1.144539500236,33.559204579281));
#5659 = CARTESIAN_POINT('',(1.144534135187,33.592349571964));
#5660 = CARTESIAN_POINT('',(1.144508775322,33.730798078878));
#5661 = CARTESIAN_POINT('',(1.144484225545,33.836155810767));
#5662 = CARTESIAN_POINT('',(1.144492598206,33.941487288331));
#5663 = CARTESIAN_POINT('',(1.144514186,34.046802629118));
#5664 = CARTESIAN_POINT('',(1.14453150074,34.152124330397));
#5665 = CARTESIAN_POINT('',(1.144540963424,34.257472667944));
#5666 = CARTESIAN_POINT('',(1.14454370689,34.362850371526));
#5667 = CARTESIAN_POINT('',(1.14454259979,34.533427771384));
#5668 = CARTESIAN_POINT('',(1.144540853989,34.598701159342));
#5669 = CARTESIAN_POINT('',(1.144538533609,34.66397200438));
#5670 = CARTESIAN_POINT('',(1.144536645118,34.729237793087));
#5671 = CARTESIAN_POINT('',(1.144535988097,34.794501013119));
#5672 = CARTESIAN_POINT('',(1.144536911615,34.859765293183));
#5673 = CARTESIAN_POINT('',(1.144539292685,34.925031693211));
#5674 = CARTESIAN_POINT('',(1.144547845041,35.087092216469));
#5675 = CARTESIAN_POINT('',(1.144555283796,35.18392991491));
#5676 = CARTESIAN_POINT('',(1.14456380153,35.280748833026));
#5677 = CARTESIAN_POINT('',(1.144570547518,35.377551583827));
#5678 = CARTESIAN_POINT('',(1.144572713693,35.474355575265));
#5679 = CARTESIAN_POINT('',(1.144569191487,35.571177915887));
#5680 = CARTESIAN_POINT('',(1.144561169154,35.668020857684));
#5681 = CARTESIAN_POINT('',(1.144540253275,35.859504502034));
#5682 = CARTESIAN_POINT('',(1.144527474815,35.954218649319));
#5683 = CARTESIAN_POINT('',(1.144514099597,36.048914674311));
#5684 = CARTESIAN_POINT('',(1.144502924849,36.14359316669));
#5685 = CARTESIAN_POINT('',(1.144496573935,36.238269668489));
#5686 = CARTESIAN_POINT('',(1.144496227134,36.332960638623));
#5687 = CARTESIAN_POINT('',(1.144501093418,36.427669222636));
#5688 = CARTESIAN_POINT('',(1.144517003217,36.606799239274));
#5689 = CARTESIAN_POINT('',(1.144527306299,36.691273189856));
#5690 = CARTESIAN_POINT('',(1.144539292991,36.775739193247));
#5691 = CARTESIAN_POINT('',(1.144551001076,36.860195178741));
#5692 = CARTESIAN_POINT('',(1.144560509843,36.944651689695));
#5693 = CARTESIAN_POINT('',(1.144566542503,37.029118948837));
#5694 = CARTESIAN_POINT('',(1.14456878578,37.113594043461));
#5695 = CARTESIAN_POINT('',(1.144567145459,37.274850983675));
#5696 = CARTESIAN_POINT('',(1.144563807211,37.351671376078));
#5697 = CARTESIAN_POINT('',(1.144558280914,37.428486738186));
#5698 = CARTESIAN_POINT('',(1.144551720159,37.505292725243));
#5699 = CARTESIAN_POINT('',(1.144545513664,37.5820954046));
#5700 = CARTESIAN_POINT('',(1.144540828498,37.658903119592));
#5701 = CARTESIAN_POINT('',(1.144538246025,37.735718129898));
#5702 = CARTESIAN_POINT('',(1.144537490561,37.812528028399));
#5703 = ( GEOMETRIC_REPRESENTATION_CONTEXT(2) 
PARAMETRIC_REPRESENTATION_CONTEXT() REPRESENTATION_CONTEXT('2D SPACE',''
  ) );
#5704 = PCURVE('',#4213,#5705);
#5705 = DEFINITIONAL_REPRESENTATION('',(#5706),#5765);
#5706 = B_SPLINE_CURVE_WITH_KNOTS('',8,(#5707,#5708,#5709,#5710,#5711,
    #5712,#5713,#5714,#5715,#5716,#5717,#5718,#5719,#5720,#5721,#5722,
    #5723,#5724,#5725,#5726,#5727,#5728,#5729,#5730,#5731,#5732,#5733,
    #5734,#5735,#5736,#5737,#5738,#5739,#5740,#5741,#5742,#5743,#5744,
    #5745,#5746,#5747,#5748,#5749,#5750,#5751,#5752,#5753,#5754,#5755,
    #5756,#5757,#5758,#5759,#5760,#5761,#5762,#5763,#5764),
  .UNSPECIFIED.,.F.,.F.,(9,7,7,7,7,7,7,7,9),(0.,0.154190833412,
    0.195143585442,0.325258572937,0.405893232511,0.525488484476,
    0.642455990858,0.746795074871,0.841681180621),.UNSPECIFIED.);
#5707 = CARTESIAN_POINT('',(0.,7.248732607913));
#5708 = CARTESIAN_POINT('',(0.121072091834,7.278999022399));
#5709 = CARTESIAN_POINT('',(0.242276607635,7.309298834442));
#5710 = CARTESIAN_POINT('',(0.363403168353,7.339581626379));
#5711 = CARTESIAN_POINT('',(0.48447800656,7.369856457578));
#5712 = CARTESIAN_POINT('',(0.605554460061,7.400138727374));
#5713 = CARTESIAN_POINT('',(0.726685681662,7.430433834299));
#5714 = CARTESIAN_POINT('',(0.847896092153,7.460730447235));
#5715 = CARTESIAN_POINT('',(1.001125203082,7.499025325399));
#5716 = CARTESIAN_POINT('',(1.033282072168,7.507061189061));
#5717 = CARTESIAN_POINT('',(1.065438910623,7.515097419742));
#5718 = CARTESIAN_POINT('',(1.097595535353,7.523134691326));
#5719 = CARTESIAN_POINT('',(1.129751882125,7.531173300952));
#5720 = CARTESIAN_POINT('',(1.161908005564,7.539213169009));
#5721 = CARTESIAN_POINT('',(1.194064079157,7.547253839142));
#5722 = CARTESIAN_POINT('',(1.328387367149,7.580841177926));
#5723 = CARTESIAN_POINT('',(1.430610066736,7.606402548797));
#5724 = CARTESIAN_POINT('',(1.532801518207,7.631946330817));
#5725 = CARTESIAN_POINT('',(1.634967226317,7.657481694864));
#5726 = CARTESIAN_POINT('',(1.73713312765,7.68302005798));
#5727 = CARTESIAN_POINT('',(1.839325144307,7.708567557624));
#5728 = CARTESIAN_POINT('',(1.941548151723,7.734124469748));
#5729 = CARTESIAN_POINT('',(2.107025101712,7.775495943382));
#5730 = CARTESIAN_POINT('',(2.170348176658,7.791327660365));
#5731 = CARTESIAN_POINT('',(2.233670465963,7.807158956439));
#5732 = CARTESIAN_POINT('',(2.296989440707,7.822988878967));
#5733 = CARTESIAN_POINT('',(2.360307168874,7.838817758768));
#5734 = CARTESIAN_POINT('',(2.423626676051,7.854646356955));
#5735 = CARTESIAN_POINT('',(2.486948472212,7.870474972519));
#5736 = CARTESIAN_POINT('',(2.644180018192,7.909777507847));
#5737 = CARTESIAN_POINT('',(2.73813184085,7.933261564149));
#5738 = CARTESIAN_POINT('',(2.83206375245,7.956740697796));
#5739 = CARTESIAN_POINT('',(2.925977347567,7.980216514173));
#5740 = CARTESIAN_POINT('',(3.019889719628,8.003694192426));
#5741 = CARTESIAN_POINT('',(3.11381845495,8.02717825983));
#5742 = CARTESIAN_POINT('',(3.207766770769,8.050668857571));
#5743 = CARTESIAN_POINT('',(3.393527576095,8.09711759188));
#5744 = CARTESIAN_POINT('',(3.485411304671,8.120093502185));
#5745 = CARTESIAN_POINT('',(3.577278391515,8.143065220587));
#5746 = CARTESIAN_POINT('',(3.669129812558,8.166031936701));
#5747 = CARTESIAN_POINT('',(3.760980369332,8.188996525878));
#5748 = CARTESIAN_POINT('',(3.852845303005,8.211962577708));
#5749 = CARTESIAN_POINT('',(3.944726969008,8.23493112471));
#5750 = CARTESIAN_POINT('',(4.118508876221,8.278371112583));
#5751 = CARTESIAN_POINT('',(4.200460212778,8.298855543297));
#5752 = CARTESIAN_POINT('',(4.282403018507,8.319337472695));
#5753 = CARTESIAN_POINT('',(4.364335248047,8.339817067356));
#5754 = CARTESIAN_POINT('',(4.446267440195,8.360297539073));
#5755 = CARTESIAN_POINT('',(4.528210121652,8.3807818024));
#5756 = CARTESIAN_POINT('',(4.610161158986,8.401269257678));
#5757 = CARTESIAN_POINT('',(4.766602040591,8.440380369547));
#5758 = CARTESIAN_POINT('',(4.841129087391,8.459013189236));
#5759 = CARTESIAN_POINT('',(4.91565251042,8.47764553467));
#5760 = CARTESIAN_POINT('',(4.990168261627,8.496275958904));
#5761 = CARTESIAN_POINT('',(5.064682049386,8.514905460158));
#5762 = CARTESIAN_POINT('',(5.139201408946,8.533535664204));
#5763 = CARTESIAN_POINT('',(5.213727727681,8.552166920945));
#5764 = CARTESIAN_POINT('',(5.288248225111,8.570796315176));
#5765 = ( GEOMETRIC_REPRESENTATION_CONTEXT(2) 
PARAMETRIC_REPRESENTATION_CONTEXT() REPRESENTATION_CONTEXT('2D SPACE',''
  ) );
#5766 = ORIENTED_EDGE('',*,*,#5767,.T.);
#5767 = EDGE_CURVE('',#5573,#3681,#5768,.T.);
#5768 = SURFACE_CURVE('',#5769,(#5792,#5818),.PCURVE_S1.);
#5769 = B_SPLINE_CURVE_WITH_KNOTS('',6,(#5770,#5771,#5772,#5773,#5774,
    #5775,#5776,#5777,#5778,#5779,#5780,#5781,#5782,#5783,#5784,#5785,
    #5786,#5787,#5788,#5789,#5790,#5791),.UNSPECIFIED.,.F.,.F.,(7,5,5,5,
    7),(0.,0.184442232377,0.404537391879,0.67063459638,1.),
  .UNSPECIFIED.);
#5770 = CARTESIAN_POINT('',(-7.,-2.033784269387,1.320655952986));
#5771 = CARTESIAN_POINT('',(-7.,-2.14099748991,1.226257705776));
#5772 = CARTESIAN_POINT('',(-7.,-2.241695885794,1.123727652782));
#5773 = CARTESIAN_POINT('',(-7.,-2.335226029373,1.013812372041));
#5774 = CARTESIAN_POINT('',(-7.,-2.421063610571,0.897292160984));
#5775 = CARTESIAN_POINT('',(-7.,-2.498798967301,0.774966313067));
#5776 = CARTESIAN_POINT('',(-7.,-2.650846617236,0.495697820881));
#5777 = CARTESIAN_POINT('',(-7.,-2.721596490891,0.336628103282));
#5778 = CARTESIAN_POINT('',(-7.,-2.779848288699,0.17179180622));
#5779 = CARTESIAN_POINT('',(-7.,-2.825300117416,2.534102199891E-03));
#5780 = CARTESIAN_POINT('',(-7.,-2.857821288576,-0.16983935691));
#5781 = CARTESIAN_POINT('',(-7.,-2.90116037226,-0.554710194718));
#5782 = CARTESIAN_POINT('',(-7.,-2.906022983822,-0.768079040135));
#5783 = CARTESIAN_POINT('',(-7.,-2.89207539079,-0.981954337386));
#5784 = CARTESIAN_POINT('',(-7.,-2.859702990929,-1.19428521898));
#5785 = CARTESIAN_POINT('',(-7.,-2.809524238155,-1.403189332484));
#5786 = CARTESIAN_POINT('',(-7.,-2.659261893453,-1.859164180079));
#5787 = CARTESIAN_POINT('',(-7.,-2.550138968652,-2.103530536496));
#5788 = CARTESIAN_POINT('',(-7.,-2.416576517978,-2.33681794779));
#5789 = CARTESIAN_POINT('',(-7.,-2.260581220132,-2.556333721885));
#5790 = CARTESIAN_POINT('',(-7.,-2.084398115838,-2.759828656967));
#5791 = CARTESIAN_POINT('',(-7.,-1.890504169201,-2.945496956599));
#5792 = PCURVE('',#3429,#5793);
#5793 = DEFINITIONAL_REPRESENTATION('',(#5794),#5817);
#5794 = B_SPLINE_CURVE_WITH_KNOTS('',6,(#5795,#5796,#5797,#5798,#5799,
    #5800,#5801,#5802,#5803,#5804,#5805,#5806,#5807,#5808,#5809,#5810,
    #5811,#5812,#5813,#5814,#5815,#5816),.UNSPECIFIED.,.F.,.F.,(7,5,5,5,
    7),(0.,0.184442232377,0.404537391879,0.67063459638,1.),
  .UNSPECIFIED.);
#5795 = CARTESIAN_POINT('',(1.144584575699,37.812594245624));
#5796 = CARTESIAN_POINT('',(1.103571128465,37.754957471721));
#5797 = CARTESIAN_POINT('',(1.06312342846,37.69811575035));
#5798 = CARTESIAN_POINT('',(1.02321659401,37.642034114947));
#5799 = CARTESIAN_POINT('',(0.983826239693,37.586678296335));
#5800 = CARTESIAN_POINT('',(0.944930321825,37.532017316215));
#5801 = CARTESIAN_POINT('',(0.860665137329,37.413598267968));
#5802 = CARTESIAN_POINT('',(0.815495887914,37.350121286844));
#5803 = CARTESIAN_POINT('',(0.770971545566,37.287550602686));
#5804 = CARTESIAN_POINT('',(0.727059516113,37.225840410447));
#5805 = CARTESIAN_POINT('',(0.683732053067,37.164951717595));
#5806 = CARTESIAN_POINT('',(0.589264432325,37.032195042282));
#5807 = CARTESIAN_POINT('',(0.538380411281,36.960687012258));
#5808 = CARTESIAN_POINT('',(0.488274690959,36.890272739178));
#5809 = CARTESIAN_POINT('',(0.438903603605,36.820890856135));
#5810 = CARTESIAN_POINT('',(0.390231078723,36.752490672753));
#5811 = CARTESIAN_POINT('',(0.282817781098,36.601541255745));
#5812 = CARTESIAN_POINT('',(0.22442757096,36.519484672676));
#5813 = CARTESIAN_POINT('',(0.167006099706,36.438789471978));
#5814 = CARTESIAN_POINT('',(0.110490910647,36.359367882388));
#5815 = CARTESIAN_POINT('',(5.483271258156E-02,36.281150634286));
#5816 = CARTESIAN_POINT('',(0.,36.20409345254));
#5817 = ( GEOMETRIC_REPRESENTATION_CONTEXT(2) 
PARAMETRIC_REPRESENTATION_CONTEXT() REPRESENTATION_CONTEXT('2D SPACE',''
  ) );
#5818 = PCURVE('',#3847,#5819);
#5819 = DEFINITIONAL_REPRESENTATION('',(#5820),#5843);
#5820 = B_SPLINE_CURVE_WITH_KNOTS('',6,(#5821,#5822,#5823,#5824,#5825,
    #5826,#5827,#5828,#5829,#5830,#5831,#5832,#5833,#5834,#5835,#5836,
    #5837,#5838,#5839,#5840,#5841,#5842),.UNSPECIFIED.,.F.,.F.,(7,5,5,5,
    7),(0.,0.184442232377,0.404537391879,0.67063459638,1.),
  .UNSPECIFIED.);
#5821 = CARTESIAN_POINT('',(1.320655952986,-2.033784269387));
#5822 = CARTESIAN_POINT('',(1.226257705776,-2.14099748991));
#5823 = CARTESIAN_POINT('',(1.123727652782,-2.241695885794));
#5824 = CARTESIAN_POINT('',(1.013812372041,-2.335226029373));
#5825 = CARTESIAN_POINT('',(0.897292160984,-2.421063610571));
#5826 = CARTESIAN_POINT('',(0.774966313067,-2.498798967301));
#5827 = CARTESIAN_POINT('',(0.495697820881,-2.650846617236));
#5828 = CARTESIAN_POINT('',(0.336628103282,-2.721596490891));
#5829 = CARTESIAN_POINT('',(0.17179180622,-2.779848288699));
#5830 = CARTESIAN_POINT('',(2.53410219989E-03,-2.825300117416));
#5831 = CARTESIAN_POINT('',(-0.16983935691,-2.857821288576));
#5832 = CARTESIAN_POINT('',(-0.554710194718,-2.90116037226));
#5833 = CARTESIAN_POINT('',(-0.768079040135,-2.906022983822));
#5834 = CARTESIAN_POINT('',(-0.981954337386,-2.89207539079));
#5835 = CARTESIAN_POINT('',(-1.19428521898,-2.859702990929));
#5836 = CARTESIAN_POINT('',(-1.403189332484,-2.809524238155));
#5837 = CARTESIAN_POINT('',(-1.859164180079,-2.659261893453));
#5838 = CARTESIAN_POINT('',(-2.103530536496,-2.550138968652));
#5839 = CARTESIAN_POINT('',(-2.33681794779,-2.416576517978));
#5840 = CARTESIAN_POINT('',(-2.556333721885,-2.260581220132));
#5841 = CARTESIAN_POINT('',(-2.759828656967,-2.084398115838));
#5842 = CARTESIAN_POINT('',(-2.945496956599,-1.890504169201));
#5843 = ( GEOMETRIC_REPRESENTATION_CONTEXT(2) 
PARAMETRIC_REPRESENTATION_CONTEXT() REPRESENTATION_CONTEXT('2D SPACE',''
  ) );
#5844 = ADVANCED_FACE('',(#5845,#5896),#3847,.T.);
#5845 = FACE_BOUND('',#5846,.F.);
#5846 = EDGE_LOOP('',(#5847,#5848,#5849,#5873,#5895));
#5847 = ORIENTED_EDGE('',*,*,#3765,.T.);
#5848 = ORIENTED_EDGE('',*,*,#3898,.T.);
#5849 = ORIENTED_EDGE('',*,*,#5850,.F.);
#5850 = EDGE_CURVE('',#5851,#3899,#5853,.T.);
#5851 = VERTEX_POINT('',#5852);
#5852 = CARTESIAN_POINT('',(-7.,-5.939536975865E-16,2.425));
#5853 = SURFACE_CURVE('',#5854,(#5859,#5866),.PCURVE_S1.);
#5854 = CIRCLE('',#5855,2.425);
#5855 = AXIS2_PLACEMENT_3D('',#5856,#5857,#5858);
#5856 = CARTESIAN_POINT('',(-7.,0.,8.881784197001E-16));
#5857 = DIRECTION('',(-1.,0.,1.110223024625E-16));
#5858 = DIRECTION('',(1.110223024625E-16,0.,1.));
#5859 = PCURVE('',#3847,#5860);
#5860 = DEFINITIONAL_REPRESENTATION('',(#5861),#5865);
#5861 = CIRCLE('',#5862,2.425);
#5862 = AXIS2_PLACEMENT_2D('',#5863,#5864);
#5863 = CARTESIAN_POINT('',(0.,0.));
#5864 = DIRECTION('',(1.,0.));
#5865 = ( GEOMETRIC_REPRESENTATION_CONTEXT(2) 
PARAMETRIC_REPRESENTATION_CONTEXT() REPRESENTATION_CONTEXT('2D SPACE',''
  ) );
#5866 = PCURVE('',#4055,#5867);
#5867 = DEFINITIONAL_REPRESENTATION('',(#5868),#5872);
#5868 = LINE('',#5869,#5870);
#5869 = CARTESIAN_POINT('',(0.,8.570796326795));
#5870 = VECTOR('',#5871,1.);
#5871 = DIRECTION('',(1.,0.));
#5872 = ( GEOMETRIC_REPRESENTATION_CONTEXT(2) 
PARAMETRIC_REPRESENTATION_CONTEXT() REPRESENTATION_CONTEXT('2D SPACE',''
  ) );
#5873 = ORIENTED_EDGE('',*,*,#5874,.F.);
#5874 = EDGE_CURVE('',#5573,#5851,#5875,.T.);
#5875 = SURFACE_CURVE('',#5876,(#5881,#5888),.PCURVE_S1.);
#5876 = CIRCLE('',#5877,2.425);
#5877 = AXIS2_PLACEMENT_3D('',#5878,#5879,#5880);
#5878 = CARTESIAN_POINT('',(-7.,0.,8.881784197001E-16));
#5879 = DIRECTION('',(-1.,0.,1.110223024625E-16));
#5880 = DIRECTION('',(1.110223024625E-16,0.,1.));
#5881 = PCURVE('',#3847,#5882);
#5882 = DEFINITIONAL_REPRESENTATION('',(#5883),#5887);
#5883 = CIRCLE('',#5884,2.425);
#5884 = AXIS2_PLACEMENT_2D('',#5885,#5886);
#5885 = CARTESIAN_POINT('',(0.,0.));
#5886 = DIRECTION('',(1.,0.));
#5887 = ( GEOMETRIC_REPRESENTATION_CONTEXT(2) 
PARAMETRIC_REPRESENTATION_CONTEXT() REPRESENTATION_CONTEXT('2D SPACE',''
  ) );
#5888 = PCURVE('',#4213,#5889);
#5889 = DEFINITIONAL_REPRESENTATION('',(#5890),#5894);
#5890 = LINE('',#5891,#5892);
#5891 = CARTESIAN_POINT('',(0.,8.570796326795));
#5892 = VECTOR('',#5893,1.);
#5893 = DIRECTION('',(1.,0.));
#5894 = ( GEOMETRIC_REPRESENTATION_CONTEXT(2) 
PARAMETRIC_REPRESENTATION_CONTEXT() REPRESENTATION_CONTEXT('2D SPACE',''
  ) );
#5895 = ORIENTED_EDGE('',*,*,#5767,.T.);
#5896 = FACE_BOUND('',#5897,.F.);
#5897 = EDGE_LOOP('',(#5898));
#5898 = ORIENTED_EDGE('',*,*,#5899,.T.);
#5899 = EDGE_CURVE('',#5900,#5900,#5902,.T.);
#5900 = VERTEX_POINT('',#5901);
#5901 = CARTESIAN_POINT('',(-7.,0.,2.375));
#5902 = SURFACE_CURVE('',#5903,(#5908,#5915),.PCURVE_S1.);
#5903 = CIRCLE('',#5904,2.375);
#5904 = AXIS2_PLACEMENT_3D('',#5905,#5906,#5907);
#5905 = CARTESIAN_POINT('',(-7.,0.,8.881784197001E-16));
#5906 = DIRECTION('',(-1.,0.,1.110223024625E-16));
#5907 = DIRECTION('',(1.110223024625E-16,0.,1.));
#5908 = PCURVE('',#3847,#5909);
#5909 = DEFINITIONAL_REPRESENTATION('',(#5910),#5914);
#5910 = CIRCLE('',#5911,2.375);
#5911 = AXIS2_PLACEMENT_2D('',#5912,#5913);
#5912 = CARTESIAN_POINT('',(0.,0.));
#5913 = DIRECTION('',(1.,0.));
#5914 = ( GEOMETRIC_REPRESENTATION_CONTEXT(2) 
PARAMETRIC_REPRESENTATION_CONTEXT() REPRESENTATION_CONTEXT('2D SPACE',''
  ) );
#5915 = PCURVE('',#5916,#5921);
#5916 = TOROIDAL_SURFACE('',#5917,2.375,0.35);
#5917 = AXIS2_PLACEMENT_3D('',#5918,#5919,#5920);
#5918 = CARTESIAN_POINT('',(-7.35,0.,8.881784197001E-16));
#5919 = DIRECTION('',(-1.,0.,1.110223024625E-16));
#5920 = DIRECTION('',(1.110223024625E-16,0.,1.));
#5921 = DEFINITIONAL_REPRESENTATION('',(#5922),#5926);
#5922 = LINE('',#5923,#5924);
#5923 = CARTESIAN_POINT('',(0.,4.712388980385));
#5924 = VECTOR('',#5925,1.);
#5925 = DIRECTION('',(1.,0.));
#5926 = ( GEOMETRIC_REPRESENTATION_CONTEXT(2) 
PARAMETRIC_REPRESENTATION_CONTEXT() REPRESENTATION_CONTEXT('2D SPACE',''
  ) );
#5927 = ADVANCED_FACE('',(#5928),#4055,.T.);
#5928 = FACE_BOUND('',#5929,.T.);
#5929 = EDGE_LOOP('',(#5930,#5931,#5932));
#5930 = ORIENTED_EDGE('',*,*,#3978,.T.);
#5931 = ORIENTED_EDGE('',*,*,#5850,.F.);
#5932 = ORIENTED_EDGE('',*,*,#5933,.F.);
#5933 = EDGE_CURVE('',#3979,#5851,#5934,.T.);
#5934 = SURFACE_CURVE('',#5935,(#5939,#5946),.PCURVE_S1.);
#5935 = LINE('',#5936,#5937);
#5936 = CARTESIAN_POINT('',(1.570796326795,-5.939536975865E-16,2.425));
#5937 = VECTOR('',#5938,1.);
#5938 = DIRECTION('',(-1.,0.,1.110223024625E-16));
#5939 = PCURVE('',#4055,#5940);
#5940 = DEFINITIONAL_REPRESENTATION('',(#5941),#5945);
#5941 = LINE('',#5942,#5943);
#5942 = CARTESIAN_POINT('',(0.,-0.));
#5943 = VECTOR('',#5944,1.);
#5944 = DIRECTION('',(0.,1.));
#5945 = ( GEOMETRIC_REPRESENTATION_CONTEXT(2) 
PARAMETRIC_REPRESENTATION_CONTEXT() REPRESENTATION_CONTEXT('2D SPACE',''
  ) );
#5946 = PCURVE('',#4213,#5947);
#5947 = DEFINITIONAL_REPRESENTATION('',(#5948),#5952);
#5948 = LINE('',#5949,#5950);
#5949 = CARTESIAN_POINT('',(6.28318530718,-0.));
#5950 = VECTOR('',#5951,1.);
#5951 = DIRECTION('',(0.,1.));
#5952 = ( GEOMETRIC_REPRESENTATION_CONTEXT(2) 
PARAMETRIC_REPRESENTATION_CONTEXT() REPRESENTATION_CONTEXT('2D SPACE',''
  ) );
#5953 = ADVANCED_FACE('',(#5954),#4213,.T.);
#5954 = FACE_BOUND('',#5955,.T.);
#5955 = EDGE_LOOP('',(#5956,#5957,#5958,#5959,#5960));
#5956 = ORIENTED_EDGE('',*,*,#4073,.T.);
#5957 = ORIENTED_EDGE('',*,*,#5933,.T.);
#5958 = ORIENTED_EDGE('',*,*,#5874,.F.);
#5959 = ORIENTED_EDGE('',*,*,#5572,.F.);
#5960 = ORIENTED_EDGE('',*,*,#5961,.F.);
#5961 = EDGE_CURVE('',#4074,#5364,#5962,.T.);
#5962 = SURFACE_CURVE('',#5963,(#5967,#5974),.PCURVE_S1.);
#5963 = LINE('',#5964,#5965);
#5964 = CARTESIAN_POINT('',(1.570796326795,-5.939536975865E-16,2.425));
#5965 = VECTOR('',#5966,1.);
#5966 = DIRECTION('',(-1.,0.,1.110223024625E-16));
#5967 = PCURVE('',#4213,#5968);
#5968 = DEFINITIONAL_REPRESENTATION('',(#5969),#5973);
#5969 = LINE('',#5970,#5971);
#5970 = CARTESIAN_POINT('',(0.,-0.));
#5971 = VECTOR('',#5972,1.);
#5972 = DIRECTION('',(0.,1.));
#5973 = ( GEOMETRIC_REPRESENTATION_CONTEXT(2) 
PARAMETRIC_REPRESENTATION_CONTEXT() REPRESENTATION_CONTEXT('2D SPACE',''
  ) );
#5974 = PCURVE('',#4427,#5975);
#5975 = DEFINITIONAL_REPRESENTATION('',(#5976),#5980);
#5976 = LINE('',#5977,#5978);
#5977 = CARTESIAN_POINT('',(6.28318530718,-0.));
#5978 = VECTOR('',#5979,1.);
#5979 = DIRECTION('',(0.,1.));
#5980 = ( GEOMETRIC_REPRESENTATION_CONTEXT(2) 
PARAMETRIC_REPRESENTATION_CONTEXT() REPRESENTATION_CONTEXT('2D SPACE',''
  ) );
#5981 = ADVANCED_FACE('',(#5982),#4427,.T.);
#5982 = FACE_BOUND('',#5983,.T.);
#5983 = EDGE_LOOP('',(#5984,#5985,#5986,#5987));
#5984 = ORIENTED_EDGE('',*,*,#4287,.T.);
#5985 = ORIENTED_EDGE('',*,*,#5961,.T.);
#5986 = ORIENTED_EDGE('',*,*,#5363,.F.);
#5987 = ORIENTED_EDGE('',*,*,#5988,.F.);
#5988 = EDGE_CURVE('',#4288,#5176,#5989,.T.);
#5989 = SURFACE_CURVE('',#5990,(#5994,#6001),.PCURVE_S1.);
#5990 = LINE('',#5991,#5992);
#5991 = CARTESIAN_POINT('',(1.570796326795,-5.939536975865E-16,2.425));
#5992 = VECTOR('',#5993,1.);
#5993 = DIRECTION('',(-1.,0.,1.110223024625E-16));
#5994 = PCURVE('',#4427,#5995);
#5995 = DEFINITIONAL_REPRESENTATION('',(#5996),#6000);
#5996 = LINE('',#5997,#5998);
#5997 = CARTESIAN_POINT('',(0.,-0.));
#5998 = VECTOR('',#5999,1.);
#5999 = DIRECTION('',(0.,1.));
#6000 = ( GEOMETRIC_REPRESENTATION_CONTEXT(2) 
PARAMETRIC_REPRESENTATION_CONTEXT() REPRESENTATION_CONTEXT('2D SPACE',''
  ) );
#6001 = PCURVE('',#4613,#6002);
#6002 = DEFINITIONAL_REPRESENTATION('',(#6003),#6007);
#6003 = LINE('',#6004,#6005);
#6004 = CARTESIAN_POINT('',(6.28318530718,-0.));
#6005 = VECTOR('',#6006,1.);
#6006 = DIRECTION('',(0.,1.));
#6007 = ( GEOMETRIC_REPRESENTATION_CONTEXT(2) 
PARAMETRIC_REPRESENTATION_CONTEXT() REPRESENTATION_CONTEXT('2D SPACE',''
  ) );
#6008 = ADVANCED_FACE('',(#6009),#4613,.T.);
#6009 = FACE_BOUND('',#6010,.T.);
#6010 = EDGE_LOOP('',(#6011,#6012,#6013,#6014));
#6011 = ORIENTED_EDGE('',*,*,#4501,.T.);
#6012 = ORIENTED_EDGE('',*,*,#5988,.T.);
#6013 = ORIENTED_EDGE('',*,*,#5175,.F.);
#6014 = ORIENTED_EDGE('',*,*,#4842,.F.);
#6015 = ADVANCED_FACE('',(#6016),#5916,.F.);
#6016 = FACE_BOUND('',#6017,.F.);
#6017 = EDGE_LOOP('',(#6018,#6047,#6069,#6070));
#6018 = ORIENTED_EDGE('',*,*,#6019,.T.);
#6019 = EDGE_CURVE('',#6020,#6020,#6022,.T.);
#6020 = VERTEX_POINT('',#6021);
#6021 = CARTESIAN_POINT('',(-7.000142886309,-2.896289679983E-16,2.365));
#6022 = SURFACE_CURVE('',#6023,(#6028,#6035),.PCURVE_S1.);
#6023 = CIRCLE('',#6024,2.365);
#6024 = AXIS2_PLACEMENT_3D('',#6025,#6026,#6027);
#6025 = CARTESIAN_POINT('',(-7.000142886309,0.,7.771719808047E-16));
#6026 = DIRECTION('',(-1.,0.,1.110223024625E-16));
#6027 = DIRECTION('',(0.,-1.,0.));
#6028 = PCURVE('',#5916,#6029);
#6029 = DEFINITIONAL_REPRESENTATION('',(#6030),#6034);
#6030 = LINE('',#6031,#6032);
#6031 = CARTESIAN_POINT('',(-1.570796326795,4.683813663115));
#6032 = VECTOR('',#6033,1.);
#6033 = DIRECTION('',(1.,0.));
#6034 = ( GEOMETRIC_REPRESENTATION_CONTEXT(2) 
PARAMETRIC_REPRESENTATION_CONTEXT() REPRESENTATION_CONTEXT('2D SPACE',''
  ) );
#6035 = PCURVE('',#6036,#6041);
#6036 = CYLINDRICAL_SURFACE('',#6037,2.365);
#6037 = AXIS2_PLACEMENT_3D('',#6038,#6039,#6040);
#6038 = CARTESIAN_POINT('',(-6.8,0.,8.881784197001E-16));
#6039 = DIRECTION('',(-1.,0.,1.110223024625E-16));
#6040 = DIRECTION('',(1.110223024625E-16,0.,1.));
#6041 = DEFINITIONAL_REPRESENTATION('',(#6042),#6046);
#6042 = LINE('',#6043,#6044);
#6043 = CARTESIAN_POINT('',(-1.570796326795,0.200142886309));
#6044 = VECTOR('',#6045,1.);
#6045 = DIRECTION('',(1.,0.));
#6046 = ( GEOMETRIC_REPRESENTATION_CONTEXT(2) 
PARAMETRIC_REPRESENTATION_CONTEXT() REPRESENTATION_CONTEXT('2D SPACE',''
  ) );
#6047 = ORIENTED_EDGE('',*,*,#6048,.T.);
#6048 = EDGE_CURVE('',#6020,#5900,#6049,.T.);
#6049 = SEAM_CURVE('',#6050,(#6055,#6062),.PCURVE_S1.);
#6050 = CIRCLE('',#6051,0.35);
#6051 = AXIS2_PLACEMENT_3D('',#6052,#6053,#6054);
#6052 = CARTESIAN_POINT('',(-7.35,0.,2.375));
#6053 = DIRECTION('',(0.,-1.,0.));
#6054 = DIRECTION('',(1.110223024625E-16,0.,1.));
#6055 = PCURVE('',#5916,#6056);
#6056 = DEFINITIONAL_REPRESENTATION('',(#6057),#6061);
#6057 = LINE('',#6058,#6059);
#6058 = CARTESIAN_POINT('',(4.138911435803E-13,0.));
#6059 = VECTOR('',#6060,1.);
#6060 = DIRECTION('',(0.,1.));
#6061 = ( GEOMETRIC_REPRESENTATION_CONTEXT(2) 
PARAMETRIC_REPRESENTATION_CONTEXT() REPRESENTATION_CONTEXT('2D SPACE',''
  ) );
#6062 = PCURVE('',#5916,#6063);
#6063 = DEFINITIONAL_REPRESENTATION('',(#6064),#6068);
#6064 = LINE('',#6065,#6066);
#6065 = CARTESIAN_POINT('',(6.28318530718,0.));
#6066 = VECTOR('',#6067,1.);
#6067 = DIRECTION('',(0.,1.));
#6068 = ( GEOMETRIC_REPRESENTATION_CONTEXT(2) 
PARAMETRIC_REPRESENTATION_CONTEXT() REPRESENTATION_CONTEXT('2D SPACE',''
  ) );
#6069 = ORIENTED_EDGE('',*,*,#5899,.F.);
#6070 = ORIENTED_EDGE('',*,*,#6048,.F.);
#6071 = ADVANCED_FACE('',(#6072),#6036,.T.);
#6072 = FACE_BOUND('',#6073,.T.);
#6073 = EDGE_LOOP('',(#6074,#6103,#6124,#6125));
#6074 = ORIENTED_EDGE('',*,*,#6075,.F.);
#6075 = EDGE_CURVE('',#6076,#6076,#6078,.T.);
#6076 = VERTEX_POINT('',#6077);
#6077 = CARTESIAN_POINT('',(-7.699857113691,-2.896289679983E-16,2.365));
#6078 = SURFACE_CURVE('',#6079,(#6084,#6091),.PCURVE_S1.);
#6079 = CIRCLE('',#6080,2.365);
#6080 = AXIS2_PLACEMENT_3D('',#6081,#6082,#6083);
#6081 = CARTESIAN_POINT('',(-7.699857113691,0.,8.548558653943E-16));
#6082 = DIRECTION('',(-1.,0.,1.110223024625E-16));
#6083 = DIRECTION('',(0.,-1.,0.));
#6084 = PCURVE('',#6036,#6085);
#6085 = DEFINITIONAL_REPRESENTATION('',(#6086),#6090);
#6086 = LINE('',#6087,#6088);
#6087 = CARTESIAN_POINT('',(-1.570796326795,0.899857113691));
#6088 = VECTOR('',#6089,1.);
#6089 = DIRECTION('',(1.,0.));
#6090 = ( GEOMETRIC_REPRESENTATION_CONTEXT(2) 
PARAMETRIC_REPRESENTATION_CONTEXT() REPRESENTATION_CONTEXT('2D SPACE',''
  ) );
#6091 = PCURVE('',#6092,#6097);
#6092 = TOROIDAL_SURFACE('',#6093,2.375,0.35);
#6093 = AXIS2_PLACEMENT_3D('',#6094,#6095,#6096);
#6094 = CARTESIAN_POINT('',(-7.35,0.,8.881784197001E-16));
#6095 = DIRECTION('',(-1.,0.,1.110223024625E-16));
#6096 = DIRECTION('',(1.110223024625E-16,0.,1.));
#6097 = DEFINITIONAL_REPRESENTATION('',(#6098),#6102);
#6098 = LINE('',#6099,#6100);
#6099 = CARTESIAN_POINT('',(-1.570796326795,1.599371644064));
#6100 = VECTOR('',#6101,1.);
#6101 = DIRECTION('',(1.,0.));
#6102 = ( GEOMETRIC_REPRESENTATION_CONTEXT(2) 
PARAMETRIC_REPRESENTATION_CONTEXT() REPRESENTATION_CONTEXT('2D SPACE',''
  ) );
#6103 = ORIENTED_EDGE('',*,*,#6104,.F.);
#6104 = EDGE_CURVE('',#6020,#6076,#6105,.T.);
#6105 = SEAM_CURVE('',#6106,(#6110,#6117),.PCURVE_S1.);
#6106 = LINE('',#6107,#6108);
#6107 = CARTESIAN_POINT('',(-6.8,-5.792579359967E-16,2.365));
#6108 = VECTOR('',#6109,1.);
#6109 = DIRECTION('',(-1.,0.,1.110223024625E-16));
#6110 = PCURVE('',#6036,#6111);
#6111 = DEFINITIONAL_REPRESENTATION('',(#6112),#6116);
#6112 = LINE('',#6113,#6114);
#6113 = CARTESIAN_POINT('',(6.28318530718,-0.));
#6114 = VECTOR('',#6115,1.);
#6115 = DIRECTION('',(0.,1.));
#6116 = ( GEOMETRIC_REPRESENTATION_CONTEXT(2) 
PARAMETRIC_REPRESENTATION_CONTEXT() REPRESENTATION_CONTEXT('2D SPACE',''
  ) );
#6117 = PCURVE('',#6036,#6118);
#6118 = DEFINITIONAL_REPRESENTATION('',(#6119),#6123);
#6119 = LINE('',#6120,#6121);
#6120 = CARTESIAN_POINT('',(0.,-0.));
#6121 = VECTOR('',#6122,1.);
#6122 = DIRECTION('',(0.,1.));
#6123 = ( GEOMETRIC_REPRESENTATION_CONTEXT(2) 
PARAMETRIC_REPRESENTATION_CONTEXT() REPRESENTATION_CONTEXT('2D SPACE',''
  ) );
#6124 = ORIENTED_EDGE('',*,*,#6019,.T.);
#6125 = ORIENTED_EDGE('',*,*,#6104,.T.);
#6126 = ADVANCED_FACE('',(#6127),#6092,.F.);
#6127 = FACE_BOUND('',#6128,.F.);
#6128 = EDGE_LOOP('',(#6129,#6153,#6180,#6181));
#6129 = ORIENTED_EDGE('',*,*,#6130,.F.);
#6130 = EDGE_CURVE('',#6131,#6076,#6133,.T.);
#6131 = VERTEX_POINT('',#6132);
#6132 = CARTESIAN_POINT('',(-7.7,0.,2.375));
#6133 = SEAM_CURVE('',#6134,(#6139,#6146),.PCURVE_S1.);
#6134 = CIRCLE('',#6135,0.35);
#6135 = AXIS2_PLACEMENT_3D('',#6136,#6137,#6138);
#6136 = CARTESIAN_POINT('',(-7.35,0.,2.375));
#6137 = DIRECTION('',(0.,-1.,0.));
#6138 = DIRECTION('',(1.110223024625E-16,0.,1.));
#6139 = PCURVE('',#6092,#6140);
#6140 = DEFINITIONAL_REPRESENTATION('',(#6141),#6145);
#6141 = LINE('',#6142,#6143);
#6142 = CARTESIAN_POINT('',(4.138911435803E-13,0.));
#6143 = VECTOR('',#6144,1.);
#6144 = DIRECTION('',(0.,1.));
#6145 = ( GEOMETRIC_REPRESENTATION_CONTEXT(2) 
PARAMETRIC_REPRESENTATION_CONTEXT() REPRESENTATION_CONTEXT('2D SPACE',''
  ) );
#6146 = PCURVE('',#6092,#6147);
#6147 = DEFINITIONAL_REPRESENTATION('',(#6148),#6152);
#6148 = LINE('',#6149,#6150);
#6149 = CARTESIAN_POINT('',(6.28318530718,0.));
#6150 = VECTOR('',#6151,1.);
#6151 = DIRECTION('',(0.,1.));
#6152 = ( GEOMETRIC_REPRESENTATION_CONTEXT(2) 
PARAMETRIC_REPRESENTATION_CONTEXT() REPRESENTATION_CONTEXT('2D SPACE',''
  ) );
#6153 = ORIENTED_EDGE('',*,*,#6154,.T.);
#6154 = EDGE_CURVE('',#6131,#6131,#6155,.T.);
#6155 = SURFACE_CURVE('',#6156,(#6161,#6168),.PCURVE_S1.);
#6156 = CIRCLE('',#6157,2.375);
#6157 = AXIS2_PLACEMENT_3D('',#6158,#6159,#6160);
#6158 = CARTESIAN_POINT('',(-7.7,0.,8.881784197001E-16));
#6159 = DIRECTION('',(-1.,0.,1.110223024625E-16));
#6160 = DIRECTION('',(1.110223024625E-16,0.,1.));
#6161 = PCURVE('',#6092,#6162);
#6162 = DEFINITIONAL_REPRESENTATION('',(#6163),#6167);
#6163 = LINE('',#6164,#6165);
#6164 = CARTESIAN_POINT('',(0.,1.570796326795));
#6165 = VECTOR('',#6166,1.);
#6166 = DIRECTION('',(1.,0.));
#6167 = ( GEOMETRIC_REPRESENTATION_CONTEXT(2) 
PARAMETRIC_REPRESENTATION_CONTEXT() REPRESENTATION_CONTEXT('2D SPACE',''
  ) );
#6168 = PCURVE('',#6169,#6174);
#6169 = PLANE('',#6170);
#6170 = AXIS2_PLACEMENT_3D('',#6171,#6172,#6173);
#6171 = CARTESIAN_POINT('',(-7.7,-7.,-7.));
#6172 = DIRECTION('',(-1.,0.,1.110223024625E-16));
#6173 = DIRECTION('',(1.110223024625E-16,0.,1.));
#6174 = DEFINITIONAL_REPRESENTATION('',(#6175),#6179);
#6175 = CIRCLE('',#6176,2.375);
#6176 = AXIS2_PLACEMENT_2D('',#6177,#6178);
#6177 = CARTESIAN_POINT('',(7.,7.));
#6178 = DIRECTION('',(1.,0.));
#6179 = ( GEOMETRIC_REPRESENTATION_CONTEXT(2) 
PARAMETRIC_REPRESENTATION_CONTEXT() REPRESENTATION_CONTEXT('2D SPACE',''
  ) );
#6180 = ORIENTED_EDGE('',*,*,#6130,.T.);
#6181 = ORIENTED_EDGE('',*,*,#6075,.F.);
#6182 = ADVANCED_FACE('',(#6183,#6186),#6169,.T.);
#6183 = FACE_BOUND('',#6184,.T.);
#6184 = EDGE_LOOP('',(#6185));
#6185 = ORIENTED_EDGE('',*,*,#6154,.T.);
#6186 = FACE_BOUND('',#6187,.T.);
#6187 = EDGE_LOOP('',(#6188));
#6188 = ORIENTED_EDGE('',*,*,#6189,.F.);
#6189 = EDGE_CURVE('',#6190,#6190,#6192,.T.);
#6190 = VERTEX_POINT('',#6191);
#6191 = CARTESIAN_POINT('',(-7.7,-5.792579359967E-16,2.365));
#6192 = SURFACE_CURVE('',#6193,(#6198,#6205),.PCURVE_S1.);
#6193 = CIRCLE('',#6194,2.365);
#6194 = AXIS2_PLACEMENT_3D('',#6195,#6196,#6197);
#6195 = CARTESIAN_POINT('',(-7.7,0.,8.548717289614E-16));
#6196 = DIRECTION('',(-1.,0.,1.110223024625E-16));
#6197 = DIRECTION('',(1.110223024625E-16,0.,1.));
#6198 = PCURVE('',#6169,#6199);
#6199 = DEFINITIONAL_REPRESENTATION('',(#6200),#6204);
#6200 = CIRCLE('',#6201,2.365);
#6201 = AXIS2_PLACEMENT_2D('',#6202,#6203);
#6202 = CARTESIAN_POINT('',(7.,7.));
#6203 = DIRECTION('',(1.,0.));
#6204 = ( GEOMETRIC_REPRESENTATION_CONTEXT(2) 
PARAMETRIC_REPRESENTATION_CONTEXT() REPRESENTATION_CONTEXT('2D SPACE',''
  ) );
#6205 = PCURVE('',#6206,#6211);
#6206 = CYLINDRICAL_SURFACE('',#6207,2.365);
#6207 = AXIS2_PLACEMENT_3D('',#6208,#6209,#6210);
#6208 = CARTESIAN_POINT('',(-6.8,0.,8.881784197001E-16));
#6209 = DIRECTION('',(-1.,0.,1.110223024625E-16));
#6210 = DIRECTION('',(1.110223024625E-16,0.,1.));
#6211 = DEFINITIONAL_REPRESENTATION('',(#6212),#6216);
#6212 = LINE('',#6213,#6214);
#6213 = CARTESIAN_POINT('',(0.,0.9));
#6214 = VECTOR('',#6215,1.);
#6215 = DIRECTION('',(1.,0.));
#6216 = ( GEOMETRIC_REPRESENTATION_CONTEXT(2) 
PARAMETRIC_REPRESENTATION_CONTEXT() REPRESENTATION_CONTEXT('2D SPACE',''
  ) );
#6217 = ADVANCED_FACE('',(#6218),#6206,.T.);
#6218 = FACE_BOUND('',#6219,.T.);
#6219 = EDGE_LOOP('',(#6220,#6243,#6270,#6271));
#6220 = ORIENTED_EDGE('',*,*,#6221,.T.);
#6221 = EDGE_CURVE('',#6190,#6222,#6224,.T.);
#6222 = VERTEX_POINT('',#6223);
#6223 = CARTESIAN_POINT('',(-7.8,-5.792579359967E-16,2.365));
#6224 = SEAM_CURVE('',#6225,(#6229,#6236),.PCURVE_S1.);
#6225 = LINE('',#6226,#6227);
#6226 = CARTESIAN_POINT('',(-6.8,-5.792579359967E-16,2.365));
#6227 = VECTOR('',#6228,1.);
#6228 = DIRECTION('',(-1.,0.,1.110223024625E-16));
#6229 = PCURVE('',#6206,#6230);
#6230 = DEFINITIONAL_REPRESENTATION('',(#6231),#6235);
#6231 = LINE('',#6232,#6233);
#6232 = CARTESIAN_POINT('',(6.28318530718,-0.));
#6233 = VECTOR('',#6234,1.);
#6234 = DIRECTION('',(0.,1.));
#6235 = ( GEOMETRIC_REPRESENTATION_CONTEXT(2) 
PARAMETRIC_REPRESENTATION_CONTEXT() REPRESENTATION_CONTEXT('2D SPACE',''
  ) );
#6236 = PCURVE('',#6206,#6237);
#6237 = DEFINITIONAL_REPRESENTATION('',(#6238),#6242);
#6238 = LINE('',#6239,#6240);
#6239 = CARTESIAN_POINT('',(0.,-0.));
#6240 = VECTOR('',#6241,1.);
#6241 = DIRECTION('',(0.,1.));
#6242 = ( GEOMETRIC_REPRESENTATION_CONTEXT(2) 
PARAMETRIC_REPRESENTATION_CONTEXT() REPRESENTATION_CONTEXT('2D SPACE',''
  ) );
#6243 = ORIENTED_EDGE('',*,*,#6244,.F.);
#6244 = EDGE_CURVE('',#6222,#6222,#6245,.T.);
#6245 = SURFACE_CURVE('',#6246,(#6251,#6258),.PCURVE_S1.);
#6246 = CIRCLE('',#6247,2.365);
#6247 = AXIS2_PLACEMENT_3D('',#6248,#6249,#6250);
#6248 = CARTESIAN_POINT('',(-7.8,0.,8.881784197001E-16));
#6249 = DIRECTION('',(-1.,0.,1.110223024625E-16));
#6250 = DIRECTION('',(1.110223024625E-16,0.,1.));
#6251 = PCURVE('',#6206,#6252);
#6252 = DEFINITIONAL_REPRESENTATION('',(#6253),#6257);
#6253 = LINE('',#6254,#6255);
#6254 = CARTESIAN_POINT('',(0.,1.));
#6255 = VECTOR('',#6256,1.);
#6256 = DIRECTION('',(1.,0.));
#6257 = ( GEOMETRIC_REPRESENTATION_CONTEXT(2) 
PARAMETRIC_REPRESENTATION_CONTEXT() REPRESENTATION_CONTEXT('2D SPACE',''
  ) );
#6258 = PCURVE('',#6259,#6264);
#6259 = PLANE('',#6260);
#6260 = AXIS2_PLACEMENT_3D('',#6261,#6262,#6263);
#6261 = CARTESIAN_POINT('',(-7.8,0.,8.881784197001E-16));
#6262 = DIRECTION('',(-1.,0.,1.110223024625E-16));
#6263 = DIRECTION('',(1.110223024625E-16,0.,1.));
#6264 = DEFINITIONAL_REPRESENTATION('',(#6265),#6269);
#6265 = CIRCLE('',#6266,2.365);
#6266 = AXIS2_PLACEMENT_2D('',#6267,#6268);
#6267 = CARTESIAN_POINT('',(0.,0.));
#6268 = DIRECTION('',(1.,0.));
#6269 = ( GEOMETRIC_REPRESENTATION_CONTEXT(2) 
PARAMETRIC_REPRESENTATION_CONTEXT() REPRESENTATION_CONTEXT('2D SPACE',''
  ) );
#6270 = ORIENTED_EDGE('',*,*,#6221,.F.);
#6271 = ORIENTED_EDGE('',*,*,#6189,.T.);
#6272 = ADVANCED_FACE('',(#6273,#6276),#6259,.T.);
#6273 = FACE_BOUND('',#6274,.T.);
#6274 = EDGE_LOOP('',(#6275));
#6275 = ORIENTED_EDGE('',*,*,#6244,.T.);
#6276 = FACE_BOUND('',#6277,.T.);
#6277 = EDGE_LOOP('',(#6278));
#6278 = ORIENTED_EDGE('',*,*,#6279,.F.);
#6279 = EDGE_CURVE('',#6280,#6280,#6282,.T.);
#6280 = VERTEX_POINT('',#6281);
#6281 = CARTESIAN_POINT('',(-7.8,-5.510910596163E-16,2.25));
#6282 = SURFACE_CURVE('',#6283,(#6288,#6295),.PCURVE_S1.);
#6283 = CIRCLE('',#6284,2.25);
#6284 = AXIS2_PLACEMENT_3D('',#6285,#6286,#6287);
#6285 = CARTESIAN_POINT('',(-7.8,0.,8.659739592076E-16));
#6286 = DIRECTION('',(-1.,0.,1.110223024625E-16));
#6287 = DIRECTION('',(1.110223024625E-16,0.,1.));
#6288 = PCURVE('',#6259,#6289);
#6289 = DEFINITIONAL_REPRESENTATION('',(#6290),#6294);
#6290 = CIRCLE('',#6291,2.25);
#6291 = AXIS2_PLACEMENT_2D('',#6292,#6293);
#6292 = CARTESIAN_POINT('',(0.,0.));
#6293 = DIRECTION('',(1.,0.));
#6294 = ( GEOMETRIC_REPRESENTATION_CONTEXT(2) 
PARAMETRIC_REPRESENTATION_CONTEXT() REPRESENTATION_CONTEXT('2D SPACE',''
  ) );
#6295 = PCURVE('',#6296,#6301);
#6296 = CYLINDRICAL_SURFACE('',#6297,2.25);
#6297 = AXIS2_PLACEMENT_3D('',#6298,#6299,#6300);
#6298 = CARTESIAN_POINT('',(-7.6,0.,8.881784197001E-16));
#6299 = DIRECTION('',(-1.,0.,1.110223024625E-16));
#6300 = DIRECTION('',(1.110223024625E-16,0.,1.));
#6301 = DEFINITIONAL_REPRESENTATION('',(#6302),#6306);
#6302 = LINE('',#6303,#6304);
#6303 = CARTESIAN_POINT('',(0.,0.2));
#6304 = VECTOR('',#6305,1.);
#6305 = DIRECTION('',(1.,0.));
#6306 = ( GEOMETRIC_REPRESENTATION_CONTEXT(2) 
PARAMETRIC_REPRESENTATION_CONTEXT() REPRESENTATION_CONTEXT('2D SPACE',''
  ) );
#6307 = ADVANCED_FACE('',(#6308),#6296,.T.);
#6308 = FACE_BOUND('',#6309,.T.);
#6309 = EDGE_LOOP('',(#6310,#6333,#6360,#6361));
#6310 = ORIENTED_EDGE('',*,*,#6311,.T.);
#6311 = EDGE_CURVE('',#6280,#6312,#6314,.T.);
#6312 = VERTEX_POINT('',#6313);
#6313 = CARTESIAN_POINT('',(-9.,-5.510910596163E-16,2.25));
#6314 = SEAM_CURVE('',#6315,(#6319,#6326),.PCURVE_S1.);
#6315 = LINE('',#6316,#6317);
#6316 = CARTESIAN_POINT('',(-7.6,-5.510910596163E-16,2.25));
#6317 = VECTOR('',#6318,1.);
#6318 = DIRECTION('',(-1.,0.,1.110223024625E-16));
#6319 = PCURVE('',#6296,#6320);
#6320 = DEFINITIONAL_REPRESENTATION('',(#6321),#6325);
#6321 = LINE('',#6322,#6323);
#6322 = CARTESIAN_POINT('',(6.28318530718,-0.));
#6323 = VECTOR('',#6324,1.);
#6324 = DIRECTION('',(0.,1.));
#6325 = ( GEOMETRIC_REPRESENTATION_CONTEXT(2) 
PARAMETRIC_REPRESENTATION_CONTEXT() REPRESENTATION_CONTEXT('2D SPACE',''
  ) );
#6326 = PCURVE('',#6296,#6327);
#6327 = DEFINITIONAL_REPRESENTATION('',(#6328),#6332);
#6328 = LINE('',#6329,#6330);
#6329 = CARTESIAN_POINT('',(0.,-0.));
#6330 = VECTOR('',#6331,1.);
#6331 = DIRECTION('',(0.,1.));
#6332 = ( GEOMETRIC_REPRESENTATION_CONTEXT(2) 
PARAMETRIC_REPRESENTATION_CONTEXT() REPRESENTATION_CONTEXT('2D SPACE',''
  ) );
#6333 = ORIENTED_EDGE('',*,*,#6334,.F.);
#6334 = EDGE_CURVE('',#6312,#6312,#6335,.T.);
#6335 = SURFACE_CURVE('',#6336,(#6341,#6348),.PCURVE_S1.);
#6336 = CIRCLE('',#6337,2.25);
#6337 = AXIS2_PLACEMENT_3D('',#6338,#6339,#6340);
#6338 = CARTESIAN_POINT('',(-9.,0.,8.881784197001E-16));
#6339 = DIRECTION('',(-1.,0.,1.110223024625E-16));
#6340 = DIRECTION('',(1.110223024625E-16,0.,1.));
#6341 = PCURVE('',#6296,#6342);
#6342 = DEFINITIONAL_REPRESENTATION('',(#6343),#6347);
#6343 = LINE('',#6344,#6345);
#6344 = CARTESIAN_POINT('',(0.,1.4));
#6345 = VECTOR('',#6346,1.);
#6346 = DIRECTION('',(1.,0.));
#6347 = ( GEOMETRIC_REPRESENTATION_CONTEXT(2) 
PARAMETRIC_REPRESENTATION_CONTEXT() REPRESENTATION_CONTEXT('2D SPACE',''
  ) );
#6348 = PCURVE('',#6349,#6354);
#6349 = PLANE('',#6350);
#6350 = AXIS2_PLACEMENT_3D('',#6351,#6352,#6353);
#6351 = CARTESIAN_POINT('',(-9.,0.,8.881784197001E-16));
#6352 = DIRECTION('',(-1.,0.,1.110223024625E-16));
#6353 = DIRECTION('',(1.110223024625E-16,0.,1.));
#6354 = DEFINITIONAL_REPRESENTATION('',(#6355),#6359);
#6355 = CIRCLE('',#6356,2.25);
#6356 = AXIS2_PLACEMENT_2D('',#6357,#6358);
#6357 = CARTESIAN_POINT('',(0.,0.));
#6358 = DIRECTION('',(1.,0.));
#6359 = ( GEOMETRIC_REPRESENTATION_CONTEXT(2) 
PARAMETRIC_REPRESENTATION_CONTEXT() REPRESENTATION_CONTEXT('2D SPACE',''
  ) );
#6360 = ORIENTED_EDGE('',*,*,#6311,.F.);
#6361 = ORIENTED_EDGE('',*,*,#6279,.T.);
#6362 = ADVANCED_FACE('',(#6363,#6366),#6349,.T.);
#6363 = FACE_BOUND('',#6364,.T.);
#6364 = EDGE_LOOP('',(#6365));
#6365 = ORIENTED_EDGE('',*,*,#6334,.T.);
#6366 = FACE_BOUND('',#6367,.T.);
#6367 = EDGE_LOOP('',(#6368));
#6368 = ORIENTED_EDGE('',*,*,#6369,.F.);
#6369 = EDGE_CURVE('',#6370,#6370,#6372,.T.);
#6370 = VERTEX_POINT('',#6371);
#6371 = CARTESIAN_POINT('',(-9.,-1.959434878636E-16,0.8));
#6372 = SURFACE_CURVE('',#6373,(#6378,#6385),.PCURVE_S1.);
#6373 = CIRCLE('',#6374,0.8);
#6374 = AXIS2_PLACEMENT_3D('',#6375,#6376,#6377);
#6375 = CARTESIAN_POINT('',(-9.,0.,8.881784197001E-16));
#6376 = DIRECTION('',(-1.,0.,1.110223024625E-16));
#6377 = DIRECTION('',(1.110223024625E-16,0.,1.));
#6378 = PCURVE('',#6349,#6379);
#6379 = DEFINITIONAL_REPRESENTATION('',(#6380),#6384);
#6380 = CIRCLE('',#6381,0.8);
#6381 = AXIS2_PLACEMENT_2D('',#6382,#6383);
#6382 = CARTESIAN_POINT('',(0.,0.));
#6383 = DIRECTION('',(1.,0.));
#6384 = ( GEOMETRIC_REPRESENTATION_CONTEXT(2) 
PARAMETRIC_REPRESENTATION_CONTEXT() REPRESENTATION_CONTEXT('2D SPACE',''
  ) );
#6385 = PCURVE('',#6386,#6391);
#6386 = CYLINDRICAL_SURFACE('',#6387,0.8);
#6387 = AXIS2_PLACEMENT_3D('',#6388,#6389,#6390);
#6388 = CARTESIAN_POINT('',(-5.9,0.,8.881784197001E-16));
#6389 = DIRECTION('',(-1.,0.,1.110223024625E-16));
#6390 = DIRECTION('',(1.110223024625E-16,0.,1.));
#6391 = DEFINITIONAL_REPRESENTATION('',(#6392),#6396);
#6392 = LINE('',#6393,#6394);
#6393 = CARTESIAN_POINT('',(0.,3.1));
#6394 = VECTOR('',#6395,1.);
#6395 = DIRECTION('',(1.,0.));
#6396 = ( GEOMETRIC_REPRESENTATION_CONTEXT(2) 
PARAMETRIC_REPRESENTATION_CONTEXT() REPRESENTATION_CONTEXT('2D SPACE',''
  ) );
#6397 = ADVANCED_FACE('',(#6398),#6386,.F.);
#6398 = FACE_BOUND('',#6399,.F.);
#6399 = EDGE_LOOP('',(#6400,#6401,#6424,#6451));
#6400 = ORIENTED_EDGE('',*,*,#6369,.F.);
#6401 = ORIENTED_EDGE('',*,*,#6402,.F.);
#6402 = EDGE_CURVE('',#6403,#6370,#6405,.T.);
#6403 = VERTEX_POINT('',#6404);
#6404 = CARTESIAN_POINT('',(-5.9,-1.959434878636E-16,0.8));
#6405 = SEAM_CURVE('',#6406,(#6410,#6417),.PCURVE_S1.);
#6406 = LINE('',#6407,#6408);
#6407 = CARTESIAN_POINT('',(-5.9,-1.959434878636E-16,0.8));
#6408 = VECTOR('',#6409,1.);
#6409 = DIRECTION('',(-1.,0.,1.110223024625E-16));
#6410 = PCURVE('',#6386,#6411);
#6411 = DEFINITIONAL_REPRESENTATION('',(#6412),#6416);
#6412 = LINE('',#6413,#6414);
#6413 = CARTESIAN_POINT('',(6.28318530718,-0.));
#6414 = VECTOR('',#6415,1.);
#6415 = DIRECTION('',(0.,1.));
#6416 = ( GEOMETRIC_REPRESENTATION_CONTEXT(2) 
PARAMETRIC_REPRESENTATION_CONTEXT() REPRESENTATION_CONTEXT('2D SPACE',''
  ) );
#6417 = PCURVE('',#6386,#6418);
#6418 = DEFINITIONAL_REPRESENTATION('',(#6419),#6423);
#6419 = LINE('',#6420,#6421);
#6420 = CARTESIAN_POINT('',(0.,-0.));
#6421 = VECTOR('',#6422,1.);
#6422 = DIRECTION('',(0.,1.));
#6423 = ( GEOMETRIC_REPRESENTATION_CONTEXT(2) 
PARAMETRIC_REPRESENTATION_CONTEXT() REPRESENTATION_CONTEXT('2D SPACE',''
  ) );
#6424 = ORIENTED_EDGE('',*,*,#6425,.T.);
#6425 = EDGE_CURVE('',#6403,#6403,#6426,.T.);
#6426 = SURFACE_CURVE('',#6427,(#6432,#6439),.PCURVE_S1.);
#6427 = CIRCLE('',#6428,0.8);
#6428 = AXIS2_PLACEMENT_3D('',#6429,#6430,#6431);
#6429 = CARTESIAN_POINT('',(-5.9,0.,8.881784197001E-16));
#6430 = DIRECTION('',(-1.,0.,1.110223024625E-16));
#6431 = DIRECTION('',(1.110223024625E-16,0.,1.));
#6432 = PCURVE('',#6386,#6433);
#6433 = DEFINITIONAL_REPRESENTATION('',(#6434),#6438);
#6434 = LINE('',#6435,#6436);
#6435 = CARTESIAN_POINT('',(0.,0.));
#6436 = VECTOR('',#6437,1.);
#6437 = DIRECTION('',(1.,0.));
#6438 = ( GEOMETRIC_REPRESENTATION_CONTEXT(2) 
PARAMETRIC_REPRESENTATION_CONTEXT() REPRESENTATION_CONTEXT('2D SPACE',''
  ) );
#6439 = PCURVE('',#6440,#6445);
#6440 = PLANE('',#6441);
#6441 = AXIS2_PLACEMENT_3D('',#6442,#6443,#6444);
#6442 = CARTESIAN_POINT('',(-5.9,0.,8.881784197001E-16));
#6443 = DIRECTION('',(-1.,0.,1.110223024625E-16));
#6444 = DIRECTION('',(1.110223024625E-16,0.,1.));
#6445 = DEFINITIONAL_REPRESENTATION('',(#6446),#6450);
#6446 = CIRCLE('',#6447,0.8);
#6447 = AXIS2_PLACEMENT_2D('',#6448,#6449);
#6448 = CARTESIAN_POINT('',(0.,0.));
#6449 = DIRECTION('',(1.,0.));
#6450 = ( GEOMETRIC_REPRESENTATION_CONTEXT(2) 
PARAMETRIC_REPRESENTATION_CONTEXT() REPRESENTATION_CONTEXT('2D SPACE',''
  ) );
#6451 = ORIENTED_EDGE('',*,*,#6402,.T.);
#6452 = ADVANCED_FACE('',(#6453),#6440,.T.);
#6453 = FACE_BOUND('',#6454,.F.);
#6454 = EDGE_LOOP('',(#6455));
#6455 = ORIENTED_EDGE('',*,*,#6425,.F.);
#6456 = ( GEOMETRIC_REPRESENTATION_CONTEXT(3) 
GLOBAL_UNCERTAINTY_ASSIGNED_CONTEXT((#6460)) 
GLOBAL_UNIT_ASSIGNED_CONTEXT((#6457,#6458,#6459)) REPRESENTATION_CONTEXT
('Context #1','3D Context with UNIT and UNCERTAINTY') );
#6457 = ( LENGTH_UNIT() NAMED_UNIT(*) SI_UNIT(.MILLI.,.METRE.) );
#6458 = ( NAMED_UNIT(*) PLANE_ANGLE_UNIT() SI_UNIT($,.RADIAN.) );
#6459 = ( NAMED_UNIT(*) SI_UNIT($,.STERADIAN.) SOLID_ANGLE_UNIT() );
#6460 = UNCERTAINTY_MEASURE_WITH_UNIT(LENGTH_MEASURE(5.E-03),#6457,
  'distance_accuracy_value','confusion accuracy');
#6461 = PRODUCT_RELATED_PRODUCT_CATEGORY('part',$,(#7));
ENDSEC;
END-ISO-10303-21;
