ISO-10303-21;
HEADER;
FILE_DESCRIPTION(('Open CASCADE Model'),'2;1');
FILE_NAME('Open CASCADE Shape Model','2026-02-11T13:42:36',('Author'),(
    'Open CASCADE'),'Open CASCADE STEP processor 7.8','build123d',
  'Unknown');
FILE_SCHEMA(('AUTOMOTIVE_DESIGN { 1 0 10303 214 1 1 1 1 }'));
ENDSEC;
DATA;
#1 = APPLICATION_PROTOCOL_DEFINITION('international standard',
  'automotive_design',2000,#2);
#2 = APPLICATION_CONTEXT(
  'core data for automotive mechanical design processes');
#3 = SHAPE_DEFINITION_REPRESENTATION(#4,#10);
#4 = PRODUCT_DEFINITION_SHAPE('','',#5);
#5 = PRODUCT_DEFINITION('design','',#6,#9);
#6 = PRODUCT_DEFINITION_FORMATION('','',#7);
#7 = PRODUCT('SOLID','SOLID','',(#8));
#8 = PRODUCT_CONTEXT('',#2,'mechanical');
#9 = PRODUCT_DEFINITION_CONTEXT('part definition',#2,'design');
#10 = ADVANCED_BREP_SHAPE_REPRESENTATION('',(#11,#15),#6595);
#11 = AXIS2_PLACEMENT_3D('',#12,#13,#14);
#12 = CARTESIAN_POINT('',(0.,0.,0.));
#13 = DIRECTION('',(0.,0.,1.));
#14 = DIRECTION('',(1.,0.,-0.));
#15 = MANIFOLD_SOLID_BREP('',#16);
#16 = CLOSED_SHELL('',(#17,#410,#909,#1057,#1378,#1527,#1586,#1693,#1856
    ,#1951,#2065,#2134,#2162,#2233,#2272,#2335,#2412,#2530,#2589,#2628,
    #2655,#2709,#2767,#2830,#2869,#2873,#2933,#3689,#3991,#4936,#5152,
    #5266,#5943,#6038,#6064,#6092,#6119,#6126,#6182,#6237,#6297,#6336,
    #6395,#6434,#6493,#6532,#6591));
#17 = ADVANCED_FACE('',(#18),#33,.T.);
#18 = FACE_BOUND('',#19,.F.);
#19 = EDGE_LOOP('',(#20,#96,#147,#216,#267,#292,#321,#365,#366));
#20 = ORIENTED_EDGE('',*,*,#21,.F.);
#21 = EDGE_CURVE('',#22,#24,#26,.T.);
#22 = VERTEX_POINT('',#23);
#23 = CARTESIAN_POINT('',(-6.057871499082,1.369469502889,-2.848157915258
    ));
#24 = VERTEX_POINT('',#25);
#25 = CARTESIAN_POINT('',(-6.057871499082,-1.369469502889,
    -2.848157915258));
#26 = SURFACE_CURVE('',#27,(#32,#44),.PCURVE_S1.);
#27 = CIRCLE('',#28,3.160292744286);
#28 = AXIS2_PLACEMENT_3D('',#29,#30,#31);
#29 = CARTESIAN_POINT('',(-6.057871499082,0.,-6.725588418502E-16));
#30 = DIRECTION('',(-1.,-0.,-1.110223024625E-16));
#31 = DIRECTION('',(-1.110223024625E-16,-0.,1.));
#32 = PCURVE('',#33,#38);
#33 = SPHERICAL_SURFACE('',#34,6.25);
#34 = AXIS2_PLACEMENT_3D('',#35,#36,#37);
#35 = CARTESIAN_POINT('',(-11.45,-2.852521214344E-15,-1.271205363196E-15
    ));
#36 = DIRECTION('',(1.,-0.,1.110223024625E-16));
#37 = DIRECTION('',(-0.,-1.,-0.));
#38 = DEFINITIONAL_REPRESENTATION('',(#39),#43);
#39 = LINE('',#40,#41);
#40 = CARTESIAN_POINT('',(-7.853981633974,1.040664776812));
#41 = VECTOR('',#42,1.);
#42 = DIRECTION('',(-1.,2.477118056319E-16));
#43 = ( GEOMETRIC_REPRESENTATION_CONTEXT(2) 
PARAMETRIC_REPRESENTATION_CONTEXT() REPRESENTATION_CONTEXT('2D SPACE',''
  ) );
#44 = PCURVE('',#45,#91);
#45 = B_SPLINE_SURFACE_WITH_KNOTS('',3,3,(
    (#46,#47,#48,#49,#50,#51,#52,#53,#54)
    ,(#55,#56,#57,#58,#59,#60,#61,#62,#63)
    ,(#64,#65,#66,#67,#68,#69,#70,#71,#72)
    ,(#73,#74,#75,#76,#77,#78,#79,#80,#81)
    ,(#82,#83,#84,#85,#86,#87,#88,#89,#90
    )),.UNSPECIFIED.,.F.,.F.,.F.,(4,1,4),(4,1,1,1,1,1,4),(0.,
    0.395441052704,0.790882105408),(3.139074539265,3.925731759825,
    4.319060370105,4.712388980385,5.105717590665,5.499046200945,
    6.285703421505),.UNSPECIFIED.);
#46 = CARTESIAN_POINT('',(-2.2,1.749994451716,4.40669541211E-03));
#47 = CARTESIAN_POINT('',(-2.2,1.755787338232,-0.456322234354));
#48 = CARTESIAN_POINT('',(-2.2,1.466135457388,-1.138185414068));
#49 = CARTESIAN_POINT('',(-2.2,0.6881601271,-1.658550547225));
#50 = CARTESIAN_POINT('',(-2.2,1.426427684118E-13,-1.795724726388));
#51 = CARTESIAN_POINT('',(-2.2,-0.6881601271,-1.658550547225));
#52 = CARTESIAN_POINT('',(-2.2,-1.466135457388,-1.138185414068));
#53 = CARTESIAN_POINT('',(-2.2,-1.755787338232,-0.456322234354));
#54 = CARTESIAN_POINT('',(-2.2,-1.749994451716,4.406695411832E-03));
#55 = CARTESIAN_POINT('',(-3.386327691819,1.750004063725,
    4.406719616299E-03));
#56 = CARTESIAN_POINT('',(-3.386327691819,1.755796982059,-0.456324740746
    ));
#57 = CARTESIAN_POINT('',(-3.386327691819,1.466143510275,-1.138191665658
    ));
#58 = CARTESIAN_POINT('',(-3.386327691819,0.688163906884,-1.658559656969
    ));
#59 = CARTESIAN_POINT('',(-3.386327691819,1.426209875645E-13,
    -1.795734589575));
#60 = CARTESIAN_POINT('',(-3.386327691819,-0.688163906884,
    -1.658559656969));
#61 = CARTESIAN_POINT('',(-3.386327691819,-1.466143510274,
    -1.138191665658));
#62 = CARTESIAN_POINT('',(-3.386327691819,-1.755796982059,
    -0.456324740747));
#63 = CARTESIAN_POINT('',(-3.386327691819,-1.750004063725,
    4.40671961602E-03));
#64 = CARTESIAN_POINT('',(-4.820705048821,1.841475263342,
    4.637055041247E-03));
#65 = CARTESIAN_POINT('',(-4.820705048821,1.84757097251,-0.480176440474)
  );
#66 = CARTESIAN_POINT('',(-4.820705048821,1.542777564147,-1.19768396011)
  );
#67 = CARTESIAN_POINT('',(-4.820705048821,0.724133639413,-1.745251136495
    ));
#68 = CARTESIAN_POINT('',(-4.820705048821,1.50157160701E-13,
    -1.889596084246));
#69 = CARTESIAN_POINT('',(-4.820705048821,-0.724133639412,
    -1.745251136495));
#70 = CARTESIAN_POINT('',(-4.820705048821,-1.542777564146,
    -1.197683960111));
#71 = CARTESIAN_POINT('',(-4.820705048821,-1.84757097251,-0.480176440475
    ));
#72 = CARTESIAN_POINT('',(-4.820705048821,-1.841475263342,
    4.637055040954E-03));
#73 = CARTESIAN_POINT('',(-5.573515846233,2.559298973049,
    6.444621028196E-03));
#74 = CARTESIAN_POINT('',(-5.573515846233,2.567770844773,-0.667353559102
    ));
#75 = CARTESIAN_POINT('',(-5.573515846233,2.14416620965,-1.664551998155)
  );
#76 = CARTESIAN_POINT('',(-5.573515846233,1.006407480237,-2.425565811423
    ));
#77 = CARTESIAN_POINT('',(-5.573515846233,2.081377759876E-13,
    -2.626177725088));
#78 = CARTESIAN_POINT('',(-5.573515846233,-1.006407480237,
    -2.425565811423));
#79 = CARTESIAN_POINT('',(-5.573515846233,-2.14416620965,-1.664551998155
    ));
#80 = CARTESIAN_POINT('',(-5.573515846233,-2.567770844773,
    -0.667353559102));
#81 = CARTESIAN_POINT('',(-5.573515846233,-2.559298973049,
    6.444621027789E-03));
#82 = CARTESIAN_POINT('',(-6.07807296166,3.185228554744,
    8.020786605895E-03));
#83 = CARTESIAN_POINT('',(-6.07807296166,3.195772398198,-0.830568696719)
  );
#84 = CARTESIAN_POINT('',(-6.07807296166,2.668566474262,-2.071652671771)
  );
#85 = CARTESIAN_POINT('',(-6.07807296166,1.25254527803,-3.018788178057)
  );
#86 = CARTESIAN_POINT('',(-6.07807296166,2.592792052487E-13,
    -3.268463891038));
#87 = CARTESIAN_POINT('',(-6.07807296166,-1.25254527803,-3.018788178058)
  );
#88 = CARTESIAN_POINT('',(-6.07807296166,-2.668566474262,-2.071652671771
    ));
#89 = CARTESIAN_POINT('',(-6.07807296166,-3.195772398198,-0.83056869672)
  );
#90 = CARTESIAN_POINT('',(-6.07807296166,-3.185228554744,
    8.020786605388E-03));
#91 = DEFINITIONAL_REPRESENTATION('',(#92),#95);
#92 = B_SPLINE_CURVE_WITH_KNOTS('',1,(#93,#94),.UNSPECIFIED.,.F.,.F.,(2,
    2),(2.693401247535,3.589784059644),.PIECEWISE_BEZIER_KNOTS.);
#93 = CARTESIAN_POINT('',(0.785595848789,4.264201103327));
#94 = CARTESIAN_POINT('',(0.785595848789,5.160576857442));
#95 = ( GEOMETRIC_REPRESENTATION_CONTEXT(2) 
PARAMETRIC_REPRESENTATION_CONTEXT() REPRESENTATION_CONTEXT('2D SPACE',''
  ) );
#96 = ORIENTED_EDGE('',*,*,#97,.T.);
#97 = EDGE_CURVE('',#22,#98,#100,.T.);
#98 = VERTEX_POINT('',#99);
#99 = CARTESIAN_POINT('',(-6.057871499082,1.369469502889,2.848157915258)
  );
#100 = SURFACE_CURVE('',#101,(#106,#135),.PCURVE_S1.);
#101 = CIRCLE('',#102,6.138097524551);
#102 = AXIS2_PLACEMENT_3D('',#103,#104,#105);
#103 = CARTESIAN_POINT('',(-11.49175225217,1.176654379392,
    -1.275840794365E-15));
#104 = DIRECTION('',(-3.546155307953E-02,0.999371041332,
    -3.937023271786E-18));
#105 = DIRECTION('',(-0.999371041332,-3.546155307953E-02,
    -1.109524740231E-16));
#106 = PCURVE('',#33,#107);
#107 = DEFINITIONAL_REPRESENTATION('',(#108),#134);
#108 = B_SPLINE_CURVE_WITH_KNOTS('',3,(#109,#110,#111,#112,#113,#114,
    #115,#116,#117,#118,#119,#120,#121,#122,#123,#124,#125,#126,#127,
    #128,#129,#130,#131,#132,#133),.UNSPECIFIED.,.F.,.F.,(4,1,1,1,1,1,1,
    1,1,1,1,1,1,1,1,1,1,1,1,1,1,1,4),(3.624112887686,3.865846744003,
    4.107580600321,4.349314456639,4.591048312956,4.832782169274,
    5.074516025591,5.316249881909,5.557983738227,5.799717594544,
    6.041451450862,6.28318530718,6.524919163497,6.766653019815,
    7.008386876132,7.25012073245,7.491854588768,7.733588445085,
    7.975322301403,8.217056157721,8.458790014038,8.700523870356,
    8.942257726674),.QUASI_UNIFORM_KNOTS.);
#109 = CARTESIAN_POINT('',(-10.54738288151,1.040664776812));
#110 = CARTESIAN_POINT('',(-10.60519313797,0.967499690061));
#111 = CARTESIAN_POINT('',(-10.68827938681,0.817308594612));
#112 = CARTESIAN_POINT('',(-10.74740260924,0.584428338197));
#113 = CARTESIAN_POINT('',(-10.78314523167,0.349171938552));
#114 = CARTESIAN_POINT('',(-10.80253162199,0.112457754732));
#115 = CARTESIAN_POINT('',(-10.81057117326,-0.124860686976));
#116 = CARTESIAN_POINT('',(-10.80898198293,-0.362311334471));
#117 = CARTESIAN_POINT('',(-10.79135783713,-0.599417517238));
#118 = CARTESIAN_POINT('',(-10.76616056055,-0.835260946089));
#119 = CARTESIAN_POINT('',(-10.6532184989,-1.068540135851));
#120 = CARTESIAN_POINT('',(-10.60198745391,-1.291499936405));
#121 = CARTESIAN_POINT('',(-9.424777960769,-1.47937461252));
#122 = CARTESIAN_POINT('',(-8.247568467624,-1.291499936405));
#123 = CARTESIAN_POINT('',(-8.196337422634,-1.068540135851));
#124 = CARTESIAN_POINT('',(-8.083395360988,-0.835260946089));
#125 = CARTESIAN_POINT('',(-8.058198084402,-0.599417517238));
#126 = CARTESIAN_POINT('',(-8.040573938602,-0.362311334471));
#127 = CARTESIAN_POINT('',(-8.038984748277,-0.124860686976));
#128 = CARTESIAN_POINT('',(-8.04702429954,0.112457754732));
#129 = CARTESIAN_POINT('',(-8.066410689861,0.349171938552));
#130 = CARTESIAN_POINT('',(-8.102153312292,0.584428338197));
#131 = CARTESIAN_POINT('',(-8.161276534721,0.817308594612));
#132 = CARTESIAN_POINT('',(-8.244362783564,0.967499690061));
#133 = CARTESIAN_POINT('',(-8.302173040029,1.040664776812));
#134 = ( GEOMETRIC_REPRESENTATION_CONTEXT(2) 
PARAMETRIC_REPRESENTATION_CONTEXT() REPRESENTATION_CONTEXT('2D SPACE',''
  ) );
#135 = PCURVE('',#136,#141);
#136 = TOROIDAL_SURFACE('',#137,5.843468843372,0.3);
#137 = AXIS2_PLACEMENT_3D('',#138,#139,#140);
#138 = CARTESIAN_POINT('',(-11.48974814406,1.120174969181,
    -1.275618293669E-15));
#139 = DIRECTION('',(3.546155307953E-02,-0.999371041332,
    3.937023271786E-18));
#140 = DIRECTION('',(-0.999371041332,-3.546155307953E-02,
    -1.109524740231E-16));
#141 = DEFINITIONAL_REPRESENTATION('',(#142),#146);
#142 = LINE('',#143,#144);
#143 = CARTESIAN_POINT('',(-2.6645352591E-15,6.093669711299));
#144 = VECTOR('',#145,1.);
#145 = DIRECTION('',(-1.,0.));
#146 = ( GEOMETRIC_REPRESENTATION_CONTEXT(2) 
PARAMETRIC_REPRESENTATION_CONTEXT() REPRESENTATION_CONTEXT('2D SPACE',''
  ) );
#147 = ORIENTED_EDGE('',*,*,#148,.F.);
#148 = EDGE_CURVE('',#149,#98,#151,.T.);
#149 = VERTEX_POINT('',#150);
#150 = CARTESIAN_POINT('',(-6.057871499082,-1.369469502889,
    2.848157915258));
#151 = SURFACE_CURVE('',#152,(#157,#164),.PCURVE_S1.);
#152 = CIRCLE('',#153,3.160292744286);
#153 = AXIS2_PLACEMENT_3D('',#154,#155,#156);
#154 = CARTESIAN_POINT('',(-6.057871499082,0.,-6.725588418502E-16));
#155 = DIRECTION('',(-1.,-0.,-1.110223024625E-16));
#156 = DIRECTION('',(-1.110223024625E-16,-0.,1.));
#157 = PCURVE('',#33,#158);
#158 = DEFINITIONAL_REPRESENTATION('',(#159),#163);
#159 = LINE('',#160,#161);
#160 = CARTESIAN_POINT('',(-1.570796326795,1.040664776812));
#161 = VECTOR('',#162,1.);
#162 = DIRECTION('',(-1.,-2.477118056319E-16));
#163 = ( GEOMETRIC_REPRESENTATION_CONTEXT(2) 
PARAMETRIC_REPRESENTATION_CONTEXT() REPRESENTATION_CONTEXT('2D SPACE',''
  ) );
#164 = PCURVE('',#165,#211);
#165 = B_SPLINE_SURFACE_WITH_KNOTS('',3,3,(
    (#166,#167,#168,#169,#170,#171,#172,#173,#174)
    ,(#175,#176,#177,#178,#179,#180,#181,#182,#183)
    ,(#184,#185,#186,#187,#188,#189,#190,#191,#192)
    ,(#193,#194,#195,#196,#197,#198,#199,#200,#201)
    ,(#202,#203,#204,#205,#206,#207,#208,#209,#210
  )),.UNSPECIFIED.,.F.,.F.,.F.,(4,1,4),(4,1,1,1,1,1,4),(0.,
    0.395441052704,0.790882105408),(0.,0.786027691979,1.179041537968,
    1.572055383957,1.965069229947,2.358083075936,3.144110767915),
  .UNSPECIFIED.);
#166 = CARTESIAN_POINT('',(-2.2,-1.75,-2.442490654175E-16));
#167 = CARTESIAN_POINT('',(-2.2,-1.754618491171,0.460367483142));
#168 = CARTESIAN_POINT('',(-2.2,-1.463747429299,1.140976745687));
#169 = CARTESIAN_POINT('',(-2.2,-0.685520980929,1.659563133903));
#170 = CARTESIAN_POINT('',(-2.2,2.260826209643E-03,1.795649222425));
#171 = CARTESIAN_POINT('',(-2.2,0.689697772805,1.657831653966));
#172 = CARTESIAN_POINT('',(-2.2,1.466615895416,1.137287248805));
#173 = CARTESIAN_POINT('',(-2.2,1.755772184973,0.455947698282));
#174 = CARTESIAN_POINT('',(-2.2,1.749994451716,-4.406695412012E-03));
#175 = CARTESIAN_POINT('',(-3.386327691819,-1.750009612039,
    -3.759578972383E-16));
#176 = CARTESIAN_POINT('',(-3.386327691819,-1.754628128578,
    0.460370011753));
#177 = CARTESIAN_POINT('',(-3.386327691819,-1.46375546907,1.140983012609
    ));
#178 = CARTESIAN_POINT('',(-3.386327691819,-0.685524746218,
    1.659572249209));
#179 = CARTESIAN_POINT('',(-3.386327691819,2.260838627443E-03,
    1.795659085197));
#180 = CARTESIAN_POINT('',(-3.386327691819,0.689701561035,1.657840759762
    ));
#181 = CARTESIAN_POINT('',(-3.386327691819,1.466623950941,1.137293495462
    ));
#182 = CARTESIAN_POINT('',(-3.386327691819,1.755781828717,0.455950202617
    ));
#183 = CARTESIAN_POINT('',(-3.386327691819,1.750004063725,
    -4.4067196162E-03));
#184 = CARTESIAN_POINT('',(-4.820705048821,-1.841481101662,
    -5.352057740128E-16));
#185 = CARTESIAN_POINT('',(-4.820705048821,-1.846341024068,0.4844331543)
  );
#186 = CARTESIAN_POINT('',(-4.820705048821,-1.540264702092,
    1.200621208354));
#187 = CARTESIAN_POINT('',(-4.820705048821,-0.721356532099,
    1.746316656056));
#188 = CARTESIAN_POINT('',(-4.820705048821,2.379010708113E-03,
    1.88951663332));
#189 = CARTESIAN_POINT('',(-4.820705048821,0.725751665417,1.744494663152
    ));
#190 = CARTESIAN_POINT('',(-4.820705048821,1.543283117032,1.196738843334
    ));
#191 = CARTESIAN_POINT('',(-4.820705048821,1.847555027116,0.479782325561
    ));
#192 = CARTESIAN_POINT('',(-4.820705048821,1.841475263342,
    -4.637055041144E-03));
#193 = CARTESIAN_POINT('',(-5.573515846233,-2.5593070872,
    -6.187845620601E-16));
#194 = CARTESIAN_POINT('',(-5.573515846233,-2.566061451307,
    0.673269578469));
#195 = CARTESIAN_POINT('',(-5.573515846233,-2.140673811243,
    1.668634212324));
#196 = CARTESIAN_POINT('',(-5.573515846233,-1.002547831381,
    2.427046680145));
#197 = CARTESIAN_POINT('',(-5.573515846233,3.30637059501E-03,
    2.626067303473));
#198 = CARTESIAN_POINT('',(-5.573515846233,1.008656227409,2.424514457931
    ));
#199 = CARTESIAN_POINT('',(-5.573515846233,2.144868831621,1.663238466313
    ));
#200 = CARTESIAN_POINT('',(-5.573515846233,2.56774868372,0.666805814632)
  );
#201 = CARTESIAN_POINT('',(-5.573515846233,2.559298973049,
    -6.444621028053E-03));
#202 = CARTESIAN_POINT('',(-6.07807296166,-3.185238653378,
    -6.748016547386E-16));
#203 = CARTESIAN_POINT('',(-6.07807296166,-3.193644937149,0.837931601178
    ));
#204 = CARTESIAN_POINT('',(-6.07807296166,-2.664219937478,2.076733275981
    ));
#205 = CARTESIAN_POINT('',(-6.07807296166,-1.24774167209,3.020631223902)
  );
#206 = CARTESIAN_POINT('',(-6.07807296166,4.115012018013E-03,
    3.26832646353));
#207 = CARTESIAN_POINT('',(-6.07807296166,1.255344002907,3.017479694289)
  );
#208 = CARTESIAN_POINT('',(-6.07807296166,2.669440936992,2.070017888506)
  );
#209 = CARTESIAN_POINT('',(-6.07807296166,3.195744817201,0.829886989992)
  );
#210 = CARTESIAN_POINT('',(-6.07807296166,3.185228554744,
    -8.020786605716E-03));
#211 = DEFINITIONAL_REPRESENTATION('',(#212),#215);
#212 = B_SPLINE_CURVE_WITH_KNOTS('',1,(#213,#214),.UNSPECIFIED.,.F.,.F.,
  (2,2),(5.834993901125,6.731376713234),.PIECEWISE_BEZIER_KNOTS.);
#213 = CARTESIAN_POINT('',(0.785595997692,1.122608612858));
#214 = CARTESIAN_POINT('',(0.785595754631,2.01898431142));
#215 = ( GEOMETRIC_REPRESENTATION_CONTEXT(2) 
PARAMETRIC_REPRESENTATION_CONTEXT() REPRESENTATION_CONTEXT('2D SPACE',''
  ) );
#216 = ORIENTED_EDGE('',*,*,#217,.T.);
#217 = EDGE_CURVE('',#149,#218,#220,.T.);
#218 = VERTEX_POINT('',#219);
#219 = CARTESIAN_POINT('',(-17.33280608305,-0.914646798063,
    -1.902239160546));
#220 = SURFACE_CURVE('',#221,(#226,#255),.PCURVE_S1.);
#221 = CIRCLE('',#222,6.138097524551);
#222 = AXIS2_PLACEMENT_3D('',#223,#224,#225);
#223 = CARTESIAN_POINT('',(-11.49175225217,-1.176654379392,
    -1.275840794365E-15));
#224 = DIRECTION('',(-3.546155307953E-02,-0.999371041332,
    -3.937023271786E-18));
#225 = DIRECTION('',(0.999371041332,-3.546155307953E-02,
    1.109524740231E-16));
#226 = PCURVE('',#33,#227);
#227 = DEFINITIONAL_REPRESENTATION('',(#228),#254);
#228 = B_SPLINE_CURVE_WITH_KNOTS('',3,(#229,#230,#231,#232,#233,#234,
    #235,#236,#237,#238,#239,#240,#241,#242,#243,#244,#245,#246,#247,
    #248,#249,#250,#251,#252,#253),.UNSPECIFIED.,.F.,.F.,(4,1,1,1,1,1,1,
    1,1,1,1,1,1,1,1,1,1,1,1,1,1,1,4),(0.482520234096,0.724254090414,
    0.965987946731,1.207721803049,1.449455659366,1.691189515684,
    1.932923372002,2.174657228319,2.416391084637,2.658124940955,
    2.899858797272,3.14159265359,3.383326509907,3.625060366225,
    3.866794222543,4.10852807886,4.350261935178,4.591995791496,
    4.833729647813,5.075463504131,5.317197360448,5.558931216766,
    5.800665073084),.QUASI_UNIFORM_KNOTS.);
#229 = CARTESIAN_POINT('',(-7.40579022792,1.040664776812));
#230 = CARTESIAN_POINT('',(-7.463600484385,0.967499690061));
#231 = CARTESIAN_POINT('',(-7.546686733228,0.817308594612));
#232 = CARTESIAN_POINT('',(-7.605809955657,0.584428338197));
#233 = CARTESIAN_POINT('',(-7.641552578088,0.349171938552));
#234 = CARTESIAN_POINT('',(-7.660938968409,0.112457754732));
#235 = CARTESIAN_POINT('',(-7.668978519672,-0.124860686976));
#236 = CARTESIAN_POINT('',(-7.667389329347,-0.362311334471));
#237 = CARTESIAN_POINT('',(-7.649765183547,-0.599417517238));
#238 = CARTESIAN_POINT('',(-7.624567906961,-0.835260946089));
#239 = CARTESIAN_POINT('',(-7.511625845315,-1.068540135851));
#240 = CARTESIAN_POINT('',(-7.460394800325,-1.291499936405));
#241 = CARTESIAN_POINT('',(-6.28318530718,-1.47937461252));
#242 = CARTESIAN_POINT('',(-5.105975814034,-1.291499936405));
#243 = CARTESIAN_POINT('',(-5.054744769044,-1.068540135851));
#244 = CARTESIAN_POINT('',(-4.941802707398,-0.835260946089));
#245 = CARTESIAN_POINT('',(-4.916605430812,-0.599417517238));
#246 = CARTESIAN_POINT('',(-4.898981285013,-0.362311334471));
#247 = CARTESIAN_POINT('',(-4.897392094688,-0.124860686976));
#248 = CARTESIAN_POINT('',(-4.905431645951,0.112457754732));
#249 = CARTESIAN_POINT('',(-4.924818036271,0.349171938552));
#250 = CARTESIAN_POINT('',(-4.960560658703,0.584428338197));
#251 = CARTESIAN_POINT('',(-5.019683881131,0.817308594612));
#252 = CARTESIAN_POINT('',(-5.102770129974,0.967499690061));
#253 = CARTESIAN_POINT('',(-5.160580386439,1.040664776812));
#254 = ( GEOMETRIC_REPRESENTATION_CONTEXT(2) 
PARAMETRIC_REPRESENTATION_CONTEXT() REPRESENTATION_CONTEXT('2D SPACE',''
  ) );
#255 = PCURVE('',#256,#261);
#256 = TOROIDAL_SURFACE('',#257,5.843468843372,0.3);
#257 = AXIS2_PLACEMENT_3D('',#258,#259,#260);
#258 = CARTESIAN_POINT('',(-11.48974814406,-1.120174969181,
    -1.275618293669E-15));
#259 = DIRECTION('',(-3.546155307953E-02,-0.999371041332,
    -3.937023271786E-18));
#260 = DIRECTION('',(-0.999371041332,3.546155307953E-02,
    -1.109524740231E-16));
#261 = DEFINITIONAL_REPRESENTATION('',(#262),#266);
#262 = LINE('',#263,#264);
#263 = CARTESIAN_POINT('',(-3.14159265359,0.18951559588));
#264 = VECTOR('',#265,1.);
#265 = DIRECTION('',(1.,-1.677055924231E-14));
#266 = ( GEOMETRIC_REPRESENTATION_CONTEXT(2) 
PARAMETRIC_REPRESENTATION_CONTEXT() REPRESENTATION_CONTEXT('2D SPACE',''
  ) );
#267 = ORIENTED_EDGE('',*,*,#268,.F.);
#268 = EDGE_CURVE('',#269,#218,#271,.T.);
#269 = VERTEX_POINT('',#270);
#270 = CARTESIAN_POINT('',(-17.67996789718,-0.216668140217,
    -0.450616152634));
#271 = SEAM_CURVE('',#272,(#278,#285),.PCURVE_S1.);
#272 = B_SPLINE_CURVE_WITH_KNOTS('',4,(#273,#274,#275,#276,#277),
  .UNSPECIFIED.,.F.,.F.,(5,5),(-1.490710746761,-1.226309769851),
  .PIECEWISE_BEZIER_KNOTS.);
#273 = CARTESIAN_POINT('',(-17.67996789718,-0.216668140217,
    -0.450616152634));
#274 = CARTESIAN_POINT('',(-17.64691777507,-0.395117060304,
    -0.821745778482));
#275 = CARTESIAN_POINT('',(-17.57757293025,-0.572306129273,
    -1.190255225546));
#276 = CARTESIAN_POINT('',(-17.47232446511,-0.746141853907,
    -1.55179054563));
#277 = CARTESIAN_POINT('',(-17.33280608305,-0.914646798063,
    -1.902239160546));
#278 = PCURVE('',#33,#279);
#279 = DEFINITIONAL_REPRESENTATION('',(#280),#284);
#280 = LINE('',#281,#282);
#281 = CARTESIAN_POINT('',(-5.160580386439,0.));
#282 = VECTOR('',#283,1.);
#283 = DIRECTION('',(-0.,1.));
#284 = ( GEOMETRIC_REPRESENTATION_CONTEXT(2) 
PARAMETRIC_REPRESENTATION_CONTEXT() REPRESENTATION_CONTEXT('2D SPACE',''
  ) );
#285 = PCURVE('',#33,#286);
#286 = DEFINITIONAL_REPRESENTATION('',(#287),#291);
#287 = LINE('',#288,#289);
#288 = CARTESIAN_POINT('',(-11.44376569361,0.));
#289 = VECTOR('',#290,1.);
#290 = DIRECTION('',(-0.,1.));
#291 = ( GEOMETRIC_REPRESENTATION_CONTEXT(2) 
PARAMETRIC_REPRESENTATION_CONTEXT() REPRESENTATION_CONTEXT('2D SPACE',''
  ) );
#292 = ORIENTED_EDGE('',*,*,#293,.T.);
#293 = EDGE_CURVE('',#269,#294,#296,.T.);
#294 = VERTEX_POINT('',#295);
#295 = CARTESIAN_POINT('',(-17.67996789718,0.,-0.5));
#296 = SURFACE_CURVE('',#297,(#302,#309),.PCURVE_S1.);
#297 = CIRCLE('',#298,0.5);
#298 = AXIS2_PLACEMENT_3D('',#299,#300,#301);
#299 = CARTESIAN_POINT('',(-17.67996789718,0.,-1.962870743409E-15));
#300 = DIRECTION('',(-1.,2.623524566371E-13,-1.110223024625E-16));
#301 = DIRECTION('',(-1.13586780836E-13,-0.433336280433,-0.901232305269)
  );
#302 = PCURVE('',#33,#303);
#303 = DEFINITIONAL_REPRESENTATION('',(#304),#308);
#304 = LINE('',#305,#306);
#305 = CARTESIAN_POINT('',(-5.160580386439,-1.490710746761));
#306 = VECTOR('',#307,1.);
#307 = DIRECTION('',(-1.,1.648804500467E-16));
#308 = ( GEOMETRIC_REPRESENTATION_CONTEXT(2) 
PARAMETRIC_REPRESENTATION_CONTEXT() REPRESENTATION_CONTEXT('2D SPACE',''
  ) );
#309 = PCURVE('',#310,#315);
#310 = CYLINDRICAL_SURFACE('',#311,0.5);
#311 = AXIS2_PLACEMENT_3D('',#312,#313,#314);
#312 = CARTESIAN_POINT('',(-17.82598916708,0.,-1.979082361001E-15));
#313 = DIRECTION('',(-1.,-0.,-1.110223024625E-16));
#314 = DIRECTION('',(1.110223024625E-16,0.,-1.));
#315 = DEFINITIONAL_REPRESENTATION('',(#316),#320);
#316 = LINE('',#317,#318);
#317 = CARTESIAN_POINT('',(-5.834993901125,-0.146021269892));
#318 = VECTOR('',#319,1.);
#319 = DIRECTION('',(1.,-0.));
#320 = ( GEOMETRIC_REPRESENTATION_CONTEXT(2) 
PARAMETRIC_REPRESENTATION_CONTEXT() REPRESENTATION_CONTEXT('2D SPACE',''
  ) );
#321 = ORIENTED_EDGE('',*,*,#322,.T.);
#322 = EDGE_CURVE('',#294,#269,#323,.T.);
#323 = SURFACE_CURVE('',#324,(#329,#358),.PCURVE_S1.);
#324 = CIRCLE('',#325,0.5);
#325 = AXIS2_PLACEMENT_3D('',#326,#327,#328);
#326 = CARTESIAN_POINT('',(-17.67996789718,0.,-1.962870743409E-15));
#327 = DIRECTION('',(-1.,-0.,-1.110223024625E-16));
#328 = DIRECTION('',(-1.110223024625E-16,-0.,1.));
#329 = PCURVE('',#33,#330);
#330 = DEFINITIONAL_REPRESENTATION('',(#331),#357);
#331 = B_SPLINE_CURVE_WITH_KNOTS('',3,(#332,#333,#334,#335,#336,#337,
    #338,#339,#340,#341,#342,#343,#344,#345,#346,#347,#348,#349,#350,
    #351,#352,#353,#354,#355,#356),.UNSPECIFIED.,.F.,.F.,(4,1,1,1,1,1,1,
    1,1,1,1,1,1,1,1,1,1,1,1,1,1,1,4),(0.,0.285599332145,0.571198664289,
    0.856797996434,1.142397328578,1.427996660723,1.713595992867,
    1.999195325012,2.284794657156,2.570393989301,2.855993321445,
    3.14159265359,3.427191985734,3.712791317879,3.998390650023,
    4.283989982168,4.569589314312,4.855188646457,5.140787978601,
    5.426387310746,5.711986642891,5.997585975035,6.28318530718),
  .QUASI_UNIFORM_KNOTS.);
#332 = CARTESIAN_POINT('',(-7.853981633974,-1.490710746761));
#333 = CARTESIAN_POINT('',(-7.949181411356,-1.490710746761));
#334 = CARTESIAN_POINT('',(-8.139580966119,-1.490710746761));
#335 = CARTESIAN_POINT('',(-8.425180298264,-1.490710746761));
#336 = CARTESIAN_POINT('',(-8.710779630408,-1.490710746761));
#337 = CARTESIAN_POINT('',(-8.996378962553,-1.490710746761));
#338 = CARTESIAN_POINT('',(-9.281978294697,-1.490710746761));
#339 = CARTESIAN_POINT('',(-9.567577626842,-1.490710746761));
#340 = CARTESIAN_POINT('',(-9.853176958986,-1.490710746761));
#341 = CARTESIAN_POINT('',(-10.13877629113,-1.490710746761));
#342 = CARTESIAN_POINT('',(-10.42437562327,-1.490710746761));
#343 = CARTESIAN_POINT('',(-10.70997495542,-1.490710746761));
#344 = CARTESIAN_POINT('',(-10.99557428756,-1.490710746761));
#345 = CARTESIAN_POINT('',(-11.2811736197,-1.490710746761));
#346 = CARTESIAN_POINT('',(-11.56677295185,-1.490710746761));
#347 = CARTESIAN_POINT('',(-11.85237228399,-1.490710746761));
#348 = CARTESIAN_POINT('',(-12.13797161614,-1.490710746761));
#349 = CARTESIAN_POINT('',(-12.42357094828,-1.490710746761));
#350 = CARTESIAN_POINT('',(-12.70917028043,-1.490710746761));
#351 = CARTESIAN_POINT('',(-12.99476961257,-1.490710746761));
#352 = CARTESIAN_POINT('',(-13.28036894472,-1.490710746761));
#353 = CARTESIAN_POINT('',(-13.56596827686,-1.490710746761));
#354 = CARTESIAN_POINT('',(-13.85156760901,-1.490710746761));
#355 = CARTESIAN_POINT('',(-14.04196716377,-1.490710746761));
#356 = CARTESIAN_POINT('',(-14.13716694115,-1.490710746761));
#357 = ( GEOMETRIC_REPRESENTATION_CONTEXT(2) 
PARAMETRIC_REPRESENTATION_CONTEXT() REPRESENTATION_CONTEXT('2D SPACE',''
  ) );
#358 = PCURVE('',#310,#359);
#359 = DEFINITIONAL_REPRESENTATION('',(#360),#364);
#360 = LINE('',#361,#362);
#361 = CARTESIAN_POINT('',(-9.424777960769,-0.146021269892));
#362 = VECTOR('',#363,1.);
#363 = DIRECTION('',(1.,-0.));
#364 = ( GEOMETRIC_REPRESENTATION_CONTEXT(2) 
PARAMETRIC_REPRESENTATION_CONTEXT() REPRESENTATION_CONTEXT('2D SPACE',''
  ) );
#365 = ORIENTED_EDGE('',*,*,#268,.T.);
#366 = ORIENTED_EDGE('',*,*,#367,.T.);
#367 = EDGE_CURVE('',#218,#24,#368,.T.);
#368 = SURFACE_CURVE('',#369,(#374,#403),.PCURVE_S1.);
#369 = CIRCLE('',#370,6.138097524551);
#370 = AXIS2_PLACEMENT_3D('',#371,#372,#373);
#371 = CARTESIAN_POINT('',(-11.49175225217,-1.176654379392,
    -1.275840794365E-15));
#372 = DIRECTION('',(-3.546155307953E-02,-0.999371041332,
    -3.937023271786E-18));
#373 = DIRECTION('',(0.999371041332,-3.546155307953E-02,
    1.109524740231E-16));
#374 = PCURVE('',#33,#375);
#375 = DEFINITIONAL_REPRESENTATION('',(#376),#402);
#376 = B_SPLINE_CURVE_WITH_KNOTS('',3,(#377,#378,#379,#380,#381,#382,
    #383,#384,#385,#386,#387,#388,#389,#390,#391,#392,#393,#394,#395,
    #396,#397,#398,#399,#400,#401),.UNSPECIFIED.,.F.,.F.,(4,1,1,1,1,1,1,
    1,1,1,1,1,1,1,1,1,1,1,1,1,1,1,4),(0.482520234096,0.724254090414,
    0.965987946731,1.207721803049,1.449455659366,1.691189515684,
    1.932923372002,2.174657228319,2.416391084637,2.658124940955,
    2.899858797272,3.14159265359,3.383326509907,3.625060366225,
    3.866794222543,4.10852807886,4.350261935178,4.591995791496,
    4.833729647813,5.075463504131,5.317197360448,5.558931216766,
    5.800665073084),.QUASI_UNIFORM_KNOTS.);
#377 = CARTESIAN_POINT('',(-13.68897553509,1.040664776812));
#378 = CARTESIAN_POINT('',(-13.74678579156,0.967499690061));
#379 = CARTESIAN_POINT('',(-13.8298720404,0.817308594612));
#380 = CARTESIAN_POINT('',(-13.88899526283,0.584428338197));
#381 = CARTESIAN_POINT('',(-13.92473788526,0.349171938552));
#382 = CARTESIAN_POINT('',(-13.94412427558,0.112457754732));
#383 = CARTESIAN_POINT('',(-13.95216382685,-0.124860686976));
#384 = CARTESIAN_POINT('',(-13.95057463652,-0.362311334471));
#385 = CARTESIAN_POINT('',(-13.93295049072,-0.599417517238));
#386 = CARTESIAN_POINT('',(-13.90775321414,-0.835260946089));
#387 = CARTESIAN_POINT('',(-13.79481115249,-1.068540135851));
#388 = CARTESIAN_POINT('',(-13.7435801075,-1.291499936405));
#389 = CARTESIAN_POINT('',(-12.56637061435,-1.47937461252));
#390 = CARTESIAN_POINT('',(-11.38916112121,-1.291499936405));
#391 = CARTESIAN_POINT('',(-11.33793007622,-1.068540135851));
#392 = CARTESIAN_POINT('',(-11.22498801457,-0.835260946089));
#393 = CARTESIAN_POINT('',(-11.19979073799,-0.599417517238));
#394 = CARTESIAN_POINT('',(-11.18216659219,-0.362311334471));
#395 = CARTESIAN_POINT('',(-11.18057740186,-0.124860686976));
#396 = CARTESIAN_POINT('',(-11.18861695313,0.112457754732));
#397 = CARTESIAN_POINT('',(-11.20800334345,0.349171938552));
#398 = CARTESIAN_POINT('',(-11.24374596588,0.584428338197));
#399 = CARTESIAN_POINT('',(-11.30286918831,0.817308594612));
#400 = CARTESIAN_POINT('',(-11.38595543715,0.967499690061));
#401 = CARTESIAN_POINT('',(-11.44376569361,1.040664776812));
#402 = ( GEOMETRIC_REPRESENTATION_CONTEXT(2) 
PARAMETRIC_REPRESENTATION_CONTEXT() REPRESENTATION_CONTEXT('2D SPACE',''
  ) );
#403 = PCURVE('',#256,#404);
#404 = DEFINITIONAL_REPRESENTATION('',(#405),#409);
#405 = LINE('',#406,#407);
#406 = CARTESIAN_POINT('',(-3.14159265359,0.18951559588));
#407 = VECTOR('',#408,1.);
#408 = DIRECTION('',(1.,2.139822600618E-14));
#409 = ( GEOMETRIC_REPRESENTATION_CONTEXT(2) 
PARAMETRIC_REPRESENTATION_CONTEXT() REPRESENTATION_CONTEXT('2D SPACE',''
  ) );
#410 = ADVANCED_FACE('',(#411),#45,.F.);
#411 = FACE_BOUND('',#412,.F.);
#412 = EDGE_LOOP('',(#413,#447,#644,#666,#686,#687,#714));
#413 = ORIENTED_EDGE('',*,*,#414,.F.);
#414 = EDGE_CURVE('',#415,#417,#419,.T.);
#415 = VERTEX_POINT('',#416);
#416 = CARTESIAN_POINT('',(-2.2,1.749772130265,-2.823990346112E-02));
#417 = VERTEX_POINT('',#418);
#418 = CARTESIAN_POINT('',(-2.2,-1.749772130265,-2.823990346109E-02));
#419 = SURFACE_CURVE('',#420,(#425,#431),.PCURVE_S1.);
#420 = CIRCLE('',#421,1.75);
#421 = AXIS2_PLACEMENT_3D('',#422,#423,#424);
#422 = CARTESIAN_POINT('',(-2.2,0.,-2.442490654175E-16));
#423 = DIRECTION('',(-1.,-0.,-1.110223024625E-16));
#424 = DIRECTION('',(-1.110223024625E-16,-0.,1.));
#425 = PCURVE('',#45,#426);
#426 = DEFINITIONAL_REPRESENTATION('',(#427),#430);
#427 = B_SPLINE_CURVE_WITH_KNOTS('',1,(#428,#429),.UNSPECIFIED.,.F.,.F.,
  (2,2),(1.586934114934,4.696251192246),.PIECEWISE_BEZIER_KNOTS.);
#428 = CARTESIAN_POINT('',(-2.707582643719E-10,3.157663131296));
#429 = CARTESIAN_POINT('',(-2.707582650428E-10,6.267114829474));
#430 = ( GEOMETRIC_REPRESENTATION_CONTEXT(2) 
PARAMETRIC_REPRESENTATION_CONTEXT() REPRESENTATION_CONTEXT('2D SPACE',''
  ) );
#431 = PCURVE('',#432,#437);
#432 = PLANE('',#433);
#433 = AXIS2_PLACEMENT_3D('',#434,#435,#436);
#434 = CARTESIAN_POINT('',(-2.2,0.,-2.442490654175E-16));
#435 = DIRECTION('',(1.,-0.,1.110223024625E-16));
#436 = DIRECTION('',(1.110223024625E-16,0.,-1.));
#437 = DEFINITIONAL_REPRESENTATION('',(#438),#446);
#438 = ( BOUNDED_CURVE() B_SPLINE_CURVE(2,(#439,#440,#441,#442,#443,#444
,#445),.UNSPECIFIED.,.T.,.F.) B_SPLINE_CURVE_WITH_KNOTS((1,2,2,2,2,1),(
    -2.094395102393,0.,2.094395102393,4.188790204786,6.28318530718,
8.377580409573),.UNSPECIFIED.) CURVE() GEOMETRIC_REPRESENTATION_ITEM() 
RATIONAL_B_SPLINE_CURVE((1.,0.5,1.,0.5,1.,0.5,1.)) REPRESENTATION_ITEM(
  '') );
#439 = CARTESIAN_POINT('',(-1.75,0.));
#440 = CARTESIAN_POINT('',(-1.75,3.031088913246));
#441 = CARTESIAN_POINT('',(0.875,1.515544456623));
#442 = CARTESIAN_POINT('',(3.5,4.286263797016E-16));
#443 = CARTESIAN_POINT('',(0.875,-1.515544456623));
#444 = CARTESIAN_POINT('',(-1.75,-3.031088913246));
#445 = CARTESIAN_POINT('',(-1.75,0.));
#446 = ( GEOMETRIC_REPRESENTATION_CONTEXT(2) 
PARAMETRIC_REPRESENTATION_CONTEXT() REPRESENTATION_CONTEXT('2D SPACE',''
  ) );
#447 = ORIENTED_EDGE('',*,*,#448,.T.);
#448 = EDGE_CURVE('',#415,#449,#451,.T.);
#449 = VERTEX_POINT('',#450);
#450 = CARTESIAN_POINT('',(-6.057871499082,1.387539603882,
    -2.839398541461));
#451 = SURFACE_CURVE('',#452,(#466,#517),.PCURVE_S1.);
#452 = B_SPLINE_CURVE_WITH_KNOTS('',3,(#453,#454,#455,#456,#457,#458,
    #459,#460,#461,#462,#463,#464,#465),.UNSPECIFIED.,.F.,.F.,(4,1,1,1,1
    ,1,1,1,1,1,4),(-5.999999050799E-08,1.546853022564E-04,
    3.094306045034E-04,6.189212089973E-04,9.284118134912E-04,
    1.237902417985E-03,1.856883626973E-03,2.475864835961E-03,
    3.094846044949E-03,3.713827253936E-03,4.951789671912E-03),
  .UNSPECIFIED.);
#453 = CARTESIAN_POINT('',(-2.2,1.749772130265,-2.823990346079E-02));
#454 = CARTESIAN_POINT('',(-2.218100841626,1.748992045824,
    -7.653513853058E-02));
#455 = CARTESIAN_POINT('',(-2.309865780392,1.745024176262,
    -0.138139089329));
#456 = CARTESIAN_POINT('',(-2.490664799224,1.737050996388,
    -0.226116771057));
#457 = CARTESIAN_POINT('',(-2.732679092367,1.726036973004,
    -0.313295699608));
#458 = CARTESIAN_POINT('',(-3.022722868183,1.711986890066,-0.41224223894
    ));
#459 = CARTESIAN_POINT('',(-3.409068768223,1.691605568055,
    -0.547496859623));
#460 = CARTESIAN_POINT('',(-3.881730671553,1.662376342752,
    -0.736884328503));
#461 = CARTESIAN_POINT('',(-4.42415337352,1.614452157942,-1.036530907953
    ));
#462 = CARTESIAN_POINT('',(-4.90004477397,1.547571581049,-1.413194451846
    ));
#463 = CARTESIAN_POINT('',(-5.461537028311,1.450348476077,-2.00526205207
    ));
#464 = CARTESIAN_POINT('',(-5.820025930782,1.404745946178,
    -2.502609006388));
#465 = CARTESIAN_POINT('',(-6.057871499082,1.387539603882,
    -2.839398541461));
#466 = PCURVE('',#45,#467);
#467 = DEFINITIONAL_REPRESENTATION('',(#468),#516);
#468 = B_SPLINE_CURVE_WITH_KNOTS('',3,(#469,#470,#471,#472,#473,#474,
    #475,#476,#477,#478,#479,#480,#481,#482,#483,#484,#485,#486,#487,
    #488,#489,#490,#491,#492,#493,#494,#495,#496,#497,#498,#499,#500,
    #501,#502,#503,#504,#505,#506,#507,#508,#509,#510,#511,#512,#513,
    #514,#515),.UNSPECIFIED.,.F.,.F.,(4,1,1,1,1,1,1,1,1,1,1,1,1,1,1,1,1,
    1,1,1,1,1,1,1,1,1,1,1,1,1,1,1,1,1,1,1,1,1,1,1,1,1,1,1,4),(
    -5.999999050799E-08,1.124820380073E-04,2.250240760051E-04,
    3.375661140028E-04,4.501081520006E-04,5.626501899984E-04,
    6.751922279962E-04,7.87734265994E-04,9.002763039918E-04,
    1.01281834199E-03,1.125360379987E-03,1.237902417985E-03,
    1.350444455983E-03,1.462986493981E-03,1.575528531978E-03,
    1.688070569976E-03,1.800612607974E-03,1.913154645972E-03,
    2.02569668397E-03,2.138238721967E-03,2.250780759965E-03,
    2.363322797963E-03,2.475864835961E-03,2.588406873958E-03,
    2.700948911956E-03,2.813490949954E-03,2.926032987952E-03,
    3.03857502595E-03,3.151117063947E-03,3.263659101945E-03,
    3.376201139943E-03,3.488743177941E-03,3.601285215939E-03,
    3.713827253936E-03,3.826369291934E-03,3.938911329932E-03,
    4.05145336793E-03,4.163995405927E-03,4.276537443925E-03,
    4.389079481923E-03,4.501621519921E-03,4.614163557919E-03,
    4.726705595916E-03,4.839247633914E-03,4.951789671912E-03),
  .UNSPECIFIED.);
#469 = CARTESIAN_POINT('',(-2.707582037743E-10,3.157663131295));
#470 = CARTESIAN_POINT('',(1.895640294635E-03,3.176885932406));
#471 = CARTESIAN_POINT('',(7.587454292987E-03,3.207389821199));
#472 = CARTESIAN_POINT('',(1.950146613014E-02,3.237794273988));
#473 = CARTESIAN_POINT('',(3.101020755626E-02,3.264166072143));
#474 = CARTESIAN_POINT('',(4.34290045272E-02,3.287866560851));
#475 = CARTESIAN_POINT('',(5.633004100535E-02,3.309907907549));
#476 = CARTESIAN_POINT('',(6.966035333828E-02,3.331128041433));
#477 = CARTESIAN_POINT('',(8.334019258555E-02,3.352056347666));
#478 = CARTESIAN_POINT('',(9.741333346516E-02,3.372836353311));
#479 = CARTESIAN_POINT('',(0.111901125332,3.393698514979));
#480 = CARTESIAN_POINT('',(0.126810961449,3.414786514581));
#481 = CARTESIAN_POINT('',(0.142140167855,3.436226649633));
#482 = CARTESIAN_POINT('',(0.157886860557,3.458141724652));
#483 = CARTESIAN_POINT('',(0.174067569751,3.480634828516));
#484 = CARTESIAN_POINT('',(0.190699509129,3.503801844593));
#485 = CARTESIAN_POINT('',(0.207800471172,3.527730737025));
#486 = CARTESIAN_POINT('',(0.225387079732,3.552495466279));
#487 = CARTESIAN_POINT('',(0.243480624177,3.578171396879));
#488 = CARTESIAN_POINT('',(0.262079022315,3.604756335041));
#489 = CARTESIAN_POINT('',(0.281150442595,3.632176271629));
#490 = CARTESIAN_POINT('',(0.300658271406,3.660364183256));
#491 = CARTESIAN_POINT('',(0.320553705908,3.689243004325));
#492 = CARTESIAN_POINT('',(0.340776431711,3.718730919545));
#493 = CARTESIAN_POINT('',(0.361253615184,3.748740797809));
#494 = CARTESIAN_POINT('',(0.381972786538,3.779112123929));
#495 = CARTESIAN_POINT('',(0.402915801065,3.809683023298));
#496 = CARTESIAN_POINT('',(0.42405761036,3.840293620524));
#497 = CARTESIAN_POINT('',(0.445366035296,3.870785709903));
#498 = CARTESIAN_POINT('',(0.466802476235,3.901016254394));
#499 = CARTESIAN_POINT('',(0.488320995173,3.930810285404));
#500 = CARTESIAN_POINT('',(0.509866264337,3.959970070037));
#501 = CARTESIAN_POINT('',(0.531374379101,3.988329697971));
#502 = CARTESIAN_POINT('',(0.552778871297,4.015744197627));
#503 = CARTESIAN_POINT('',(0.57401401257,4.042092382674));
#504 = CARTESIAN_POINT('',(0.59501787962,4.06727588471));
#505 = CARTESIAN_POINT('',(0.615742302964,4.09128855032));
#506 = CARTESIAN_POINT('',(0.636147720472,4.114135463753));
#507 = CARTESIAN_POINT('',(0.656203238869,4.135831550981));
#508 = CARTESIAN_POINT('',(0.675886127086,4.156399537578));
#509 = CARTESIAN_POINT('',(0.695180871922,4.175868299013));
#510 = CARTESIAN_POINT('',(0.714078093769,4.194271351958));
#511 = CARTESIAN_POINT('',(0.732573443276,4.21164556093));
#512 = CARTESIAN_POINT('',(0.750666684972,4.228030039954));
#513 = CARTESIAN_POINT('',(0.768360587131,4.243465220979));
#514 = CARTESIAN_POINT('',(0.779894318375,4.253149837742));
#515 = CARTESIAN_POINT('',(0.7855964833,4.257847581441));
#516 = ( GEOMETRIC_REPRESENTATION_CONTEXT(2) 
PARAMETRIC_REPRESENTATION_CONTEXT() REPRESENTATION_CONTEXT('2D SPACE',''
  ) );
#517 = PCURVE('',#518,#594);
#518 = ( BOUNDED_SURFACE() B_SPLINE_SURFACE(3,2,(
    (#519,#520,#521)
    ,(#522,#523,#524)
    ,(#525,#526,#527)
    ,(#528,#529,#530)
    ,(#531,#532,#533)
    ,(#534,#535,#536)
    ,(#537,#538,#539)
    ,(#540,#541,#542)
    ,(#543,#544,#545)
    ,(#546,#547,#548)
    ,(#549,#550,#551)
    ,(#552,#553,#554)
    ,(#555,#556,#557)
    ,(#558,#559,#560)
    ,(#561,#562,#563)
    ,(#564,#565,#566)
    ,(#567,#568,#569)
    ,(#570,#571,#572)
    ,(#573,#574,#575)
    ,(#576,#577,#578)
    ,(#579,#580,#581)
    ,(#582,#583,#584)
    ,(#585,#586,#587)
    ,(#588,#589,#590)
    ,(#591,#592,#593
)),.UNSPECIFIED.,.F.,.F.,.F.) B_SPLINE_SURFACE_WITH_KNOTS((4,1,1,1,1,1,1
    ,1,1,1,1,1,1,1,1,1,1,1,1,1,1,1,4),(3,3),(-5.217203224642E-03,
    -3.923228632843E-03,-3.276241336943E-03,-2.629254041044E-03,
    -1.982266745144E-03,-1.335279449245E-03,-1.011785801295E-03,
    -6.88292153345E-04,-3.647985053953E-04,-2.030516814204E-04,
    -1.221782694329E-04,-4.130485744548E-05,3.956855454196E-05,
    1.204419665294E-04,2.821887905043E-04,6.056824384541E-04,
    9.291760864039E-04,1.252669734354E-03,1.899657030253E-03,
    2.546644326153E-03,3.193631622052E-03,3.840618917952E-03,
    5.134593509751E-03),(0.,1.),.UNSPECIFIED.) 
GEOMETRIC_REPRESENTATION_ITEM() RATIONAL_B_SPLINE_SURFACE((
    (1.,0.788230116695,1.)
    ,(1.,0.797497710357,1.)
    ,(1.,0.829264619,1.)
    ,(1.,0.899225124451,1.)
    ,(1.,0.94652523551,1.)
    ,(1.,0.973932621571,1.)
    ,(1.,0.98577270839,1.)
    ,(1.,0.991960790392,1.)
    ,(1.,0.995406992195,1.)
    ,(1.,0.997585126735,1.)
    ,(1.,0.99885891802,1.)
    ,(1.,0.999480839571,1.)
    ,(1.,0.99994355641,1.)
    ,(1.,0.999694522105,1.)
    ,(1.,0.999074885443,1.)
    ,(1.,0.997857947045,1.)
    ,(1.,0.995724749686,1.)
    ,(1.,0.992373947216,1.)
    ,(1.,0.986347496656,1.)
    ,(1.,0.974896080006,1.)
    ,(1.,0.947898895587,1.)
    ,(1.,0.90168662281,1.)
    ,(1.,0.829667125462,1.)
    ,(1.,0.797584780926,1.)
,(1.,0.788215192245,1.))) REPRESENTATION_ITEM('') SURFACE() );
#519 = CARTESIAN_POINT('',(-6.10767349025,1.383981648813,-2.909386952035
    ));
#520 = CARTESIAN_POINT('',(-6.16175430344,1.609421621491,-2.876099190568
    ));
#521 = CARTESIAN_POINT('',(-6.351452710925,1.602690387677,
    -2.738894251193));
#522 = CARTESIAN_POINT('',(-5.858688252051,1.401588120589,
    -2.560536026254));
#523 = CARTESIAN_POINT('',(-5.919824136939,1.618006240303,
    -2.528918541648));
#524 = CARTESIAN_POINT('',(-6.102467470071,1.611525347836,
    -2.394215893847));
#525 = CARTESIAN_POINT('',(-5.500617580863,1.444264255433,
    -2.056328584041));
#526 = CARTESIAN_POINT('',(-5.58821976931,1.629772846895,-2.028417899726
    ));
#527 = CARTESIAN_POINT('',(-5.725394546554,1.6249053548,-1.874250405385)
  );
#528 = CARTESIAN_POINT('',(-4.965120840611,1.536401181637,
    -1.475927974334));
#529 = CARTESIAN_POINT('',(-5.037888563655,1.649300728386,
    -1.412181753542));
#530 = CARTESIAN_POINT('',(-5.121348281248,1.646339254536,-1.28869162978
    ));
#531 = CARTESIAN_POINT('',(-4.500894196356,1.605582487676,-1.08872398388
    ));
#532 = CARTESIAN_POINT('',(-4.551190816296,1.666570648454,
    -1.019482754808));
#533 = CARTESIAN_POINT('',(-4.593953921202,1.665053247957,
    -0.923176452271));
#534 = CARTESIAN_POINT('',(-3.963661204078,1.656462479292,-0.77508067152
    ));
#535 = CARTESIAN_POINT('',(-3.991603638389,1.68642696767,-0.716148874472
    ));
#536 = CARTESIAN_POINT('',(-4.012976115702,1.685668589443,
    -0.647663196911));
#537 = CARTESIAN_POINT('',(-3.477390091061,1.687699631654,
    -0.572906622179));
#538 = CARTESIAN_POINT('',(-3.493607854659,1.704097785802,
    -0.526368180085));
#539 = CARTESIAN_POINT('',(-3.507624628529,1.703600416407,
    -0.476383072723));
#540 = CARTESIAN_POINT('',(-3.07648034525,1.709281521566,-0.430507202075
    ));
#541 = CARTESIAN_POINT('',(-3.087308454293,1.718514861299,
    -0.394552222913));
#542 = CARTESIAN_POINT('',(-3.097281333045,1.718160984956,
    -0.357190180686));
#543 = CARTESIAN_POINT('',(-2.772124412518,1.724194686847,
    -0.327075722392));
#544 = CARTESIAN_POINT('',(-2.780407195719,1.729404905958,
    -0.299431708395));
#545 = CARTESIAN_POINT('',(-2.788027755406,1.729134499002,
    -0.271120035562));
#546 = CARTESIAN_POINT('',(-2.519685097328,1.735759553791,
    -0.237064433929));
#547 = CARTESIAN_POINT('',(-2.526400146623,1.738418059313,
    -0.216895774372));
#548 = CARTESIAN_POINT('',(-2.53279874174,1.73819101239,-0.19644449176)
  );
#549 = CARTESIAN_POINT('',(-2.343933722677,1.743523190967,
    -0.156859698434));
#550 = CARTESIAN_POINT('',(-2.349798274302,1.744684577363,
    -0.143456571809));
#551 = CARTESIAN_POINT('',(-2.355589512057,1.74447908183,-0.129971903559
    ));
#552 = CARTESIAN_POINT('',(-2.251720918372,1.747541468407,
    -9.735214846814E-02));
#553 = CARTESIAN_POINT('',(-2.257224659802,1.747969447555,
    -8.902469723764E-02));
#554 = CARTESIAN_POINT('',(-2.262691495904,1.747775463049,
    -8.066316845638E-02));
#555 = CARTESIAN_POINT('',(-2.178831975194,1.750683340747,
    -2.585081467742E-02));
#556 = CARTESIAN_POINT('',(-2.184099198226,1.750564221999,
    -2.363741081084E-02));
#557 = CARTESIAN_POINT('',(-2.189359875924,1.75037755279,
    -2.141923195188E-02));
#558 = CARTESIAN_POINT('',(-2.218507206983,1.748976518599,
    7.537163763273E-02));
#559 = CARTESIAN_POINT('',(-2.223891505368,1.749152236906,
    6.892355695141E-02));
#560 = CARTESIAN_POINT('',(-2.229255822074,1.748961890184,
    6.245068721225E-02));
#561 = CARTESIAN_POINT('',(-2.312958347629,1.744881364007,0.137909803998
    ));
#562 = CARTESIAN_POINT('',(-2.318703848526,1.745787927956,0.126121995631
    ));
#563 = CARTESIAN_POINT('',(-2.324373046095,1.74558676288,0.114268992999)
  );
#564 = CARTESIAN_POINT('',(-2.484619128164,1.737330727276,0.225387829041
    ));
#565 = CARTESIAN_POINT('',(-2.49115757669,1.739668602117,0.206202267079)
  );
#566 = CARTESIAN_POINT('',(-2.497403619397,1.739446968344,0.186762848224
    ));
#567 = CARTESIAN_POINT('',(-2.739449003969,1.725734097551,0.315295777209
    ));
#568 = CARTESIAN_POINT('',(-2.747513174254,1.730572113172,0.2886215861)
  );
#569 = CARTESIAN_POINT('',(-2.754923210933,1.730309176386,0.261338039076
    ));
#570 = CARTESIAN_POINT('',(-3.044565674993,1.710906256767,0.419741625968
    ));
#571 = CARTESIAN_POINT('',(-3.055085959931,1.719658240131,0.384634026692
    ));
#572 = CARTESIAN_POINT('',(-3.064758514753,1.719315020444,0.3482105309)
  );
#573 = CARTESIAN_POINT('',(-3.447745890235,1.689433273011,0.561572513615
    ));
#574 = CARTESIAN_POINT('',(-3.463482682892,1.70516674351,0.515831947506)
  );
#575 = CARTESIAN_POINT('',(-3.477071353397,1.704684564879,0.466850083881
    ));
#576 = CARTESIAN_POINT('',(-3.936603836101,1.658549538877,0.761750157854
    ));
#577 = CARTESIAN_POINT('',(-3.963832131032,1.687412408254,0.703564004696
    ));
#578 = CARTESIAN_POINT('',(-3.984359793151,1.68668400734,0.636178159437)
  );
#579 = CARTESIAN_POINT('',(-4.482068209045,1.607832717454,1.075631298678
    ));
#580 = CARTESIAN_POINT('',(-4.531284538752,1.667277000238,1.006479230378
    ));
#581 = CARTESIAN_POINT('',(-4.573001288601,1.665796728469,0.911408957354
    ));
#582 = CARTESIAN_POINT('',(-4.945608953505,1.539747712151,1.45691101074)
  );
#583 = CARTESIAN_POINT('',(-5.017916680716,1.650009408104,1.392679114798
    ));
#584 = CARTESIAN_POINT('',(-5.099024561068,1.647131386543,1.269964522265
    ));
#585 = CARTESIAN_POINT('',(-5.496587645358,1.444733322447,2.049299819071
    ));
#586 = CARTESIAN_POINT('',(-5.585732181194,1.629861116151,2.022219687649
    ));
#587 = CARTESIAN_POINT('',(-5.721396723864,1.625047213024,1.866729184399
    ));
#588 = CARTESIAN_POINT('',(-5.856271616867,1.401756114178,2.55716684244)
  );
#589 = CARTESIAN_POINT('',(-5.917510846849,1.61808832479,2.525617039063)
  );
#590 = CARTESIAN_POINT('',(-6.100050834849,1.611611099409,2.390884932004
    ));
#591 = CARTESIAN_POINT('',(-6.108074515515,1.383953293452,2.9099488115)
  );
#592 = CARTESIAN_POINT('',(-6.162148547824,1.609407632174,2.876664934312
    ));
#593 = CARTESIAN_POINT('',(-6.351853736189,1.602676157748,2.739449391975
    ));
#594 = DEFINITIONAL_REPRESENTATION('',(#595),#643);
#595 = B_SPLINE_CURVE_WITH_KNOTS('',3,(#596,#597,#598,#599,#600,#601,
    #602,#603,#604,#605,#606,#607,#608,#609,#610,#611,#612,#613,#614,
    #615,#616,#617,#618,#619,#620,#621,#622,#623,#624,#625,#626,#627,
    #628,#629,#630,#631,#632,#633,#634,#635,#636,#637,#638,#639,#640,
    #641,#642),.UNSPECIFIED.,.F.,.F.,(4,1,1,1,1,1,1,1,1,1,1,1,1,1,1,1,1,
    1,1,1,1,1,1,1,1,1,1,1,1,1,1,1,1,1,1,1,1,1,1,1,1,1,1,1,4),(
    -5.999999050799E-08,1.124820380073E-04,2.250240760051E-04,
    3.375661140028E-04,4.501081520006E-04,5.626501899984E-04,
    6.751922279962E-04,7.87734265994E-04,9.002763039918E-04,
    1.01281834199E-03,1.125360379987E-03,1.237902417985E-03,
    1.350444455983E-03,1.462986493981E-03,1.575528531978E-03,
    1.688070569976E-03,1.800612607974E-03,1.913154645972E-03,
    2.02569668397E-03,2.138238721967E-03,2.250780759965E-03,
    2.363322797963E-03,2.475864835961E-03,2.588406873958E-03,
    2.700948911956E-03,2.813490949954E-03,2.926032987952E-03,
    3.03857502595E-03,3.151117063947E-03,3.263659101945E-03,
    3.376201139943E-03,3.488743177941E-03,3.601285215939E-03,
    3.713827253936E-03,3.826369291934E-03,3.938911329932E-03,
    4.05145336793E-03,4.163995405927E-03,4.276537443925E-03,
    4.389079481923E-03,4.501621519921E-03,4.614163557919E-03,
    4.726705595916E-03,4.839247633914E-03,4.951789671912E-03),
  .UNSPECIFIED.);
#596 = CARTESIAN_POINT('',(-4.850410969772E-05,4.662987995615E-02));
#597 = CARTESIAN_POINT('',(-7.809424751022E-05,1.080487263109E-02));
#598 = CARTESIAN_POINT('',(-1.455348091531E-04,-1.261119367705E-02));
#599 = CARTESIAN_POINT('',(-2.599264389524E-04,2.580768226399E-02));
#600 = CARTESIAN_POINT('',(-3.666289711008E-04,-7.392315287872E-03));
#601 = CARTESIAN_POINT('',(-4.775168705478E-04,1.637392228437E-03));
#602 = CARTESIAN_POINT('',(-5.89591302675E-04,-1.281440284936E-03));
#603 = CARTESIAN_POINT('',(-7.021959897308E-04,1.855028947436E-03));
#604 = CARTESIAN_POINT('',(-8.144662614042E-04,3.648818873601E-04));
#605 = CARTESIAN_POINT('',(-9.267961966729E-04,2.153444440666E-05));
#606 = CARTESIAN_POINT('',(-1.039394593486E-03,-4.434248082199E-04));
#607 = CARTESIAN_POINT('',(-1.152314947567E-03,-2.163475974714E-04));
#608 = CARTESIAN_POINT('',(-1.265451620716E-03,8.367969627284E-05));
#609 = CARTESIAN_POINT('',(-1.378724216176E-03,3.164822399981E-04));
#610 = CARTESIAN_POINT('',(-1.492188365849E-03,6.249933999366E-04));
#611 = CARTESIAN_POINT('',(-1.60594141681E-03,7.138922493326E-04));
#612 = CARTESIAN_POINT('',(-1.720079608302E-03,5.238439637545E-04));
#613 = CARTESIAN_POINT('',(-1.834694775464E-03,1.109471954375E-04));
#614 = CARTESIAN_POINT('',(-1.949919442118E-03,-4.850081218962E-04));
#615 = CARTESIAN_POINT('',(-2.065718488988E-03,-2.951013669127E-04));
#616 = CARTESIAN_POINT('',(-2.181940284282E-03,-4.58773069513E-04));
#617 = CARTESIAN_POINT('',(-2.298532224287E-03,6.00698590462E-06));
#618 = CARTESIAN_POINT('',(-2.415403417093E-03,2.47148232183E-04));
#619 = CARTESIAN_POINT('',(-2.532480197752E-03,1.984138338373E-04));
#620 = CARTESIAN_POINT('',(-2.64969628239E-03,-2.777510329123E-04));
#621 = CARTESIAN_POINT('',(-2.767210373828E-03,-1.583914903564E-04));
#622 = CARTESIAN_POINT('',(-2.885075280375E-03,1.276024613589E-04));
#623 = CARTESIAN_POINT('',(-3.00336441598E-03,4.030965177962E-04));
#624 = CARTESIAN_POINT('',(-3.122154781921E-03,5.191560675985E-04));
#625 = CARTESIAN_POINT('',(-3.241534812259E-03,3.167293648868E-04));
#626 = CARTESIAN_POINT('',(-3.361578835359E-03,-4.590732805363E-05));
#627 = CARTESIAN_POINT('',(-3.482105836065E-03,-4.029136920862E-04));
#628 = CARTESIAN_POINT('',(-3.602872629488E-03,-3.40739791792E-04));
#629 = CARTESIAN_POINT('',(-3.723613434121E-03,-3.583137998059E-04));
#630 = CARTESIAN_POINT('',(-3.844081517374E-03,-3.501916680444E-04));
#631 = CARTESIAN_POINT('',(-3.964032512803E-03,-2.3522167996E-06));
#632 = CARTESIAN_POINT('',(-4.083373856157E-03,1.268408603963E-04));
#633 = CARTESIAN_POINT('',(-4.202115682979E-03,1.533502556064E-04));
#634 = CARTESIAN_POINT('',(-4.320253977894E-03,5.80759465154E-05));
#635 = CARTESIAN_POINT('',(-4.437792517736E-03,-9.543181312033E-05));
#636 = CARTESIAN_POINT('',(-4.554733191917E-03,-3.622941313655E-04));
#637 = CARTESIAN_POINT('',(-4.671086426869E-03,-3.514449254161E-04));
#638 = CARTESIAN_POINT('',(-4.786849678371E-03,-3.561128260301E-04));
#639 = CARTESIAN_POINT('',(-4.902027037038E-03,-3.482904295234E-04));
#640 = CARTESIAN_POINT('',(-5.016621150655E-03,-3.749121149363E-04));
#641 = CARTESIAN_POINT('',(-5.09263101564E-03,-3.091358848397E-04));
#642 = CARTESIAN_POINT('',(-5.130539989256E-03,-2.385862455482E-04));
#643 = ( GEOMETRIC_REPRESENTATION_CONTEXT(2) 
PARAMETRIC_REPRESENTATION_CONTEXT() REPRESENTATION_CONTEXT('2D SPACE',''
  ) );
#644 = ORIENTED_EDGE('',*,*,#645,.T.);
#645 = EDGE_CURVE('',#449,#646,#648,.T.);
#646 = VERTEX_POINT('',#647);
#647 = CARTESIAN_POINT('',(-6.0601347623,1.387376305525,-2.842588579871)
  );
#648 = SURFACE_CURVE('',#649,(#654,#660),.PCURVE_S1.);
#649 = B_SPLINE_CURVE_WITH_KNOTS('',3,(#650,#651,#652,#653),
  .UNSPECIFIED.,.F.,.F.,(4,4),(-5.99980478776E-08,3.85476526657E-06),
  .PIECEWISE_BEZIER_KNOTS.);
#650 = CARTESIAN_POINT('',(-6.057871499082,1.387539603882,
    -2.839398541461));
#651 = CARTESIAN_POINT('',(-6.058625848498,1.387485150309,
    -2.840461937368));
#652 = CARTESIAN_POINT('',(-6.059380268543,1.387430717558,-2.84152528424
    ));
#653 = CARTESIAN_POINT('',(-6.0601347623,1.387376305525,-2.842588579871)
  );
#654 = PCURVE('',#45,#655);
#655 = DEFINITIONAL_REPRESENTATION('',(#656),#659);
#656 = B_SPLINE_CURVE_WITH_KNOTS('',1,(#657,#658),.UNSPECIFIED.,.F.,.F.,
  (2,2),(-5.99980478776E-08,3.85476526657E-06),
  .PIECEWISE_BEZIER_KNOTS.);
#657 = CARTESIAN_POINT('',(0.7855964833,4.257847581441));
#658 = CARTESIAN_POINT('',(0.786191410509,4.258336703248));
#659 = ( GEOMETRIC_REPRESENTATION_CONTEXT(2) 
PARAMETRIC_REPRESENTATION_CONTEXT() REPRESENTATION_CONTEXT('2D SPACE',''
  ) );
#660 = PCURVE('',#518,#661);
#661 = DEFINITIONAL_REPRESENTATION('',(#662),#665);
#662 = B_SPLINE_CURVE_WITH_KNOTS('',1,(#663,#664),.UNSPECIFIED.,.F.,.F.,
  (2,2),(-5.99980478776E-08,3.85476526657E-06),
  .PIECEWISE_BEZIER_KNOTS.);
#663 = CARTESIAN_POINT('',(-5.130539989256E-03,-2.385862455478E-04));
#664 = CARTESIAN_POINT('',(-5.134495550975E-03,-2.177718001623E-04));
#665 = ( GEOMETRIC_REPRESENTATION_CONTEXT(2) 
PARAMETRIC_REPRESENTATION_CONTEXT() REPRESENTATION_CONTEXT('2D SPACE',''
  ) );
#666 = ORIENTED_EDGE('',*,*,#667,.T.);
#667 = EDGE_CURVE('',#646,#22,#668,.T.);
#668 = SURFACE_CURVE('',#669,(#674,#680),.PCURVE_S1.);
#669 = B_SPLINE_CURVE_WITH_KNOTS('',3,(#670,#671,#672,#673),
  .UNSPECIFIED.,.F.,.F.,(4,4),(1.788112030673E-18,1.888897661819E-05),
  .PIECEWISE_BEZIER_KNOTS.);
#670 = CARTESIAN_POINT('',(-6.0601347623,1.387376305525,-2.842588579871)
  );
#671 = CARTESIAN_POINT('',(-6.058551475081,1.381196226155,-2.84342930651
    ));
#672 = CARTESIAN_POINT('',(-6.057871499082,1.375247154555,
    -2.845379867836));
#673 = CARTESIAN_POINT('',(-6.057871499082,1.369469502889,
    -2.848157915258));
#674 = PCURVE('',#45,#675);
#675 = DEFINITIONAL_REPRESENTATION('',(#676),#679);
#676 = B_SPLINE_CURVE_WITH_KNOTS('',1,(#677,#678),.UNSPECIFIED.,.F.,.F.,
  (2,2),(1.788112030673E-18,1.888897661819E-05),
  .PIECEWISE_BEZIER_KNOTS.);
#677 = CARTESIAN_POINT('',(0.786191410509,4.258336703248));
#678 = CARTESIAN_POINT('',(0.785595848789,4.264201103327));
#679 = ( GEOMETRIC_REPRESENTATION_CONTEXT(2) 
PARAMETRIC_REPRESENTATION_CONTEXT() REPRESENTATION_CONTEXT('2D SPACE',''
  ) );
#680 = PCURVE('',#136,#681);
#681 = DEFINITIONAL_REPRESENTATION('',(#682),#685);
#682 = B_SPLINE_CURVE_WITH_KNOTS('',1,(#683,#684),.UNSPECIFIED.,.F.,.F.,
  (2,2),(1.788112030673E-18,1.888897661819E-05),
  .PIECEWISE_BEZIER_KNOTS.);
#683 = CARTESIAN_POINT('',(-3.623431676149,6.032257810919));
#684 = CARTESIAN_POINT('',(-3.624112887686,6.093669711299));
#685 = ( GEOMETRIC_REPRESENTATION_CONTEXT(2) 
PARAMETRIC_REPRESENTATION_CONTEXT() REPRESENTATION_CONTEXT('2D SPACE',''
  ) );
#686 = ORIENTED_EDGE('',*,*,#21,.T.);
#687 = ORIENTED_EDGE('',*,*,#688,.T.);
#688 = EDGE_CURVE('',#24,#689,#691,.T.);
#689 = VERTEX_POINT('',#690);
#690 = CARTESIAN_POINT('',(-6.057871499082,-1.387539603882,
    -2.839398541461));
#691 = SURFACE_CURVE('',#692,(#697,#703),.PCURVE_S1.);
#692 = CIRCLE('',#693,3.160292744286);
#693 = AXIS2_PLACEMENT_3D('',#694,#695,#696);
#694 = CARTESIAN_POINT('',(-6.057871499082,0.,-6.725588418502E-16));
#695 = DIRECTION('',(-1.,-0.,-1.110223024625E-16));
#696 = DIRECTION('',(-1.110223024625E-16,-0.,1.));
#697 = PCURVE('',#45,#698);
#698 = DEFINITIONAL_REPRESENTATION('',(#699),#702);
#699 = B_SPLINE_CURVE_WITH_KNOTS('',1,(#700,#701),.UNSPECIFIED.,.F.,.F.,
  (2,2),(3.589784059644,3.596138296417),.PIECEWISE_BEZIER_KNOTS.);
#700 = CARTESIAN_POINT('',(0.785595848789,5.160576857442));
#701 = CARTESIAN_POINT('',(0.7855964833,5.166930379329));
#702 = ( GEOMETRIC_REPRESENTATION_CONTEXT(2) 
PARAMETRIC_REPRESENTATION_CONTEXT() REPRESENTATION_CONTEXT('2D SPACE',''
  ) );
#703 = PCURVE('',#704,#709);
#704 = CYLINDRICAL_SURFACE('',#705,0.29849487751);
#705 = AXIS2_PLACEMENT_3D('',#706,#707,#708);
#706 = CARTESIAN_POINT('',(-6.2963637929,-1.305913036661,-2.678040571971
    ));
#707 = DIRECTION('',(-0.509311300958,3.363715489249E-02,-0.859924729571)
  );
#708 = DIRECTION('',(0.860411627227,-1.561251128379E-17,-0.509599677917)
  );
#709 = DEFINITIONAL_REPRESENTATION('',(#710),#713);
#710 = B_SPLINE_CURVE_WITH_KNOTS('',1,(#711,#712),.UNSPECIFIED.,.F.,.F.,
  (2,2),(3.589784059644,3.596138296417),.PIECEWISE_BEZIER_KNOTS.);
#711 = CARTESIAN_POINT('',(-6.066179628948,2.268343128949E-02));
#712 = CARTESIAN_POINT('',(-6.004758482982,1.454320235944E-02));
#713 = ( GEOMETRIC_REPRESENTATION_CONTEXT(2) 
PARAMETRIC_REPRESENTATION_CONTEXT() REPRESENTATION_CONTEXT('2D SPACE',''
  ) );
#714 = ORIENTED_EDGE('',*,*,#715,.T.);
#715 = EDGE_CURVE('',#689,#417,#716,.T.);
#716 = SURFACE_CURVE('',#717,(#731,#782),.PCURVE_S1.);
#717 = B_SPLINE_CURVE_WITH_KNOTS('',3,(#718,#719,#720,#721,#722,#723,
    #724,#725,#726,#727,#728,#729,#730),.UNSPECIFIED.,.F.,.F.,(4,1,1,1,1
    ,1,1,1,1,1,4),(-5.999999999436E-08,1.227436500123E-03,
    1.841184750185E-03,2.454933000246E-03,3.068681250308E-03,
    3.682429500369E-03,3.9893036254E-03,4.296177750431E-03,
    4.603051875462E-03,4.756488937977E-03,4.909926000492E-03),
  .UNSPECIFIED.);
#718 = CARTESIAN_POINT('',(-6.057871499082,-1.387539603882,
    -2.839398541461));
#719 = CARTESIAN_POINT('',(-5.822169956459,-1.407782121393,
    -2.505555120507));
#720 = CARTESIAN_POINT('',(-5.46268787003,-1.4494359169,-2.006869446356)
  );
#721 = CARTESIAN_POINT('',(-4.903326722219,-1.547146056114,
    -1.416370528104));
#722 = CARTESIAN_POINT('',(-4.429132493158,-1.613833161954,
    -1.039953433516));
#723 = CARTESIAN_POINT('',(-3.888559335678,-1.661901710517,
    -0.740013707668));
#724 = CARTESIAN_POINT('',(-3.413848534952,-1.691338158474,
    -0.549239453857));
#725 = CARTESIAN_POINT('',(-3.025998648575,-1.711823270015,
    -0.413345017126));
#726 = CARTESIAN_POINT('',(-2.735076086357,-1.725925832093,
    -0.314171451328));
#727 = CARTESIAN_POINT('',(-2.491902901682,-1.736995980134,
    -0.226505725107));
#728 = CARTESIAN_POINT('',(-2.310525886064,-1.744995296646,
    -0.138735076393));
#729 = CARTESIAN_POINT('',(-2.217947809793,-1.748999273688,
    -7.61268554136E-02));
#730 = CARTESIAN_POINT('',(-2.2,-1.749772130265,-2.823990346107E-02));
#731 = PCURVE('',#45,#732);
#732 = DEFINITIONAL_REPRESENTATION('',(#733),#781);
#733 = B_SPLINE_CURVE_WITH_KNOTS('',3,(#734,#735,#736,#737,#738,#739,
    #740,#741,#742,#743,#744,#745,#746,#747,#748,#749,#750,#751,#752,
    #753,#754,#755,#756,#757,#758,#759,#760,#761,#762,#763,#764,#765,
    #766,#767,#768,#769,#770,#771,#772,#773,#774,#775,#776,#777,#778,
    #779,#780),.UNSPECIFIED.,.F.,.F.,(4,1,1,1,1,1,1,1,1,1,1,1,1,1,1,1,1,
    1,1,1,1,1,1,1,1,1,1,1,1,1,1,1,1,1,1,1,1,1,1,1,1,1,1,1,4),(
    -5.999999999436E-08,1.115305909203E-04,2.231211818406E-04,
    3.347117727609E-04,4.463023636811E-04,5.578929546014E-04,
    6.694835455217E-04,7.81074136442E-04,8.926647273623E-04,
    1.004255318283E-03,1.115845909203E-03,1.227436500123E-03,
    1.339027091043E-03,1.450617681964E-03,1.562208272884E-03,
    1.673798863804E-03,1.785389454725E-03,1.896980045645E-03,
    2.008570636565E-03,2.120161227485E-03,2.231751818406E-03,
    2.343342409326E-03,2.454933000246E-03,2.566523591167E-03,
    2.678114182087E-03,2.789704773007E-03,2.901295363927E-03,
    3.012885954848E-03,3.124476545768E-03,3.236067136688E-03,
    3.347657727609E-03,3.459248318529E-03,3.570838909449E-03,
    3.682429500369E-03,3.79402009129E-03,3.90561068221E-03,
    4.01720127313E-03,4.12879186405E-03,4.240382454971E-03,
    4.351973045891E-03,4.463563636811E-03,4.575154227732E-03,
    4.686744818652E-03,4.798335409572E-03,4.909926000492E-03),
  .UNSPECIFIED.);
#734 = CARTESIAN_POINT('',(0.7855964833,5.166930379329));
#735 = CARTESIAN_POINT('',(0.779961213485,5.171669412761));
#736 = CARTESIAN_POINT('',(0.768548046478,5.181417490748));
#737 = CARTESIAN_POINT('',(0.750997654369,5.196896423546));
#738 = CARTESIAN_POINT('',(0.733012699736,5.213278957471));
#739 = CARTESIAN_POINT('',(0.714593326752,5.230611867801));
#740 = CARTESIAN_POINT('',(0.695743377657,5.248940963749));
#741 = CARTESIAN_POINT('',(0.676471709623,5.268310142772));
#742 = CARTESIAN_POINT('',(0.656793222657,5.28876016682));
#743 = CARTESIAN_POINT('',(0.636730054898,5.310327213144));
#744 = CARTESIAN_POINT('',(0.616312669214,5.333041152678));
#745 = CARTESIAN_POINT('',(0.595580667262,5.356923609568));
#746 = CARTESIAN_POINT('',(0.574582973964,5.381985620969));
#747 = CARTESIAN_POINT('',(0.553377253894,5.408225649157));
#748 = CARTESIAN_POINT('',(0.532020324472,5.435541207511));
#749 = CARTESIAN_POINT('',(0.510572036374,5.463807618573));
#750 = CARTESIAN_POINT('',(0.489092551717,5.49287713779));
#751 = CARTESIAN_POINT('',(0.467639799398,5.522582208764));
#752 = CARTESIAN_POINT('',(0.446263139559,5.552724514031));
#753 = CARTESIAN_POINT('',(0.42500658377,5.583131043622));
#754 = CARTESIAN_POINT('',(0.403910297242,5.613661909267));
#755 = CARTESIAN_POINT('',(0.383007326521,5.644161505187));
#756 = CARTESIAN_POINT('',(0.362323696671,5.67447226999));
#757 = CARTESIAN_POINT('',(0.341878360726,5.704434198603));
#758 = CARTESIAN_POINT('',(0.321684390867,5.733888111597));
#759 = CARTESIAN_POINT('',(0.301809448753,5.762749298574));
#760 = CARTESIAN_POINT('',(0.282309497762,5.790938524741));
#761 = CARTESIAN_POINT('',(0.263229611681,5.818381480893));
#762 = CARTESIAN_POINT('',(0.244603649089,5.845013640476));
#763 = CARTESIAN_POINT('',(0.2264600121,5.870764753087));
#764 = CARTESIAN_POINT('',(0.208803498531,5.895630605944));
#765 = CARTESIAN_POINT('',(0.191620496947,5.91967826668));
#766 = CARTESIAN_POINT('',(0.174899934169,5.942974162427));
#767 = CARTESIAN_POINT('',(0.158629129653,5.965598065502));
#768 = CARTESIAN_POINT('',(0.142795213975,5.987637555812));
#769 = CARTESIAN_POINT('',(0.127385456714,6.009187139664));
#770 = CARTESIAN_POINT('',(0.112402311754,6.030368703984));
#771 = CARTESIAN_POINT('',(9.784940601076E-02,6.05130642076));
#772 = CARTESIAN_POINT('',(8.371837148892E-02,6.072147232365));
#773 = CARTESIAN_POINT('',(6.998235170892E-02,6.093137318173));
#774 = CARTESIAN_POINT('',(5.659162193257E-02,6.114444575594));
#775 = CARTESIAN_POINT('',(4.362854629285E-02,6.136577364278));
#776 = CARTESIAN_POINT('',(3.115094535678E-02,6.160356600781));
#777 = CARTESIAN_POINT('',(1.960508418759E-02,6.186635233462));
#778 = CARTESIAN_POINT('',(7.613616086261E-03,6.21737002351));
#779 = CARTESIAN_POINT('',(1.895803179181E-03,6.247943685183));
#780 = CARTESIAN_POINT('',(-2.707582635241E-10,6.267114829474));
#781 = ( GEOMETRIC_REPRESENTATION_CONTEXT(2) 
PARAMETRIC_REPRESENTATION_CONTEXT() REPRESENTATION_CONTEXT('2D SPACE',''
  ) );
#782 = PCURVE('',#783,#859);
#783 = ( BOUNDED_SURFACE() B_SPLINE_SURFACE(3,2,(
    (#784,#785,#786)
    ,(#787,#788,#789)
    ,(#790,#791,#792)
    ,(#793,#794,#795)
    ,(#796,#797,#798)
    ,(#799,#800,#801)
    ,(#802,#803,#804)
    ,(#805,#806,#807)
    ,(#808,#809,#810)
    ,(#811,#812,#813)
    ,(#814,#815,#816)
    ,(#817,#818,#819)
    ,(#820,#821,#822)
    ,(#823,#824,#825)
    ,(#826,#827,#828)
    ,(#829,#830,#831)
    ,(#832,#833,#834)
    ,(#835,#836,#837)
    ,(#838,#839,#840)
    ,(#841,#842,#843)
    ,(#844,#845,#846)
    ,(#847,#848,#849)
    ,(#850,#851,#852)
    ,(#853,#854,#855)
    ,(#856,#857,#858
)),.UNSPECIFIED.,.F.,.F.,.F.) B_SPLINE_SURFACE_WITH_KNOTS((4,1,1,1,1,1,1
    ,1,1,1,1,1,1,1,1,1,1,1,1,1,1,1,4),(3,3),(-5.13078676972E-03,
    -3.858381630294E-03,-3.22217906058E-03,-2.585976490867E-03,
    -1.949773921154E-03,-1.313571351441E-03,-9.954700665841E-04,
    -6.773687817275E-04,-3.592674968708E-04,-2.002168544425E-04,
    -1.206915332284E-04,-4.116621201423E-05,3.835910919992E-05,
    1.178844304141E-04,2.769350728424E-04,5.95036357699E-04,
    9.131376425556E-04,1.231238927412E-03,1.867441497125E-03,
    2.503644066839E-03,3.139846636552E-03,3.776049206265E-03,
    5.048454345692E-03),(0.,1.),.UNSPECIFIED.) 
GEOMETRIC_REPRESENTATION_ITEM() RATIONAL_B_SPLINE_SURFACE((
    (1.,0.790119797895,1.)
    ,(1.,0.802771661414,1.)
    ,(1.,0.833772747268,1.)
    ,(1.,0.903780634897,1.)
    ,(1.,0.948830062896,1.)
    ,(1.,0.974819512396,1.)
    ,(1.,0.986173595855,1.)
    ,(1.,0.99215295309,1.)
    ,(1.,0.995502870385,1.)
    ,(1.,0.99763117693,1.)
    ,(1.,0.998879075365,1.)
    ,(1.,0.999489386322,1.)
    ,(1.,0.999940443688,1.)
    ,(1.,0.999700056687,1.)
    ,(1.,0.999092922623,1.)
    ,(1.,0.997900515583,1.)
    ,(1.,0.995815775907,1.)
    ,(1.,0.992557760376,1.)
    ,(1.,0.986732066578,1.)
    ,(1.,0.975753688256,1.)
    ,(1.,0.950129799564,1.)
    ,(1.,0.906207946541,1.)
    ,(1.,0.834372124229,1.)
    ,(1.,0.802935481426,1.)
,(1.,0.790119888744,1.))) REPRESENTATION_ITEM('') SURFACE() );
#784 = CARTESIAN_POINT('',(-6.05787461839,-1.387539378711,2.839402938714
    ));
#785 = CARTESIAN_POINT('',(-6.112810900791,-1.611158322875,2.80563156732
    ));
#786 = CARTESIAN_POINT('',(-6.301653839064,-1.60445744442,2.669773642519
    ));
#787 = CARTESIAN_POINT('',(-5.819167056,-1.408013017248,2.501315185498)
  );
#788 = CARTESIAN_POINT('',(-5.882448516485,-1.619332472005,
    2.468299941207));
#789 = CARTESIAN_POINT('',(-6.057668930251,-1.613114973443,
    2.330206582481));
#790 = CARTESIAN_POINT('',(-5.459627687034,-1.450224413578,
    2.006081673319));
#791 = CARTESIAN_POINT('',(-5.547629122049,-1.631213160183,
    1.975396058446));
#792 = CARTESIAN_POINT('',(-5.681437199255,-1.626465131639,
    1.823259756831));
#793 = CARTESIAN_POINT('',(-4.92928335149,-1.542624226006,1.442094305692
    ));
#794 = CARTESIAN_POINT('',(-5.000479713761,-1.650628139189,
    1.377061620701));
#795 = CARTESIAN_POINT('',(-5.080011538989,-1.647806042165,
    1.255539290669));
#796 = CARTESIAN_POINT('',(-4.466519734085,-1.609460722319,
    1.065549592082));
#797 = CARTESIAN_POINT('',(-4.514831337896,-1.667860823494,
    0.996533071519));
#798 = CARTESIAN_POINT('',(-4.556013530757,-1.666399519876,
    0.902446143879));
#799 = CARTESIAN_POINT('',(-3.934990589496,-1.658521286544,
    0.761827322808));
#800 = CARTESIAN_POINT('',(-3.962028046898,-1.687476424142,
    0.703599645631));
#801 = CARTESIAN_POINT('',(-3.982854991053,-1.686737403543,
    0.636334330948));
#802 = CARTESIAN_POINT('',(-3.455754344191,-1.688942959892,
    0.564822026461));
#803 = CARTESIAN_POINT('',(-3.471607301449,-1.704878450594,
    0.518850124451));
#804 = CARTESIAN_POINT('',(-3.485361066474,-1.70439041377,0.469587326339
    ));
#805 = CARTESIAN_POINT('',(-3.061180415862,-1.710053491139,
    0.425294207746));
#806 = CARTESIAN_POINT('',(-3.071849981506,-1.719063387753,
    0.389746885458));
#807 = CARTESIAN_POINT('',(-3.081700133135,-1.718713866244,
    0.352845212659));
#808 = CARTESIAN_POINT('',(-2.761843581106,-1.724674186017,
    0.323539435098));
#809 = CARTESIAN_POINT('',(-2.770050148686,-1.729772414079,
    0.296184574354));
#810 = CARTESIAN_POINT('',(-2.777619782897,-1.729503814155,
    0.268184294092));
#811 = CARTESIAN_POINT('',(-2.513659091523,-1.736028566515,
    0.234645249391));
#812 = CARTESIAN_POINT('',(-2.520341097781,-1.738633057821,
    0.214679220627));
#813 = CARTESIAN_POINT('',(-2.52671774562,-1.738406789672,0.194439041698
    ));
#814 = CARTESIAN_POINT('',(-2.341011429905,-1.74365106577,0.155265009602
    ));
#815 = CARTESIAN_POINT('',(-2.346863822785,-1.744788703062,
    0.141997414292));
#816 = CARTESIAN_POINT('',(-2.352644989838,-1.744583564877,
    0.128650458933));
#817 = CARTESIAN_POINT('',(-2.250391124831,-1.747598914082,
    9.623928665528E-02));
#818 = CARTESIAN_POINT('',(-2.255889721443,-1.748016816336,
    8.800669508138E-02));
#819 = CARTESIAN_POINT('',(-2.261352711002,-1.747822968319,
    7.974108308267E-02));
#820 = CARTESIAN_POINT('',(-2.179317344901,-1.75066238121,
    2.558077054548E-02));
#821 = CARTESIAN_POINT('',(-2.184586266714,-1.750546938923,
    2.339048813781E-02));
#822 = CARTESIAN_POINT('',(-2.189848931334,-1.750360199211,
    2.11954825444E-02));
#823 = CARTESIAN_POINT('',(-2.217628897467,-1.749014329351,
    -7.413840501403E-02));
#824 = CARTESIAN_POINT('',(-2.223009930229,-1.749183518605,
    -6.779557622686E-02));
#825 = CARTESIAN_POINT('',(-2.228371761111,-1.74899326009,
    -6.14288718068E-02));
#826 = CARTESIAN_POINT('',(-2.310269787007,-1.744998407456,
    -0.136381159142));
#827 = CARTESIAN_POINT('',(-2.316004338858,-1.745883717008,
    -0.124723463476));
#828 = CARTESIAN_POINT('',(-2.321665068728,-1.7456828524,-0.113002340992
    ));
#829 = CARTESIAN_POINT('',(-2.478899977466,-1.737584692174,
    -0.222944706608));
#830 = CARTESIAN_POINT('',(-2.485408360948,-1.739872606547,
    -0.203964248194));
#831 = CARTESIAN_POINT('',(-2.49163450868,-1.739651678724,
    -0.184737839564));
#832 = CARTESIAN_POINT('',(-2.729380033485,-1.726200309649,
    -0.311822137119));
#833 = CARTESIAN_POINT('',(-2.73737206029,-1.730931959151,
    -0.285433051306));
#834 = CARTESIAN_POINT('',(-2.744735166159,-1.730670687652,
    -0.258455123328));
#835 = CARTESIAN_POINT('',(-3.02945658691,-1.711661586943,
    -0.414608476199));
#836 = CARTESIAN_POINT('',(-3.039825952746,-1.720199724257,
    -0.379904616413));
#837 = CARTESIAN_POINT('',(-3.049382555816,-1.719860618987,
    -0.343934445806));
#838 = CARTESIAN_POINT('',(-3.426253096127,-1.690652416289,
    -0.553637845588));
#839 = CARTESIAN_POINT('',(-3.441639440924,-1.70594182629,
    -0.508459441886));
#840 = CARTESIAN_POINT('',(-3.454978831204,-1.705468493086,
    -0.460186367444));
#841 = CARTESIAN_POINT('',(-3.907891718022,-1.660576273553,
    -0.748696482816));
#842 = CARTESIAN_POINT('',(-3.934241136001,-1.688462411303,
    -0.691218975855));
#843 = CARTESIAN_POINT('',(-3.954245956147,-1.687752562846,
    -0.625038269273));
#844 = CARTESIAN_POINT('',(-4.447719020961,-1.611628094223,
    -1.052791333526));
#845 = CARTESIAN_POINT('',(-4.494984274102,-1.668565074145,
    -0.983915888436));
#846 = CARTESIAN_POINT('',(-4.535180434154,-1.667138758788,
    -0.891030074822));
#847 = CARTESIAN_POINT('',(-4.909552998773,-1.545957612684,
    -1.423356400622));
#848 = CARTESIAN_POINT('',(-4.980177324556,-1.651348546548,
    -1.357870499461));
#849 = CARTESIAN_POINT('',(-5.057426508879,-1.648607446459,
    -1.237210306312));
#850 = CARTESIAN_POINT('',(-5.454486479537,-1.45093808035,
    -1.997813160944));
#851 = CARTESIAN_POINT('',(-5.543954665264,-1.631343544136,
    -1.967754838662));
#852 = CARTESIAN_POINT('',(-5.676149734736,-1.626652751348,
    -1.814459410742));
#853 = CARTESIAN_POINT('',(-5.816482124926,-1.40826368819,
    -2.497502389083));
#854 = CARTESIAN_POINT('',(-5.879907869217,-1.619422623995,
    -2.464550987053));
#855 = CARTESIAN_POINT('',(-6.054891365697,-1.613213532185,
    -2.326340992362));
#856 = CARTESIAN_POINT('',(-6.057872269959,-1.387539548236,
    -2.839399628158));
#857 = CARTESIAN_POINT('',(-6.112808593341,-1.611158404752,
    -2.805628233907));
#858 = CARTESIAN_POINT('',(-6.301651490634,-1.604457527752,
    -2.669770374083));
#859 = DEFINITIONAL_REPRESENTATION('',(#860),#908);
#860 = B_SPLINE_CURVE_WITH_KNOTS('',3,(#861,#862,#863,#864,#865,#866,
    #867,#868,#869,#870,#871,#872,#873,#874,#875,#876,#877,#878,#879,
    #880,#881,#882,#883,#884,#885,#886,#887,#888,#889,#890,#891,#892,
    #893,#894,#895,#896,#897,#898,#899,#900,#901,#902,#903,#904,#905,
    #906,#907),.UNSPECIFIED.,.F.,.F.,(4,1,1,1,1,1,1,1,1,1,1,1,1,1,1,1,1,
    1,1,1,1,1,1,1,1,1,1,1,1,1,1,1,1,1,1,1,1,1,1,1,1,1,1,1,4),(
    -5.999999999436E-08,1.115305909203E-04,2.231211818406E-04,
    3.347117727609E-04,4.463023636811E-04,5.578929546014E-04,
    6.694835455217E-04,7.81074136442E-04,8.926647273623E-04,
    1.004255318283E-03,1.115845909203E-03,1.227436500123E-03,
    1.339027091043E-03,1.450617681964E-03,1.562208272884E-03,
    1.673798863804E-03,1.785389454725E-03,1.896980045645E-03,
    2.008570636565E-03,2.120161227485E-03,2.231751818406E-03,
    2.343342409326E-03,2.454933000246E-03,2.566523591167E-03,
    2.678114182087E-03,2.789704773007E-03,2.901295363927E-03,
    3.012885954848E-03,3.124476545768E-03,3.236067136688E-03,
    3.347657727609E-03,3.459248318529E-03,3.570838909449E-03,
    3.682429500369E-03,3.79402009129E-03,3.90561068221E-03,
    4.01720127313E-03,4.12879186405E-03,4.240382454971E-03,
    4.351973045891E-03,4.463563636811E-03,4.575154227732E-03,
    4.686744818652E-03,4.798335409572E-03,4.909926000492E-03),
  .UNSPECIFIED.);
#861 = CARTESIAN_POINT('',(5.048452996E-03,0.));
#862 = CARTESIAN_POINT('',(5.010803597359E-03,1.613391972306E-06));
#863 = CARTESIAN_POINT('',(4.935370988005E-03,4.264303753976E-06));
#864 = CARTESIAN_POINT('',(4.821818850414E-03,7.443784176874E-06));
#865 = CARTESIAN_POINT('',(4.707861993624E-03,1.114087183383E-05));
#866 = CARTESIAN_POINT('',(4.593497901036E-03,1.532688285295E-05));
#867 = CARTESIAN_POINT('',(4.478723262285E-03,1.902809134673E-05));
#868 = CARTESIAN_POINT('',(4.363533852869E-03,2.05559464424E-05));
#869 = CARTESIAN_POINT('',(4.247924584657E-03,1.813865702028E-05));
#870 = CARTESIAN_POINT('',(4.131889591494E-03,1.062061364991E-05));
#871 = CARTESIAN_POINT('',(4.015422447307E-03,-1.001298908576E-06));
#872 = CARTESIAN_POINT('',(3.898516362194E-03,-1.363853836932E-05));
#873 = CARTESIAN_POINT('',(3.781165012505E-03,-1.399677048998E-05));
#874 = CARTESIAN_POINT('',(3.663361722159E-03,2.656977355753E-06));
#875 = CARTESIAN_POINT('',(3.545205496722E-03,1.320507950717E-05));
#876 = CARTESIAN_POINT('',(3.426798739132E-03,2.504231110722E-05));
#877 = CARTESIAN_POINT('',(3.30824466604E-03,3.773576236317E-05));
#878 = CARTESIAN_POINT('',(3.189646071183E-03,4.379912442123E-05));
#879 = CARTESIAN_POINT('',(3.07110460512E-03,-2.140099295058E-05));
#880 = CARTESIAN_POINT('',(2.952717110177E-03,-1.868616363771E-04));
#881 = CARTESIAN_POINT('',(2.83456949803E-03,-3.350971884805E-04));
#882 = CARTESIAN_POINT('',(2.716751757692E-03,-3.800444442044E-04));
#883 = CARTESIAN_POINT('',(2.599346413632E-03,-2.705654814102E-04));
#884 = CARTESIAN_POINT('',(2.482448554713E-03,6.7089333982E-05));
#885 = CARTESIAN_POINT('',(2.366078926074E-03,3.762967341741E-04));
#886 = CARTESIAN_POINT('',(2.250145029777E-03,4.831444691207E-04));
#887 = CARTESIAN_POINT('',(2.134600402775E-03,4.08441717937E-04));
#888 = CARTESIAN_POINT('',(2.019395546969E-03,1.892597448102E-04));
#889 = CARTESIAN_POINT('',(1.904491302073E-03,-7.639942997157E-05));
#890 = CARTESIAN_POINT('',(1.789851363732E-03,-1.664833313031E-04));
#891 = CARTESIAN_POINT('',(1.675498125158E-03,-1.89274074577E-04));
#892 = CARTESIAN_POINT('',(1.56140748691E-03,-1.908446621343E-04));
#893 = CARTESIAN_POINT('',(1.447562816773E-03,-1.826878210236E-04));
#894 = CARTESIAN_POINT('',(1.333945981728E-03,-1.450574068985E-04));
#895 = CARTESIAN_POINT('',(1.2205403092E-03,2.238206845582E-05));
#896 = CARTESIAN_POINT('',(1.107328807795E-03,3.782790264332E-04));
#897 = CARTESIAN_POINT('',(9.94361153823E-04,5.200663248829E-04));
#898 = CARTESIAN_POINT('',(8.817071506722E-04,-1.592187804974E-04));
#899 = CARTESIAN_POINT('',(7.693623030403E-04,-1.778945027386E-03));
#900 = CARTESIAN_POINT('',(6.571680318295E-04,-2.488805086296E-03));
#901 = CARTESIAN_POINT('',(5.448095161223E-04,1.394752115966E-03));
#902 = CARTESIAN_POINT('',(4.327683530819E-04,1.082564546958E-02));
#903 = CARTESIAN_POINT('',(3.213582181792E-04,9.949032131603E-03));
#904 = CARTESIAN_POINT('',(2.137414273812E-04,-3.913943250162E-03));
#905 = CARTESIAN_POINT('',(9.969380018063E-05,-6.693328374824E-04));
#906 = CARTESIAN_POINT('',(3.187226150491E-05,-7.964368345168E-05));
#907 = CARTESIAN_POINT('',(1.758864815687E-06,-1.062678951088E-03));
#908 = ( GEOMETRIC_REPRESENTATION_CONTEXT(2) 
PARAMETRIC_REPRESENTATION_CONTEXT() REPRESENTATION_CONTEXT('2D SPACE',''
  ) );
#909 = ADVANCED_FACE('',(#910),#136,.T.);
#910 = FACE_BOUND('',#911,.F.);
#911 = EDGE_LOOP('',(#912,#957,#990,#1035,#1055,#1056));
#912 = ORIENTED_EDGE('',*,*,#913,.T.);
#913 = EDGE_CURVE('',#646,#914,#916,.T.);
#914 = VERTEX_POINT('',#915);
#915 = CARTESIAN_POINT('',(-6.316066890844,1.603946013551,-2.68981709232
    ));
#916 = SURFACE_CURVE('',#917,(#922,#928),.PCURVE_S1.);
#917 = B_SPLINE_CURVE_WITH_KNOTS('',3,(#918,#919,#920,#921),
  .UNSPECIFIED.,.F.,.F.,(4,4),(0.,3.944748734632E-04),
  .PIECEWISE_BEZIER_KNOTS.);
#918 = CARTESIAN_POINT('',(-6.0601347623,1.387376305525,-2.842588579871)
  );
#919 = CARTESIAN_POINT('',(-6.09295490425,1.515483877944,-2.825161061173
    ));
#920 = CARTESIAN_POINT('',(-6.204110439937,1.607918661809,
    -2.758693406341));
#921 = CARTESIAN_POINT('',(-6.316066890844,1.603946013551,-2.68981709232
    ));
#922 = PCURVE('',#136,#923);
#923 = DEFINITIONAL_REPRESENTATION('',(#924),#927);
#924 = B_SPLINE_CURVE_WITH_KNOTS('',1,(#925,#926),.UNSPECIFIED.,.F.,.F.,
  (2,2),(0.,3.944748734632E-04),.PIECEWISE_BEZIER_KNOTS.);
#925 = CARTESIAN_POINT('',(-3.623431676149,6.032257810919));
#926 = CARTESIAN_POINT('',(-3.619938932528,4.712388980385));
#927 = ( GEOMETRIC_REPRESENTATION_CONTEXT(2) 
PARAMETRIC_REPRESENTATION_CONTEXT() REPRESENTATION_CONTEXT('2D SPACE',''
  ) );
#928 = PCURVE('',#518,#929);
#929 = DEFINITIONAL_REPRESENTATION('',(#930),#956);
#930 = B_SPLINE_CURVE_WITH_KNOTS('',3,(#931,#932,#933,#934,#935,#936,
    #937,#938,#939,#940,#941,#942,#943,#944,#945,#946,#947,#948,#949,
    #950,#951,#952,#953,#954,#955),.UNSPECIFIED.,.F.,.F.,(4,1,1,1,1,1,1,
    1,1,1,1,1,1,1,1,1,1,1,1,1,1,1,4),(0.,1.793067606651E-05,
    3.586135213302E-05,5.379202819953E-05,7.172270426604E-05,
    8.965338033255E-05,1.075840563991E-04,1.255147324656E-04,
    1.434454085321E-04,1.613760845986E-04,1.793067606651E-04,
    1.972374367316E-04,2.151681127981E-04,2.330987888646E-04,
    2.510294649311E-04,2.689601409976E-04,2.868908170642E-04,
    3.048214931307E-04,3.227521691972E-04,3.406828452637E-04,
    3.586135213302E-04,3.765441973967E-04,3.944748734632E-04),
  .QUASI_UNIFORM_KNOTS.);
#931 = CARTESIAN_POINT('',(-5.134495550975E-03,-2.177718001618E-04));
#932 = CARTESIAN_POINT('',(-5.134605169257E-03,1.62792034197E-02));
#933 = CARTESIAN_POINT('',(-5.13485250215E-03,4.884444657778E-02));
#934 = CARTESIAN_POINT('',(-5.135304190152E-03,9.659994252672E-02));
#935 = CARTESIAN_POINT('',(-5.135832961916E-03,0.143469177151));
#936 = CARTESIAN_POINT('',(-5.136435228566E-03,0.189615017491));
#937 = CARTESIAN_POINT('',(-5.137107417232E-03,0.235178272791));
#938 = CARTESIAN_POINT('',(-5.137845974625E-03,0.280277386336));
#939 = CARTESIAN_POINT('',(-5.138647367818E-03,0.325013202784));
#940 = CARTESIAN_POINT('',(-5.139508084105E-03,0.369471878363));
#941 = CARTESIAN_POINT('',(-5.140424629642E-03,0.413727936439));
#942 = CARTESIAN_POINT('',(-5.141393527193E-03,0.457847042991));
#943 = CARTESIAN_POINT('',(-5.142411313176E-03,0.501888699482));
#944 = CARTESIAN_POINT('',(-5.143474534222E-03,0.545908862074));
#945 = CARTESIAN_POINT('',(-5.144579743477E-03,0.589962530622));
#946 = CARTESIAN_POINT('',(-5.145723496814E-03,0.634106332857));
#947 = CARTESIAN_POINT('',(-5.146902349121E-03,0.678401127984));
#948 = CARTESIAN_POINT('',(-5.14811285079E-03,0.722914668073));
#949 = CARTESIAN_POINT('',(-5.149351544502E-03,0.767724322949));
#950 = CARTESIAN_POINT('',(-5.150614962339E-03,0.812920044434));
#951 = CARTESIAN_POINT('',(-5.151899623501E-03,0.858607182067));
#952 = CARTESIAN_POINT('',(-5.153202031723E-03,0.904910961818));
#953 = CARTESIAN_POINT('',(-5.15451867604E-03,0.951976351876));
#954 = CARTESIAN_POINT('',(-5.155403572956E-03,0.983983698226));
#955 = CARTESIAN_POINT('',(-5.155847216898E-03,1.000173786602));
#956 = ( GEOMETRIC_REPRESENTATION_CONTEXT(2) 
PARAMETRIC_REPRESENTATION_CONTEXT() REPRESENTATION_CONTEXT('2D SPACE',''
  ) );
#957 = ORIENTED_EDGE('',*,*,#958,.T.);
#958 = EDGE_CURVE('',#914,#959,#961,.T.);
#959 = VERTEX_POINT('',#960);
#960 = CARTESIAN_POINT('',(-6.316066890844,1.603946013551,2.68981709232)
  );
#961 = SURFACE_CURVE('',#962,(#967,#974),.PCURVE_S1.);
#962 = CIRCLE('',#963,5.843468843372);
#963 = AXIS2_PLACEMENT_3D('',#964,#965,#966);
#964 = CARTESIAN_POINT('',(-11.50038660999,1.419986281581,
    -1.27679940065E-15));
#965 = DIRECTION('',(-3.546155307953E-02,0.999371041332,
    -3.937023271786E-18));
#966 = DIRECTION('',(-0.999371041332,-3.546155307953E-02,
    -1.109524740231E-16));
#967 = PCURVE('',#136,#968);
#968 = DEFINITIONAL_REPRESENTATION('',(#969),#973);
#969 = LINE('',#970,#971);
#970 = CARTESIAN_POINT('',(-3.10862446895E-15,4.712388980385));
#971 = VECTOR('',#972,1.);
#972 = DIRECTION('',(-1.,3.334946507967E-16));
#973 = ( GEOMETRIC_REPRESENTATION_CONTEXT(2) 
PARAMETRIC_REPRESENTATION_CONTEXT() REPRESENTATION_CONTEXT('2D SPACE',''
  ) );
#974 = PCURVE('',#975,#980);
#975 = PLANE('',#976);
#976 = AXIS2_PLACEMENT_3D('',#977,#978,#979);
#977 = CARTESIAN_POINT('',(-9.95,1.475,-6.75));
#978 = DIRECTION('',(3.546155307953E-02,-0.999371041332,
    3.937023271786E-18));
#979 = DIRECTION('',(0.999371041332,3.546155307953E-02,
    1.109524740231E-16));
#980 = DEFINITIONAL_REPRESENTATION('',(#981),#989);
#981 = ( BOUNDED_CURVE() B_SPLINE_CURVE(2,(#982,#983,#984,#985,#986,#987
,#988),.UNSPECIFIED.,.T.,.F.) B_SPLINE_CURVE_WITH_KNOTS((1,2,2,2,2,1),(
    -2.094395102393,0.,2.094395102393,4.188790204786,6.28318530718,
8.377580409573),.UNSPECIFIED.) CURVE() GEOMETRIC_REPRESENTATION_ITEM() 
RATIONAL_B_SPLINE_CURVE((1.,0.5,1.,0.5,1.,0.5,1.)) REPRESENTATION_ITEM(
  '') );
#982 = CARTESIAN_POINT('',(-7.394831196163,6.75));
#983 = CARTESIAN_POINT('',(-7.394831196163,16.871184929167));
#984 = CARTESIAN_POINT('',(1.370372068896,11.810592464583));
#985 = CARTESIAN_POINT('',(10.135575333954,6.75));
#986 = CARTESIAN_POINT('',(1.370372068896,1.689407535417));
#987 = CARTESIAN_POINT('',(-7.394831196163,-3.371184929167));
#988 = CARTESIAN_POINT('',(-7.394831196163,6.75));
#989 = ( GEOMETRIC_REPRESENTATION_CONTEXT(2) 
PARAMETRIC_REPRESENTATION_CONTEXT() REPRESENTATION_CONTEXT('2D SPACE',''
  ) );
#990 = ORIENTED_EDGE('',*,*,#991,.F.);
#991 = EDGE_CURVE('',#992,#959,#994,.T.);
#992 = VERTEX_POINT('',#993);
#993 = CARTESIAN_POINT('',(-6.0601347623,1.387376305525,2.842588579871)
  );
#994 = SURFACE_CURVE('',#995,(#1000,#1006),.PCURVE_S1.);
#995 = B_SPLINE_CURVE_WITH_KNOTS('',3,(#996,#997,#998,#999),
  .UNSPECIFIED.,.F.,.F.,(4,4),(0.,3.944748734631E-04),
  .PIECEWISE_BEZIER_KNOTS.);
#996 = CARTESIAN_POINT('',(-6.0601347623,1.387376305525,2.842588579871)
  );
#997 = CARTESIAN_POINT('',(-6.09295490425,1.515483877944,2.825161061173)
  );
#998 = CARTESIAN_POINT('',(-6.204110439935,1.607918661809,2.758693406339
    ));
#999 = CARTESIAN_POINT('',(-6.316066890844,1.603946013551,2.68981709232)
  );
#1000 = PCURVE('',#136,#1001);
#1001 = DEFINITIONAL_REPRESENTATION('',(#1002),#1005);
#1002 = B_SPLINE_CURVE_WITH_KNOTS('',1,(#1003,#1004),.UNSPECIFIED.,.F.,
  .F.,(2,2),(0.,3.944748734631E-04),.PIECEWISE_BEZIER_KNOTS.);
#1003 = CARTESIAN_POINT('',(-8.94293893821,6.032257810919));
#1004 = CARTESIAN_POINT('',(-8.946431681831,4.712388980385));
#1005 = ( GEOMETRIC_REPRESENTATION_CONTEXT(2) 
PARAMETRIC_REPRESENTATION_CONTEXT() REPRESENTATION_CONTEXT('2D SPACE',''
  ) );
#1006 = PCURVE('',#518,#1007);
#1007 = DEFINITIONAL_REPRESENTATION('',(#1008),#1034);
#1008 = B_SPLINE_CURVE_WITH_KNOTS('',3,(#1009,#1010,#1011,#1012,#1013,
    #1014,#1015,#1016,#1017,#1018,#1019,#1020,#1021,#1022,#1023,#1024,
    #1025,#1026,#1027,#1028,#1029,#1030,#1031,#1032,#1033),
  .UNSPECIFIED.,.F.,.F.,(4,1,1,1,1,1,1,1,1,1,1,1,1,1,1,1,1,1,1,1,1,1,4),
  (0.,1.793067606651E-05,3.586135213301E-05,5.379202819952E-05,
    7.172270426602E-05,8.965338033253E-05,1.07584056399E-04,
    1.255147324655E-04,1.43445408532E-04,1.613760845986E-04,
    1.793067606651E-04,1.972374367316E-04,2.151681127981E-04,
    2.330987888646E-04,2.510294649311E-04,2.689601409976E-04,
    2.868908170641E-04,3.048214931306E-04,3.227521691971E-04,
    3.406828452636E-04,3.586135213301E-04,3.765441973966E-04,
    3.944748734631E-04),.QUASI_UNIFORM_KNOTS.);
#1009 = CARTESIAN_POINT('',(5.052097513236E-03,-2.212604741878E-04));
#1010 = CARTESIAN_POINT('',(5.052205738826E-03,1.627542242791E-02));
#1011 = CARTESIAN_POINT('',(5.052450009805E-03,4.884007264858E-02));
#1012 = CARTESIAN_POINT('',(5.052896317139E-03,9.659466836424E-02));
#1013 = CARTESIAN_POINT('',(5.053418962102E-03,0.143463006183));
#1014 = CARTESIAN_POINT('',(5.054014397958E-03,0.189607966782));
#1015 = CARTESIAN_POINT('',(5.05467909357E-03,0.235170372815));
#1016 = CARTESIAN_POINT('',(5.055409536481E-03,0.280268680607));
#1017 = CARTESIAN_POINT('',(5.05620223315E-03,0.325003747328));
#1018 = CARTESIAN_POINT('',(5.057053708387E-03,0.369461740914));
#1019 = CARTESIAN_POINT('',(5.057960503694E-03,0.413717195304));
#1020 = CARTESIAN_POINT('',(5.058919174894E-03,0.457835785569));
#1021 = CARTESIAN_POINT('',(5.059926289228E-03,0.501877020471));
#1022 = CARTESIAN_POINT('',(5.060978422156E-03,0.545896861415));
#1023 = CARTESIAN_POINT('',(5.062072154052E-03,0.589950311288));
#1024 = CARTESIAN_POINT('',(5.063204066932E-03,0.634093998582));
#1025 = CARTESIAN_POINT('',(5.064370741341E-03,0.678388781064));
#1026 = CARTESIAN_POINT('',(5.06556875345E-03,0.722902407347));
#1027 = CARTESIAN_POINT('',(5.06679467243E-03,0.76771224206));
#1028 = CARTESIAN_POINT('',(5.068045058056E-03,0.812908230442));
#1029 = CARTESIAN_POINT('',(5.069316458796E-03,0.858595714459));
#1030 = CARTESIAN_POINT('',(5.070605409532E-03,0.904899911948));
#1031 = CARTESIAN_POINT('',(5.071908432186E-03,0.95196578275));
#1032 = CARTESIAN_POINT('',(5.072784162136E-03,0.983973486276));
#1033 = CARTESIAN_POINT('',(5.07322320691E-03,1.000163761061));
#1034 = ( GEOMETRIC_REPRESENTATION_CONTEXT(2) 
PARAMETRIC_REPRESENTATION_CONTEXT() REPRESENTATION_CONTEXT('2D SPACE',''
  ) );
#1035 = ORIENTED_EDGE('',*,*,#1036,.F.);
#1036 = EDGE_CURVE('',#98,#992,#1037,.T.);
#1037 = SURFACE_CURVE('',#1038,(#1043,#1049),.PCURVE_S1.);
#1038 = B_SPLINE_CURVE_WITH_KNOTS('',3,(#1039,#1040,#1041,#1042),
  .UNSPECIFIED.,.F.,.F.,(4,4),(9.697399036122E-19,1.888897661817E-05),
  .PIECEWISE_BEZIER_KNOTS.);
#1039 = CARTESIAN_POINT('',(-6.057871499082,1.369469502889,
    2.848157915258));
#1040 = CARTESIAN_POINT('',(-6.057871499082,1.375247154555,
    2.845379867836));
#1041 = CARTESIAN_POINT('',(-6.058551475081,1.381196226155,2.84342930651
    ));
#1042 = CARTESIAN_POINT('',(-6.0601347623,1.387376305525,2.842588579871)
  );
#1043 = PCURVE('',#136,#1044);
#1044 = DEFINITIONAL_REPRESENTATION('',(#1045),#1048);
#1045 = B_SPLINE_CURVE_WITH_KNOTS('',1,(#1046,#1047),.UNSPECIFIED.,.F.,
  .F.,(2,2),(9.697399036122E-19,1.888897661817E-05),
  .PIECEWISE_BEZIER_KNOTS.);
#1046 = CARTESIAN_POINT('',(-8.942257726673,6.093669711299));
#1047 = CARTESIAN_POINT('',(-8.94293893821,6.032257810919));
#1048 = ( GEOMETRIC_REPRESENTATION_CONTEXT(2) 
PARAMETRIC_REPRESENTATION_CONTEXT() REPRESENTATION_CONTEXT('2D SPACE',''
  ) );
#1049 = PCURVE('',#165,#1050);
#1050 = DEFINITIONAL_REPRESENTATION('',(#1051),#1054);
#1051 = B_SPLINE_CURVE_WITH_KNOTS('',1,(#1052,#1053),.UNSPECIFIED.,.F.,
  .F.,(2,2),(9.697399036122E-19,1.888897661817E-05),
  .PIECEWISE_BEZIER_KNOTS.);
#1052 = CARTESIAN_POINT('',(0.785595754631,2.01898431142));
#1053 = CARTESIAN_POINT('',(0.786191309043,2.024848722165));
#1054 = ( GEOMETRIC_REPRESENTATION_CONTEXT(2) 
PARAMETRIC_REPRESENTATION_CONTEXT() REPRESENTATION_CONTEXT('2D SPACE',''
  ) );
#1055 = ORIENTED_EDGE('',*,*,#97,.F.);
#1056 = ORIENTED_EDGE('',*,*,#667,.F.);
#1057 = ADVANCED_FACE('',(#1058),#165,.F.);
#1058 = FACE_BOUND('',#1059,.F.);
#1059 = EDGE_LOOP('',(#1060,#1061,#1062,#1084,#1205,#1232,#1353));
#1060 = ORIENTED_EDGE('',*,*,#148,.T.);
#1061 = ORIENTED_EDGE('',*,*,#1036,.T.);
#1062 = ORIENTED_EDGE('',*,*,#1063,.T.);
#1063 = EDGE_CURVE('',#992,#1064,#1066,.T.);
#1064 = VERTEX_POINT('',#1065);
#1065 = CARTESIAN_POINT('',(-6.057871499082,1.387539603882,
    2.839398541461));
#1066 = SURFACE_CURVE('',#1067,(#1072,#1078),.PCURVE_S1.);
#1067 = B_SPLINE_CURVE_WITH_KNOTS('',3,(#1068,#1069,#1070,#1071),
  .UNSPECIFIED.,.F.,.F.,(4,4),(4.342226316901E-18,3.914763314438E-06),
  .PIECEWISE_BEZIER_KNOTS.);
#1068 = CARTESIAN_POINT('',(-6.0601347623,1.387376305525,2.842588579871)
  );
#1069 = CARTESIAN_POINT('',(-6.059380268543,1.387430717558,2.84152528424
    ));
#1070 = CARTESIAN_POINT('',(-6.058625848498,1.387485150309,
    2.840461937368));
#1071 = CARTESIAN_POINT('',(-6.057871499082,1.387539603882,
    2.839398541461));
#1072 = PCURVE('',#165,#1073);
#1073 = DEFINITIONAL_REPRESENTATION('',(#1074),#1077);
#1074 = B_SPLINE_CURVE_WITH_KNOTS('',1,(#1075,#1076),.UNSPECIFIED.,.F.,
  .F.,(2,2),(4.342226316901E-18,3.914763314438E-06),
  .PIECEWISE_BEZIER_KNOTS.);
#1075 = CARTESIAN_POINT('',(0.786191309043,2.024848722165));
#1076 = CARTESIAN_POINT('',(0.785596381296,2.025337844864));
#1077 = ( GEOMETRIC_REPRESENTATION_CONTEXT(2) 
PARAMETRIC_REPRESENTATION_CONTEXT() REPRESENTATION_CONTEXT('2D SPACE',''
  ) );
#1078 = PCURVE('',#518,#1079);
#1079 = DEFINITIONAL_REPRESENTATION('',(#1080),#1083);
#1080 = B_SPLINE_CURVE_WITH_KNOTS('',1,(#1081,#1082),.UNSPECIFIED.,.F.,
  .F.,(2,2),(4.342226316901E-18,3.914763314438E-06),
  .PIECEWISE_BEZIER_KNOTS.);
#1081 = CARTESIAN_POINT('',(5.052097513235E-03,-2.212604741846E-04));
#1082 = CARTESIAN_POINT('',(5.048183978282E-03,-2.422394454555E-04));
#1083 = ( GEOMETRIC_REPRESENTATION_CONTEXT(2) 
PARAMETRIC_REPRESENTATION_CONTEXT() REPRESENTATION_CONTEXT('2D SPACE',''
  ) );
#1084 = ORIENTED_EDGE('',*,*,#1085,.T.);
#1085 = EDGE_CURVE('',#1064,#1086,#1088,.T.);
#1086 = VERTEX_POINT('',#1087);
#1087 = CARTESIAN_POINT('',(-2.2,1.749772130265,2.823990346113E-02));
#1088 = SURFACE_CURVE('',#1089,(#1103,#1154),.PCURVE_S1.);
#1089 = B_SPLINE_CURVE_WITH_KNOTS('',3,(#1090,#1091,#1092,#1093,#1094,
    #1095,#1096,#1097,#1098,#1099,#1100,#1101,#1102),.UNSPECIFIED.,.F.,
  .F.,(4,1,1,1,1,1,1,1,1,1,4),(-5.999999999447E-08,1.227436500123E-03,
    1.841184750185E-03,2.454933000246E-03,3.068681250308E-03,
    3.682429500369E-03,3.9893036254E-03,4.296177750431E-03,
    4.603051875462E-03,4.756488937977E-03,4.909926000493E-03),
  .UNSPECIFIED.);
#1090 = CARTESIAN_POINT('',(-6.057871499082,1.387539603882,
    2.839398541461));
#1091 = CARTESIAN_POINT('',(-5.822036712513,1.404600481208,
    2.505456275039));
#1092 = CARTESIAN_POINT('',(-5.462717914411,1.450153326077,
    2.006891734433));
#1093 = CARTESIAN_POINT('',(-4.903321062899,1.547010920882,
    1.416366329799));
#1094 = CARTESIAN_POINT('',(-4.429134011982,1.613869429808,
    1.039954560256));
#1095 = CARTESIAN_POINT('',(-3.888558919703,1.66189177433,0.74001339901)
  );
#1096 = CARTESIAN_POINT('',(-3.413848586522,1.691339399853,
    0.549239492321));
#1097 = CARTESIAN_POINT('',(-3.025998638945,1.711823022769,
    0.413345009623));
#1098 = CARTESIAN_POINT('',(-2.735076088609,1.725925951852,
    0.314171454369));
#1099 = CARTESIAN_POINT('',(-2.491902902575,1.736995806935,
    0.226505721731));
#1100 = CARTESIAN_POINT('',(-2.310525884005,1.744995584452,
    0.138735081863));
#1101 = CARTESIAN_POINT('',(-2.217947814493,1.748998640771,
    7.612684342707E-02));
#1102 = CARTESIAN_POINT('',(-2.2,1.749772130265,2.823990346109E-02));
#1103 = PCURVE('',#165,#1104);
#1104 = DEFINITIONAL_REPRESENTATION('',(#1105),#1153);
#1105 = B_SPLINE_CURVE_WITH_KNOTS('',3,(#1106,#1107,#1108,#1109,#1110,
    #1111,#1112,#1113,#1114,#1115,#1116,#1117,#1118,#1119,#1120,#1121,
    #1122,#1123,#1124,#1125,#1126,#1127,#1128,#1129,#1130,#1131,#1132,
    #1133,#1134,#1135,#1136,#1137,#1138,#1139,#1140,#1141,#1142,#1143,
    #1144,#1145,#1146,#1147,#1148,#1149,#1150,#1151,#1152),
  .UNSPECIFIED.,.F.,.F.,(4,1,1,1,1,1,1,1,1,1,1,1,1,1,1,1,1,1,1,1,1,1,1,1
    ,1,1,1,1,1,1,1,1,1,1,1,1,1,1,1,1,1,1,1,1,4),(-5.999999999447E-08,
    1.115305909203E-04,2.231211818406E-04,3.347117727609E-04,
    4.463023636811E-04,5.578929546014E-04,6.694835455217E-04,
    7.81074136442E-04,8.926647273623E-04,1.004255318283E-03,
    1.115845909203E-03,1.227436500123E-03,1.339027091043E-03,
    1.450617681964E-03,1.562208272884E-03,1.673798863804E-03,
    1.785389454725E-03,1.896980045645E-03,2.008570636565E-03,
    2.120161227485E-03,2.231751818406E-03,2.343342409326E-03,
    2.454933000246E-03,2.566523591167E-03,2.678114182087E-03,
    2.789704773007E-03,2.901295363927E-03,3.012885954848E-03,
    3.124476545768E-03,3.236067136688E-03,3.347657727609E-03,
    3.459248318529E-03,3.570838909449E-03,3.682429500369E-03,
    3.79402009129E-03,3.90561068221E-03,4.01720127313E-03,
    4.128791864051E-03,4.240382454971E-03,4.351973045891E-03,
    4.463563636811E-03,4.575154227732E-03,4.686744818652E-03,
    4.798335409572E-03,4.909926000493E-03),.UNSPECIFIED.);
#1106 = CARTESIAN_POINT('',(0.785596381296,2.025337844864));
#1107 = CARTESIAN_POINT('',(0.779942443794,2.029995862156));
#1108 = CARTESIAN_POINT('',(0.768496290646,2.039606001588));
#1109 = CARTESIAN_POINT('',(0.750909263099,2.054943711945));
#1110 = CARTESIAN_POINT('',(0.732900417223,2.07124439293));
#1111 = CARTESIAN_POINT('',(0.7144694324,2.088547524324));
#1112 = CARTESIAN_POINT('',(0.69561933574,2.106890910402));
#1113 = CARTESIAN_POINT('',(0.676357693888,2.126309616052));
#1114 = CARTESIAN_POINT('',(0.656697554798,2.146834760399));
#1115 = CARTESIAN_POINT('',(0.636658568108,2.168492091971));
#1116 = CARTESIAN_POINT('',(0.616268046573,2.191300346909));
#1117 = CARTESIAN_POINT('',(0.595561833424,2.215269444373));
#1118 = CARTESIAN_POINT('',(0.574584658256,2.240398358675));
#1119 = CARTESIAN_POINT('',(0.553389846026,2.266673409943));
#1120 = CARTESIAN_POINT('',(0.532035996862,2.293999065696));
#1121 = CARTESIAN_POINT('',(0.510585221147,2.322258042004));
#1122 = CARTESIAN_POINT('',(0.489100232575,2.35131031979));
#1123 = CARTESIAN_POINT('',(0.467641471589,2.380995810987));
#1124 = CARTESIAN_POINT('',(0.446260921874,2.411124571283));
#1125 = CARTESIAN_POINT('',(0.425003092334,2.441525978856));
#1126 = CARTESIAN_POINT('',(0.40390704263,2.472057009586));
#1127 = CARTESIAN_POINT('',(0.383005127134,2.502560142778));
#1128 = CARTESIAN_POINT('',(0.36232272836,2.532875713078));
#1129 = CARTESIAN_POINT('',(0.341878347043,2.562841873146));
#1130 = CARTESIAN_POINT('',(0.321684779588,2.592297832256));
#1131 = CARTESIAN_POINT('',(0.301809908663,2.621159511226));
#1132 = CARTESIAN_POINT('',(0.282309855948,2.649348236804));
#1133 = CARTESIAN_POINT('',(0.263229811283,2.676790211841));
#1134 = CARTESIAN_POINT('',(0.244603706747,2.703421337196));
#1135 = CARTESIAN_POINT('',(0.226459994327,2.729171773175));
#1136 = CARTESIAN_POINT('',(0.208803465154,2.754037374585));
#1137 = CARTESIAN_POINT('',(0.191620474353,2.778085017023));
#1138 = CARTESIAN_POINT('',(0.174899932403,2.801381016904));
#1139 = CARTESIAN_POINT('',(0.158629146863,2.824005042029));
#1140 = CARTESIAN_POINT('',(0.142795241603,2.846044593272));
#1141 = CARTESIAN_POINT('',(0.127385482927,2.867594121427));
#1142 = CARTESIAN_POINT('',(0.112402332113,2.888775581463));
#1143 = CARTESIAN_POINT('',(9.784942086219E-02,2.909713199895));
#1144 = CARTESIAN_POINT('',(8.371838315769E-02,2.930553945093));
#1145 = CARTESIAN_POINT('',(6.998236094863E-02,2.951543978045));
#1146 = CARTESIAN_POINT('',(5.65916288343E-02,2.972851188678));
#1147 = CARTESIAN_POINT('',(4.362855091677E-02,2.994983944313));
#1148 = CARTESIAN_POINT('',(3.11509481321E-02,3.018763176206));
#1149 = CARTESIAN_POINT('',(1.960508542064E-02,3.045041858872));
#1150 = CARTESIAN_POINT('',(7.61361656691E-03,3.07577672728));
#1151 = CARTESIAN_POINT('',(1.895803336285E-03,3.106350621355));
#1152 = CARTESIAN_POINT('',(-2.701243862819E-10,3.125521954433));
#1153 = ( GEOMETRIC_REPRESENTATION_CONTEXT(2) 
PARAMETRIC_REPRESENTATION_CONTEXT() REPRESENTATION_CONTEXT('2D SPACE',''
  ) );
#1154 = PCURVE('',#518,#1155);
#1155 = DEFINITIONAL_REPRESENTATION('',(#1156),#1204);
#1156 = B_SPLINE_CURVE_WITH_KNOTS('',3,(#1157,#1158,#1159,#1160,#1161,
    #1162,#1163,#1164,#1165,#1166,#1167,#1168,#1169,#1170,#1171,#1172,
    #1173,#1174,#1175,#1176,#1177,#1178,#1179,#1180,#1181,#1182,#1183,
    #1184,#1185,#1186,#1187,#1188,#1189,#1190,#1191,#1192,#1193,#1194,
    #1195,#1196,#1197,#1198,#1199,#1200,#1201,#1202,#1203),
  .UNSPECIFIED.,.F.,.F.,(4,1,1,1,1,1,1,1,1,1,1,1,1,1,1,1,1,1,1,1,1,1,1,1
    ,1,1,1,1,1,1,1,1,1,1,1,1,1,1,1,1,1,1,1,1,4),(-5.999999999447E-08,
    1.115305909203E-04,2.231211818406E-04,3.347117727609E-04,
    4.463023636811E-04,5.578929546014E-04,6.694835455217E-04,
    7.81074136442E-04,8.926647273623E-04,1.004255318283E-03,
    1.115845909203E-03,1.227436500123E-03,1.339027091043E-03,
    1.450617681964E-03,1.562208272884E-03,1.673798863804E-03,
    1.785389454725E-03,1.896980045645E-03,2.008570636565E-03,
    2.120161227485E-03,2.231751818406E-03,2.343342409326E-03,
    2.454933000246E-03,2.566523591167E-03,2.678114182087E-03,
    2.789704773007E-03,2.901295363927E-03,3.012885954848E-03,
    3.124476545768E-03,3.236067136688E-03,3.347657727609E-03,
    3.459248318529E-03,3.570838909449E-03,3.682429500369E-03,
    3.79402009129E-03,3.90561068221E-03,4.01720127313E-03,
    4.128791864051E-03,4.240382454971E-03,4.351973045891E-03,
    4.463563636811E-03,4.575154227732E-03,4.686744818652E-03,
    4.798335409572E-03,4.909926000493E-03),.UNSPECIFIED.);
#1157 = CARTESIAN_POINT('',(5.048183978282E-03,-2.422394454566E-04));
#1158 = CARTESIAN_POINT('',(5.010994709095E-03,-3.10556573693E-04));
#1159 = CARTESIAN_POINT('',(4.936334292934E-03,-3.744695566679E-04));
#1160 = CARTESIAN_POINT('',(4.823544070541E-03,-3.477083501832E-04));
#1161 = CARTESIAN_POINT('',(4.709998831868E-03,-3.588837016596E-04));
#1162 = CARTESIAN_POINT('',(4.595748245479E-03,-3.409435022385E-04));
#1163 = CARTESIAN_POINT('',(4.480841143586E-03,-4.015289484465E-04));
#1164 = CARTESIAN_POINT('',(4.365338164213E-03,-1.559641923266E-04));
#1165 = CARTESIAN_POINT('',(4.249288160714E-03,-2.853452039445E-05));
#1166 = CARTESIAN_POINT('',(4.132751128472E-03,5.850936789862E-05));
#1167 = CARTESIAN_POINT('',(4.015789514367E-03,5.910795725503E-05));
#1168 = CARTESIAN_POINT('',(3.898467039576E-03,-1.282559695479E-05));
#1169 = CARTESIAN_POINT('',(3.780865216092E-03,-1.823879878136E-04));
#1170 = CARTESIAN_POINT('',(3.663007530064E-03,-2.427883607152E-04));
#1171 = CARTESIAN_POINT('',(3.544928527754E-03,-1.903403359792E-04));
#1172 = CARTESIAN_POINT('',(3.426673373289E-03,-6.929547029231E-05));
#1173 = CARTESIAN_POINT('',(3.308282295591E-03,7.308667850301E-05));
#1174 = CARTESIAN_POINT('',(3.189790267648E-03,1.787140002753E-04));
#1175 = CARTESIAN_POINT('',(3.071241537068E-03,1.147107552816E-04));
#1176 = CARTESIAN_POINT('',(2.952792586224E-03,-1.839882820839E-04));
#1177 = CARTESIAN_POINT('',(2.834563466395E-03,-4.06259415206E-04));
#1178 = CARTESIAN_POINT('',(2.716686697442E-03,-3.151607161523E-04));
#1179 = CARTESIAN_POINT('',(2.599258777649E-03,-4.57284379245E-04));
#1180 = CARTESIAN_POINT('',(2.482461589151E-03,3.282075112734E-04));
#1181 = CARTESIAN_POINT('',(2.366167594552E-03,7.499711731263E-04));
#1182 = CARTESIAN_POINT('',(2.25027698641E-03,7.940007924692E-04));
#1183 = CARTESIAN_POINT('',(2.134743048843E-03,5.222466666727E-04));
#1184 = CARTESIAN_POINT('',(2.019517729247E-03,7.208843728165E-05));
#1185 = CARTESIAN_POINT('',(1.904558730168E-03,-3.157286275702E-04));
#1186 = CARTESIAN_POINT('',(1.789851365503E-03,-3.198128099412E-04));
#1187 = CARTESIAN_POINT('',(1.675471103428E-03,-2.946691054174E-04));
#1188 = CARTESIAN_POINT('',(1.561371887834E-03,-2.419352960593E-04));
#1189 = CARTESIAN_POINT('',(1.447533622627E-03,-1.844509956486E-04));
#1190 = CARTESIAN_POINT('',(1.333929940636E-03,-1.071336743634E-04));
#1191 = CARTESIAN_POINT('',(1.220538345844E-03,1.651869626564E-04));
#1192 = CARTESIAN_POINT('',(1.107332426002E-03,4.735413737035E-04));
#1193 = CARTESIAN_POINT('',(9.943645333546E-04,5.020262907033E-04));
#1194 = CARTESIAN_POINT('',(8.817061357277E-04,-6.379455404647E-04));
#1195 = CARTESIAN_POINT('',(7.69369339093E-04,-7.443078790475E-05));
#1196 = CARTESIAN_POINT('',(6.571721208219E-04,-1.188517966976E-03));
#1197 = CARTESIAN_POINT('',(5.448075093738E-04,2.70431599675E-03));
#1198 = CARTESIAN_POINT('',(4.327673511055E-04,1.168583142696E-02));
#1199 = CARTESIAN_POINT('',(3.213485834114E-04,9.243633023527E-03));
#1200 = CARTESIAN_POINT('',(2.137822828726E-04,-7.316430485491E-03));
#1201 = CARTESIAN_POINT('',(9.963618183316E-05,1.789790225938E-02));
#1202 = CARTESIAN_POINT('',(3.187175942589E-05,-3.830027605426E-02));
#1203 = CARTESIAN_POINT('',(1.847359563514E-06,-0.1));
#1204 = ( GEOMETRIC_REPRESENTATION_CONTEXT(2) 
PARAMETRIC_REPRESENTATION_CONTEXT() REPRESENTATION_CONTEXT('2D SPACE',''
  ) );
#1205 = ORIENTED_EDGE('',*,*,#1206,.F.);
#1206 = EDGE_CURVE('',#1207,#1086,#1209,.T.);
#1207 = VERTEX_POINT('',#1208);
#1208 = CARTESIAN_POINT('',(-2.2,-1.749772130266,2.823990342588E-02));
#1209 = SURFACE_CURVE('',#1210,(#1215,#1221),.PCURVE_S1.);
#1210 = CIRCLE('',#1211,1.75);
#1211 = AXIS2_PLACEMENT_3D('',#1212,#1213,#1214);
#1212 = CARTESIAN_POINT('',(-2.2,0.,-2.442490654175E-16));
#1213 = DIRECTION('',(-1.,-0.,-1.110223024625E-16));
#1214 = DIRECTION('',(-1.110223024625E-16,-0.,1.));
#1215 = PCURVE('',#165,#1216);
#1216 = DEFINITIONAL_REPRESENTATION('',(#1217),#1220);
#1217 = B_SPLINE_CURVE_WITH_KNOTS('',1,(#1218,#1219),.UNSPECIFIED.,.F.,
  .F.,(2,2),(4.728526768503,7.837843845836),.PIECEWISE_BEZIER_KNOTS.);
#1218 = CARTESIAN_POINT('',(-2.364942406308E-10,1.607865730508E-02));
#1219 = CARTESIAN_POINT('',(-2.70124357278E-10,3.125521954433));
#1220 = ( GEOMETRIC_REPRESENTATION_CONTEXT(2) 
PARAMETRIC_REPRESENTATION_CONTEXT() REPRESENTATION_CONTEXT('2D SPACE',''
  ) );
#1221 = PCURVE('',#432,#1222);
#1222 = DEFINITIONAL_REPRESENTATION('',(#1223),#1231);
#1223 = ( BOUNDED_CURVE() B_SPLINE_CURVE(2,(#1224,#1225,#1226,#1227,
#1228,#1229,#1230),.UNSPECIFIED.,.T.,.F.) B_SPLINE_CURVE_WITH_KNOTS((1,2
    ,2,2,2,1),(-2.094395102393,0.,2.094395102393,4.188790204786,
6.28318530718,8.377580409573),.UNSPECIFIED.) CURVE() 
GEOMETRIC_REPRESENTATION_ITEM() RATIONAL_B_SPLINE_CURVE((1.,0.5,1.,0.5,
1.,0.5,1.)) REPRESENTATION_ITEM('') );
#1224 = CARTESIAN_POINT('',(-1.75,0.));
#1225 = CARTESIAN_POINT('',(-1.75,3.031088913246));
#1226 = CARTESIAN_POINT('',(0.875,1.515544456623));
#1227 = CARTESIAN_POINT('',(3.5,4.286263797016E-16));
#1228 = CARTESIAN_POINT('',(0.875,-1.515544456623));
#1229 = CARTESIAN_POINT('',(-1.75,-3.031088913246));
#1230 = CARTESIAN_POINT('',(-1.75,0.));
#1231 = ( GEOMETRIC_REPRESENTATION_CONTEXT(2) 
PARAMETRIC_REPRESENTATION_CONTEXT() REPRESENTATION_CONTEXT('2D SPACE',''
  ) );
#1232 = ORIENTED_EDGE('',*,*,#1233,.T.);
#1233 = EDGE_CURVE('',#1207,#1234,#1236,.T.);
#1234 = VERTEX_POINT('',#1235);
#1235 = CARTESIAN_POINT('',(-6.057871499082,-1.387539603882,
    2.839398541461));
#1236 = SURFACE_CURVE('',#1237,(#1251,#1302),.PCURVE_S1.);
#1237 = B_SPLINE_CURVE_WITH_KNOTS('',3,(#1238,#1239,#1240,#1241,#1242,
    #1243,#1244,#1245,#1246,#1247,#1248,#1249,#1250),.UNSPECIFIED.,.F.,
  .F.,(4,1,1,1,1,1,1,1,1,1,4),(-5.999999050791E-08,1.546853022657E-04,
    3.09430604522E-04,6.189212090345E-04,9.284118135469E-04,
    1.237902418059E-03,1.856883627084E-03,2.475864836109E-03,
    3.094846045134E-03,3.713827254159E-03,4.951789672209E-03),
  .UNSPECIFIED.);
#1238 = CARTESIAN_POINT('',(-2.2,-1.749772130265,2.823990346106E-02));
#1239 = CARTESIAN_POINT('',(-2.218100836972,-1.748992684134,
    7.653515059019E-02));
#1240 = CARTESIAN_POINT('',(-2.309865782437,-1.745023886002,
    0.138139083831));
#1241 = CARTESIAN_POINT('',(-2.49066479835,-1.737051171063,
    0.226116774456));
#1242 = CARTESIAN_POINT('',(-2.732679090104,-1.726036852224,
    0.31329569655));
#1243 = CARTESIAN_POINT('',(-3.022722877921,-1.711987139417,
    0.412242246515));
#1244 = CARTESIAN_POINT('',(-3.409068716248,-1.691604316096,
    0.547496820844));
#1245 = CARTESIAN_POINT('',(-3.881731091133,-1.6623863636,0.736884639829
    ));
#1246 = CARTESIAN_POINT('',(-4.42415184186,-1.614415581043,1.03652977163
    ));
#1247 = CARTESIAN_POINT('',(-4.900050481339,-1.547707867766,
    1.413198686019));
#1248 = CARTESIAN_POINT('',(-5.461506728837,-1.449624953873,
    2.005239573581));
#1249 = CARTESIAN_POINT('',(-5.820160306383,-1.407954696996,
    2.502708696702));
#1250 = CARTESIAN_POINT('',(-6.057871499082,-1.387539603885,
    2.839398541458));
#1251 = PCURVE('',#165,#1252);
#1252 = DEFINITIONAL_REPRESENTATION('',(#1253),#1301);
#1253 = B_SPLINE_CURVE_WITH_KNOTS('',3,(#1254,#1255,#1256,#1257,#1258,
    #1259,#1260,#1261,#1262,#1263,#1264,#1265,#1266,#1267,#1268,#1269,
    #1270,#1271,#1272,#1273,#1274,#1275,#1276,#1277,#1278,#1279,#1280,
    #1281,#1282,#1283,#1284,#1285,#1286,#1287,#1288,#1289,#1290,#1291,
    #1292,#1293,#1294,#1295,#1296,#1297,#1298,#1299,#1300),
  .UNSPECIFIED.,.F.,.F.,(4,1,1,1,1,1,1,1,1,1,1,1,1,1,1,1,1,1,1,1,1,1,1,1
    ,1,1,1,1,1,1,1,1,1,1,1,1,1,1,1,1,1,1,1,1,4),(-5.999999050791E-08,
    1.12482038014E-04,2.250240760186E-04,3.375661140231E-04,
    4.501081520277E-04,5.626501900322E-04,6.751922280367E-04,
    7.877342660413E-04,9.002763040458E-04,1.01281834205E-03,
    1.125360380055E-03,1.237902418059E-03,1.350444456064E-03,
    1.462986494069E-03,1.575528532073E-03,1.688070570078E-03,
    1.800612608082E-03,1.913154646087E-03,2.025696684091E-03,
    2.138238722096E-03,2.2507807601E-03,2.363322798105E-03,
    2.475864836109E-03,2.588406874114E-03,2.700948912118E-03,
    2.813490950123E-03,2.926032988128E-03,3.038575026132E-03,
    3.151117064137E-03,3.263659102141E-03,3.376201140146E-03,
    3.48874317815E-03,3.601285216155E-03,3.713827254159E-03,
    3.826369292164E-03,3.938911330168E-03,4.051453368173E-03,
    4.163995406177E-03,4.276537444182E-03,4.389079482187E-03,
    4.501621520191E-03,4.614163558196E-03,4.7267055962E-03,
    4.839247634205E-03,4.951789672209E-03),.UNSPECIFIED.);
#1254 = CARTESIAN_POINT('',(-2.36494232472E-10,1.607865732512E-02));
#1255 = CARTESIAN_POINT('',(1.895641792975E-03,3.529932220307E-02));
#1256 = CARTESIAN_POINT('',(7.587458718205E-03,6.580026635855E-02));
#1257 = CARTESIAN_POINT('',(1.950147371723E-02,9.620285247528E-02));
#1258 = CARTESIAN_POINT('',(3.101021485583E-02,0.122573366293));
#1259 = CARTESIAN_POINT('',(4.342900935612E-02,0.146273056665));
#1260 = CARTESIAN_POINT('',(5.633004076126E-02,0.168313883284));
#1261 = CARTESIAN_POINT('',(6.966034555109E-02,0.189533697547));
#1262 = CARTESIAN_POINT('',(8.334017446306E-02,0.210461833198));
#1263 = CARTESIAN_POINT('',(9.741330137095E-02,0.231241796097));
#1264 = CARTESIAN_POINT('',(0.111901073838,0.252104039916));
#1265 = CARTESIAN_POINT('',(0.126810886995,0.27319220416));
#1266 = CARTESIAN_POINT('',(0.142140071689,0.294632517756));
#1267 = CARTESIAN_POINT('',(0.157886751548,0.316547704408));
#1268 = CARTESIAN_POINT('',(0.174067453954,0.339040896303));
#1269 = CARTESIAN_POINT('',(0.190699386763,0.362208043894));
#1270 = CARTESIAN_POINT('',(0.207800331979,0.386137203525));
#1271 = CARTESIAN_POINT('',(0.225386899216,0.410902433287));
#1272 = CARTESIAN_POINT('',(0.243480347288,0.436579276342));
#1273 = CARTESIAN_POINT('',(0.262078590988,0.463165455944));
#1274 = CARTESIAN_POINT('',(0.281149852864,0.490586535894));
#1275 = CARTESIAN_POINT('',(0.30065759727,0.518775050871));
#1276 = CARTESIAN_POINT('',(0.320553141608,0.547653410803));
#1277 = CARTESIAN_POINT('',(0.340776332806,0.577139229755));
#1278 = CARTESIAN_POINT('',(0.36125455896,0.607144740311));
#1279 = CARTESIAN_POINT('',(0.381975069221,0.637511056806));
#1280 = CARTESIAN_POINT('',(0.402919253692,0.668078176941));
#1281 = CARTESIAN_POINT('',(0.424061400416,0.698688370501));
#1282 = CARTESIAN_POINT('',(0.445368606068,0.729185395721));
#1283 = CARTESIAN_POINT('',(0.466801134785,0.75942941286));
#1284 = CARTESIAN_POINT('',(0.488313483421,0.789243100714));
#1285 = CARTESIAN_POINT('',(0.509853057772,0.818420283302));
#1286 = CARTESIAN_POINT('',(0.531358555492,0.846787467082));
#1287 = CARTESIAN_POINT('',(0.552766073005,0.874191869554));
#1288 = CARTESIAN_POINT('',(0.574012170008,0.90050482497));
#1289 = CARTESIAN_POINT('',(0.595036721547,0.925620934749));
#1290 = CARTESIAN_POINT('',(0.61578717744,0.949546281781));
#1291 = CARTESIAN_POINT('',(0.636219735492,0.972298114212));
#1292 = CARTESIAN_POINT('',(0.65629970066,0.993903166531));
#1293 = CARTESIAN_POINT('',(0.676001152504,1.014395402122));
#1294 = CARTESIAN_POINT('',(0.695306056492,1.033814224533));
#1295 = CARTESIAN_POINT('',(0.714203156455,1.052202885545));
#1296 = CARTESIAN_POINT('',(0.732686797703,1.069607164049));
#1297 = CARTESIAN_POINT('',(0.750755925877,1.086074245691));
#1298 = CARTESIAN_POINT('',(0.768412850868,1.101651908771));
#1299 = CARTESIAN_POINT('',(0.779913303144,1.111475656782));
#1300 = CARTESIAN_POINT('',(0.785596640633,1.116255105945));
#1301 = ( GEOMETRIC_REPRESENTATION_CONTEXT(2) 
PARAMETRIC_REPRESENTATION_CONTEXT() REPRESENTATION_CONTEXT('2D SPACE',''
  ) );
#1302 = PCURVE('',#783,#1303);
#1303 = DEFINITIONAL_REPRESENTATION('',(#1304),#1352);
#1304 = B_SPLINE_CURVE_WITH_KNOTS('',3,(#1305,#1306,#1307,#1308,#1309,
    #1310,#1311,#1312,#1313,#1314,#1315,#1316,#1317,#1318,#1319,#1320,
    #1321,#1322,#1323,#1324,#1325,#1326,#1327,#1328,#1329,#1330,#1331,
    #1332,#1333,#1334,#1335,#1336,#1337,#1338,#1339,#1340,#1341,#1342,
    #1343,#1344,#1345,#1346,#1347,#1348,#1349,#1350,#1351),
  .UNSPECIFIED.,.F.,.F.,(4,1,1,1,1,1,1,1,1,1,1,1,1,1,1,1,1,1,1,1,1,1,1,1
    ,1,1,1,1,1,1,1,1,1,1,1,1,1,1,1,1,1,1,1,1,4),(-5.999999050791E-08,
    1.12482038014E-04,2.250240760186E-04,3.375661140231E-04,
    4.501081520277E-04,5.626501900322E-04,6.751922280367E-04,
    7.877342660413E-04,9.002763040458E-04,1.01281834205E-03,
    1.125360380055E-03,1.237902418059E-03,1.350444456064E-03,
    1.462986494069E-03,1.575528532073E-03,1.688070570078E-03,
    1.800612608082E-03,1.913154646087E-03,2.025696684091E-03,
    2.138238722096E-03,2.2507807601E-03,2.363322798105E-03,
    2.475864836109E-03,2.588406874114E-03,2.700948912118E-03,
    2.813490950123E-03,2.926032988128E-03,3.038575026132E-03,
    3.151117064137E-03,3.263659102141E-03,3.376201140146E-03,
    3.48874317815E-03,3.601285216155E-03,3.713827254159E-03,
    3.826369292164E-03,3.938911330168E-03,4.051453368173E-03,
    4.163995406177E-03,4.276537444182E-03,4.389079482187E-03,
    4.501621520191E-03,4.614163558196E-03,4.7267055962E-03,
    4.839247634205E-03,4.951789672209E-03),.UNSPECIFIED.);
#1305 = CARTESIAN_POINT('',(-4.849557653892E-05,4.620106405384E-02));
#1306 = CARTESIAN_POINT('',(-7.810776121314E-05,9.547657631709E-03));
#1307 = CARTESIAN_POINT('',(-1.455561558205E-04,-1.37659724472E-02));
#1308 = CARTESIAN_POINT('',(-2.599135343584E-04,2.74833434111E-02));
#1309 = CARTESIAN_POINT('',(-3.665714862154E-04,-1.22387424974E-02));
#1310 = CARTESIAN_POINT('',(-4.775350326373E-04,1.886421068105E-03));
#1311 = CARTESIAN_POINT('',(-5.896247374197E-04,-1.683015481545E-03));
#1312 = CARTESIAN_POINT('',(-7.022098072175E-04,1.714981337336E-03));
#1313 = CARTESIAN_POINT('',(-8.144597047604E-04,4.599593576759E-04));
#1314 = CARTESIAN_POINT('',(-9.2678372101E-04,5.334031969222E-05));
#1315 = CARTESIAN_POINT('',(-1.03938946742E-03,-4.057441411622E-04));
#1316 = CARTESIAN_POINT('',(-1.152315818862E-03,-2.29637740239E-04));
#1317 = CARTESIAN_POINT('',(-1.26545511338E-03,3.719427579767E-05));
#1318 = CARTESIAN_POINT('',(-1.378725106276E-03,3.368547848885E-04));
#1319 = CARTESIAN_POINT('',(-1.492191149875E-03,6.672322162691E-04));
#1320 = CARTESIAN_POINT('',(-1.605948009329E-03,7.645046086599E-04));
#1321 = CARTESIAN_POINT('',(-1.720090186647E-03,5.806831096954E-04));
#1322 = CARTESIAN_POINT('',(-1.834707981726E-03,1.701972500733E-04));
#1323 = CARTESIAN_POINT('',(-1.949929761789E-03,-3.890361404359E-04));
#1324 = CARTESIAN_POINT('',(-2.065721336521E-03,-5.953452247718E-04));
#1325 = CARTESIAN_POINT('',(-2.181962488661E-03,-5.112753647617E-04));
#1326 = CARTESIAN_POINT('',(-2.298569650858E-03,-2.871344125519E-04));
#1327 = CARTESIAN_POINT('',(-2.415452155092E-03,-4.669621424856E-05));
#1328 = CARTESIAN_POINT('',(-2.532521337897E-03,2.371431381691E-05));
#1329 = CARTESIAN_POINT('',(-2.649698691906E-03,-4.812279347322E-05));
#1330 = CARTESIAN_POINT('',(-2.767112084765E-03,1.582691079994E-04));
#1331 = CARTESIAN_POINT('',(-2.884862472403E-03,3.206599423947E-04));
#1332 = CARTESIAN_POINT('',(-3.003068760888E-03,3.791050165069E-04));
#1333 = CARTESIAN_POINT('',(-3.121849363256E-03,2.896235511786E-04));
#1334 = CARTESIAN_POINT('',(-3.241355380162E-03,-2.127203036429E-06));
#1335 = CARTESIAN_POINT('',(-3.361641669945E-03,-2.733700271243E-04));
#1336 = CARTESIAN_POINT('',(-3.482385219955E-03,-3.791628708158E-04));
#1337 = CARTESIAN_POINT('',(-3.603289048645E-03,-3.303889063531E-04));
#1338 = CARTESIAN_POINT('',(-3.724039009059E-03,-1.809027974862E-04));
#1339 = CARTESIAN_POINT('',(-3.844333054025E-03,1.552706139679E-05));
#1340 = CARTESIAN_POINT('',(-3.963864292776E-03,1.857938743461E-04));
#1341 = CARTESIAN_POINT('',(-4.082683593406E-03,2.759974689284E-04));
#1342 = CARTESIAN_POINT('',(-4.200865736008E-03,3.094113940806E-04));
#1343 = CARTESIAN_POINT('',(-4.318476388631E-03,2.969529850552E-04));
#1344 = CARTESIAN_POINT('',(-4.435580195019E-03,2.55496267257E-04));
#1345 = CARTESIAN_POINT('',(-4.55223836102E-03,1.996057558166E-04));
#1346 = CARTESIAN_POINT('',(-4.668509331142E-03,1.415796717469E-04));
#1347 = CARTESIAN_POINT('',(-4.784448843759E-03,9.007576075288E-05));
#1348 = CARTESIAN_POINT('',(-4.900110238143E-03,4.960960146977E-05));
#1349 = CARTESIAN_POINT('',(-5.015544970252E-03,2.076809002039E-05));
#1350 = CARTESIAN_POINT('',(-5.092383293411E-03,6.429713831184E-06));
#1351 = CARTESIAN_POINT('',(-5.130781246772E-03,0.));
#1352 = ( GEOMETRIC_REPRESENTATION_CONTEXT(2) 
PARAMETRIC_REPRESENTATION_CONTEXT() REPRESENTATION_CONTEXT('2D SPACE',''
  ) );
#1353 = ORIENTED_EDGE('',*,*,#1354,.T.);
#1354 = EDGE_CURVE('',#1234,#149,#1355,.T.);
#1355 = SURFACE_CURVE('',#1356,(#1361,#1367),.PCURVE_S1.);
#1356 = CIRCLE('',#1357,3.160292744286);
#1357 = AXIS2_PLACEMENT_3D('',#1358,#1359,#1360);
#1358 = CARTESIAN_POINT('',(-6.057871499082,0.,-6.725588418502E-16));
#1359 = DIRECTION('',(-1.,-0.,-1.110223024625E-16));
#1360 = DIRECTION('',(-1.110223024625E-16,-0.,1.));
#1361 = PCURVE('',#165,#1362);
#1362 = DEFINITIONAL_REPRESENTATION('',(#1363),#1366);
#1363 = B_SPLINE_CURVE_WITH_KNOTS('',1,(#1364,#1365),.UNSPECIFIED.,.F.,
  .F.,(2,2),(5.828639664352,5.834993901125),.PIECEWISE_BEZIER_KNOTS.);
#1364 = CARTESIAN_POINT('',(0.785596640633,1.116255105946));
#1365 = CARTESIAN_POINT('',(0.785595997692,1.122608612858));
#1366 = ( GEOMETRIC_REPRESENTATION_CONTEXT(2) 
PARAMETRIC_REPRESENTATION_CONTEXT() REPRESENTATION_CONTEXT('2D SPACE',''
  ) );
#1367 = PCURVE('',#1368,#1373);
#1368 = CYLINDRICAL_SURFACE('',#1369,0.298454092231);
#1369 = AXIS2_PLACEMENT_3D('',#1370,#1371,#1372);
#1370 = CARTESIAN_POINT('',(-6.311707396331,-1.305405451374,
    2.702982408255));
#1371 = DIRECTION('',(0.539652408427,-3.131157972476E-03,-0.841882102155
    ));
#1372 = DIRECTION('',(0.841886229154,-1.51788304148E-18,0.539655053863)
  );
#1373 = DEFINITIONAL_REPRESENTATION('',(#1374),#1377);
#1374 = B_SPLINE_CURVE_WITH_KNOTS('',1,(#1375,#1376),.UNSPECIFIED.,.F.,
  .F.,(2,2),(5.828639664352,5.834993901125),.PIECEWISE_BEZIER_KNOTS.);
#1375 = CARTESIAN_POINT('',(-6.004971222662,2.239402731164E-02));
#1376 = CARTESIAN_POINT('',(-6.067394575338,1.496308694467E-02));
#1377 = ( GEOMETRIC_REPRESENTATION_CONTEXT(2) 
PARAMETRIC_REPRESENTATION_CONTEXT() REPRESENTATION_CONTEXT('2D SPACE',''
  ) );
#1378 = ADVANCED_FACE('',(#1379),#256,.T.);
#1379 = FACE_BOUND('',#1380,.F.);
#1380 = EDGE_LOOP('',(#1381,#1426,#1427,#1428,#1496));
#1381 = ORIENTED_EDGE('',*,*,#1382,.F.);
#1382 = EDGE_CURVE('',#24,#1383,#1385,.T.);
#1383 = VERTEX_POINT('',#1384);
#1384 = CARTESIAN_POINT('',(-6.327318056959,-1.603235423542,
    -2.711442221702));
#1385 = SURFACE_CURVE('',#1386,(#1391,#1397),.PCURVE_S1.);
#1386 = B_SPLINE_CURVE_WITH_KNOTS('',3,(#1387,#1388,#1389,#1390),
  .UNSPECIFIED.,.F.,.F.,(4,4),(0.,1.),.PIECEWISE_BEZIER_KNOTS.);
#1387 = CARTESIAN_POINT('',(-6.058213424852,-1.369381548858,
    -2.847951960974));
#1388 = CARTESIAN_POINT('',(-6.081274225421,-1.482340015063,
    -2.837997953863));
#1389 = CARTESIAN_POINT('',(-6.185402836262,-1.608356630377,
    -2.785830165974));
#1390 = CARTESIAN_POINT('',(-6.32730424308,-1.602924550826,
    -2.711438534067));
#1391 = PCURVE('',#256,#1392);
#1392 = DEFINITIONAL_REPRESENTATION('',(#1393),#1396);
#1393 = B_SPLINE_CURVE_WITH_KNOTS('',1,(#1394,#1395),.UNSPECIFIED.,.F.,
  .F.,(2,2),(0.,0.999999963649),.PIECEWISE_BEZIER_KNOTS.);
#1394 = CARTESIAN_POINT('',(2.659076074713,0.189519366417));
#1395 = CARTESIAN_POINT('',(2.659074064653,1.570791124225));
#1396 = ( GEOMETRIC_REPRESENTATION_CONTEXT(2) 
PARAMETRIC_REPRESENTATION_CONTEXT() REPRESENTATION_CONTEXT('2D SPACE',''
  ) );
#1397 = PCURVE('',#704,#1398);
#1398 = DEFINITIONAL_REPRESENTATION('',(#1399),#1425);
#1399 = B_SPLINE_CURVE_WITH_KNOTS('',3,(#1400,#1401,#1402,#1403,#1404,
    #1405,#1406,#1407,#1408,#1409,#1410,#1411,#1412,#1413,#1414,#1415,
    #1416,#1417,#1418,#1419,#1420,#1421,#1422,#1423,#1424),
  .UNSPECIFIED.,.F.,.F.,(4,1,1,1,1,1,1,1,1,1,1,1,1,1,1,1,1,1,1,1,1,1,4),
  (0.,4.545454380224E-02,9.090908760449E-02,0.136363631407,
    0.181818175209,0.227272719011,0.272727262813,0.318181806616,
    0.363636350418,0.40909089422,0.454545438022,0.499999981825,
    0.545454525627,0.590909069429,0.636363613231,0.681818157034,
    0.727272700836,0.772727244638,0.81818178844,0.863636332243,
    0.909090876045,0.954545419847,0.999999963649),
  .QUASI_UNIFORM_KNOTS.);
#1400 = CARTESIAN_POINT('',(-6.066179628948,2.268343128948E-02));
#1401 = CARTESIAN_POINT('',(-6.048560270611,2.265551438329E-02));
#1402 = CARTESIAN_POINT('',(-6.012864231973,2.261847742456E-02));
#1403 = CARTESIAN_POINT('',(-5.95799507042,2.26193125474E-02));
#1404 = CARTESIAN_POINT('',(-5.901839957226,2.267653823116E-02));
#1405 = CARTESIAN_POINT('',(-5.84446503057,2.279015447584E-02));
#1406 = CARTESIAN_POINT('',(-5.785950969702,2.296016128145E-02));
#1407 = CARTESIAN_POINT('',(-5.726392117399,2.318655864798E-02));
#1408 = CARTESIAN_POINT('',(-5.665891438571,2.346934657544E-02));
#1409 = CARTESIAN_POINT('',(-5.604555639327,2.380852506383E-02));
#1410 = CARTESIAN_POINT('',(-5.542489498921,2.420409411314E-02));
#1411 = CARTESIAN_POINT('',(-5.479789960234,2.465605372337E-02));
#1412 = CARTESIAN_POINT('',(-5.416540171491,2.516440389453E-02));
#1413 = CARTESIAN_POINT('',(-5.352803773555,2.572914462662E-02));
#1414 = CARTESIAN_POINT('',(-5.288619667935,2.635027591963E-02));
#1415 = CARTESIAN_POINT('',(-5.223997452903,2.702779777356E-02));
#1416 = CARTESIAN_POINT('',(-5.158913651259,2.776171018842E-02));
#1417 = CARTESIAN_POINT('',(-5.093308783559,2.855201316421E-02));
#1418 = CARTESIAN_POINT('',(-5.027085336231,2.939870670092E-02));
#1419 = CARTESIAN_POINT('',(-4.960106524043,3.030179079855E-02));
#1420 = CARTESIAN_POINT('',(-4.892196296184,3.126126545712E-02));
#1421 = CARTESIAN_POINT('',(-4.823139172369,3.22771306766E-02));
#1422 = CARTESIAN_POINT('',(-4.752685866846,3.334938645701E-02));
#1423 = CARTESIAN_POINT('',(-4.704591166421,3.410181735124E-02));
#1424 = CARTESIAN_POINT('',(-4.680215658962,3.448743122517E-02));
#1425 = ( GEOMETRIC_REPRESENTATION_CONTEXT(2) 
PARAMETRIC_REPRESENTATION_CONTEXT() REPRESENTATION_CONTEXT('2D SPACE',''
  ) );
#1426 = ORIENTED_EDGE('',*,*,#367,.F.);
#1427 = ORIENTED_EDGE('',*,*,#217,.F.);
#1428 = ORIENTED_EDGE('',*,*,#1429,.F.);
#1429 = EDGE_CURVE('',#1430,#149,#1432,.T.);
#1430 = VERTEX_POINT('',#1431);
#1431 = CARTESIAN_POINT('',(-6.327333847715,-1.603617453571,
    2.711445204423));
#1432 = SURFACE_CURVE('',#1433,(#1438,#1467),.PCURVE_S1.);
#1433 = B_SPLINE_CURVE_WITH_KNOTS('',3,(#1434,#1435,#1436,#1437),
  .UNSPECIFIED.,.F.,.F.,(4,4),(0.,1.),.PIECEWISE_BEZIER_KNOTS.);
#1434 = CARTESIAN_POINT('',(-6.327335824534,-1.603688626677,
    2.711444498482));
#1435 = CARTESIAN_POINT('',(-6.152857775008,-1.60939343946,2.80289649051
    ));
#1436 = CARTESIAN_POINT('',(-6.074047714805,-1.446524264632,
    2.841093878785));
#1437 = CARTESIAN_POINT('',(-6.058303600702,-1.369356946657,
    2.847880516427));
#1438 = PCURVE('',#256,#1439);
#1439 = DEFINITIONAL_REPRESENTATION('',(#1440),#1466);
#1440 = B_SPLINE_CURVE_WITH_KNOTS('',3,(#1441,#1442,#1443,#1444,#1445,
    #1446,#1447,#1448,#1449,#1450,#1451,#1452,#1453,#1454,#1455,#1456,
    #1457,#1458,#1459,#1460,#1461,#1462,#1463,#1464,#1465),
  .UNSPECIFIED.,.F.,.F.,(4,1,1,1,1,1,1,1,1,1,1,1,1,1,1,1,1,1,1,1,1,1,4),
  (2.954704741154E-08,4.545457365855E-02,9.090911777004E-02,
    0.136363661882,0.181818205993,0.227272750105,0.272727294216,
    0.318181838328,0.363636382439,0.409090926551,0.454545470662,
    0.500000014774,0.545454558885,0.590909102997,0.636363647108,
    0.68181819122,0.727272735331,0.772727279443,0.818181823554,
    0.863636367666,0.909090911777,0.954545455889,1.),
  .QUASI_UNIFORM_KNOTS.);
#1441 = CARTESIAN_POINT('',(-2.659072805837,1.57079509829));
#1442 = CARTESIAN_POINT('',(-2.659072745318,1.54094794215));
#1443 = CARTESIAN_POINT('',(-2.659072651201,1.482826963772));
#1444 = CARTESIAN_POINT('',(-2.65907258528,1.39982668378));
#1445 = CARTESIAN_POINT('',(-2.65907258903,1.320465561223));
#1446 = CARTESIAN_POINT('',(-2.659072657128,1.244212821992));
#1447 = CARTESIAN_POINT('',(-2.659072784399,1.170585394669));
#1448 = CARTESIAN_POINT('',(-2.659072965824,1.099162972488));
#1449 = CARTESIAN_POINT('',(-2.659073196518,1.02959826102));
#1450 = CARTESIAN_POINT('',(-2.659073471713,0.961621600299));
#1451 = CARTESIAN_POINT('',(-2.659073786749,0.895042539762));
#1452 = CARTESIAN_POINT('',(-2.659074137059,0.829749030733));
#1453 = CARTESIAN_POINT('',(-2.659074518156,0.765704716651));
#1454 = CARTESIAN_POINT('',(-2.659074925624,0.702944443326));
#1455 = CARTESIAN_POINT('',(-2.659075355107,0.641568050038));
#1456 = CARTESIAN_POINT('',(-2.659075802298,0.581732561896));
#1457 = CARTESIAN_POINT('',(-2.659076262932,0.523643070678));
#1458 = CARTESIAN_POINT('',(-2.659076732777,0.467542800917));
#1459 = CARTESIAN_POINT('',(-2.659077207625,0.413703041196));
#1460 = CARTESIAN_POINT('',(-2.659077683285,0.362413765552));
#1461 = CARTESIAN_POINT('',(-2.659078155579,0.313975690324));
#1462 = CARTESIAN_POINT('',(-2.659078620329,0.268694779104));
#1463 = CARTESIAN_POINT('',(-2.659079073359,0.22687869906));
#1464 = CARTESIAN_POINT('',(-2.659079364772,0.201519233915));
#1465 = CARTESIAN_POINT('',(-2.659079507129,0.189520781494));
#1466 = ( GEOMETRIC_REPRESENTATION_CONTEXT(2) 
PARAMETRIC_REPRESENTATION_CONTEXT() REPRESENTATION_CONTEXT('2D SPACE',''
  ) );
#1467 = PCURVE('',#1368,#1468);
#1468 = DEFINITIONAL_REPRESENTATION('',(#1469),#1495);
#1469 = B_SPLINE_CURVE_WITH_KNOTS('',3,(#1470,#1471,#1472,#1473,#1474,
    #1475,#1476,#1477,#1478,#1479,#1480,#1481,#1482,#1483,#1484,#1485,
    #1486,#1487,#1488,#1489,#1490,#1491,#1492,#1493,#1494),
  .UNSPECIFIED.,.F.,.F.,(4,1,1,1,1,1,1,1,1,1,1,1,1,1,1,1,1,1,1,1,1,1,4),
  (2.954704741154E-08,4.545457365855E-02,9.090911777004E-02,
    0.136363661882,0.181818205993,0.227272750105,0.272727294216,
    0.318181838328,0.363636382439,0.409090926551,0.454545470662,
    0.500000014774,0.545454558885,0.590909102997,0.636363647108,
    0.68181819122,0.727272735331,0.772727279443,0.818181823554,
    0.863636367666,0.909090911777,0.954545455889,1.),
  .QUASI_UNIFORM_KNOTS.);
#1470 = CARTESIAN_POINT('',(-4.683600907871,-1.462402796277E-02));
#1471 = CARTESIAN_POINT('',(-4.713502563097,-1.384295677733E-02));
#1472 = CARTESIAN_POINT('',(-4.771719298426,-1.231106727605E-02));
#1473 = CARTESIAN_POINT('',(-4.854833182456,-1.010399163293E-02));
#1474 = CARTESIAN_POINT('',(-4.934288166965,-7.987674598626E-03));
#1475 = CARTESIAN_POINT('',(-5.010623225772,-5.96211617313E-03));
#1476 = CARTESIAN_POINT('',(-5.084328164756,-4.027316356443E-03));
#1477 = CARTESIAN_POINT('',(-5.155828503118,-2.183275148561E-03));
#1478 = CARTESIAN_POINT('',(-5.225475427228,-4.299925494943E-04));
#1479 = CARTESIAN_POINT('',(-5.293541307855,1.232531440767E-03));
#1480 = CARTESIAN_POINT('',(-5.360218260619,2.804296822219E-03));
#1481 = CARTESIAN_POINT('',(-5.42561906625,4.285303594863E-03));
#1482 = CARTESIAN_POINT('',(-5.489779985264,5.675551758693E-03));
#1483 = CARTESIAN_POINT('',(-5.552665355415,6.975041313722E-03));
#1484 = CARTESIAN_POINT('',(-5.614173921902,8.183772259934E-03));
#1485 = CARTESIAN_POINT('',(-5.674146785727,9.301744597343E-03));
#1486 = CARTESIAN_POINT('',(-5.732376682525,1.032895832594E-02));
#1487 = CARTESIAN_POINT('',(-5.788618088203,1.126541344573E-02));
#1488 = CARTESIAN_POINT('',(-5.842597458697,1.211110995671E-02));
#1489 = CARTESIAN_POINT('',(-5.894022765621,1.286604785888E-02));
#1490 = CARTESIAN_POINT('',(-5.942591562135,1.353022715224E-02));
#1491 = CARTESIAN_POINT('',(-5.987996577897,1.410364783679E-02));
#1492 = CARTESIAN_POINT('',(-6.029929250855,1.458630991254E-02));
#1493 = CARTESIAN_POINT('',(-6.055361239915,1.484757889049E-02));
#1494 = CARTESIAN_POINT('',(-6.067394575338,1.496308694467E-02));
#1495 = ( GEOMETRIC_REPRESENTATION_CONTEXT(2) 
PARAMETRIC_REPRESENTATION_CONTEXT() REPRESENTATION_CONTEXT('2D SPACE',''
  ) );
#1496 = ORIENTED_EDGE('',*,*,#1497,.F.);
#1497 = EDGE_CURVE('',#1383,#1430,#1498,.T.);
#1498 = SURFACE_CURVE('',#1499,(#1504,#1511),.PCURVE_S1.);
#1499 = CIRCLE('',#1500,5.843468843372);
#1500 = AXIS2_PLACEMENT_3D('',#1501,#1502,#1503);
#1501 = CARTESIAN_POINT('',(-11.50038660999,-1.419986281581,
    -1.27679940065E-15));
#1502 = DIRECTION('',(3.546155307953E-02,0.999371041332,
    3.937023271786E-18));
#1503 = DIRECTION('',(-0.999371041332,3.546155307953E-02,
    -1.109524740231E-16));
#1504 = PCURVE('',#256,#1505);
#1505 = DEFINITIONAL_REPRESENTATION('',(#1506),#1510);
#1506 = LINE('',#1507,#1508);
#1507 = CARTESIAN_POINT('',(6.28318530718,1.570796326795));
#1508 = VECTOR('',#1509,1.);
#1509 = DIRECTION('',(-1.,6.262838800229E-16));
#1510 = ( GEOMETRIC_REPRESENTATION_CONTEXT(2) 
PARAMETRIC_REPRESENTATION_CONTEXT() REPRESENTATION_CONTEXT('2D SPACE',''
  ) );
#1511 = PCURVE('',#1512,#1517);
#1512 = PLANE('',#1513);
#1513 = AXIS2_PLACEMENT_3D('',#1514,#1515,#1516);
#1514 = CARTESIAN_POINT('',(-9.95,-1.475,-6.75));
#1515 = DIRECTION('',(-3.546155307953E-02,-0.999371041332,
    -3.937023271786E-18));
#1516 = DIRECTION('',(0.999371041332,-3.546155307953E-02,
    1.109524740231E-16));
#1517 = DEFINITIONAL_REPRESENTATION('',(#1518),#1526);
#1518 = ( BOUNDED_CURVE() B_SPLINE_CURVE(2,(#1519,#1520,#1521,#1522,
#1523,#1524,#1525),.UNSPECIFIED.,.T.,.F.) B_SPLINE_CURVE_WITH_KNOTS((1,2
    ,2,2,2,1),(-2.094395102393,0.,2.094395102393,4.188790204786,
6.28318530718,8.377580409573),.UNSPECIFIED.) CURVE() 
GEOMETRIC_REPRESENTATION_ITEM() RATIONAL_B_SPLINE_CURVE((1.,0.5,1.,0.5,
1.,0.5,1.)) REPRESENTATION_ITEM('') );
#1519 = CARTESIAN_POINT('',(-7.394831196163,6.75));
#1520 = CARTESIAN_POINT('',(-7.394831196163,16.871184929167));
#1521 = CARTESIAN_POINT('',(1.370372068896,11.810592464583));
#1522 = CARTESIAN_POINT('',(10.135575333954,6.75));
#1523 = CARTESIAN_POINT('',(1.370372068896,1.689407535417));
#1524 = CARTESIAN_POINT('',(-7.394831196163,-3.371184929167));
#1525 = CARTESIAN_POINT('',(-7.394831196163,6.75));
#1526 = ( GEOMETRIC_REPRESENTATION_CONTEXT(2) 
PARAMETRIC_REPRESENTATION_CONTEXT() REPRESENTATION_CONTEXT('2D SPACE',''
  ) );
#1527 = ADVANCED_FACE('',(#1528),#310,.T.);
#1528 = FACE_BOUND('',#1529,.F.);
#1529 = EDGE_LOOP('',(#1530,#1531,#1553,#1584,#1585));
#1530 = ORIENTED_EDGE('',*,*,#322,.F.);
#1531 = ORIENTED_EDGE('',*,*,#1532,.T.);
#1532 = EDGE_CURVE('',#294,#1533,#1535,.T.);
#1533 = VERTEX_POINT('',#1534);
#1534 = CARTESIAN_POINT('',(-17.82598916708,0.,-0.5));
#1535 = SEAM_CURVE('',#1536,(#1539,#1546),.PCURVE_S1.);
#1536 = B_SPLINE_CURVE_WITH_KNOTS('',1,(#1537,#1538),.UNSPECIFIED.,.F.,
  .F.,(2,2),(-0.146021269892,0.),.PIECEWISE_BEZIER_KNOTS.);
#1537 = CARTESIAN_POINT('',(-17.67996789718,0.,-0.5));
#1538 = CARTESIAN_POINT('',(-17.82598916708,0.,-0.5));
#1539 = PCURVE('',#310,#1540);
#1540 = DEFINITIONAL_REPRESENTATION('',(#1541),#1545);
#1541 = LINE('',#1542,#1543);
#1542 = CARTESIAN_POINT('',(-6.28318530718,0.));
#1543 = VECTOR('',#1544,1.);
#1544 = DIRECTION('',(-0.,1.));
#1545 = ( GEOMETRIC_REPRESENTATION_CONTEXT(2) 
PARAMETRIC_REPRESENTATION_CONTEXT() REPRESENTATION_CONTEXT('2D SPACE',''
  ) );
#1546 = PCURVE('',#310,#1547);
#1547 = DEFINITIONAL_REPRESENTATION('',(#1548),#1552);
#1548 = LINE('',#1549,#1550);
#1549 = CARTESIAN_POINT('',(-0.,0.));
#1550 = VECTOR('',#1551,1.);
#1551 = DIRECTION('',(-0.,1.));
#1552 = ( GEOMETRIC_REPRESENTATION_CONTEXT(2) 
PARAMETRIC_REPRESENTATION_CONTEXT() REPRESENTATION_CONTEXT('2D SPACE',''
  ) );
#1553 = ORIENTED_EDGE('',*,*,#1554,.F.);
#1554 = EDGE_CURVE('',#1533,#1533,#1555,.T.);
#1555 = SURFACE_CURVE('',#1556,(#1561,#1568),.PCURVE_S1.);
#1556 = CIRCLE('',#1557,0.5);
#1557 = AXIS2_PLACEMENT_3D('',#1558,#1559,#1560);
#1558 = CARTESIAN_POINT('',(-17.82598916708,0.,-1.979082361001E-15));
#1559 = DIRECTION('',(1.,0.,1.110223024625E-16));
#1560 = DIRECTION('',(1.110223024625E-16,0.,-1.));
#1561 = PCURVE('',#310,#1562);
#1562 = DEFINITIONAL_REPRESENTATION('',(#1563),#1567);
#1563 = LINE('',#1564,#1565);
#1564 = CARTESIAN_POINT('',(-0.,0.));
#1565 = VECTOR('',#1566,1.);
#1566 = DIRECTION('',(-1.,0.));
#1567 = ( GEOMETRIC_REPRESENTATION_CONTEXT(2) 
PARAMETRIC_REPRESENTATION_CONTEXT() REPRESENTATION_CONTEXT('2D SPACE',''
  ) );
#1568 = PCURVE('',#1569,#1574);
#1569 = PLANE('',#1570);
#1570 = AXIS2_PLACEMENT_3D('',#1571,#1572,#1573);
#1571 = CARTESIAN_POINT('',(-17.82598916708,0.,0.625));
#1572 = DIRECTION('',(-1.,-0.,-1.110223024625E-16));
#1573 = DIRECTION('',(-1.110223024625E-16,-0.,1.));
#1574 = DEFINITIONAL_REPRESENTATION('',(#1575),#1583);
#1575 = ( BOUNDED_CURVE() B_SPLINE_CURVE(2,(#1576,#1577,#1578,#1579,
#1580,#1581,#1582),.UNSPECIFIED.,.T.,.F.) B_SPLINE_CURVE_WITH_KNOTS((1,2
    ,2,2,2,1),(-2.094395102393,0.,2.094395102393,4.188790204786,
6.28318530718,8.377580409573),.UNSPECIFIED.) CURVE() 
GEOMETRIC_REPRESENTATION_ITEM() RATIONAL_B_SPLINE_CURVE((1.,0.5,1.,0.5,
1.,0.5,1.)) REPRESENTATION_ITEM('') );
#1576 = CARTESIAN_POINT('',(-1.125,0.));
#1577 = CARTESIAN_POINT('',(-1.125,0.866025403784));
#1578 = CARTESIAN_POINT('',(-0.375,0.433012701892));
#1579 = CARTESIAN_POINT('',(0.375,1.224646799147E-16));
#1580 = CARTESIAN_POINT('',(-0.375,-0.433012701892));
#1581 = CARTESIAN_POINT('',(-1.125,-0.866025403784));
#1582 = CARTESIAN_POINT('',(-1.125,0.));
#1583 = ( GEOMETRIC_REPRESENTATION_CONTEXT(2) 
PARAMETRIC_REPRESENTATION_CONTEXT() REPRESENTATION_CONTEXT('2D SPACE',''
  ) );
#1584 = ORIENTED_EDGE('',*,*,#1532,.F.);
#1585 = ORIENTED_EDGE('',*,*,#293,.F.);
#1586 = ADVANCED_FACE('',(#1587,#1658),#432,.F.);
#1587 = FACE_BOUND('',#1588,.F.);
#1588 = EDGE_LOOP('',(#1589,#1590,#1635,#1636));
#1589 = ORIENTED_EDGE('',*,*,#1206,.T.);
#1590 = ORIENTED_EDGE('',*,*,#1591,.T.);
#1591 = EDGE_CURVE('',#1086,#415,#1592,.T.);
#1592 = SURFACE_CURVE('',#1593,(#1598,#1606),.PCURVE_S1.);
#1593 = B_SPLINE_CURVE_WITH_KNOTS('',3,(#1594,#1595,#1596,#1597),
  .UNSPECIFIED.,.F.,.F.,(4,4),(-2.824074249608E-05,2.824059129907E-05),
  .PIECEWISE_BEZIER_KNOTS.);
#1594 = CARTESIAN_POINT('',(-2.2,1.749772130265,2.823990346113E-02));
#1595 = CARTESIAN_POINT('',(-2.2,1.750075953434,9.414721760011E-03));
#1596 = CARTESIAN_POINT('',(-2.2,1.750075950496,-9.414903813566E-03));
#1597 = CARTESIAN_POINT('',(-2.2,1.749772130265,-2.823990346112E-02));
#1598 = PCURVE('',#432,#1599);
#1599 = DEFINITIONAL_REPRESENTATION('',(#1600),#1605);
#1600 = B_SPLINE_CURVE_WITH_KNOTS('',3,(#1601,#1602,#1603,#1604),
  .UNSPECIFIED.,.F.,.F.,(4,4),(-2.824074249608E-05,2.824059129907E-05),
  .PIECEWISE_BEZIER_KNOTS.);
#1601 = CARTESIAN_POINT('',(-2.823990346113E-02,1.749772130265));
#1602 = CARTESIAN_POINT('',(-9.414721760011E-03,1.750075953434));
#1603 = CARTESIAN_POINT('',(9.414903813566E-03,1.750075950496));
#1604 = CARTESIAN_POINT('',(2.823990346112E-02,1.749772130265));
#1605 = ( GEOMETRIC_REPRESENTATION_CONTEXT(2) 
PARAMETRIC_REPRESENTATION_CONTEXT() REPRESENTATION_CONTEXT('2D SPACE',''
  ) );
#1606 = PCURVE('',#518,#1607);
#1607 = DEFINITIONAL_REPRESENTATION('',(#1608),#1634);
#1608 = B_SPLINE_CURVE_WITH_KNOTS('',3,(#1609,#1610,#1611,#1612,#1613,
    #1614,#1615,#1616,#1617,#1618,#1619,#1620,#1621,#1622,#1623,#1624,
    #1625,#1626,#1627,#1628,#1629,#1630,#1631,#1632,#1633),
  .UNSPECIFIED.,.F.,.F.,(4,1,1,1,1,1,1,1,1,1,1,1,1,1,1,1,1,1,1,1,1,1,4),
  (-2.824074249608E-05,-2.567340914175E-05,-2.310607578743E-05,
    -2.05387424331E-05,-1.797140907878E-05,-1.540407572445E-05,
    -1.283674237013E-05,-1.02694090158E-05,-7.702075661477E-06,
    -5.134742307152E-06,-2.567408952827E-06,-7.55985017459E-11,
    2.567257755823E-06,5.134591110148E-06,7.701924464474E-06,
    1.02692578188E-05,1.283659117312E-05,1.540392452745E-05,
    1.797125788177E-05,2.05385912361E-05,2.310592459042E-05,
    2.567325794475E-05,2.824059129907E-05),.UNSPECIFIED.);
#1609 = CARTESIAN_POINT('',(1.84735956354E-06,-0.1));
#1610 = CARTESIAN_POINT('',(1.18023810193E-06,-0.138751210124));
#1611 = CARTESIAN_POINT('',(-1.638042124732E-07,-0.121244992231));
#1612 = CARTESIAN_POINT('',(-2.209448969489E-06,3.248428799601E-02));
#1613 = CARTESIAN_POINT('',(-4.287409459986E-06,-1.081634641163E-02));
#1614 = CARTESIAN_POINT('',(-6.391490455309E-06,8.656910991456E-03));
#1615 = CARTESIAN_POINT('',(-8.526982791108E-06,7.805449846846E-02));
#1616 = CARTESIAN_POINT('',(-1.071649084745E-05,0.129096488695));
#1617 = CARTESIAN_POINT('',(-1.29529863232E-05,0.179386831151));
#1618 = CARTESIAN_POINT('',(-1.523620947406E-05,0.223467962904));
#1619 = CARTESIAN_POINT('',(-1.756271119013E-05,0.262026523594));
#1620 = CARTESIAN_POINT('',(-1.992834847569E-05,0.294088278145));
#1621 = CARTESIAN_POINT('',(-2.23275060449E-05,0.31913693704));
#1622 = CARTESIAN_POINT('',(-2.475329243072E-05,0.336579894264));
#1623 = CARTESIAN_POINT('',(-2.719760244685E-05,0.34592861138));
#1624 = CARTESIAN_POINT('',(-2.96513598959E-05,0.346787683646));
#1625 = CARTESIAN_POINT('',(-3.210485168017E-05,0.338890517424));
#1626 = CARTESIAN_POINT('',(-3.454814532011E-05,0.322113965695));
#1627 = CARTESIAN_POINT('',(-3.697153903819E-05,0.296483427022));
#1628 = CARTESIAN_POINT('',(-3.936598318383E-05,0.262174796204));
#1629 = CARTESIAN_POINT('',(-4.172345084507E-05,0.219471027817));
#1630 = CARTESIAN_POINT('',(-4.403711506657E-05,0.16884460605));
#1631 = CARTESIAN_POINT('',(-4.630144638691E-05,0.111238773839));
#1632 = CARTESIAN_POINT('',(-4.777611588478E-05,6.874955077641E-02));
#1633 = CARTESIAN_POINT('',(-4.850410969801E-05,4.662987994747E-02));
#1634 = ( GEOMETRIC_REPRESENTATION_CONTEXT(2) 
PARAMETRIC_REPRESENTATION_CONTEXT() REPRESENTATION_CONTEXT('2D SPACE',''
  ) );
#1635 = ORIENTED_EDGE('',*,*,#414,.T.);
#1636 = ORIENTED_EDGE('',*,*,#1637,.T.);
#1637 = EDGE_CURVE('',#417,#1207,#1638,.T.);
#1638 = SURFACE_CURVE('',#1639,(#1644,#1652),.PCURVE_S1.);
#1639 = B_SPLINE_CURVE_WITH_KNOTS('',3,(#1640,#1641,#1642,#1643),
  .UNSPECIFIED.,.F.,.F.,(4,4),(-2.824074247872E-05,2.824059128116E-05),
  .PIECEWISE_BEZIER_KNOTS.);
#1640 = CARTESIAN_POINT('',(-2.2,-1.749772130265,-2.823990346109E-02));
#1641 = CARTESIAN_POINT('',(-2.2,-1.750075953434,-9.414721771736E-03));
#1642 = CARTESIAN_POINT('',(-2.2,-1.750075950496,9.414903790076E-03));
#1643 = CARTESIAN_POINT('',(-2.2,-1.749772130266,2.823990342588E-02));
#1644 = PCURVE('',#432,#1645);
#1645 = DEFINITIONAL_REPRESENTATION('',(#1646),#1651);
#1646 = B_SPLINE_CURVE_WITH_KNOTS('',3,(#1647,#1648,#1649,#1650),
  .UNSPECIFIED.,.F.,.F.,(4,4),(-2.824074247872E-05,2.824059128116E-05),
  .PIECEWISE_BEZIER_KNOTS.);
#1647 = CARTESIAN_POINT('',(2.823990346109E-02,-1.749772130265));
#1648 = CARTESIAN_POINT('',(9.414721771736E-03,-1.750075953434));
#1649 = CARTESIAN_POINT('',(-9.414903790077E-03,-1.750075950496));
#1650 = CARTESIAN_POINT('',(-2.823990342589E-02,-1.749772130266));
#1651 = ( GEOMETRIC_REPRESENTATION_CONTEXT(2) 
PARAMETRIC_REPRESENTATION_CONTEXT() REPRESENTATION_CONTEXT('2D SPACE',''
  ) );
#1652 = PCURVE('',#783,#1653);
#1653 = DEFINITIONAL_REPRESENTATION('',(#1654),#1657);
#1654 = B_SPLINE_CURVE_WITH_KNOTS('',1,(#1655,#1656),.UNSPECIFIED.,.F.,
  .F.,(2,2),(-2.824074247872E-05,2.824059128116E-05),
  .PIECEWISE_BEZIER_KNOTS.);
#1655 = CARTESIAN_POINT('',(1.758864815709E-06,-1.062678951088E-03));
#1656 = CARTESIAN_POINT('',(-4.849557650908E-05,4.620106496915E-02));
#1657 = ( GEOMETRIC_REPRESENTATION_CONTEXT(2) 
PARAMETRIC_REPRESENTATION_CONTEXT() REPRESENTATION_CONTEXT('2D SPACE',''
  ) );
#1658 = FACE_BOUND('',#1659,.F.);
#1659 = EDGE_LOOP('',(#1660));
#1660 = ORIENTED_EDGE('',*,*,#1661,.F.);
#1661 = EDGE_CURVE('',#1662,#1662,#1664,.T.);
#1662 = VERTEX_POINT('',#1663);
#1663 = CARTESIAN_POINT('',(-2.2,4.439344646909E-16,2.517949192431));
#1664 = SURFACE_CURVE('',#1665,(#1670,#1681),.PCURVE_S1.);
#1665 = CIRCLE('',#1666,2.517949192431);
#1666 = AXIS2_PLACEMENT_3D('',#1667,#1668,#1669);
#1667 = CARTESIAN_POINT('',(-2.2,4.439344646909E-16,-2.442490654175E-16)
  );
#1668 = DIRECTION('',(-1.,-0.,-1.110223024625E-16));
#1669 = DIRECTION('',(-1.110223024625E-16,-0.,1.));
#1670 = PCURVE('',#432,#1671);
#1671 = DEFINITIONAL_REPRESENTATION('',(#1672),#1680);
#1672 = ( BOUNDED_CURVE() B_SPLINE_CURVE(2,(#1673,#1674,#1675,#1676,
#1677,#1678,#1679),.UNSPECIFIED.,.T.,.F.) B_SPLINE_CURVE_WITH_KNOTS((1,2
    ,2,2,2,1),(-2.094395102393,0.,2.094395102393,4.188790204786,
6.28318530718,8.377580409573),.UNSPECIFIED.) CURVE() 
GEOMETRIC_REPRESENTATION_ITEM() RATIONAL_B_SPLINE_CURVE((1.,0.5,1.,0.5,
1.,0.5,1.)) REPRESENTATION_ITEM('') );
#1673 = CARTESIAN_POINT('',(-2.517949192431,4.439344646909E-16));
#1674 = CARTESIAN_POINT('',(-2.517949192431,4.361215932168));
#1675 = CARTESIAN_POINT('',(1.258974596216,2.180607966084));
#1676 = CARTESIAN_POINT('',(5.035898384862,1.060654148476E-15));
#1677 = CARTESIAN_POINT('',(1.258974596216,-2.180607966084));
#1678 = CARTESIAN_POINT('',(-2.517949192431,-4.361215932168));
#1679 = CARTESIAN_POINT('',(-2.517949192431,4.439344646909E-16));
#1680 = ( GEOMETRIC_REPRESENTATION_CONTEXT(2) 
PARAMETRIC_REPRESENTATION_CONTEXT() REPRESENTATION_CONTEXT('2D SPACE',''
  ) );
#1681 = PCURVE('',#1682,#1687);
#1682 = TOROIDAL_SURFACE('',#1683,2.517949192431,2.);
#1683 = AXIS2_PLACEMENT_3D('',#1684,#1685,#1686);
#1684 = CARTESIAN_POINT('',(-0.2,4.439344646909E-16,-2.22044604925E-17)
  );
#1685 = DIRECTION('',(-1.,-0.,-1.110223024625E-16));
#1686 = DIRECTION('',(1.110223024625E-16,0.,-1.));
#1687 = DEFINITIONAL_REPRESENTATION('',(#1688),#1692);
#1688 = LINE('',#1689,#1690);
#1689 = CARTESIAN_POINT('',(-9.424777960769,7.853981633974));
#1690 = VECTOR('',#1691,1.);
#1691 = DIRECTION('',(1.,-0.));
#1692 = ( GEOMETRIC_REPRESENTATION_CONTEXT(2) 
PARAMETRIC_REPRESENTATION_CONTEXT() REPRESENTATION_CONTEXT('2D SPACE',''
  ) );
#1693 = ADVANCED_FACE('',(#1694),#518,.F.);
#1694 = FACE_BOUND('',#1695,.F.);
#1695 = EDGE_LOOP('',(#1696,#1697,#1850,#1851,#1852,#1853,#1854,#1855));
#1696 = ORIENTED_EDGE('',*,*,#991,.T.);
#1697 = ORIENTED_EDGE('',*,*,#1698,.F.);
#1698 = EDGE_CURVE('',#914,#959,#1699,.T.);
#1699 = SURFACE_CURVE('',#1700,(#1726,#1821),.PCURVE_S1.);
#1700 = B_SPLINE_CURVE_WITH_KNOTS('',3,(#1701,#1702,#1703,#1704,#1705,
    #1706,#1707,#1708,#1709,#1710,#1711,#1712,#1713,#1714,#1715,#1716,
    #1717,#1718,#1719,#1720,#1721,#1722,#1723,#1724,#1725),
  .UNSPECIFIED.,.F.,.F.,(4,1,1,1,1,1,1,1,1,1,1,1,1,1,1,1,1,1,1,1,1,1,4),
  (-5.160324752559E-03,-3.872221445788E-03,-3.228169792402E-03,
    -2.584118139016E-03,-1.940066485631E-03,-1.296014832245E-03,
    -9.739890055521E-04,-6.519631788593E-04,-3.299373521664E-04,
    -1.6892443882E-04,-8.841798214681E-05,-7.911525473604E-06,
    7.259493119961E-05,1.531013878728E-04,3.141143012192E-04,
    6.361401279121E-04,9.581659546049E-04,1.280191781298E-03,
    1.924243434683E-03,2.568295088069E-03,3.212346741455E-03,
    3.85639839484E-03,5.144501701612E-03),.UNSPECIFIED.);
#1701 = CARTESIAN_POINT('',(-6.316066890844,1.603946013551,
    -2.68981709232));
#1702 = CARTESIAN_POINT('',(-6.069460528435,1.612696561894,
    -2.347146068927));
#1703 = CARTESIAN_POINT('',(-5.693473984335,1.626038019911,
    -1.835187041623));
#1704 = CARTESIAN_POINT('',(-5.079134256314,1.64783717155,
    -1.254658694318));
#1705 = CARTESIAN_POINT('',(-4.560906150794,1.666225910778,
    -0.905395754098));
#1706 = CARTESIAN_POINT('',(-3.983081852327,1.686729353627,
    -0.636094460862));
#1707 = CARTESIAN_POINT('',(-3.48250368307,1.704491804794,
    -0.468660978252));
#1708 = CARTESIAN_POINT('',(-3.076155752135,1.718910602344,
    -0.351322341527));
#1709 = CARTESIAN_POINT('',(-2.770222804827,1.729766287571,
    -0.265964432427));
#1710 = CARTESIAN_POINT('',(-2.517866761829,1.738720856838,
    -0.192131007301));
#1711 = CARTESIAN_POINT('',(-2.343227016974,1.744917751011,
    -0.124086559824));
#1712 = CARTESIAN_POINT('',(-2.252950489205,1.748121111673,
    -7.53149608967E-02));
#1713 = CARTESIAN_POINT('',(-2.186140284862,1.750491796344,
    -9.89864879533E-03));
#1714 = CARTESIAN_POINT('',(-2.238054346181,1.74864968449,
    6.736884840439E-02));
#1715 = CARTESIAN_POINT('',(-2.329859387242,1.745392086259,
    0.117180268329));
#1716 = CARTESIAN_POINT('',(-2.502353496091,1.739271327558,
    0.187923920425));
#1717 = CARTESIAN_POINT('',(-2.755404886646,1.730292084667,
    0.261556482884));
#1718 = CARTESIAN_POINT('',(-3.061253341865,1.719439397547,
    0.347219717632));
#1719 = CARTESIAN_POINT('',(-3.467832943551,1.705012379422,
    0.464118304381));
#1720 = CARTESIAN_POINT('',(-3.968351697885,1.687252036527,
    0.630359266171));
#1721 = CARTESIAN_POINT('',(-4.550074024488,1.66661027655,0.899141654918
    ));
#1722 = CARTESIAN_POINT('',(-5.071983490056,1.648090908417,
    1.248700887933));
#1723 = CARTESIAN_POINT('',(-5.690276790037,1.626151468741,
    1.830849520607));
#1724 = CARTESIAN_POINT('',(-6.068239191622,1.612739899652,
    2.345448964555));
#1725 = CARTESIAN_POINT('',(-6.316066890844,1.603946013551,2.68981709232
    ));
#1726 = PCURVE('',#518,#1727);
#1727 = DEFINITIONAL_REPRESENTATION('',(#1728),#1820);
#1728 = B_SPLINE_CURVE_WITH_KNOTS('',3,(#1729,#1730,#1731,#1732,#1733,
    #1734,#1735,#1736,#1737,#1738,#1739,#1740,#1741,#1742,#1743,#1744,
    #1745,#1746,#1747,#1748,#1749,#1750,#1751,#1752,#1753,#1754,#1755,
    #1756,#1757,#1758,#1759,#1760,#1761,#1762,#1763,#1764,#1765,#1766,
    #1767,#1768,#1769,#1770,#1771,#1772,#1773,#1774,#1775,#1776,#1777,
    #1778,#1779,#1780,#1781,#1782,#1783,#1784,#1785,#1786,#1787,#1788,
    #1789,#1790,#1791,#1792,#1793,#1794,#1795,#1796,#1797,#1798,#1799,
    #1800,#1801,#1802,#1803,#1804,#1805,#1806,#1807,#1808,#1809,#1810,
    #1811,#1812,#1813,#1814,#1815,#1816,#1817,#1818,#1819),
  .UNSPECIFIED.,.F.,.F.,(4,1,1,1,1,1,1,1,1,1,1,1,1,1,1,1,1,1,1,1,1,1,1,1
    ,1,1,1,1,1,1,1,1,1,1,1,1,1,1,1,1,1,1,1,1,1,1,1,1,1,1,1,1,1,1,1,1,1,1
    ,1,1,1,1,1,1,1,1,1,1,1,1,1,1,1,1,1,1,1,1,1,1,1,1,1,1,1,1,1,1,4),(
    -5.160324752559E-03,-5.043224451943E-03,-4.926124151328E-03,
    -4.809023850712E-03,-4.691923550097E-03,-4.574823249481E-03,
    -4.457722948866E-03,-4.34062264825E-03,-4.223522347634E-03,
    -4.106422047019E-03,-3.989321746403E-03,-3.872221445788E-03,
    -3.755121145172E-03,-3.638020844556E-03,-3.520920543941E-03,
    -3.403820243325E-03,-3.28671994271E-03,-3.169619642094E-03,
    -3.052519341479E-03,-2.935419040863E-03,-2.818318740247E-03,
    -2.701218439632E-03,-2.584118139016E-03,-2.467017838401E-03,
    -2.349917537785E-03,-2.23281723717E-03,-2.115716936554E-03,
    -1.998616635938E-03,-1.881516335323E-03,-1.764416034707E-03,
    -1.647315734092E-03,-1.530215433476E-03,-1.413115132861E-03,
    -1.296014832245E-03,-1.178914531629E-03,-1.061814231014E-03,
    -9.447139303982E-04,-8.276136297826E-04,-7.105133291671E-04,
    -5.934130285515E-04,-4.763127279359E-04,-3.592124273203E-04,
    -2.421121267048E-04,-1.250118260892E-04,-7.911525473605E-06,
    1.09188775142E-04,2.262890757575E-04,3.433893763731E-04,
    4.604896769887E-04,5.775899776043E-04,6.946902782199E-04,
    8.117905788354E-04,9.28890879451E-04,1.045991180067E-03,
    1.163091480682E-03,1.280191781298E-03,1.397292081913E-03,
    1.514392382529E-03,1.631492683144E-03,1.74859298376E-03,
    1.865693284376E-03,1.982793584991E-03,2.099893885607E-03,
    2.216994186222E-03,2.334094486838E-03,2.451194787454E-03,
    2.568295088069E-03,2.685395388685E-03,2.8024956893E-03,
    2.919595989916E-03,3.036696290531E-03,3.153796591147E-03,
    3.270896891763E-03,3.387997192378E-03,3.505097492994E-03,
    3.622197793609E-03,3.739298094225E-03,3.85639839484E-03,
    3.973498695456E-03,4.090598996072E-03,4.207699296687E-03,
    4.324799597303E-03,4.441899897918E-03,4.559000198534E-03,
    4.676100499149E-03,4.793200799765E-03,4.910301100381E-03,
    5.027401400996E-03,5.144501701612E-03),.UNSPECIFIED.);
#1729 = CARTESIAN_POINT('',(-5.155847216898E-03,1.000173786602));
#1730 = CARTESIAN_POINT('',(-5.116937716616E-03,1.000283936023));
#1731 = CARTESIAN_POINT('',(-5.039137808047E-03,1.000386561628));
#1732 = CARTESIAN_POINT('',(-4.922471377644E-03,1.000345316927));
#1733 = CARTESIAN_POINT('',(-4.805814681077E-03,1.000356357325));
#1734 = CARTESIAN_POINT('',(-4.689143512495E-03,1.000353440434));
#1735 = CARTESIAN_POINT('',(-4.572433027819E-03,1.000354067599));
#1736 = CARTESIAN_POINT('',(-4.455657712801E-03,1.000354475827));
#1737 = CARTESIAN_POINT('',(-4.338791349608E-03,1.00035221575));
#1738 = CARTESIAN_POINT('',(-4.221807207657E-03,1.000360847832));
#1739 = CARTESIAN_POINT('',(-4.104677792561E-03,1.00032857958));
#1740 = CARTESIAN_POINT('',(-3.987376745418E-03,1.000449020508));
#1741 = CARTESIAN_POINT('',(-3.869873357471E-03,0.999999525049));
#1742 = CARTESIAN_POINT('',(-3.752159111475E-03,0.999496995732));
#1743 = CARTESIAN_POINT('',(-3.634403858128E-03,0.999142599137));
#1744 = CARTESIAN_POINT('',(-3.516776382799E-03,0.999033495512));
#1745 = CARTESIAN_POINT('',(-3.399451760427E-03,0.999238978101));
#1746 = CARTESIAN_POINT('',(-3.282596952188E-03,0.999766073632));
#1747 = CARTESIAN_POINT('',(-3.166403314791E-03,1.000512162049));
#1748 = CARTESIAN_POINT('',(-3.050762284681E-03,1.000309464832));
#1749 = CARTESIAN_POINT('',(-2.935457971086E-03,1.000374165281));
#1750 = CARTESIAN_POINT('',(-2.820302644662E-03,1.000318060702));
#1751 = CARTESIAN_POINT('',(-2.705108504766E-03,1.00047777857));
#1752 = CARTESIAN_POINT('',(-2.589688500157E-03,0.999895011677));
#1753 = CARTESIAN_POINT('',(-2.473887107078E-03,0.999592851105));
#1754 = CARTESIAN_POINT('',(-2.357788817395E-03,0.999346680047));
#1755 = CARTESIAN_POINT('',(-2.241468292249E-03,0.999307130788));
#1756 = CARTESIAN_POINT('',(-2.125001936698E-03,0.999463886591));
#1757 = CARTESIAN_POINT('',(-2.008460319236E-03,0.999789793699));
#1758 = CARTESIAN_POINT('',(-1.891924394679E-03,1.000145108259));
#1759 = CARTESIAN_POINT('',(-1.775455949412E-03,1.000354271703));
#1760 = CARTESIAN_POINT('',(-1.659024702438E-03,1.000354455331));
#1761 = CARTESIAN_POINT('',(-1.542619322369E-03,1.000352093631));
#1762 = CARTESIAN_POINT('',(-1.42622450511E-03,1.000183016074));
#1763 = CARTESIAN_POINT('',(-1.309825350135E-03,1.00002780095));
#1764 = CARTESIAN_POINT('',(-1.193412705968E-03,0.999849404169));
#1765 = CARTESIAN_POINT('',(-1.076997604721E-03,0.999722815471));
#1766 = CARTESIAN_POINT('',(-9.605941384845E-04,1.000056976446));
#1767 = CARTESIAN_POINT('',(-8.441886444879E-04,1.000427150174));
#1768 = CARTESIAN_POINT('',(-7.277813853793E-04,1.000358609516));
#1769 = CARTESIAN_POINT('',(-6.114000011588E-04,1.000262598421));
#1770 = CARTESIAN_POINT('',(-4.950541755083E-04,0.994635640743));
#1771 = CARTESIAN_POINT('',(-3.789725038351E-04,0.999513245766));
#1772 = CARTESIAN_POINT('',(-2.620641817525E-04,0.995517123931));
#1773 = CARTESIAN_POINT('',(-1.47536474802E-04,1.02054244517));
#1774 = CARTESIAN_POINT('',(-3.044652945808E-05,0.834116992475));
#1775 = CARTESIAN_POINT('',(8.50070233799E-05,1.047338914065));
#1776 = CARTESIAN_POINT('',(1.996485347013E-04,0.978651537923));
#1777 = CARTESIAN_POINT('',(3.166758521082E-04,1.006186963439));
#1778 = CARTESIAN_POINT('',(4.326680312188E-04,0.998724794978));
#1779 = CARTESIAN_POINT('',(5.485020938645E-04,1.001038043308));
#1780 = CARTESIAN_POINT('',(6.643542500537E-04,0.99924721845));
#1781 = CARTESIAN_POINT('',(7.803787972384E-04,0.999571028603));
#1782 = CARTESIAN_POINT('',(8.964500740566E-04,0.999902124378));
#1783 = CARTESIAN_POINT('',(1.012492612268E-03,1.000121983846));
#1784 = CARTESIAN_POINT('',(1.128498026708E-03,1.000120204058));
#1785 = CARTESIAN_POINT('',(1.244489002351E-03,1.000037944842));
#1786 = CARTESIAN_POINT('',(1.360482966324E-03,0.999965069288));
#1787 = CARTESIAN_POINT('',(1.476485341303E-03,0.999934045982));
#1788 = CARTESIAN_POINT('',(1.592497217247E-03,0.999918611505));
#1789 = CARTESIAN_POINT('',(1.708521362816E-03,0.99991389879));
#1790 = CARTESIAN_POINT('',(1.824558128002E-03,0.999916677113));
#1791 = CARTESIAN_POINT('',(1.94061575624E-03,0.99991879014));
#1792 = CARTESIAN_POINT('',(2.056652800395E-03,0.999984305933));
#1793 = CARTESIAN_POINT('',(2.172671454999E-03,1.000062642747));
#1794 = CARTESIAN_POINT('',(2.288671678665E-03,1.000121983202));
#1795 = CARTESIAN_POINT('',(2.404656116485E-03,1.000141448637));
#1796 = CARTESIAN_POINT('',(2.520620905003E-03,1.000081290473));
#1797 = CARTESIAN_POINT('',(2.63658822978E-03,1.000001420562));
#1798 = CARTESIAN_POINT('',(2.752592371426E-03,1.000009975046));
#1799 = CARTESIAN_POINT('',(2.868616498727E-03,1.000029381949));
#1800 = CARTESIAN_POINT('',(2.984658588288E-03,1.000032464365));
#1801 = CARTESIAN_POINT('',(3.100710866577E-03,0.999996776225));
#1802 = CARTESIAN_POINT('',(3.216779184209E-03,0.999854979013));
#1803 = CARTESIAN_POINT('',(3.332807758678E-03,0.999818012991));
#1804 = CARTESIAN_POINT('',(3.448801052364E-03,0.999854494579));
#1805 = CARTESIAN_POINT('',(3.564765803635E-03,0.999932422441));
#1806 = CARTESIAN_POINT('',(3.680710381681E-03,1.000035504909));
#1807 = CARTESIAN_POINT('',(3.796637760039E-03,1.000131631149));
#1808 = CARTESIAN_POINT('',(3.912573316635E-03,1.000272229914));
#1809 = CARTESIAN_POINT('',(4.028565199156E-03,1.000375950521));
#1810 = CARTESIAN_POINT('',(4.144591035008E-03,1.00034815466));
#1811 = CARTESIAN_POINT('',(4.260645995164E-03,1.000355617497));
#1812 = CARTESIAN_POINT('',(4.376721492895E-03,1.000353562012));
#1813 = CARTESIAN_POINT('',(4.492810689199E-03,1.000354321114));
#1814 = CARTESIAN_POINT('',(4.608906802709E-03,1.000353340192));
#1815 = CARTESIAN_POINT('',(4.725003316052E-03,1.000356504776));
#1816 = CARTESIAN_POINT('',(4.841093642986E-03,1.000344827364));
#1817 = CARTESIAN_POINT('',(4.957170948687E-03,1.000388372426));
#1818 = CARTESIAN_POINT('',(5.034542196554E-03,1.000280037202));
#1819 = CARTESIAN_POINT('',(5.07322320691E-03,1.000163761061));
#1820 = ( GEOMETRIC_REPRESENTATION_CONTEXT(2) 
PARAMETRIC_REPRESENTATION_CONTEXT() REPRESENTATION_CONTEXT('2D SPACE',''
  ) );
#1821 = PCURVE('',#975,#1822);
#1822 = DEFINITIONAL_REPRESENTATION('',(#1823),#1849);
#1823 = B_SPLINE_CURVE_WITH_KNOTS('',3,(#1824,#1825,#1826,#1827,#1828,
    #1829,#1830,#1831,#1832,#1833,#1834,#1835,#1836,#1837,#1838,#1839,
    #1840,#1841,#1842,#1843,#1844,#1845,#1846,#1847,#1848),
  .UNSPECIFIED.,.F.,.F.,(4,1,1,1,1,1,1,1,1,1,1,1,1,1,1,1,1,1,1,1,1,1,4),
  (-5.160324752559E-03,-3.872221445788E-03,-3.228169792402E-03,
    -2.584118139016E-03,-1.940066485631E-03,-1.296014832245E-03,
    -9.739890055521E-04,-6.519631788593E-04,-3.299373521664E-04,
    -1.6892443882E-04,-8.841798214681E-05,-7.911525473604E-06,
    7.259493119961E-05,1.531013878728E-04,3.141143012192E-04,
    6.361401279121E-04,9.581659546049E-04,1.280191781298E-03,
    1.924243434683E-03,2.568295088069E-03,3.212346741455E-03,
    3.85639839484E-03,5.144501701612E-03),.UNSPECIFIED.);
#1824 = CARTESIAN_POINT('',(3.636220141332,4.06018290768));
#1825 = CARTESIAN_POINT('',(3.882981706567,4.402853931073));
#1826 = CARTESIAN_POINT('',(4.259204879492,4.914812958377));
#1827 = CARTESIAN_POINT('',(4.873931244989,5.495341305682));
#1828 = CARTESIAN_POINT('',(5.392485499702,5.844604245902));
#1829 = CARTESIAN_POINT('',(5.970673454496,6.113905539138));
#1830 = CARTESIAN_POINT('',(6.471566664879,6.281339021748));
#1831 = CARTESIAN_POINT('',(6.878170332715,6.398677658473));
#1832 = CARTESIAN_POINT('',(7.184295820302,6.484035567573));
#1833 = CARTESIAN_POINT('',(7.436810684713,6.557868992699));
#1834 = CARTESIAN_POINT('',(7.611560339878,6.625913440176));
#1835 = CARTESIAN_POINT('',(7.701893683587,6.674685039103));
#1836 = CARTESIAN_POINT('',(7.768745935232,6.740101351205));
#1837 = CARTESIAN_POINT('',(7.716799201565,6.817368848404));
#1838 = CARTESIAN_POINT('',(7.624936382588,6.867180268329));
#1839 = CARTESIAN_POINT('',(7.452333713795,6.937923920425));
#1840 = CARTESIAN_POINT('',(7.199123064207,7.011556482884));
#1841 = CARTESIAN_POINT('',(6.893082121885,7.097219717632));
#1842 = CARTESIAN_POINT('',(6.486246637493,7.214118304381));
#1843 = CARTESIAN_POINT('',(5.985412879426,7.380359266171));
#1844 = CARTESIAN_POINT('',(5.403324443256,7.649141654918));
#1845 = CARTESIAN_POINT('',(4.881086511614,7.998700887933));
#1846 = CARTESIAN_POINT('',(4.262404085959,8.580849520607));
#1847 = CARTESIAN_POINT('',(3.884203812034,9.095448964555));
#1848 = CARTESIAN_POINT('',(3.636220141332,9.43981709232));
#1849 = ( GEOMETRIC_REPRESENTATION_CONTEXT(2) 
PARAMETRIC_REPRESENTATION_CONTEXT() REPRESENTATION_CONTEXT('2D SPACE',''
  ) );
#1850 = ORIENTED_EDGE('',*,*,#913,.F.);
#1851 = ORIENTED_EDGE('',*,*,#645,.F.);
#1852 = ORIENTED_EDGE('',*,*,#448,.F.);
#1853 = ORIENTED_EDGE('',*,*,#1591,.F.);
#1854 = ORIENTED_EDGE('',*,*,#1085,.F.);
#1855 = ORIENTED_EDGE('',*,*,#1063,.F.);
#1856 = ADVANCED_FACE('',(#1857),#704,.T.);
#1857 = FACE_BOUND('',#1858,.F.);
#1858 = EDGE_LOOP('',(#1859,#1927,#1928,#1929));
#1859 = ORIENTED_EDGE('',*,*,#1860,.T.);
#1860 = EDGE_CURVE('',#1861,#689,#1863,.T.);
#1861 = VERTEX_POINT('',#1862);
#1862 = CARTESIAN_POINT('',(-6.301653804621,-1.604527135413,
    -2.669770486144));
#1863 = SURFACE_CURVE('',#1864,(#1869,#1898),.PCURVE_S1.);
#1864 = B_SPLINE_CURVE_WITH_KNOTS('',3,(#1865,#1866,#1867,#1868),
  .UNSPECIFIED.,.F.,.F.,(4,4),(0.,1.),.PIECEWISE_BEZIER_KNOTS.);
#1865 = CARTESIAN_POINT('',(-6.301656627898,-1.604596732764,
    -2.6697712461));
#1866 = CARTESIAN_POINT('',(-6.148384720543,-1.609562584181,
    -2.780017504398));
#1867 = CARTESIAN_POINT('',(-6.075774400885,-1.45946889223,
    -2.828394980457));
#1868 = CARTESIAN_POINT('',(-6.058239342713,-1.387416765966,
    -2.839175872162));
#1869 = PCURVE('',#704,#1870);
#1870 = DEFINITIONAL_REPRESENTATION('',(#1871),#1897);
#1871 = B_SPLINE_CURVE_WITH_KNOTS('',3,(#1872,#1873,#1874,#1875,#1876,
    #1877,#1878,#1879,#1880,#1881,#1882,#1883,#1884,#1885,#1886,#1887,
    #1888,#1889,#1890,#1891,#1892,#1893,#1894,#1895,#1896),
  .UNSPECIFIED.,.F.,.F.,(4,1,1,1,1,1,1,1,1,1,1,1,1,1,1,1,1,1,1,1,1,1,4),
  (3.118629030651E-08,4.545457522328E-02,9.090911926026E-02,
    0.136363663297,0.181818207334,0.227272751371,0.272727295408,
    0.318181839445,0.363636383482,0.409090927519,0.454545471556,
    0.500000015593,0.54545455963,0.590909103667,0.636363647704,
    0.681818191741,0.727272735778,0.772727279815,0.818181823852,
    0.863636367889,0.909090911926,0.954545455963,1.),.UNSPECIFIED.);
#1872 = CARTESIAN_POINT('',(-4.683010565416,-1.446216533389E-02));
#1873 = CARTESIAN_POINT('',(-4.711661270954,-1.370883209496E-02));
#1874 = CARTESIAN_POINT('',(-4.767497925133,-1.223069815992E-02));
#1875 = CARTESIAN_POINT('',(-4.847339829134,-1.009909488576E-02));
#1876 = CARTESIAN_POINT('',(-4.923753908365,-8.053089240014E-03));
#1877 = CARTESIAN_POINT('',(-4.997211208578,-6.092681222682E-03));
#1878 = CARTESIAN_POINT('',(-5.068140071041,-4.217870833762E-03));
#1879 = CARTESIAN_POINT('',(-5.136913022083,-2.428658073253E-03));
#1880 = CARTESIAN_POINT('',(-5.203838267791,-7.250429411592E-04));
#1881 = CARTESIAN_POINT('',(-5.269155785249,8.929745625252E-04));
#1882 = CARTESIAN_POINT('',(-5.333036088651,2.425394437795E-03));
#1883 = CARTESIAN_POINT('',(-5.395581037431,3.872216684654E-03));
#1884 = CARTESIAN_POINT('',(-5.456826252063,5.233441303101E-03));
#1885 = CARTESIAN_POINT('',(-5.516744975053,6.509068293135E-03));
#1886 = CARTESIAN_POINT('',(-5.575253279337,7.699097654754E-03));
#1887 = CARTESIAN_POINT('',(-5.632216497432,8.803529387966E-03));
#1888 = CARTESIAN_POINT('',(-5.687456637442,9.822363492762E-03));
#1889 = CARTESIAN_POINT('',(-5.740760409314,1.075559996914E-02));
#1890 = CARTESIAN_POINT('',(-5.791887361079,1.160323881712E-02));
#1891 = CARTESIAN_POINT('',(-5.840577503543,1.236528003668E-02));
#1892 = CARTESIAN_POINT('',(-5.886557906092,1.304172362782E-02));
#1893 = CARTESIAN_POINT('',(-5.92954733773,1.363256959056E-02));
#1894 = CARTESIAN_POINT('',(-5.969259872353,1.413781792488E-02));
#1895 = CARTESIAN_POINT('',(-5.993354680118,1.441758506215E-02));
#1896 = CARTESIAN_POINT('',(-6.004758482982,1.454320235939E-02));
#1897 = ( GEOMETRIC_REPRESENTATION_CONTEXT(2) 
PARAMETRIC_REPRESENTATION_CONTEXT() REPRESENTATION_CONTEXT('2D SPACE',''
  ) );
#1898 = PCURVE('',#783,#1899);
#1899 = DEFINITIONAL_REPRESENTATION('',(#1900),#1926);
#1900 = B_SPLINE_CURVE_WITH_KNOTS('',3,(#1901,#1902,#1903,#1904,#1905,
    #1906,#1907,#1908,#1909,#1910,#1911,#1912,#1913,#1914,#1915,#1916,
    #1917,#1918,#1919,#1920,#1921,#1922,#1923,#1924,#1925),
  .UNSPECIFIED.,.F.,.F.,(4,1,1,1,1,1,1,1,1,1,1,1,1,1,1,1,1,1,1,1,1,1,4),
  (3.118629030651E-08,4.545457522328E-02,9.090911926026E-02,
    0.136363663297,0.181818207334,0.227272751371,0.272727295408,
    0.318181839445,0.363636383482,0.409090927519,0.454545471556,
    0.500000015593,0.54545455963,0.590909103667,0.636363647704,
    0.681818191741,0.727272735778,0.772727279815,0.818181823852,
    0.863636367889,0.909090911926,0.954545455963,1.),.UNSPECIFIED.);
#1901 = CARTESIAN_POINT('',(5.048455171313E-03,0.999999004546));
#1902 = CARTESIAN_POINT('',(5.048454839581E-03,0.976677764753));
#1903 = CARTESIAN_POINT('',(5.04845431482E-03,0.931859924144));
#1904 = CARTESIAN_POINT('',(5.048453919409E-03,0.869309908136));
#1905 = CARTESIAN_POINT('',(5.048453891419E-03,0.810590468903));
#1906 = CARTESIAN_POINT('',(5.048454206298E-03,0.75502692469));
#1907 = CARTESIAN_POINT('',(5.04845483935E-03,0.70204203749));
#1908 = CARTESIAN_POINT('',(5.048455765734E-03,0.651160741659));
#1909 = CARTESIAN_POINT('',(5.048456960479E-03,0.601995002928));
#1910 = CARTESIAN_POINT('',(5.048458398492E-03,0.554235850989));
#1911 = CARTESIAN_POINT('',(5.048460054577E-03,0.507645456185));
#1912 = CARTESIAN_POINT('',(5.048461903432E-03,0.462050983689));
#1913 = CARTESIAN_POINT('',(5.048463919667E-03,0.417339429082));
#1914 = CARTESIAN_POINT('',(5.048466077812E-03,0.373453257011));
#1915 = CARTESIAN_POINT('',(5.04846835232E-03,0.330386505262));
#1916 = CARTESIAN_POINT('',(5.048470717589E-03,0.288181114525));
#1917 = CARTESIAN_POINT('',(5.048473147964E-03,0.246923305626));
#1918 = CARTESIAN_POINT('',(5.048475617754E-03,0.206739928899));
#1919 = CARTESIAN_POINT('',(5.048478101241E-03,0.167794773862));
#1920 = CARTESIAN_POINT('',(5.048480572689E-03,0.130285025901));
#1921 = CARTESIAN_POINT('',(5.048483006356E-03,9.443769816972E-02));
#1922 = CARTESIAN_POINT('',(5.048485376493E-03,6.050747661159E-02));
#1923 = CARTESIAN_POINT('',(5.048487657356E-03,2.877153416147E-02));
#1924 = CARTESIAN_POINT('',(5.048489101258E-03,9.283036085616E-03));
#1925 = CARTESIAN_POINT('',(5.048489799751E-03,5.960723055425E-06));
#1926 = ( GEOMETRIC_REPRESENTATION_CONTEXT(2) 
PARAMETRIC_REPRESENTATION_CONTEXT() REPRESENTATION_CONTEXT('2D SPACE',''
  ) );
#1927 = ORIENTED_EDGE('',*,*,#688,.F.);
#1928 = ORIENTED_EDGE('',*,*,#1382,.T.);
#1929 = ORIENTED_EDGE('',*,*,#1930,.F.);
#1930 = EDGE_CURVE('',#1861,#1383,#1931,.T.);
#1931 = SURFACE_CURVE('',#1932,(#1937,#1943),.PCURVE_S1.);
#1932 = B_SPLINE_CURVE_WITH_KNOTS('',3,(#1933,#1934,#1935,#1936),
  .UNSPECIFIED.,.F.,.F.,(4,4),(2.719733387627E-05,0.999895858496),
  .PIECEWISE_BEZIER_KNOTS.);
#1933 = CARTESIAN_POINT('',(-6.301651418223,-1.604457530321,
    -2.669770434717));
#1934 = CARTESIAN_POINT('',(-6.310210764999,-1.604153811565,
    -2.683660954819));
#1935 = CARTESIAN_POINT('',(-6.318770111776,-1.603850092808,
    -2.697551474921));
#1936 = CARTESIAN_POINT('',(-6.327329458553,-1.603546374051,
    -2.711441995023));
#1937 = PCURVE('',#704,#1938);
#1938 = DEFINITIONAL_REPRESENTATION('',(#1939),#1942);
#1939 = B_SPLINE_CURVE_WITH_KNOTS('',1,(#1940,#1941),.UNSPECIFIED.,.F.,
  .F.,(2,2),(2.719733394993E-05,0.999895858496),
  .PIECEWISE_BEZIER_KNOTS.);
#1940 = CARTESIAN_POINT('',(-4.683010430238,-1.44608355857E-02));
#1941 = CARTESIAN_POINT('',(-4.680215890802,3.448233447298E-02));
#1942 = ( GEOMETRIC_REPRESENTATION_CONTEXT(2) 
PARAMETRIC_REPRESENTATION_CONTEXT() REPRESENTATION_CONTEXT('2D SPACE',''
  ) );
#1943 = PCURVE('',#1512,#1944);
#1944 = DEFINITIONAL_REPRESENTATION('',(#1945),#1950);
#1945 = B_SPLINE_CURVE_WITH_KNOTS('',3,(#1946,#1947,#1948,#1949),
  .UNSPECIFIED.,.F.,.F.,(4,4),(2.719733387627E-05,0.999895858496),
  .PIECEWISE_BEZIER_KNOTS.);
#1946 = CARTESIAN_POINT('',(3.650644686396,4.080229565283));
#1947 = CARTESIAN_POINT('',(3.642079952756,4.066339045181));
#1948 = CARTESIAN_POINT('',(3.633515219116,4.052448525079));
#1949 = CARTESIAN_POINT('',(3.624950485476,4.038558004977));
#1950 = ( GEOMETRIC_REPRESENTATION_CONTEXT(2) 
PARAMETRIC_REPRESENTATION_CONTEXT() REPRESENTATION_CONTEXT('2D SPACE',''
  ) );
#1951 = ADVANCED_FACE('',(#1952),#783,.F.);
#1952 = FACE_BOUND('',#1953,.F.);
#1953 = EDGE_LOOP('',(#1954,#1955,#2019,#2062,#2063,#2064));
#1954 = ORIENTED_EDGE('',*,*,#1860,.F.);
#1955 = ORIENTED_EDGE('',*,*,#1956,.F.);
#1956 = EDGE_CURVE('',#1957,#1861,#1959,.T.);
#1957 = VERTEX_POINT('',#1958);
#1958 = CARTESIAN_POINT('',(-6.301641770586,-1.604136942678,
    2.66977414249));
#1959 = SURFACE_CURVE('',#1960,(#1985,#1991),.PCURVE_S1.);
#1960 = B_SPLINE_CURVE_WITH_KNOTS('',3,(#1961,#1962,#1963,#1964,#1965,
    #1966,#1967,#1968,#1969,#1970,#1971,#1972,#1973,#1974,#1975,#1976,
    #1977,#1978,#1979,#1980,#1981,#1982,#1983,#1984),.UNSPECIFIED.,.F.,
  .F.,(4,1,1,1,1,1,1,1,1,1,1,1,1,1,1,1,1,1,1,1,1,4),(-5.135089882612E-03
    ,-3.853279747968E-03,-3.212374680647E-03,-2.571469613325E-03,
    -1.930564546004E-03,-1.289659478682E-03,-9.692069450214E-04,
    -6.487544113607E-04,-3.283018776999E-04,-1.680756108695E-04,
    -8.79624774543E-05,-7.849344039107E-06,1.523769227913E-04,
    3.126031896217E-04,6.330557232824E-04,9.535082569432E-04,
    1.273960790604E-03,1.914865857926E-03,2.555770925247E-03,
    3.196675992569E-03,3.83758105989E-03,5.119391194533E-03),
  .UNSPECIFIED.);
#1961 = CARTESIAN_POINT('',(-6.301650719757,-1.604457555105,
    2.669769301212));
#1962 = CARTESIAN_POINT('',(-6.05646086497,-1.613157840275,
    2.328525400112));
#1963 = CARTESIAN_POINT('',(-5.680317497967,-1.626504862975,
    1.820112474029));
#1964 = CARTESIAN_POINT('',(-5.067081576153,-1.648264847298,
    1.245198126193));
#1965 = CARTESIAN_POINT('',(-4.549953852557,-1.666614540716,
    0.899478825196));
#1966 = CARTESIAN_POINT('',(-3.974298787128,-1.687041010779,
    0.632830000342));
#1967 = CARTESIAN_POINT('',(-3.476033279255,-1.704721399768,
    0.466676218504));
#1968 = CARTESIAN_POINT('',(-3.071588628673,-1.719072661563,
    0.350088166199));
#1969 = CARTESIAN_POINT('',(-2.767294643614,-1.729870190065,
    0.264992552837));
#1970 = CARTESIAN_POINT('',(-2.515758958821,-1.738795649848,
    0.191865374197));
#1971 = CARTESIAN_POINT('',(-2.342816878581,-1.744932304308,
    0.123229439919));
#1972 = CARTESIAN_POINT('',(-2.25175379658,-1.74816357496,
    7.582356763643E-02));
#1973 = CARTESIAN_POINT('',(-2.168581083664,-1.751114864773,
    -1.625963247407E-02));
#1974 = CARTESIAN_POINT('',(-2.312774749764,-1.745998315331,
    -0.114851467205));
#1975 = CARTESIAN_POINT('',(-2.49597290649,-1.739497735576,
    -0.182674754465));
#1976 = CARTESIAN_POINT('',(-2.754085436393,-1.73033890387,
    -0.262314838703));
#1977 = CARTESIAN_POINT('',(-3.056409266064,-1.719611284107,
    -0.345573726884));
#1978 = CARTESIAN_POINT('',(-3.461709866757,-1.705229649889,
    -0.462438072687));
#1979 = CARTESIAN_POINT('',(-3.959586038684,-1.687563076047,
    -0.62707300059));
#1980 = CARTESIAN_POINT('',(-4.539161108124,-1.666997509067,
    -0.893306478668));
#1981 = CARTESIAN_POINT('',(-5.059941954524,-1.64851818871,
    -1.239297351802));
#1982 = CARTESIAN_POINT('',(-5.677118397433,-1.626618379446,
    -1.815804821536));
#1983 = CARTESIAN_POINT('',(-6.055246543573,-1.613200929099,
    -2.326835363748));
#1984 = CARTESIAN_POINT('',(-6.301650719757,-1.604457555105,
    -2.669769301212));
#1985 = PCURVE('',#783,#1986);
#1986 = DEFINITIONAL_REPRESENTATION('',(#1987),#1990);
#1987 = B_SPLINE_CURVE_WITH_KNOTS('',1,(#1988,#1989),.UNSPECIFIED.,.F.,
  .F.,(2,2),(-5.135089882612E-03,5.119391194533E-03),
  .PIECEWISE_BEZIER_KNOTS.);
#1988 = CARTESIAN_POINT('',(-5.130781347225E-03,0.999999999997));
#1989 = CARTESIAN_POINT('',(5.048453020697E-03,1.));
#1990 = ( GEOMETRIC_REPRESENTATION_CONTEXT(2) 
PARAMETRIC_REPRESENTATION_CONTEXT() REPRESENTATION_CONTEXT('2D SPACE',''
  ) );
#1991 = PCURVE('',#1512,#1992);
#1992 = DEFINITIONAL_REPRESENTATION('',(#1993),#2018);
#1993 = B_SPLINE_CURVE_WITH_KNOTS('',3,(#1994,#1995,#1996,#1997,#1998,
    #1999,#2000,#2001,#2002,#2003,#2004,#2005,#2006,#2007,#2008,#2009,
    #2010,#2011,#2012,#2013,#2014,#2015,#2016,#2017),.UNSPECIFIED.,.F.,
  .F.,(4,1,1,1,1,1,1,1,1,1,1,1,1,1,1,1,1,1,1,1,1,4),(-5.135089882612E-03
    ,-3.853279747968E-03,-3.212374680647E-03,-2.571469613325E-03,
    -1.930564546004E-03,-1.289659478682E-03,-9.692069450214E-04,
    -6.487544113607E-04,-3.283018776999E-04,-1.680756108695E-04,
    -8.79624774543E-05,-7.849344039107E-06,1.523769227913E-04,
    3.126031896217E-04,6.330557232824E-04,9.535082569432E-04,
    1.273960790604E-03,1.914865857926E-03,2.555770925247E-03,
    3.196675992569E-03,3.83758105989E-03,5.119391194533E-03),
  .UNSPECIFIED.);
#1994 = CARTESIAN_POINT('',(3.650645385302,9.419769301212));
#1995 = CARTESIAN_POINT('',(3.895989551428,9.078525400112));
#1996 = CARTESIAN_POINT('',(4.272369645955,8.570112474029));
#1997 = CARTESIAN_POINT('',(4.885991510559,7.995198126193));
#1998 = CARTESIAN_POINT('',(5.403444690817,7.649478825196));
#1999 = CARTESIAN_POINT('',(5.979462047356,7.382830000342));
#2000 = CARTESIAN_POINT('',(6.478041140872,7.216676218504));
#2001 = CARTESIAN_POINT('',(6.882740330516,7.100088166199));
#2002 = CARTESIAN_POINT('',(7.187225824367,7.014992552837));
#2003 = CARTESIAN_POINT('',(7.438919814276,6.941865374197));
#2004 = CARTESIAN_POINT('',(7.611970736394,6.873229439919));
#2005 = CARTESIAN_POINT('',(7.703091129356,6.825823567636));
#2006 = CARTESIAN_POINT('',(7.786316187393,6.733740367526));
#2007 = CARTESIAN_POINT('',(7.64203177236,6.635148532795));
#2008 = CARTESIAN_POINT('',(7.458718319048,6.567325245535));
#2009 = CARTESIAN_POINT('',(7.200443344862,6.487685161297));
#2010 = CARTESIAN_POINT('',(6.897929246326,6.404426273116));
#2011 = CARTESIAN_POINT('',(6.492373567874,6.287561927313));
#2012 = CARTESIAN_POINT('',(5.994184055335,6.12292699941));
#2013 = CARTESIAN_POINT('',(5.414244227714,5.856693521332));
#2014 = CARTESIAN_POINT('',(4.89313562554,5.510702648198));
#2015 = CARTESIAN_POINT('',(4.275570759857,4.934195178464));
#2016 = CARTESIAN_POINT('',(3.897204637064,4.423164636252));
#2017 = CARTESIAN_POINT('',(3.650645385302,4.080230698788));
#2018 = ( GEOMETRIC_REPRESENTATION_CONTEXT(2) 
PARAMETRIC_REPRESENTATION_CONTEXT() REPRESENTATION_CONTEXT('2D SPACE',''
  ) );
#2019 = ORIENTED_EDGE('',*,*,#2020,.F.);
#2020 = EDGE_CURVE('',#1234,#1957,#2021,.T.);
#2021 = SURFACE_CURVE('',#2022,(#2027,#2033),.PCURVE_S1.);
#2022 = B_SPLINE_CURVE_WITH_KNOTS('',3,(#2023,#2024,#2025,#2026),
  .UNSPECIFIED.,.F.,.F.,(4,4),(0.,1.),.PIECEWISE_BEZIER_KNOTS.);
#2023 = CARTESIAN_POINT('',(-6.058158274485,-1.387442255969,
    2.83921435433));
#2024 = CARTESIAN_POINT('',(-6.083994037898,-1.493589662042,
    2.823338288614));
#2025 = CARTESIAN_POINT('',(-6.1772509409,-1.608630935441,2.759263884576
    ));
#2026 = CARTESIAN_POINT('',(-6.30163255862,-1.603816331544,
    2.669778557768));
#2027 = PCURVE('',#783,#2028);
#2028 = DEFINITIONAL_REPRESENTATION('',(#2029),#2032);
#2029 = B_SPLINE_CURVE_WITH_KNOTS('',1,(#2030,#2031),.UNSPECIFIED.,.F.,
  .F.,(2,2),(6.993044390817E-14,0.99999996155),
  .PIECEWISE_BEZIER_KNOTS.);
#2030 = CARTESIAN_POINT('',(-5.130801489151E-03,3.897351676655E-06));
#2031 = CARTESIAN_POINT('',(-5.130791685937E-03,0.999995380672));
#2032 = ( GEOMETRIC_REPRESENTATION_CONTEXT(2) 
PARAMETRIC_REPRESENTATION_CONTEXT() REPRESENTATION_CONTEXT('2D SPACE',''
  ) );
#2033 = PCURVE('',#1368,#2034);
#2034 = DEFINITIONAL_REPRESENTATION('',(#2035),#2061);
#2035 = B_SPLINE_CURVE_WITH_KNOTS('',3,(#2036,#2037,#2038,#2039,#2040,
    #2041,#2042,#2043,#2044,#2045,#2046,#2047,#2048,#2049,#2050,#2051,
    #2052,#2053,#2054,#2055,#2056,#2057,#2058,#2059,#2060),
  .UNSPECIFIED.,.F.,.F.,(4,1,1,1,1,1,1,1,1,1,1,1,1,1,1,1,1,1,1,1,1,1,4),
  (6.993044390817E-14,4.54545437069E-02,9.090908741373E-02,
    0.136363631121,0.181818174827,0.227272718534,0.272727262241,
    0.318181805948,0.363636349655,0.409090893362,0.454545437068,
    0.499999980775,0.545454524482,0.590909068189,0.636363611896,
    0.681818155603,0.727272699309,0.772727243016,0.818181786723,
    0.86363633043,0.909090874137,0.954545417843,0.99999996155),
  .QUASI_UNIFORM_KNOTS.);
#2036 = CARTESIAN_POINT('',(-6.004971222662,2.239402731164E-02));
#2037 = CARTESIAN_POINT('',(-5.988159571378,2.238292767236E-02));
#2038 = CARTESIAN_POINT('',(-5.954098369379,2.237817131036E-02));
#2039 = CARTESIAN_POINT('',(-5.901745927324,2.242336551705E-02));
#2040 = CARTESIAN_POINT('',(-5.848180210714,2.252088847343E-02));
#2041 = CARTESIAN_POINT('',(-5.793468515602,2.26707401795E-02));
#2042 = CARTESIAN_POINT('',(-5.737688445918,2.287292063526E-02));
#2043 = CARTESIAN_POINT('',(-5.68092689181,2.312742984071E-02));
#2044 = CARTESIAN_POINT('',(-5.623275896033,2.343426779585E-02));
#2045 = CARTESIAN_POINT('',(-5.564828656985,2.379343450068E-02));
#2046 = CARTESIAN_POINT('',(-5.505674973642,2.42049299552E-02));
#2047 = CARTESIAN_POINT('',(-5.445896543506,2.466875415941E-02));
#2048 = CARTESIAN_POINT('',(-5.385562254229,2.518490711332E-02));
#2049 = CARTESIAN_POINT('',(-5.324723681455,2.575338881691E-02));
#2050 = CARTESIAN_POINT('',(-5.263410960846,2.637419927019E-02));
#2051 = CARTESIAN_POINT('',(-5.201629169466,2.704733847316E-02));
#2052 = CARTESIAN_POINT('',(-5.139355309459,2.777280642582E-02));
#2053 = CARTESIAN_POINT('',(-5.076535939545,2.855060312817E-02));
#2054 = CARTESIAN_POINT('',(-5.013085506241,2.938072858021E-02));
#2055 = CARTESIAN_POINT('',(-4.948885301595,3.026318278194E-02));
#2056 = CARTESIAN_POINT('',(-4.883783447736,3.119796573336E-02));
#2057 = CARTESIAN_POINT('',(-4.817594685132,3.218507743447E-02));
#2058 = CARTESIAN_POINT('',(-4.750105102803,3.322451788527E-02));
#2059 = CARTESIAN_POINT('',(-4.704077489676,3.395236401893E-02));
#2060 = CARTESIAN_POINT('',(-4.680764974263,3.432500854405E-02));
#2061 = ( GEOMETRIC_REPRESENTATION_CONTEXT(2) 
PARAMETRIC_REPRESENTATION_CONTEXT() REPRESENTATION_CONTEXT('2D SPACE',''
  ) );
#2062 = ORIENTED_EDGE('',*,*,#1233,.F.);
#2063 = ORIENTED_EDGE('',*,*,#1637,.F.);
#2064 = ORIENTED_EDGE('',*,*,#715,.F.);
#2065 = ADVANCED_FACE('',(#2066,#2070),#975,.F.);
#2066 = FACE_BOUND('',#2067,.F.);
#2067 = EDGE_LOOP('',(#2068,#2069));
#2068 = ORIENTED_EDGE('',*,*,#958,.F.);
#2069 = ORIENTED_EDGE('',*,*,#1698,.T.);
#2070 = FACE_BOUND('',#2071,.F.);
#2071 = EDGE_LOOP('',(#2072));
#2072 = ORIENTED_EDGE('',*,*,#2073,.T.);
#2073 = EDGE_CURVE('',#2074,#2074,#2076,.T.);
#2074 = VERTEX_POINT('',#2075);
#2075 = CARTESIAN_POINT('',(-16.91063846592,1.228009602822,
    -1.877458018598E-15));
#2076 = SURFACE_CURVE('',#2077,(#2082,#2093),.PCURVE_S1.);
#2077 = ELLIPSE('',#2078,5.203272643431,5.2);
#2078 = AXIS2_PLACEMENT_3D('',#2079,#2080,#2081);
#2079 = CARTESIAN_POINT('',(-11.71063846592,1.412525731854,
    -1.300142045793E-15));
#2080 = DIRECTION('',(-3.546155307953E-02,0.999371041332,
    -3.937023271786E-18));
#2081 = DIRECTION('',(-0.999371041332,-3.546155307953E-02,
    -1.109524740231E-16));
#2082 = PCURVE('',#975,#2083);
#2083 = DEFINITIONAL_REPRESENTATION('',(#2084),#2092);
#2084 = ( BOUNDED_CURVE() B_SPLINE_CURVE(2,(#2085,#2086,#2087,#2088,
#2089,#2090,#2091),.UNSPECIFIED.,.T.,.F.) B_SPLINE_CURVE_WITH_KNOTS((1,2
    ,2,2,2,1),(-2.094395102393,0.,2.094395102393,4.188790204786,
6.28318530718,8.377580409573),.UNSPECIFIED.) CURVE() 
GEOMETRIC_REPRESENTATION_ITEM() RATIONAL_B_SPLINE_CURVE((1.,0.5,1.,0.5,
1.,0.5,1.)) REPRESENTATION_ITEM('') );
#2085 = CARTESIAN_POINT('',(-6.965019175106,6.75));
#2086 = CARTESIAN_POINT('',(-6.965019175106,15.756664199358));
#2087 = CARTESIAN_POINT('',(0.83988979004,11.253332099679));
#2088 = CARTESIAN_POINT('',(8.644798755186,6.75));
#2089 = CARTESIAN_POINT('',(0.83988979004,2.246667900321));
#2090 = CARTESIAN_POINT('',(-6.965019175106,-2.256664199358));
#2091 = CARTESIAN_POINT('',(-6.965019175106,6.75));
#2092 = ( GEOMETRIC_REPRESENTATION_CONTEXT(2) 
PARAMETRIC_REPRESENTATION_CONTEXT() REPRESENTATION_CONTEXT('2D SPACE',''
  ) );
#2093 = PCURVE('',#2094,#2128);
#2094 = ( BOUNDED_SURFACE() B_SPLINE_SURFACE(3,2,(
    (#2095,#2096,#2097)
    ,(#2098,#2099,#2100)
    ,(#2101,#2102,#2103)
    ,(#2104,#2105,#2106)
    ,(#2107,#2108,#2109)
    ,(#2110,#2111,#2112)
    ,(#2113,#2114,#2115)
    ,(#2116,#2117,#2118)
    ,(#2119,#2120,#2121)
    ,(#2122,#2123,#2124)
    ,(#2125,#2126,#2127
)),.UNSPECIFIED.,.T.,.F.,.F.) B_SPLINE_SURFACE_WITH_KNOTS((1,3,1,1,1,1,1
    ,1,1,3,1),(3,3),(-0.785398163397,0.,0.785398163397,1.570796326795,
    2.356194490192,3.14159265359,3.926990816987,4.712388980385,
    5.497787143782,6.28318530718,7.068583470577),(0.,1.),.UNSPECIFIED.) 
GEOMETRIC_REPRESENTATION_ITEM() RATIONAL_B_SPLINE_SURFACE((
    (1.,0.694456063016,1.)
    ,(1.,0.694456063016,1.)
    ,(1.,0.697226284591,1.)
    ,(1.,0.70713456875,1.)
    ,(1.,0.716876127527,1.)
    ,(1.,0.720864603339,1.)
    ,(1.,0.716876127527,1.)
    ,(1.,0.70713456875,1.)
    ,(1.,0.697226284591,1.)
    ,(1.,0.694456063016,1.)
,(1.,0.694456063016,1.))) REPRESENTATION_ITEM('') SURFACE() );
#2095 = CARTESIAN_POINT('',(-16.6,0.928198290422,-1.951390438126E-15));
#2096 = CARTESIAN_POINT('',(-16.6,1.239032258065,-1.842970220878E-15));
#2097 = CARTESIAN_POINT('',(-16.91063846592,1.228009602822,
    -1.985878235847E-15));
#2098 = CARTESIAN_POINT('',(-16.6,0.928198290422,1.279898987322));
#2099 = CARTESIAN_POINT('',(-16.6,1.239032258065,1.278190950671));
#2100 = CARTESIAN_POINT('',(-16.91063846592,1.228009602822,
    1.358260149811));
#2101 = CARTESIAN_POINT('',(-15.53969696196,0.968125435765,
    3.839696961967));
#2102 = CARTESIAN_POINT('',(-15.5554283921,1.276097702216,3.819337315603
    ));
#2103 = CARTESIAN_POINT('',(-15.78541891535,1.267936748165,
    4.074780449434));
#2104 = CARTESIAN_POINT('',(-11.7,1.112714419455,5.430151519016));
#2105 = CARTESIAN_POINT('',(-11.73501565192,1.411660734932,
    5.430228771247));
#2106 = CARTESIAN_POINT('',(-11.71063846592,1.412525731854,
    5.762609775283));
#2107 = CARTESIAN_POINT('',(-7.860303038033,1.257303403144,
    3.839696961967));
#2108 = CARTESIAN_POINT('',(-7.875051963155,1.548627188404,
    3.858947136076));
#2109 = CARTESIAN_POINT('',(-7.635858016489,1.557114715544,
    4.074780449434));
#2110 = CARTESIAN_POINT('',(-6.269848480983,1.317194121158,
    3.154518763768E-15));
#2111 = CARTESIAN_POINT('',(-6.265448098945,1.605742164231,
    3.199598879322E-15));
#2112 = CARTESIAN_POINT('',(-5.948028690641,1.617005433558,
    3.525672984983E-15));
#2113 = CARTESIAN_POINT('',(-7.860303038033,1.257303403144,
    -3.839696961967));
#2114 = CARTESIAN_POINT('',(-7.875051963155,1.548627188404,
    -3.858947136076));
#2115 = CARTESIAN_POINT('',(-7.635858016489,1.557114715544,
    -4.074780449434));
#2116 = CARTESIAN_POINT('',(-11.7,1.112714419455,-5.430151519016));
#2117 = CARTESIAN_POINT('',(-11.73501565192,1.411660734932,
    -5.430228771247));
#2118 = CARTESIAN_POINT('',(-11.71063846592,1.412525731854,
    -5.762609775283));
#2119 = CARTESIAN_POINT('',(-15.53969696196,0.968125435765,
    -3.839696961967));
#2120 = CARTESIAN_POINT('',(-15.5554283921,1.276097702216,
    -3.819337315603));
#2121 = CARTESIAN_POINT('',(-15.78541891535,1.267936748165,
    -4.074780449434));
#2122 = CARTESIAN_POINT('',(-16.6,0.928198290422,-1.279898987322));
#2123 = CARTESIAN_POINT('',(-16.6,1.239032258065,-1.278190950671));
#2124 = CARTESIAN_POINT('',(-16.91063846592,1.228009602822,
    -1.358260149811));
#2125 = CARTESIAN_POINT('',(-16.6,0.928198290422,-1.951390438126E-15));
#2126 = CARTESIAN_POINT('',(-16.6,1.239032258065,-1.842970220878E-15));
#2127 = CARTESIAN_POINT('',(-16.91063846592,1.228009602822,
    -1.985878235847E-15));
#2128 = DEFINITIONAL_REPRESENTATION('',(#2129),#2133);
#2129 = LINE('',#2130,#2131);
#2130 = CARTESIAN_POINT('',(0.,1.));
#2131 = VECTOR('',#2132,1.);
#2132 = DIRECTION('',(1.,-3.533949646071E-17));
#2133 = ( GEOMETRIC_REPRESENTATION_CONTEXT(2) 
PARAMETRIC_REPRESENTATION_CONTEXT() REPRESENTATION_CONTEXT('2D SPACE',''
  ) );
#2134 = ADVANCED_FACE('',(#2135),#1368,.T.);
#2135 = FACE_BOUND('',#2136,.F.);
#2136 = EDGE_LOOP('',(#2137,#2138,#2139,#2140));
#2137 = ORIENTED_EDGE('',*,*,#1429,.T.);
#2138 = ORIENTED_EDGE('',*,*,#1354,.F.);
#2139 = ORIENTED_EDGE('',*,*,#2020,.T.);
#2140 = ORIENTED_EDGE('',*,*,#2141,.F.);
#2141 = EDGE_CURVE('',#1430,#1957,#2142,.T.);
#2142 = SURFACE_CURVE('',#2143,(#2148,#2154),.PCURVE_S1.);
#2143 = B_SPLINE_CURVE_WITH_KNOTS('',3,(#2144,#2145,#2146,#2147),
  .UNSPECIFIED.,.F.,.F.,(4,4),(2.83469104025E-05,0.99988983245),
  .PIECEWISE_BEZIER_KNOTS.);
#2144 = CARTESIAN_POINT('',(-6.327331405061,-1.603546304982,
    2.711445153911));
#2145 = CARTESIAN_POINT('',(-6.318772119713,-1.603850021559,
    2.697554733497));
#2146 = CARTESIAN_POINT('',(-6.310212834364,-1.604153738135,
    2.683664313083));
#2147 = CARTESIAN_POINT('',(-6.301653549015,-1.604457454712,
    2.669773892669));
#2148 = PCURVE('',#1368,#2149);
#2149 = DEFINITIONAL_REPRESENTATION('',(#2150),#2153);
#2150 = B_SPLINE_CURVE_WITH_KNOTS('',1,(#2151,#2152),.UNSPECIFIED.,.F.,
  .F.,(2,2),(2.834691044365E-05,0.99988983245),
  .PIECEWISE_BEZIER_KNOTS.);
#2151 = CARTESIAN_POINT('',(-4.683600768962,-1.462264193192E-02));
#2152 = CARTESIAN_POINT('',(-4.680765226706,3.431961689386E-02));
#2153 = ( GEOMETRIC_REPRESENTATION_CONTEXT(2) 
PARAMETRIC_REPRESENTATION_CONTEXT() REPRESENTATION_CONTEXT('2D SPACE',''
  ) );
#2154 = PCURVE('',#1512,#2155);
#2155 = DEFINITIONAL_REPRESENTATION('',(#2156),#2161);
#2156 = B_SPLINE_CURVE_WITH_KNOTS('',3,(#2157,#2158,#2159,#2160),
  .UNSPECIFIED.,.F.,.F.,(4,4),(2.83469104025E-05,0.99988983245),
  .PIECEWISE_BEZIER_KNOTS.);
#2157 = CARTESIAN_POINT('',(3.624948537742,9.461445153911));
#2158 = CARTESIAN_POINT('',(3.633513209916,9.447554733497));
#2159 = CARTESIAN_POINT('',(3.642077882089,9.433664313083));
#2160 = CARTESIAN_POINT('',(3.650642554263,9.419773892669));
#2161 = ( GEOMETRIC_REPRESENTATION_CONTEXT(2) 
PARAMETRIC_REPRESENTATION_CONTEXT() REPRESENTATION_CONTEXT('2D SPACE',''
  ) );
#2162 = ADVANCED_FACE('',(#2163,#2169),#1512,.T.);
#2163 = FACE_BOUND('',#2164,.F.);
#2164 = EDGE_LOOP('',(#2165,#2166,#2167,#2168));
#2165 = ORIENTED_EDGE('',*,*,#2141,.T.);
#2166 = ORIENTED_EDGE('',*,*,#1956,.T.);
#2167 = ORIENTED_EDGE('',*,*,#1930,.T.);
#2168 = ORIENTED_EDGE('',*,*,#1497,.T.);
#2169 = FACE_BOUND('',#2170,.F.);
#2170 = EDGE_LOOP('',(#2171));
#2171 = ORIENTED_EDGE('',*,*,#2172,.F.);
#2172 = EDGE_CURVE('',#2173,#2173,#2175,.T.);
#2173 = VERTEX_POINT('',#2174);
#2174 = CARTESIAN_POINT('',(-6.510638465924,-1.597041860887,
    -7.228260729879E-16));
#2175 = SURFACE_CURVE('',#2176,(#2181,#2192),.PCURVE_S1.);
#2176 = ELLIPSE('',#2177,5.203272643431,5.2);
#2177 = AXIS2_PLACEMENT_3D('',#2178,#2179,#2180);
#2178 = CARTESIAN_POINT('',(-11.71063846592,-1.412525731854,
    -1.300142045793E-15));
#2179 = DIRECTION('',(3.546155307953E-02,0.999371041332,
    3.937023271786E-18));
#2180 = DIRECTION('',(0.999371041332,-3.546155307953E-02,
    1.109524740231E-16));
#2181 = PCURVE('',#1512,#2182);
#2182 = DEFINITIONAL_REPRESENTATION('',(#2183),#2191);
#2183 = ( BOUNDED_CURVE() B_SPLINE_CURVE(2,(#2184,#2185,#2186,#2187,
#2188,#2189,#2190),.UNSPECIFIED.,.T.,.F.) B_SPLINE_CURVE_WITH_KNOTS((1,2
    ,2,2,2,1),(-2.094395102393,0.,2.094395102393,4.188790204786,
6.28318530718,8.377580409573),.UNSPECIFIED.) CURVE() 
GEOMETRIC_REPRESENTATION_ITEM() RATIONAL_B_SPLINE_CURVE((1.,0.5,1.,0.5,
1.,0.5,1.)) REPRESENTATION_ITEM('') );
#2184 = CARTESIAN_POINT('',(3.441526111755,6.75));
#2185 = CARTESIAN_POINT('',(3.441526111755,-2.256664199358));
#2186 = CARTESIAN_POINT('',(-4.363382853391,2.246667900321));
#2187 = CARTESIAN_POINT('',(-12.16829181853,6.75));
#2188 = CARTESIAN_POINT('',(-4.363382853391,11.253332099679));
#2189 = CARTESIAN_POINT('',(3.441526111755,15.756664199358));
#2190 = CARTESIAN_POINT('',(3.441526111755,6.75));
#2191 = ( GEOMETRIC_REPRESENTATION_CONTEXT(2) 
PARAMETRIC_REPRESENTATION_CONTEXT() REPRESENTATION_CONTEXT('2D SPACE',''
  ) );
#2192 = PCURVE('',#2193,#2227);
#2193 = ( BOUNDED_SURFACE() B_SPLINE_SURFACE(3,2,(
    (#2194,#2195,#2196)
    ,(#2197,#2198,#2199)
    ,(#2200,#2201,#2202)
    ,(#2203,#2204,#2205)
    ,(#2206,#2207,#2208)
    ,(#2209,#2210,#2211)
    ,(#2212,#2213,#2214)
    ,(#2215,#2216,#2217)
    ,(#2218,#2219,#2220)
    ,(#2221,#2222,#2223)
    ,(#2224,#2225,#2226
)),.UNSPECIFIED.,.T.,.F.,.F.) B_SPLINE_SURFACE_WITH_KNOTS((1,3,1,1,1,1,1
    ,1,1,3,1),(3,3),(-0.785398163397,0.,0.785398163397,1.570796326795,
    2.356194490192,3.14159265359,3.926990816987,4.712388980385,
    5.497787143782,6.28318530718,7.068583470577),(0.,1.),.UNSPECIFIED.) 
GEOMETRIC_REPRESENTATION_ITEM() RATIONAL_B_SPLINE_SURFACE((
    (1.,0.719535111402,1.)
    ,(1.,0.719535111402,1.)
    ,(1.,0.716876127527,1.)
    ,(1.,0.70713456875,1.)
    ,(1.,0.697226284591,1.)
    ,(1.,0.693070952229,1.)
    ,(1.,0.697226284591,1.)
    ,(1.,0.70713456875,1.)
    ,(1.,0.716876127527,1.)
    ,(1.,0.719535111402,1.)
,(1.,0.719535111402,1.))) REPRESENTATION_ITEM('') SURFACE() );
#2194 = CARTESIAN_POINT('',(-6.510638465924,-1.597041860887,
    -6.144058557393E-16));
#2195 = CARTESIAN_POINT('',(-6.8,-1.586774193548,-6.796111934859E-16));
#2196 = CARTESIAN_POINT('',(-6.8,-1.297230548487,-6.465314394966E-16));
#2197 = CARTESIAN_POINT('',(-6.510638465924,-1.597041860887,
    -1.358260149811));
#2198 = CARTESIAN_POINT('',(-6.8,-1.586774193548,-1.28156223623));
#2199 = CARTESIAN_POINT('',(-6.8,-1.297230548487,-1.279898987322));
#2200 = CARTESIAN_POINT('',(-7.635858016489,-1.557114715544,
    -4.074780449434));
#2201 = CARTESIAN_POINT('',(-7.875051963155,-1.548627188404,
    -3.858947136076));
#2202 = CARTESIAN_POINT('',(-7.860303038033,-1.257303403144,
    -3.839696961967));
#2203 = CARTESIAN_POINT('',(-11.71063846592,-1.412525731854,
    -5.762609775283));
#2204 = CARTESIAN_POINT('',(-11.73501565192,-1.411660734932,
    -5.430228771247));
#2205 = CARTESIAN_POINT('',(-11.7,-1.112714419455,-5.430151519017));
#2206 = CARTESIAN_POINT('',(-15.78541891535,-1.267936748165,
    -4.074780449434));
#2207 = CARTESIAN_POINT('',(-15.5554283921,-1.276097702216,
    -3.819337315603));
#2208 = CARTESIAN_POINT('',(-15.53969696196,-0.968125435765,
    -3.839696961967));
#2209 = CARTESIAN_POINT('',(-17.4732482412,-1.208046030151,
    -6.125957076569E-15));
#2210 = CARTESIAN_POINT('',(-17.12541718768,-1.220388422373,
    -2.187285091841E-15));
#2211 = CARTESIAN_POINT('',(-17.13015151901,-0.908234717751,
    -5.752440641391E-15));
#2212 = CARTESIAN_POINT('',(-15.78541891535,-1.267936748165,
    4.074780449434));
#2213 = CARTESIAN_POINT('',(-15.5554283921,-1.276097702216,
    3.819337315603));
#2214 = CARTESIAN_POINT('',(-15.53969696196,-0.968125435765,
    3.839696961967));
#2215 = CARTESIAN_POINT('',(-11.71063846592,-1.412525731854,
    5.762609775283));
#2216 = CARTESIAN_POINT('',(-11.73501565192,-1.411660734932,
    5.430228771247));
#2217 = CARTESIAN_POINT('',(-11.7,-1.112714419455,5.430151519016));
#2218 = CARTESIAN_POINT('',(-7.63585801649,-1.557114715544,
    4.074780449434));
#2219 = CARTESIAN_POINT('',(-7.875051963155,-1.548627188404,
    3.858947136076));
#2220 = CARTESIAN_POINT('',(-7.860303038033,-1.257303403144,
    3.839696961967));
#2221 = CARTESIAN_POINT('',(-6.510638465924,-1.597041860887,
    1.358260149811));
#2222 = CARTESIAN_POINT('',(-6.8,-1.586774193548,1.28156223623));
#2223 = CARTESIAN_POINT('',(-6.8,-1.297230548487,1.279898987322));
#2224 = CARTESIAN_POINT('',(-6.510638465924,-1.597041860887,
    -6.144058557393E-16));
#2225 = CARTESIAN_POINT('',(-6.8,-1.586774193548,-6.796111934859E-16));
#2226 = CARTESIAN_POINT('',(-6.8,-1.297230548487,-6.465314394966E-16));
#2227 = DEFINITIONAL_REPRESENTATION('',(#2228),#2232);
#2228 = LINE('',#2229,#2230);
#2229 = CARTESIAN_POINT('',(0.,9.817650166576E-14));
#2230 = VECTOR('',#2231,1.);
#2231 = DIRECTION('',(1.,-8.492997272585E-21));
#2232 = ( GEOMETRIC_REPRESENTATION_CONTEXT(2) 
PARAMETRIC_REPRESENTATION_CONTEXT() REPRESENTATION_CONTEXT('2D SPACE',''
  ) );
#2233 = ADVANCED_FACE('',(#2234,#2269),#1569,.F.);
#2234 = FACE_BOUND('',#2235,.F.);
#2235 = EDGE_LOOP('',(#2236));
#2236 = ORIENTED_EDGE('',*,*,#2237,.F.);
#2237 = EDGE_CURVE('',#2238,#2238,#2240,.T.);
#2238 = VERTEX_POINT('',#2239);
#2239 = CARTESIAN_POINT('',(-17.82598916708,0.,-0.75));
#2240 = SURFACE_CURVE('',#2241,(#2246,#2257),.PCURVE_S1.);
#2241 = CIRCLE('',#2242,0.75);
#2242 = AXIS2_PLACEMENT_3D('',#2243,#2244,#2245);
#2243 = CARTESIAN_POINT('',(-17.82598916708,0.,-1.979082361001E-15));
#2244 = DIRECTION('',(1.,0.,1.110223024625E-16));
#2245 = DIRECTION('',(1.110223024625E-16,0.,-1.));
#2246 = PCURVE('',#1569,#2247);
#2247 = DEFINITIONAL_REPRESENTATION('',(#2248),#2256);
#2248 = ( BOUNDED_CURVE() B_SPLINE_CURVE(2,(#2249,#2250,#2251,#2252,
#2253,#2254,#2255),.UNSPECIFIED.,.T.,.F.) B_SPLINE_CURVE_WITH_KNOTS((1,2
    ,2,2,2,1),(-2.094395102393,0.,2.094395102393,4.188790204786,
6.28318530718,8.377580409573),.UNSPECIFIED.) CURVE() 
GEOMETRIC_REPRESENTATION_ITEM() RATIONAL_B_SPLINE_CURVE((1.,0.5,1.,0.5,
1.,0.5,1.)) REPRESENTATION_ITEM('') );
#2249 = CARTESIAN_POINT('',(-1.375,0.));
#2250 = CARTESIAN_POINT('',(-1.375,1.299038105677));
#2251 = CARTESIAN_POINT('',(-0.25,0.649519052838));
#2252 = CARTESIAN_POINT('',(0.875,1.836970198721E-16));
#2253 = CARTESIAN_POINT('',(-0.25,-0.649519052838));
#2254 = CARTESIAN_POINT('',(-1.375,-1.299038105677));
#2255 = CARTESIAN_POINT('',(-1.375,0.));
#2256 = ( GEOMETRIC_REPRESENTATION_CONTEXT(2) 
PARAMETRIC_REPRESENTATION_CONTEXT() REPRESENTATION_CONTEXT('2D SPACE',''
  ) );
#2257 = PCURVE('',#2258,#2263);
#2258 = TOROIDAL_SURFACE('',#2259,0.75,0.3);
#2259 = AXIS2_PLACEMENT_3D('',#2260,#2261,#2262);
#2260 = CARTESIAN_POINT('',(-18.12598916708,0.,-2.01238905174E-15));
#2261 = DIRECTION('',(-1.,-0.,-1.110223024625E-16));
#2262 = DIRECTION('',(1.110223024625E-16,0.,-1.));
#2263 = DEFINITIONAL_REPRESENTATION('',(#2264),#2268);
#2264 = LINE('',#2265,#2266);
#2265 = CARTESIAN_POINT('',(-0.,4.712388980385));
#2266 = VECTOR('',#2267,1.);
#2267 = DIRECTION('',(-1.,0.));
#2268 = ( GEOMETRIC_REPRESENTATION_CONTEXT(2) 
PARAMETRIC_REPRESENTATION_CONTEXT() REPRESENTATION_CONTEXT('2D SPACE',''
  ) );
#2269 = FACE_BOUND('',#2270,.F.);
#2270 = EDGE_LOOP('',(#2271));
#2271 = ORIENTED_EDGE('',*,*,#1554,.T.);
#2272 = ADVANCED_FACE('',(#2273),#1682,.T.);
#2273 = FACE_BOUND('',#2274,.F.);
#2274 = EDGE_LOOP('',(#2275,#2276,#2303,#2334));
#2275 = ORIENTED_EDGE('',*,*,#1661,.T.);
#2276 = ORIENTED_EDGE('',*,*,#2277,.F.);
#2277 = EDGE_CURVE('',#2278,#1662,#2280,.T.);
#2278 = VERTEX_POINT('',#2279);
#2279 = CARTESIAN_POINT('',(-1.2,4.439344646909E-16,4.25));
#2280 = SEAM_CURVE('',#2281,(#2289,#2296),.PCURVE_S1.);
#2281 = ( BOUNDED_CURVE() B_SPLINE_CURVE(6,(#2282,#2283,#2284,#2285,
#2286,#2287,#2288),.UNSPECIFIED.,.F.,.F.) B_SPLINE_CURVE_WITH_KNOTS((7,7
),(0.523598775598,1.570796326795),.PIECEWISE_BEZIER_KNOTS.) CURVE() 
GEOMETRIC_REPRESENTATION_ITEM() RATIONAL_B_SPLINE_CURVE((1.013815801033,
    1.004520331021,0.999080478963,0.997285502839,0.999080478963,
1.004520331021,1.013815801033)) REPRESENTATION_ITEM('') );
#2282 = CARTESIAN_POINT('',(-1.2,2.005359133604E-15,4.25));
#2283 = CARTESIAN_POINT('',(-1.505097144788,1.94064343817E-15,
    4.073852081328));
#2284 = CARTESIAN_POINT('',(-1.769673813183,1.853050648489E-15,
    3.835435612344));
#2285 = CARTESIAN_POINT('',(-1.980106183112,1.746601298391E-15,
    3.545693976437));
#2286 = CARTESIAN_POINT('',(-2.125813615377,1.62642281505E-15,
    3.218583380347));
#2287 = CARTESIAN_POINT('',(-2.2,1.498445381236E-15,2.870245029776));
#2288 = CARTESIAN_POINT('',(-2.2,1.369013990369E-15,2.517949192431));
#2289 = PCURVE('',#1682,#2290);
#2290 = DEFINITIONAL_REPRESENTATION('',(#2291),#2295);
#2291 = LINE('',#2292,#2293);
#2292 = CARTESIAN_POINT('',(-3.14159265359,6.28318530718));
#2293 = VECTOR('',#2294,1.);
#2294 = DIRECTION('',(-0.,1.));
#2295 = ( GEOMETRIC_REPRESENTATION_CONTEXT(2) 
PARAMETRIC_REPRESENTATION_CONTEXT() REPRESENTATION_CONTEXT('2D SPACE',''
  ) );
#2296 = PCURVE('',#1682,#2297);
#2297 = DEFINITIONAL_REPRESENTATION('',(#2298),#2302);
#2298 = LINE('',#2299,#2300);
#2299 = CARTESIAN_POINT('',(-9.424777960769,6.28318530718));
#2300 = VECTOR('',#2301,1.);
#2301 = DIRECTION('',(-0.,1.));
#2302 = ( GEOMETRIC_REPRESENTATION_CONTEXT(2) 
PARAMETRIC_REPRESENTATION_CONTEXT() REPRESENTATION_CONTEXT('2D SPACE',''
  ) );
#2303 = ORIENTED_EDGE('',*,*,#2304,.F.);
#2304 = EDGE_CURVE('',#2278,#2278,#2305,.T.);
#2305 = SURFACE_CURVE('',#2306,(#2311,#2318),.PCURVE_S1.);
#2306 = CIRCLE('',#2307,4.25);
#2307 = AXIS2_PLACEMENT_3D('',#2308,#2309,#2310);
#2308 = CARTESIAN_POINT('',(-1.2,4.439344646909E-16,-1.33226762955E-16)
  );
#2309 = DIRECTION('',(-1.,-0.,-1.110223024625E-16));
#2310 = DIRECTION('',(-1.110223024625E-16,-0.,1.));
#2311 = PCURVE('',#1682,#2312);
#2312 = DEFINITIONAL_REPRESENTATION('',(#2313),#2317);
#2313 = LINE('',#2314,#2315);
#2314 = CARTESIAN_POINT('',(-9.424777960769,6.806784082778));
#2315 = VECTOR('',#2316,1.);
#2316 = DIRECTION('',(1.,-0.));
#2317 = ( GEOMETRIC_REPRESENTATION_CONTEXT(2) 
PARAMETRIC_REPRESENTATION_CONTEXT() REPRESENTATION_CONTEXT('2D SPACE',''
  ) );
#2318 = PCURVE('',#2319,#2324);
#2319 = PLANE('',#2320);
#2320 = AXIS2_PLACEMENT_3D('',#2321,#2322,#2323);
#2321 = CARTESIAN_POINT('',(-1.2,0.,-1.33226762955E-16));
#2322 = DIRECTION('',(1.,-0.,1.110223024625E-16));
#2323 = DIRECTION('',(1.110223024625E-16,0.,-1.));
#2324 = DEFINITIONAL_REPRESENTATION('',(#2325),#2333);
#2325 = ( BOUNDED_CURVE() B_SPLINE_CURVE(2,(#2326,#2327,#2328,#2329,
#2330,#2331,#2332),.UNSPECIFIED.,.T.,.F.) B_SPLINE_CURVE_WITH_KNOTS((1,2
    ,2,2,2,1),(-2.094395102393,0.,2.094395102393,4.188790204786,
6.28318530718,8.377580409573),.UNSPECIFIED.) CURVE() 
GEOMETRIC_REPRESENTATION_ITEM() RATIONAL_B_SPLINE_CURVE((1.,0.5,1.,0.5,
1.,0.5,1.)) REPRESENTATION_ITEM('') );
#2326 = CARTESIAN_POINT('',(-4.25,4.439344646909E-16));
#2327 = CARTESIAN_POINT('',(-4.25,7.361215932168));
#2328 = CARTESIAN_POINT('',(2.125,3.680607966084));
#2329 = CARTESIAN_POINT('',(8.5,1.484884243966E-15));
#2330 = CARTESIAN_POINT('',(2.125,-3.680607966084));
#2331 = CARTESIAN_POINT('',(-4.25,-7.361215932168));
#2332 = CARTESIAN_POINT('',(-4.25,4.439344646909E-16));
#2333 = ( GEOMETRIC_REPRESENTATION_CONTEXT(2) 
PARAMETRIC_REPRESENTATION_CONTEXT() REPRESENTATION_CONTEXT('2D SPACE',''
  ) );
#2334 = ORIENTED_EDGE('',*,*,#2277,.T.);
#2335 = ADVANCED_FACE('',(#2336),#2094,.F.);
#2336 = FACE_BOUND('',#2337,.F.);
#2337 = EDGE_LOOP('',(#2338,#2389,#2410,#2411));
#2338 = ORIENTED_EDGE('',*,*,#2339,.F.);
#2339 = EDGE_CURVE('',#2340,#2340,#2342,.T.);
#2340 = VERTEX_POINT('',#2341);
#2341 = CARTESIAN_POINT('',(-16.6,0.928198290422,-1.842970220878E-15));
#2342 = SURFACE_CURVE('',#2343,(#2348,#2355),.PCURVE_S1.);
#2343 = ELLIPSE('',#2344,4.903472871534,4.9);
#2344 = AXIS2_PLACEMENT_3D('',#2345,#2346,#2347);
#2345 = CARTESIAN_POINT('',(-11.7,1.112714419455,-1.298960938811E-15));
#2346 = DIRECTION('',(3.762968285262E-02,-0.999291752677,
    4.177734031232E-18));
#2347 = DIRECTION('',(-0.999291752677,-3.762968285262E-02,
    -1.10943671214E-16));
#2348 = PCURVE('',#2094,#2349);
#2349 = DEFINITIONAL_REPRESENTATION('',(#2350),#2354);
#2350 = LINE('',#2351,#2352);
#2351 = CARTESIAN_POINT('',(6.28318530718,7.942527095328E-15));
#2352 = VECTOR('',#2353,1.);
#2353 = DIRECTION('',(-1.,-2.282391909897E-17));
#2354 = ( GEOMETRIC_REPRESENTATION_CONTEXT(2) 
PARAMETRIC_REPRESENTATION_CONTEXT() REPRESENTATION_CONTEXT('2D SPACE',''
  ) );
#2355 = PCURVE('',#2356,#2361);
#2356 = CYLINDRICAL_SURFACE('',#2357,4.9);
#2357 = AXIS2_PLACEMENT_3D('',#2358,#2359,#2360);
#2358 = CARTESIAN_POINT('',(-11.7,1.75,-1.298960938811E-15));
#2359 = DIRECTION('',(-0.,-1.,-0.));
#2360 = DIRECTION('',(-1.,-0.,-1.110223024625E-16));
#2361 = DEFINITIONAL_REPRESENTATION('',(#2362),#2388);
#2362 = B_SPLINE_CURVE_WITH_KNOTS('',3,(#2363,#2364,#2365,#2366,#2367,
    #2368,#2369,#2370,#2371,#2372,#2373,#2374,#2375,#2376,#2377,#2378,
    #2379,#2380,#2381,#2382,#2383,#2384,#2385,#2386,#2387),
  .UNSPECIFIED.,.F.,.F.,(4,1,1,1,1,1,1,1,1,1,1,1,1,1,1,1,1,1,1,1,1,1,4),
  (0.,0.285599332145,0.571198664289,0.856797996434,1.142397328578,
    1.427996660723,1.713595992867,1.999195325012,2.284794657156,
    2.570393989301,2.855993321445,3.14159265359,3.427191985734,
    3.712791317879,3.998390650023,4.283989982168,4.569589314312,
    4.855188646457,5.140787978601,5.426387310746,5.711986642891,
    5.997585975035,6.28318530718),.QUASI_UNIFORM_KNOTS.);
#2363 = CARTESIAN_POINT('',(-6.28318530718,0.821801709578));
#2364 = CARTESIAN_POINT('',(-6.187985529798,0.821897178197));
#2365 = CARTESIAN_POINT('',(-5.997585975035,0.8167064023));
#2366 = CARTESIAN_POINT('',(-5.711986642891,0.794646883875));
#2367 = CARTESIAN_POINT('',(-5.426387310746,0.759768617947));
#2368 = CARTESIAN_POINT('',(-5.140787978601,0.714986333706));
#2369 = CARTESIAN_POINT('',(-4.855188646457,0.663904151348));
#2370 = CARTESIAN_POINT('',(-4.569589314312,0.610666842547));
#2371 = CARTESIAN_POINT('',(-4.283989982168,0.559585663362));
#2372 = CARTESIAN_POINT('',(-3.998390650023,0.51479936643));
#2373 = CARTESIAN_POINT('',(-3.712791317879,0.479936148095));
#2374 = CARTESIAN_POINT('',(-3.427191985734,0.457820451988));
#2375 = CARTESIAN_POINT('',(-3.14159265359,0.450243951276));
#2376 = CARTESIAN_POINT('',(-2.855993321445,0.457820451988));
#2377 = CARTESIAN_POINT('',(-2.570393989301,0.479936148095));
#2378 = CARTESIAN_POINT('',(-2.284794657156,0.51479936643));
#2379 = CARTESIAN_POINT('',(-1.999195325012,0.559585663362));
#2380 = CARTESIAN_POINT('',(-1.713595992867,0.610666842547));
#2381 = CARTESIAN_POINT('',(-1.427996660723,0.663904151348));
#2382 = CARTESIAN_POINT('',(-1.142397328578,0.714986333706));
#2383 = CARTESIAN_POINT('',(-0.856797996434,0.759768617947));
#2384 = CARTESIAN_POINT('',(-0.571198664289,0.794646883875));
#2385 = CARTESIAN_POINT('',(-0.285599332145,0.8167064023));
#2386 = CARTESIAN_POINT('',(-9.519977738151E-02,0.821897178197));
#2387 = CARTESIAN_POINT('',(8.881784197001E-16,0.821801709578));
#2388 = ( GEOMETRIC_REPRESENTATION_CONTEXT(2) 
PARAMETRIC_REPRESENTATION_CONTEXT() REPRESENTATION_CONTEXT('2D SPACE',''
  ) );
#2389 = ORIENTED_EDGE('',*,*,#2390,.T.);
#2390 = EDGE_CURVE('',#2340,#2074,#2391,.T.);
#2391 = SEAM_CURVE('',#2392,(#2396,#2403),.PCURVE_S1.);
#2392 = ( BOUNDED_CURVE() B_SPLINE_CURVE(2,(#2393,#2394,#2395),
.UNSPECIFIED.,.F.,.F.) B_SPLINE_CURVE_WITH_KNOTS((3,3),(
7.870823638761E-15,1.),.PIECEWISE_BEZIER_KNOTS.) CURVE() 
GEOMETRIC_REPRESENTATION_ITEM() RATIONAL_B_SPLINE_CURVE((1.,
0.694456063016,1.)) REPRESENTATION_ITEM('') );
#2393 = CARTESIAN_POINT('',(-16.6,0.928198290422,-1.951390438126E-15));
#2394 = CARTESIAN_POINT('',(-16.6,1.239032258065,-1.842970220878E-15));
#2395 = CARTESIAN_POINT('',(-16.91063846592,1.228009602822,
    -1.985878235847E-15));
#2396 = PCURVE('',#2094,#2397);
#2397 = DEFINITIONAL_REPRESENTATION('',(#2398),#2402);
#2398 = LINE('',#2399,#2400);
#2399 = CARTESIAN_POINT('',(6.28318530718,0.));
#2400 = VECTOR('',#2401,1.);
#2401 = DIRECTION('',(0.,1.));
#2402 = ( GEOMETRIC_REPRESENTATION_CONTEXT(2) 
PARAMETRIC_REPRESENTATION_CONTEXT() REPRESENTATION_CONTEXT('2D SPACE',''
  ) );
#2403 = PCURVE('',#2094,#2404);
#2404 = DEFINITIONAL_REPRESENTATION('',(#2405),#2409);
#2405 = LINE('',#2406,#2407);
#2406 = CARTESIAN_POINT('',(0.,0.));
#2407 = VECTOR('',#2408,1.);
#2408 = DIRECTION('',(0.,1.));
#2409 = ( GEOMETRIC_REPRESENTATION_CONTEXT(2) 
PARAMETRIC_REPRESENTATION_CONTEXT() REPRESENTATION_CONTEXT('2D SPACE',''
  ) );
#2410 = ORIENTED_EDGE('',*,*,#2073,.F.);
#2411 = ORIENTED_EDGE('',*,*,#2390,.F.);
#2412 = ADVANCED_FACE('',(#2413),#2193,.F.);
#2413 = FACE_BOUND('',#2414,.F.);
#2414 = EDGE_LOOP('',(#2415,#2416,#2439,#2485,#2529));
#2415 = ORIENTED_EDGE('',*,*,#2172,.T.);
#2416 = ORIENTED_EDGE('',*,*,#2417,.T.);
#2417 = EDGE_CURVE('',#2173,#2418,#2420,.T.);
#2418 = VERTEX_POINT('',#2419);
#2419 = CARTESIAN_POINT('',(-6.8,-1.297230548487,-7.549516567451E-16));
#2420 = SEAM_CURVE('',#2421,(#2425,#2432),.PCURVE_S1.);
#2421 = ( BOUNDED_CURVE() B_SPLINE_CURVE(2,(#2422,#2423,#2424),
.UNSPECIFIED.,.F.,.F.) B_SPLINE_CURVE_WITH_KNOTS((3,3),(
9.817647498422E-14,1.),.PIECEWISE_BEZIER_KNOTS.) CURVE() 
GEOMETRIC_REPRESENTATION_ITEM() RATIONAL_B_SPLINE_CURVE((1.,
0.719535111402,1.)) REPRESENTATION_ITEM('') );
#2422 = CARTESIAN_POINT('',(-6.510638465924,-1.597041860887,
    1.781768237094E-14));
#2423 = CARTESIAN_POINT('',(-6.8,-1.586774193548,1.67116582253E-14));
#2424 = CARTESIAN_POINT('',(-6.8,-1.297230548487,1.67221670818E-14));
#2425 = PCURVE('',#2193,#2426);
#2426 = DEFINITIONAL_REPRESENTATION('',(#2427),#2431);
#2427 = LINE('',#2428,#2429);
#2428 = CARTESIAN_POINT('',(6.28318530718,0.));
#2429 = VECTOR('',#2430,1.);
#2430 = DIRECTION('',(0.,1.));
#2431 = ( GEOMETRIC_REPRESENTATION_CONTEXT(2) 
PARAMETRIC_REPRESENTATION_CONTEXT() REPRESENTATION_CONTEXT('2D SPACE',''
  ) );
#2432 = PCURVE('',#2193,#2433);
#2433 = DEFINITIONAL_REPRESENTATION('',(#2434),#2438);
#2434 = LINE('',#2435,#2436);
#2435 = CARTESIAN_POINT('',(-3.552713678801E-15,0.));
#2436 = VECTOR('',#2437,1.);
#2437 = DIRECTION('',(0.,1.));
#2438 = ( GEOMETRIC_REPRESENTATION_CONTEXT(2) 
PARAMETRIC_REPRESENTATION_CONTEXT() REPRESENTATION_CONTEXT('2D SPACE',''
  ) );
#2439 = ORIENTED_EDGE('',*,*,#2440,.T.);
#2440 = EDGE_CURVE('',#2418,#2441,#2443,.T.);
#2441 = VERTEX_POINT('',#2442);
#2442 = CARTESIAN_POINT('',(-16.6,-0.928198290422,-2.55698240359E-15));
#2443 = SURFACE_CURVE('',#2444,(#2449,#2456),.PCURVE_S1.);
#2444 = ELLIPSE('',#2445,4.903472871534,4.9);
#2445 = AXIS2_PLACEMENT_3D('',#2446,#2447,#2448);
#2446 = CARTESIAN_POINT('',(-11.7,-1.112714419455,-1.298960938811E-15));
#2447 = DIRECTION('',(-3.762968285262E-02,-0.999291752677,
    -4.177734031232E-18));
#2448 = DIRECTION('',(0.999291752677,-3.762968285262E-02,
    1.10943671214E-16));
#2449 = PCURVE('',#2193,#2450);
#2450 = DEFINITIONAL_REPRESENTATION('',(#2451),#2455);
#2451 = LINE('',#2452,#2453);
#2452 = CARTESIAN_POINT('',(6.28318530718,1.));
#2453 = VECTOR('',#2454,1.);
#2454 = DIRECTION('',(-1.,-2.403085759328E-15));
#2455 = ( GEOMETRIC_REPRESENTATION_CONTEXT(2) 
PARAMETRIC_REPRESENTATION_CONTEXT() REPRESENTATION_CONTEXT('2D SPACE',''
  ) );
#2456 = PCURVE('',#2356,#2457);
#2457 = DEFINITIONAL_REPRESENTATION('',(#2458),#2484);
#2458 = B_SPLINE_CURVE_WITH_KNOTS('',3,(#2459,#2460,#2461,#2462,#2463,
    #2464,#2465,#2466,#2467,#2468,#2469,#2470,#2471,#2472,#2473,#2474,
    #2475,#2476,#2477,#2478,#2479,#2480,#2481,#2482,#2483),
  .UNSPECIFIED.,.F.,.F.,(4,1,1,1,1,1,1,1,1,1,1,1,1,1,1,1,1,1,1,1,1,1,4),
  (0.,0.285599332145,0.571198664289,0.856797996434,1.142397328578,
    1.427996660723,1.713595992867,1.999195325012,2.284794657156,
    2.570393989301,2.855993321445,3.14159265359,3.427191985734,
    3.712791317879,3.998390650023,4.283989982168,4.569589314312,
    4.855188646457,5.140787978601,5.426387310746,5.711986642891,
    5.997585975035,6.28318530718),.QUASI_UNIFORM_KNOTS.);
#2459 = CARTESIAN_POINT('',(-3.14159265359,3.047230548487));
#2460 = CARTESIAN_POINT('',(-3.046392876208,3.047326017106));
#2461 = CARTESIAN_POINT('',(-2.855993321445,3.04213524121));
#2462 = CARTESIAN_POINT('',(-2.570393989301,3.020075722785));
#2463 = CARTESIAN_POINT('',(-2.284794657156,2.985197456856));
#2464 = CARTESIAN_POINT('',(-1.999195325012,2.940415172615));
#2465 = CARTESIAN_POINT('',(-1.713595992867,2.889332990257));
#2466 = CARTESIAN_POINT('',(-1.427996660723,2.836095681457));
#2467 = CARTESIAN_POINT('',(-1.142397328578,2.785014502272));
#2468 = CARTESIAN_POINT('',(-0.856797996434,2.740228205339));
#2469 = CARTESIAN_POINT('',(-0.571198664289,2.705364987004));
#2470 = CARTESIAN_POINT('',(-0.285599332145,2.683249290897));
#2471 = CARTESIAN_POINT('',(0.,2.675672790185));
#2472 = CARTESIAN_POINT('',(0.285599332145,2.683249290897));
#2473 = CARTESIAN_POINT('',(0.571198664289,2.705364987004));
#2474 = CARTESIAN_POINT('',(0.856797996434,2.740228205339));
#2475 = CARTESIAN_POINT('',(1.142397328578,2.785014502272));
#2476 = CARTESIAN_POINT('',(1.427996660723,2.836095681457));
#2477 = CARTESIAN_POINT('',(1.713595992867,2.889332990257));
#2478 = CARTESIAN_POINT('',(1.999195325012,2.940415172615));
#2479 = CARTESIAN_POINT('',(2.284794657156,2.985197456856));
#2480 = CARTESIAN_POINT('',(2.570393989301,3.020075722785));
#2481 = CARTESIAN_POINT('',(2.855993321445,3.04213524121));
#2482 = CARTESIAN_POINT('',(3.046392876208,3.047326017106));
#2483 = CARTESIAN_POINT('',(3.14159265359,3.047230548487));
#2484 = ( GEOMETRIC_REPRESENTATION_CONTEXT(2) 
PARAMETRIC_REPRESENTATION_CONTEXT() REPRESENTATION_CONTEXT('2D SPACE',''
  ) );
#2485 = ORIENTED_EDGE('',*,*,#2486,.T.);
#2486 = EDGE_CURVE('',#2441,#2418,#2487,.T.);
#2487 = SURFACE_CURVE('',#2488,(#2493,#2500),.PCURVE_S1.);
#2488 = ELLIPSE('',#2489,4.903472871534,4.9);
#2489 = AXIS2_PLACEMENT_3D('',#2490,#2491,#2492);
#2490 = CARTESIAN_POINT('',(-11.7,-1.112714419455,-1.298960938811E-15));
#2491 = DIRECTION('',(-3.762968285262E-02,-0.999291752677,
    -4.177734031232E-18));
#2492 = DIRECTION('',(0.999291752677,-3.762968285262E-02,
    1.10943671214E-16));
#2493 = PCURVE('',#2193,#2494);
#2494 = DEFINITIONAL_REPRESENTATION('',(#2495),#2499);
#2495 = LINE('',#2496,#2497);
#2496 = CARTESIAN_POINT('',(6.28318530718,1.));
#2497 = VECTOR('',#2498,1.);
#2498 = DIRECTION('',(-1.,2.261727773485E-15));
#2499 = ( GEOMETRIC_REPRESENTATION_CONTEXT(2) 
PARAMETRIC_REPRESENTATION_CONTEXT() REPRESENTATION_CONTEXT('2D SPACE',''
  ) );
#2500 = PCURVE('',#2356,#2501);
#2501 = DEFINITIONAL_REPRESENTATION('',(#2502),#2528);
#2502 = B_SPLINE_CURVE_WITH_KNOTS('',3,(#2503,#2504,#2505,#2506,#2507,
    #2508,#2509,#2510,#2511,#2512,#2513,#2514,#2515,#2516,#2517,#2518,
    #2519,#2520,#2521,#2522,#2523,#2524,#2525,#2526,#2527),
  .UNSPECIFIED.,.F.,.F.,(4,1,1,1,1,1,1,1,1,1,1,1,1,1,1,1,1,1,1,1,1,1,4),
  (0.,0.285599332145,0.571198664289,0.856797996434,1.142397328578,
    1.427996660723,1.713595992867,1.999195325012,2.284794657156,
    2.570393989301,2.855993321445,3.14159265359,3.427191985734,
    3.712791317879,3.998390650023,4.283989982168,4.569589314312,
    4.855188646457,5.140787978601,5.426387310746,5.711986642891,
    5.997585975035,6.28318530718),.QUASI_UNIFORM_KNOTS.);
#2503 = CARTESIAN_POINT('',(-9.424777960769,3.047230548487));
#2504 = CARTESIAN_POINT('',(-9.329578183388,3.047326017106));
#2505 = CARTESIAN_POINT('',(-9.139178628625,3.04213524121));
#2506 = CARTESIAN_POINT('',(-8.85357929648,3.020075722785));
#2507 = CARTESIAN_POINT('',(-8.567979964336,2.985197456856));
#2508 = CARTESIAN_POINT('',(-8.282380632191,2.940415172615));
#2509 = CARTESIAN_POINT('',(-7.996781300047,2.889332990257));
#2510 = CARTESIAN_POINT('',(-7.711181967902,2.836095681457));
#2511 = CARTESIAN_POINT('',(-7.425582635758,2.785014502272));
#2512 = CARTESIAN_POINT('',(-7.139983303613,2.740228205339));
#2513 = CARTESIAN_POINT('',(-6.854383971469,2.705364987004));
#2514 = CARTESIAN_POINT('',(-6.568784639324,2.683249290897));
#2515 = CARTESIAN_POINT('',(-6.28318530718,2.675672790185));
#2516 = CARTESIAN_POINT('',(-5.997585975035,2.683249290897));
#2517 = CARTESIAN_POINT('',(-5.711986642891,2.705364987004));
#2518 = CARTESIAN_POINT('',(-5.426387310746,2.740228205339));
#2519 = CARTESIAN_POINT('',(-5.140787978601,2.785014502272));
#2520 = CARTESIAN_POINT('',(-4.855188646457,2.836095681457));
#2521 = CARTESIAN_POINT('',(-4.569589314312,2.889332990257));
#2522 = CARTESIAN_POINT('',(-4.283989982168,2.940415172615));
#2523 = CARTESIAN_POINT('',(-3.998390650023,2.985197456856));
#2524 = CARTESIAN_POINT('',(-3.712791317879,3.020075722785));
#2525 = CARTESIAN_POINT('',(-3.427191985734,3.04213524121));
#2526 = CARTESIAN_POINT('',(-3.236792430971,3.047326017106));
#2527 = CARTESIAN_POINT('',(-3.14159265359,3.047230548487));
#2528 = ( GEOMETRIC_REPRESENTATION_CONTEXT(2) 
PARAMETRIC_REPRESENTATION_CONTEXT() REPRESENTATION_CONTEXT('2D SPACE',''
  ) );
#2529 = ORIENTED_EDGE('',*,*,#2417,.F.);
#2530 = ADVANCED_FACE('',(#2531),#2258,.T.);
#2531 = FACE_BOUND('',#2532,.F.);
#2532 = EDGE_LOOP('',(#2533,#2534,#2561,#2588));
#2533 = ORIENTED_EDGE('',*,*,#2237,.T.);
#2534 = ORIENTED_EDGE('',*,*,#2535,.T.);
#2535 = EDGE_CURVE('',#2238,#2536,#2538,.T.);
#2536 = VERTEX_POINT('',#2537);
#2537 = CARTESIAN_POINT('',(-18.12598916708,0.,-1.05));
#2538 = SEAM_CURVE('',#2539,(#2547,#2554),.PCURVE_S1.);
#2539 = ( BOUNDED_CURVE() B_SPLINE_CURVE(6,(#2540,#2541,#2542,#2543,
#2544,#2545,#2546),.UNSPECIFIED.,.F.,.F.) B_SPLINE_CURVE_WITH_KNOTS((7,7
),(4.712388980385,6.28318530718),.PIECEWISE_BEZIER_KNOTS.) CURVE() 
GEOMETRIC_REPRESENTATION_ITEM() RATIONAL_B_SPLINE_CURVE((1.031393471788,
    1.010025407661,0.997924642725,0.993958444137,0.997924642725,
1.010025407661,1.031393471788)) REPRESENTATION_ITEM('') );
#2540 = CARTESIAN_POINT('',(-17.82598916708,0.,-0.75));
#2541 = CARTESIAN_POINT('',(-17.82598916708,0.,-0.830201034946));
#2542 = CARTESIAN_POINT('',(-17.85149047227,0.,-0.908312571775));
#2543 = CARTESIAN_POINT('',(-17.90041331312,0.,-0.975575853961));
#2544 = CARTESIAN_POINT('',(-17.9676765953,0.,-1.02449869481));
#2545 = CARTESIAN_POINT('',(-18.04578813213,0.,-1.05));
#2546 = CARTESIAN_POINT('',(-18.12598916708,0.,-1.05));
#2547 = PCURVE('',#2258,#2548);
#2548 = DEFINITIONAL_REPRESENTATION('',(#2549),#2553);
#2549 = LINE('',#2550,#2551);
#2550 = CARTESIAN_POINT('',(-6.28318530718,0.));
#2551 = VECTOR('',#2552,1.);
#2552 = DIRECTION('',(-0.,1.));
#2553 = ( GEOMETRIC_REPRESENTATION_CONTEXT(2) 
PARAMETRIC_REPRESENTATION_CONTEXT() REPRESENTATION_CONTEXT('2D SPACE',''
  ) );
#2554 = PCURVE('',#2258,#2555);
#2555 = DEFINITIONAL_REPRESENTATION('',(#2556),#2560);
#2556 = LINE('',#2557,#2558);
#2557 = CARTESIAN_POINT('',(-0.,0.));
#2558 = VECTOR('',#2559,1.);
#2559 = DIRECTION('',(-0.,1.));
#2560 = ( GEOMETRIC_REPRESENTATION_CONTEXT(2) 
PARAMETRIC_REPRESENTATION_CONTEXT() REPRESENTATION_CONTEXT('2D SPACE',''
  ) );
#2561 = ORIENTED_EDGE('',*,*,#2562,.F.);
#2562 = EDGE_CURVE('',#2536,#2536,#2563,.T.);
#2563 = SURFACE_CURVE('',#2564,(#2569,#2576),.PCURVE_S1.);
#2564 = CIRCLE('',#2565,1.05);
#2565 = AXIS2_PLACEMENT_3D('',#2566,#2567,#2568);
#2566 = CARTESIAN_POINT('',(-18.12598916708,0.,-2.01238905174E-15));
#2567 = DIRECTION('',(1.,0.,1.110223024625E-16));
#2568 = DIRECTION('',(1.110223024625E-16,0.,-1.));
#2569 = PCURVE('',#2258,#2570);
#2570 = DEFINITIONAL_REPRESENTATION('',(#2571),#2575);
#2571 = LINE('',#2572,#2573);
#2572 = CARTESIAN_POINT('',(-0.,6.28318530718));
#2573 = VECTOR('',#2574,1.);
#2574 = DIRECTION('',(-1.,0.));
#2575 = ( GEOMETRIC_REPRESENTATION_CONTEXT(2) 
PARAMETRIC_REPRESENTATION_CONTEXT() REPRESENTATION_CONTEXT('2D SPACE',''
  ) );
#2576 = PCURVE('',#2577,#2582);
#2577 = CYLINDRICAL_SURFACE('',#2578,1.05);
#2578 = AXIS2_PLACEMENT_3D('',#2579,#2580,#2581);
#2579 = CARTESIAN_POINT('',(-17.82598916708,0.,-1.979082361001E-15));
#2580 = DIRECTION('',(-1.,-0.,-1.110223024625E-16));
#2581 = DIRECTION('',(1.110223024625E-16,0.,-1.));
#2582 = DEFINITIONAL_REPRESENTATION('',(#2583),#2587);
#2583 = LINE('',#2584,#2585);
#2584 = CARTESIAN_POINT('',(-0.,0.3));
#2585 = VECTOR('',#2586,1.);
#2586 = DIRECTION('',(-1.,0.));
#2587 = ( GEOMETRIC_REPRESENTATION_CONTEXT(2) 
PARAMETRIC_REPRESENTATION_CONTEXT() REPRESENTATION_CONTEXT('2D SPACE',''
  ) );
#2588 = ORIENTED_EDGE('',*,*,#2535,.F.);
#2589 = ADVANCED_FACE('',(#2590,#2625),#2319,.T.);
#2590 = FACE_BOUND('',#2591,.F.);
#2591 = EDGE_LOOP('',(#2592));
#2592 = ORIENTED_EDGE('',*,*,#2593,.F.);
#2593 = EDGE_CURVE('',#2594,#2594,#2596,.T.);
#2594 = VERTEX_POINT('',#2595);
#2595 = CARTESIAN_POINT('',(-1.2,2.143131898508E-16,3.5));
#2596 = SURFACE_CURVE('',#2597,(#2602,#2613),.PCURVE_S1.);
#2597 = CIRCLE('',#2598,3.5);
#2598 = AXIS2_PLACEMENT_3D('',#2599,#2600,#2601);
#2599 = CARTESIAN_POINT('',(-1.2,2.143131898508E-16,-1.33226762955E-16)
  );
#2600 = DIRECTION('',(-1.,-0.,-1.110223024625E-16));
#2601 = DIRECTION('',(-1.110223024625E-16,-0.,1.));
#2602 = PCURVE('',#2319,#2603);
#2603 = DEFINITIONAL_REPRESENTATION('',(#2604),#2612);
#2604 = ( BOUNDED_CURVE() B_SPLINE_CURVE(2,(#2605,#2606,#2607,#2608,
#2609,#2610,#2611),.UNSPECIFIED.,.T.,.F.) B_SPLINE_CURVE_WITH_KNOTS((1,2
    ,2,2,2,1),(-2.094395102393,0.,2.094395102393,4.188790204786,
6.28318530718,8.377580409573),.UNSPECIFIED.) CURVE() 
GEOMETRIC_REPRESENTATION_ITEM() RATIONAL_B_SPLINE_CURVE((1.,0.5,1.,0.5,
1.,0.5,1.)) REPRESENTATION_ITEM('') );
#2605 = CARTESIAN_POINT('',(-3.5,2.143131898508E-16));
#2606 = CARTESIAN_POINT('',(-3.5,6.062177826491));
#2607 = CARTESIAN_POINT('',(1.75,3.031088913246));
#2608 = CARTESIAN_POINT('',(7.,1.071565949254E-15));
#2609 = CARTESIAN_POINT('',(1.75,-3.031088913246));
#2610 = CARTESIAN_POINT('',(-3.5,-6.062177826491));
#2611 = CARTESIAN_POINT('',(-3.5,2.143131898508E-16));
#2612 = ( GEOMETRIC_REPRESENTATION_CONTEXT(2) 
PARAMETRIC_REPRESENTATION_CONTEXT() REPRESENTATION_CONTEXT('2D SPACE',''
  ) );
#2613 = PCURVE('',#2614,#2619);
#2614 = CYLINDRICAL_SURFACE('',#2615,3.5);
#2615 = AXIS2_PLACEMENT_3D('',#2616,#2617,#2618);
#2616 = CARTESIAN_POINT('',(-1.2,2.143131898508E-16,-1.33226762955E-16)
  );
#2617 = DIRECTION('',(1.,-0.,1.110223024625E-16));
#2618 = DIRECTION('',(-1.110223024625E-16,-0.,1.));
#2619 = DEFINITIONAL_REPRESENTATION('',(#2620),#2624);
#2620 = LINE('',#2621,#2622);
#2621 = CARTESIAN_POINT('',(-0.,0.));
#2622 = VECTOR('',#2623,1.);
#2623 = DIRECTION('',(-1.,0.));
#2624 = ( GEOMETRIC_REPRESENTATION_CONTEXT(2) 
PARAMETRIC_REPRESENTATION_CONTEXT() REPRESENTATION_CONTEXT('2D SPACE',''
  ) );
#2625 = FACE_BOUND('',#2626,.F.);
#2626 = EDGE_LOOP('',(#2627));
#2627 = ORIENTED_EDGE('',*,*,#2304,.T.);
#2628 = ADVANCED_FACE('',(#2629),#2356,.F.);
#2629 = FACE_BOUND('',#2630,.T.);
#2630 = EDGE_LOOP('',(#2631,#2632,#2652,#2653,#2654));
#2631 = ORIENTED_EDGE('',*,*,#2440,.T.);
#2632 = ORIENTED_EDGE('',*,*,#2633,.F.);
#2633 = EDGE_CURVE('',#2340,#2441,#2634,.T.);
#2634 = SEAM_CURVE('',#2635,(#2638,#2645),.PCURVE_S1.);
#2635 = B_SPLINE_CURVE_WITH_KNOTS('',1,(#2636,#2637),.UNSPECIFIED.,.F.,
  .F.,(2,2),(0.821801709578,2.678198290422),.PIECEWISE_BEZIER_KNOTS.);
#2636 = CARTESIAN_POINT('',(-16.6,0.928198290422,-3.043124084042E-15));
#2637 = CARTESIAN_POINT('',(-16.6,-0.928198290422,-3.043124084042E-15));
#2638 = PCURVE('',#2356,#2639);
#2639 = DEFINITIONAL_REPRESENTATION('',(#2640),#2644);
#2640 = LINE('',#2641,#2642);
#2641 = CARTESIAN_POINT('',(-0.,0.));
#2642 = VECTOR('',#2643,1.);
#2643 = DIRECTION('',(-0.,1.));
#2644 = ( GEOMETRIC_REPRESENTATION_CONTEXT(2) 
PARAMETRIC_REPRESENTATION_CONTEXT() REPRESENTATION_CONTEXT('2D SPACE',''
  ) );
#2645 = PCURVE('',#2356,#2646);
#2646 = DEFINITIONAL_REPRESENTATION('',(#2647),#2651);
#2647 = LINE('',#2648,#2649);
#2648 = CARTESIAN_POINT('',(-6.28318530718,0.));
#2649 = VECTOR('',#2650,1.);
#2650 = DIRECTION('',(-0.,1.));
#2651 = ( GEOMETRIC_REPRESENTATION_CONTEXT(2) 
PARAMETRIC_REPRESENTATION_CONTEXT() REPRESENTATION_CONTEXT('2D SPACE',''
  ) );
#2652 = ORIENTED_EDGE('',*,*,#2339,.F.);
#2653 = ORIENTED_EDGE('',*,*,#2633,.T.);
#2654 = ORIENTED_EDGE('',*,*,#2486,.T.);
#2655 = ADVANCED_FACE('',(#2656),#2577,.T.);
#2656 = FACE_BOUND('',#2657,.F.);
#2657 = EDGE_LOOP('',(#2658,#2687,#2707,#2708));
#2658 = ORIENTED_EDGE('',*,*,#2659,.F.);
#2659 = EDGE_CURVE('',#2660,#2660,#2662,.T.);
#2660 = VERTEX_POINT('',#2661);
#2661 = CARTESIAN_POINT('',(-18.72598916708,0.,-1.05));
#2662 = SURFACE_CURVE('',#2663,(#2668,#2675),.PCURVE_S1.);
#2663 = CIRCLE('',#2664,1.05);
#2664 = AXIS2_PLACEMENT_3D('',#2665,#2666,#2667);
#2665 = CARTESIAN_POINT('',(-18.72598916708,0.,-2.079002433217E-15));
#2666 = DIRECTION('',(1.,0.,1.110223024625E-16));
#2667 = DIRECTION('',(1.110223024625E-16,0.,-1.));
#2668 = PCURVE('',#2577,#2669);
#2669 = DEFINITIONAL_REPRESENTATION('',(#2670),#2674);
#2670 = LINE('',#2671,#2672);
#2671 = CARTESIAN_POINT('',(-0.,0.9));
#2672 = VECTOR('',#2673,1.);
#2673 = DIRECTION('',(-1.,0.));
#2674 = ( GEOMETRIC_REPRESENTATION_CONTEXT(2) 
PARAMETRIC_REPRESENTATION_CONTEXT() REPRESENTATION_CONTEXT('2D SPACE',''
  ) );
#2675 = PCURVE('',#2676,#2681);
#2676 = TOROIDAL_SURFACE('',#2677,0.75,0.3);
#2677 = AXIS2_PLACEMENT_3D('',#2678,#2679,#2680);
#2678 = CARTESIAN_POINT('',(-18.72598916708,0.,-2.079002433217E-15));
#2679 = DIRECTION('',(-1.,-0.,-1.110223024625E-16));
#2680 = DIRECTION('',(1.110223024625E-16,0.,-1.));
#2681 = DEFINITIONAL_REPRESENTATION('',(#2682),#2686);
#2682 = LINE('',#2683,#2684);
#2683 = CARTESIAN_POINT('',(-0.,6.28318530718));
#2684 = VECTOR('',#2685,1.);
#2685 = DIRECTION('',(-1.,0.));
#2686 = ( GEOMETRIC_REPRESENTATION_CONTEXT(2) 
PARAMETRIC_REPRESENTATION_CONTEXT() REPRESENTATION_CONTEXT('2D SPACE',''
  ) );
#2687 = ORIENTED_EDGE('',*,*,#2688,.F.);
#2688 = EDGE_CURVE('',#2536,#2660,#2689,.T.);
#2689 = SEAM_CURVE('',#2690,(#2693,#2700),.PCURVE_S1.);
#2690 = B_SPLINE_CURVE_WITH_KNOTS('',1,(#2691,#2692),.UNSPECIFIED.,.F.,
  .F.,(2,2),(0.3,0.9),.PIECEWISE_BEZIER_KNOTS.);
#2691 = CARTESIAN_POINT('',(-18.12598916708,-2.571758278209E-16,-1.05));
#2692 = CARTESIAN_POINT('',(-18.72598916708,-2.571758278209E-16,-1.05));
#2693 = PCURVE('',#2577,#2694);
#2694 = DEFINITIONAL_REPRESENTATION('',(#2695),#2699);
#2695 = LINE('',#2696,#2697);
#2696 = CARTESIAN_POINT('',(-0.,0.));
#2697 = VECTOR('',#2698,1.);
#2698 = DIRECTION('',(-0.,1.));
#2699 = ( GEOMETRIC_REPRESENTATION_CONTEXT(2) 
PARAMETRIC_REPRESENTATION_CONTEXT() REPRESENTATION_CONTEXT('2D SPACE',''
  ) );
#2700 = PCURVE('',#2577,#2701);
#2701 = DEFINITIONAL_REPRESENTATION('',(#2702),#2706);
#2702 = LINE('',#2703,#2704);
#2703 = CARTESIAN_POINT('',(-6.28318530718,0.));
#2704 = VECTOR('',#2705,1.);
#2705 = DIRECTION('',(-0.,1.));
#2706 = ( GEOMETRIC_REPRESENTATION_CONTEXT(2) 
PARAMETRIC_REPRESENTATION_CONTEXT() REPRESENTATION_CONTEXT('2D SPACE',''
  ) );
#2707 = ORIENTED_EDGE('',*,*,#2562,.T.);
#2708 = ORIENTED_EDGE('',*,*,#2688,.T.);
#2709 = ADVANCED_FACE('',(#2710),#2614,.T.);
#2710 = FACE_BOUND('',#2711,.F.);
#2711 = EDGE_LOOP('',(#2712,#2713,#2735,#2766));
#2712 = ORIENTED_EDGE('',*,*,#2593,.T.);
#2713 = ORIENTED_EDGE('',*,*,#2714,.T.);
#2714 = EDGE_CURVE('',#2594,#2715,#2717,.T.);
#2715 = VERTEX_POINT('',#2716);
#2716 = CARTESIAN_POINT('',(-3.885780586188E-16,2.143131898508E-16,3.5)
  );
#2717 = SEAM_CURVE('',#2718,(#2721,#2728),.PCURVE_S1.);
#2718 = B_SPLINE_CURVE_WITH_KNOTS('',1,(#2719,#2720),.UNSPECIFIED.,.F.,
  .F.,(2,2),(0.,1.2),.PIECEWISE_BEZIER_KNOTS.);
#2719 = CARTESIAN_POINT('',(-1.2,2.143131898508E-16,3.5));
#2720 = CARTESIAN_POINT('',(-3.885780586188E-16,2.143131898508E-16,3.5)
  );
#2721 = PCURVE('',#2614,#2722);
#2722 = DEFINITIONAL_REPRESENTATION('',(#2723),#2727);
#2723 = LINE('',#2724,#2725);
#2724 = CARTESIAN_POINT('',(-6.28318530718,0.));
#2725 = VECTOR('',#2726,1.);
#2726 = DIRECTION('',(-0.,1.));
#2727 = ( GEOMETRIC_REPRESENTATION_CONTEXT(2) 
PARAMETRIC_REPRESENTATION_CONTEXT() REPRESENTATION_CONTEXT('2D SPACE',''
  ) );
#2728 = PCURVE('',#2614,#2729);
#2729 = DEFINITIONAL_REPRESENTATION('',(#2730),#2734);
#2730 = LINE('',#2731,#2732);
#2731 = CARTESIAN_POINT('',(-0.,0.));
#2732 = VECTOR('',#2733,1.);
#2733 = DIRECTION('',(-0.,1.));
#2734 = ( GEOMETRIC_REPRESENTATION_CONTEXT(2) 
PARAMETRIC_REPRESENTATION_CONTEXT() REPRESENTATION_CONTEXT('2D SPACE',''
  ) );
#2735 = ORIENTED_EDGE('',*,*,#2736,.F.);
#2736 = EDGE_CURVE('',#2715,#2715,#2737,.T.);
#2737 = SURFACE_CURVE('',#2738,(#2743,#2750),.PCURVE_S1.);
#2738 = CIRCLE('',#2739,3.5);
#2739 = AXIS2_PLACEMENT_3D('',#2740,#2741,#2742);
#2740 = CARTESIAN_POINT('',(0.,2.143131898508E-16,0.));
#2741 = DIRECTION('',(-1.,-0.,-1.110223024625E-16));
#2742 = DIRECTION('',(-1.110223024625E-16,-0.,1.));
#2743 = PCURVE('',#2614,#2744);
#2744 = DEFINITIONAL_REPRESENTATION('',(#2745),#2749);
#2745 = LINE('',#2746,#2747);
#2746 = CARTESIAN_POINT('',(-0.,1.2));
#2747 = VECTOR('',#2748,1.);
#2748 = DIRECTION('',(-1.,0.));
#2749 = ( GEOMETRIC_REPRESENTATION_CONTEXT(2) 
PARAMETRIC_REPRESENTATION_CONTEXT() REPRESENTATION_CONTEXT('2D SPACE',''
  ) );
#2750 = PCURVE('',#2751,#2756);
#2751 = PLANE('',#2752);
#2752 = AXIS2_PLACEMENT_3D('',#2753,#2754,#2755);
#2753 = CARTESIAN_POINT('',(0.,0.,0.));
#2754 = DIRECTION('',(1.,-0.,1.110223024625E-16));
#2755 = DIRECTION('',(1.110223024625E-16,0.,-1.));
#2756 = DEFINITIONAL_REPRESENTATION('',(#2757),#2765);
#2757 = ( BOUNDED_CURVE() B_SPLINE_CURVE(2,(#2758,#2759,#2760,#2761,
#2762,#2763,#2764),.UNSPECIFIED.,.T.,.F.) B_SPLINE_CURVE_WITH_KNOTS((1,2
    ,2,2,2,1),(-2.094395102393,0.,2.094395102393,4.188790204786,
6.28318530718,8.377580409573),.UNSPECIFIED.) CURVE() 
GEOMETRIC_REPRESENTATION_ITEM() RATIONAL_B_SPLINE_CURVE((1.,0.5,1.,0.5,
1.,0.5,1.)) REPRESENTATION_ITEM('') );
#2758 = CARTESIAN_POINT('',(-3.5,2.143131898508E-16));
#2759 = CARTESIAN_POINT('',(-3.5,6.062177826491));
#2760 = CARTESIAN_POINT('',(1.75,3.031088913246));
#2761 = CARTESIAN_POINT('',(7.,1.071565949254E-15));
#2762 = CARTESIAN_POINT('',(1.75,-3.031088913246));
#2763 = CARTESIAN_POINT('',(-3.5,-6.062177826491));
#2764 = CARTESIAN_POINT('',(-3.5,2.143131898508E-16));
#2765 = ( GEOMETRIC_REPRESENTATION_CONTEXT(2) 
PARAMETRIC_REPRESENTATION_CONTEXT() REPRESENTATION_CONTEXT('2D SPACE',''
  ) );
#2766 = ORIENTED_EDGE('',*,*,#2714,.F.);
#2767 = ADVANCED_FACE('',(#2768),#2676,.T.);
#2768 = FACE_BOUND('',#2769,.F.);
#2769 = EDGE_LOOP('',(#2770,#2771,#2798,#2829));
#2770 = ORIENTED_EDGE('',*,*,#2659,.T.);
#2771 = ORIENTED_EDGE('',*,*,#2772,.T.);
#2772 = EDGE_CURVE('',#2660,#2773,#2775,.T.);
#2773 = VERTEX_POINT('',#2774);
#2774 = CARTESIAN_POINT('',(-19.02598916708,0.,-0.75));
#2775 = SEAM_CURVE('',#2776,(#2784,#2791),.PCURVE_S1.);
#2776 = ( BOUNDED_CURVE() B_SPLINE_CURVE(6,(#2777,#2778,#2779,#2780,
#2781,#2782,#2783),.UNSPECIFIED.,.F.,.F.) B_SPLINE_CURVE_WITH_KNOTS((7,7
),(0.,1.570796326795),.PIECEWISE_BEZIER_KNOTS.) CURVE() 
GEOMETRIC_REPRESENTATION_ITEM() RATIONAL_B_SPLINE_CURVE((1.031393471788,
    1.010025407661,0.997924642725,0.993958444137,0.997924642725,
1.010025407661,1.031393471788)) REPRESENTATION_ITEM('') );
#2777 = CARTESIAN_POINT('',(-18.72598916708,0.,-1.05));
#2778 = CARTESIAN_POINT('',(-18.80619020202,0.,-1.05));
#2779 = CARTESIAN_POINT('',(-18.88430173885,0.,-1.02449869481));
#2780 = CARTESIAN_POINT('',(-18.95156502104,0.,-0.975575853961));
#2781 = CARTESIAN_POINT('',(-19.00048786189,0.,-0.908312571775));
#2782 = CARTESIAN_POINT('',(-19.02598916708,0.,-0.830201034946));
#2783 = CARTESIAN_POINT('',(-19.02598916708,0.,-0.75));
#2784 = PCURVE('',#2676,#2785);
#2785 = DEFINITIONAL_REPRESENTATION('',(#2786),#2790);
#2786 = LINE('',#2787,#2788);
#2787 = CARTESIAN_POINT('',(-6.28318530718,6.28318530718));
#2788 = VECTOR('',#2789,1.);
#2789 = DIRECTION('',(-0.,1.));
#2790 = ( GEOMETRIC_REPRESENTATION_CONTEXT(2) 
PARAMETRIC_REPRESENTATION_CONTEXT() REPRESENTATION_CONTEXT('2D SPACE',''
  ) );
#2791 = PCURVE('',#2676,#2792);
#2792 = DEFINITIONAL_REPRESENTATION('',(#2793),#2797);
#2793 = LINE('',#2794,#2795);
#2794 = CARTESIAN_POINT('',(-0.,6.28318530718));
#2795 = VECTOR('',#2796,1.);
#2796 = DIRECTION('',(-0.,1.));
#2797 = ( GEOMETRIC_REPRESENTATION_CONTEXT(2) 
PARAMETRIC_REPRESENTATION_CONTEXT() REPRESENTATION_CONTEXT('2D SPACE',''
  ) );
#2798 = ORIENTED_EDGE('',*,*,#2799,.F.);
#2799 = EDGE_CURVE('',#2773,#2773,#2800,.T.);
#2800 = SURFACE_CURVE('',#2801,(#2806,#2813),.PCURVE_S1.);
#2801 = CIRCLE('',#2802,0.75);
#2802 = AXIS2_PLACEMENT_3D('',#2803,#2804,#2805);
#2803 = CARTESIAN_POINT('',(-19.02598916708,0.,-2.112309123956E-15));
#2804 = DIRECTION('',(1.,0.,1.110223024625E-16));
#2805 = DIRECTION('',(1.110223024625E-16,0.,-1.));
#2806 = PCURVE('',#2676,#2807);
#2807 = DEFINITIONAL_REPRESENTATION('',(#2808),#2812);
#2808 = LINE('',#2809,#2810);
#2809 = CARTESIAN_POINT('',(-0.,7.853981633974));
#2810 = VECTOR('',#2811,1.);
#2811 = DIRECTION('',(-1.,0.));
#2812 = ( GEOMETRIC_REPRESENTATION_CONTEXT(2) 
PARAMETRIC_REPRESENTATION_CONTEXT() REPRESENTATION_CONTEXT('2D SPACE',''
  ) );
#2813 = PCURVE('',#2814,#2819);
#2814 = PLANE('',#2815);
#2815 = AXIS2_PLACEMENT_3D('',#2816,#2817,#2818);
#2816 = CARTESIAN_POINT('',(-19.02598916708,0.,0.375));
#2817 = DIRECTION('',(-1.,-0.,-1.110223024625E-16));
#2818 = DIRECTION('',(-1.110223024625E-16,-0.,1.));
#2819 = DEFINITIONAL_REPRESENTATION('',(#2820),#2828);
#2820 = ( BOUNDED_CURVE() B_SPLINE_CURVE(2,(#2821,#2822,#2823,#2824,
#2825,#2826,#2827),.UNSPECIFIED.,.T.,.F.) B_SPLINE_CURVE_WITH_KNOTS((1,2
    ,2,2,2,1),(-2.094395102393,0.,2.094395102393,4.188790204786,
6.28318530718,8.377580409573),.UNSPECIFIED.) CURVE() 
GEOMETRIC_REPRESENTATION_ITEM() RATIONAL_B_SPLINE_CURVE((1.,0.5,1.,0.5,
1.,0.5,1.)) REPRESENTATION_ITEM('') );
#2821 = CARTESIAN_POINT('',(-1.125,0.));
#2822 = CARTESIAN_POINT('',(-1.125,1.299038105677));
#2823 = CARTESIAN_POINT('',(-1.665334536938E-16,0.649519052838));
#2824 = CARTESIAN_POINT('',(1.125,1.836970198721E-16));
#2825 = CARTESIAN_POINT('',(3.330669073875E-16,-0.649519052838));
#2826 = CARTESIAN_POINT('',(-1.125,-1.299038105677));
#2827 = CARTESIAN_POINT('',(-1.125,0.));
#2828 = ( GEOMETRIC_REPRESENTATION_CONTEXT(2) 
PARAMETRIC_REPRESENTATION_CONTEXT() REPRESENTATION_CONTEXT('2D SPACE',''
  ) );
#2829 = ORIENTED_EDGE('',*,*,#2772,.F.);
#2830 = ADVANCED_FACE('',(#2831,#2834),#2751,.T.);
#2831 = FACE_BOUND('',#2832,.F.);
#2832 = EDGE_LOOP('',(#2833));
#2833 = ORIENTED_EDGE('',*,*,#2736,.T.);
#2834 = FACE_BOUND('',#2835,.F.);
#2835 = EDGE_LOOP('',(#2836));
#2836 = ORIENTED_EDGE('',*,*,#2837,.F.);
#2837 = EDGE_CURVE('',#2838,#2838,#2840,.T.);
#2838 = VERTEX_POINT('',#2839);
#2839 = CARTESIAN_POINT('',(-2.636779683485E-16,0.,2.375));
#2840 = SURFACE_CURVE('',#2841,(#2846,#2857),.PCURVE_S1.);
#2841 = CIRCLE('',#2842,2.375);
#2842 = AXIS2_PLACEMENT_3D('',#2843,#2844,#2845);
#2843 = CARTESIAN_POINT('',(0.,0.,0.));
#2844 = DIRECTION('',(-1.,-0.,-1.110223024625E-16));
#2845 = DIRECTION('',(-1.110223024625E-16,-0.,1.));
#2846 = PCURVE('',#2751,#2847);
#2847 = DEFINITIONAL_REPRESENTATION('',(#2848),#2856);
#2848 = ( BOUNDED_CURVE() B_SPLINE_CURVE(2,(#2849,#2850,#2851,#2852,
#2853,#2854,#2855),.UNSPECIFIED.,.T.,.F.) B_SPLINE_CURVE_WITH_KNOTS((1,2
    ,2,2,2,1),(-2.094395102393,0.,2.094395102393,4.188790204786,
6.28318530718,8.377580409573),.UNSPECIFIED.) CURVE() 
GEOMETRIC_REPRESENTATION_ITEM() RATIONAL_B_SPLINE_CURVE((1.,0.5,1.,0.5,
1.,0.5,1.)) REPRESENTATION_ITEM('') );
#2849 = CARTESIAN_POINT('',(-2.375,0.));
#2850 = CARTESIAN_POINT('',(-2.375,4.113620667976));
#2851 = CARTESIAN_POINT('',(1.1875,2.056810333988));
#2852 = CARTESIAN_POINT('',(4.75,5.81707229595E-16));
#2853 = CARTESIAN_POINT('',(1.1875,-2.056810333988));
#2854 = CARTESIAN_POINT('',(-2.375,-4.113620667976));
#2855 = CARTESIAN_POINT('',(-2.375,0.));
#2856 = ( GEOMETRIC_REPRESENTATION_CONTEXT(2) 
PARAMETRIC_REPRESENTATION_CONTEXT() REPRESENTATION_CONTEXT('2D SPACE',''
  ) );
#2857 = PCURVE('',#2858,#2863);
#2858 = TOROIDAL_SURFACE('',#2859,2.375,0.35);
#2859 = AXIS2_PLACEMENT_3D('',#2860,#2861,#2862);
#2860 = CARTESIAN_POINT('',(0.35,0.,0.));
#2861 = DIRECTION('',(1.,-0.,1.110223024625E-16));
#2862 = DIRECTION('',(-1.110223024625E-16,-0.,1.));
#2863 = DEFINITIONAL_REPRESENTATION('',(#2864),#2868);
#2864 = LINE('',#2865,#2866);
#2865 = CARTESIAN_POINT('',(-0.,4.712388980385));
#2866 = VECTOR('',#2867,1.);
#2867 = DIRECTION('',(-1.,0.));
#2868 = ( GEOMETRIC_REPRESENTATION_CONTEXT(2) 
PARAMETRIC_REPRESENTATION_CONTEXT() REPRESENTATION_CONTEXT('2D SPACE',''
  ) );
#2869 = ADVANCED_FACE('',(#2870),#2814,.T.);
#2870 = FACE_BOUND('',#2871,.F.);
#2871 = EDGE_LOOP('',(#2872));
#2872 = ORIENTED_EDGE('',*,*,#2799,.T.);
#2873 = ADVANCED_FACE('',(#2874),#2858,.F.);
#2874 = FACE_BOUND('',#2875,.T.);
#2875 = EDGE_LOOP('',(#2876,#2909,#2931,#2932));
#2876 = ORIENTED_EDGE('',*,*,#2877,.T.);
#2877 = EDGE_CURVE('',#2878,#2878,#2880,.T.);
#2878 = VERTEX_POINT('',#2879);
#2879 = CARTESIAN_POINT('',(0.7,0.,2.375));
#2880 = SURFACE_CURVE('',#2881,(#2886,#2893),.PCURVE_S1.);
#2881 = CIRCLE('',#2882,2.375);
#2882 = AXIS2_PLACEMENT_3D('',#2883,#2884,#2885);
#2883 = CARTESIAN_POINT('',(0.7,0.,0.));
#2884 = DIRECTION('',(-1.,-0.,-1.110223024625E-16));
#2885 = DIRECTION('',(-1.110223024625E-16,-0.,1.));
#2886 = PCURVE('',#2858,#2887);
#2887 = DEFINITIONAL_REPRESENTATION('',(#2888),#2892);
#2888 = LINE('',#2889,#2890);
#2889 = CARTESIAN_POINT('',(-0.,1.570796326795));
#2890 = VECTOR('',#2891,1.);
#2891 = DIRECTION('',(-1.,0.));
#2892 = ( GEOMETRIC_REPRESENTATION_CONTEXT(2) 
PARAMETRIC_REPRESENTATION_CONTEXT() REPRESENTATION_CONTEXT('2D SPACE',''
  ) );
#2893 = PCURVE('',#2894,#2899);
#2894 = PLANE('',#2895);
#2895 = AXIS2_PLACEMENT_3D('',#2896,#2897,#2898);
#2896 = CARTESIAN_POINT('',(0.7,0.,0.));
#2897 = DIRECTION('',(1.,-0.,1.110223024625E-16));
#2898 = DIRECTION('',(1.110223024625E-16,0.,-1.));
#2899 = DEFINITIONAL_REPRESENTATION('',(#2900),#2908);
#2900 = ( BOUNDED_CURVE() B_SPLINE_CURVE(2,(#2901,#2902,#2903,#2904,
#2905,#2906,#2907),.UNSPECIFIED.,.T.,.F.) B_SPLINE_CURVE_WITH_KNOTS((1,2
    ,2,2,2,1),(-2.094395102393,0.,2.094395102393,4.188790204786,
6.28318530718,8.377580409573),.UNSPECIFIED.) CURVE() 
GEOMETRIC_REPRESENTATION_ITEM() RATIONAL_B_SPLINE_CURVE((1.,0.5,1.,0.5,
1.,0.5,1.)) REPRESENTATION_ITEM('') );
#2901 = CARTESIAN_POINT('',(-2.375,0.));
#2902 = CARTESIAN_POINT('',(-2.375,4.113620667976));
#2903 = CARTESIAN_POINT('',(1.1875,2.056810333988));
#2904 = CARTESIAN_POINT('',(4.75,5.81707229595E-16));
#2905 = CARTESIAN_POINT('',(1.1875,-2.056810333988));
#2906 = CARTESIAN_POINT('',(-2.375,-4.113620667976));
#2907 = CARTESIAN_POINT('',(-2.375,0.));
#2908 = ( GEOMETRIC_REPRESENTATION_CONTEXT(2) 
PARAMETRIC_REPRESENTATION_CONTEXT() REPRESENTATION_CONTEXT('2D SPACE',''
  ) );
#2909 = ORIENTED_EDGE('',*,*,#2910,.T.);
#2910 = EDGE_CURVE('',#2878,#2838,#2911,.T.);
#2911 = SEAM_CURVE('',#2912,(#2917,#2924),.PCURVE_S1.);
#2912 = CIRCLE('',#2913,0.35);
#2913 = AXIS2_PLACEMENT_3D('',#2914,#2915,#2916);
#2914 = CARTESIAN_POINT('',(0.35,0.,2.375));
#2915 = DIRECTION('',(0.,1.,0.));
#2916 = DIRECTION('',(-1.110223024625E-16,-0.,1.));
#2917 = PCURVE('',#2858,#2918);
#2918 = DEFINITIONAL_REPRESENTATION('',(#2919),#2923);
#2919 = LINE('',#2920,#2921);
#2920 = CARTESIAN_POINT('',(-6.28318530718,0.));
#2921 = VECTOR('',#2922,1.);
#2922 = DIRECTION('',(-0.,1.));
#2923 = ( GEOMETRIC_REPRESENTATION_CONTEXT(2) 
PARAMETRIC_REPRESENTATION_CONTEXT() REPRESENTATION_CONTEXT('2D SPACE',''
  ) );
#2924 = PCURVE('',#2858,#2925);
#2925 = DEFINITIONAL_REPRESENTATION('',(#2926),#2930);
#2926 = LINE('',#2927,#2928);
#2927 = CARTESIAN_POINT('',(-4.138911435803E-13,0.));
#2928 = VECTOR('',#2929,1.);
#2929 = DIRECTION('',(-0.,1.));
#2930 = ( GEOMETRIC_REPRESENTATION_CONTEXT(2) 
PARAMETRIC_REPRESENTATION_CONTEXT() REPRESENTATION_CONTEXT('2D SPACE',''
  ) );
#2931 = ORIENTED_EDGE('',*,*,#2837,.F.);
#2932 = ORIENTED_EDGE('',*,*,#2910,.F.);
#2933 = ADVANCED_FACE('',(#2934,#3686),#2894,.F.);
#2934 = FACE_BOUND('',#2935,.F.);
#2935 = EDGE_LOOP('',(#2936,#3196,#3409,#3442,#3475));
#2936 = ORIENTED_EDGE('',*,*,#2937,.T.);
#2937 = EDGE_CURVE('',#2938,#2940,#2942,.T.);
#2938 = VERTEX_POINT('',#2939);
#2939 = CARTESIAN_POINT('',(0.7,-1.688342488832,-3.065915106958));
#2940 = VERTEX_POINT('',#2941);
#2941 = CARTESIAN_POINT('',(0.7,3.24476023728,-1.312055387501));
#2942 = SURFACE_CURVE('',#2943,(#2981,#3022),.PCURVE_S1.);
#2943 = B_SPLINE_CURVE_WITH_KNOTS('',6,(#2944,#2945,#2946,#2947,#2948,
    #2949,#2950,#2951,#2952,#2953,#2954,#2955,#2956,#2957,#2958,#2959,
    #2960,#2961,#2962,#2963,#2964,#2965,#2966,#2967,#2968,#2969,#2970,
    #2971,#2972,#2973,#2974,#2975,#2976,#2977,#2978,#2979,#2980),
  .UNSPECIFIED.,.F.,.F.,(7,5,5,5,5,5,5,7),(0.,0.113004542368,
    0.15200740472,0.181009860442,0.209012436412,0.567012522831,
    0.915996589706,1.),.UNSPECIFIED.);
#2944 = CARTESIAN_POINT('',(0.7,-1.688342488832,-3.065915106958));
#2945 = CARTESIAN_POINT('',(0.7,-1.590766019816,-3.119644507309));
#2946 = CARTESIAN_POINT('',(0.7,-1.491137023012,-3.169647316856));
#2947 = CARTESIAN_POINT('',(0.7,-1.389634199725,-3.215825347686));
#2948 = CARTESIAN_POINT('',(0.7,-1.286441362438,-3.258092288292));
#2949 = CARTESIAN_POINT('',(0.7,-1.181747434819,-3.296373703579));
#2950 = CARTESIAN_POINT('',(0.7,-1.039160827223,-3.34242247059));
#2951 = CARTESIAN_POINT('',(0.7,-1.002419457961,-3.353755695435));
#2952 = CARTESIAN_POINT('',(0.7,-0.965530294295,-3.364604146979));
#2953 = CARTESIAN_POINT('',(0.7,-0.92850133682,-3.3749654387));
#2954 = CARTESIAN_POINT('',(0.7,-0.891340636363,-3.384837359969));
#2955 = CARTESIAN_POINT('',(0.7,-0.826331726511,-3.401193210309));
#2956 = CARTESIAN_POINT('',(0.7,-0.798538791375,-3.40789682821));
#2957 = CARTESIAN_POINT('',(0.7,-0.770680818753,-3.414327893332));
#2958 = CARTESIAN_POINT('',(0.7,-0.742761151078,-3.42048562379));
#2959 = CARTESIAN_POINT('',(0.7,-0.714783143045,-3.426369292234));
#2960 = CARTESIAN_POINT('',(0.7,-0.659683636621,-3.437393787585));
#2961 = CARTESIAN_POINT('',(0.7,-0.632565862696,-3.442553231432));
#2962 = CARTESIAN_POINT('',(0.7,-0.605399870366,-3.44745595181));
#2963 = CARTESIAN_POINT('',(0.7,-0.578188698547,-3.452101390976));
#2964 = CARTESIAN_POINT('',(0.7,-0.550935394529,-3.456489039028));
#2965 = CARTESIAN_POINT('',(0.7,-0.174722450241,-3.513410852763));
#2966 = CARTESIAN_POINT('',(0.7,0.180689547127,-3.524008656524));
#2967 = CARTESIAN_POINT('',(0.7,0.535980130038,-3.491366841689));
#2968 = CARTESIAN_POINT('',(0.7,0.884705000696,-3.415951328786));
#2969 = CARTESIAN_POINT('',(0.7,1.220574292056,-3.299240524619));
#2970 = CARTESIAN_POINT('',(0.7,1.846621975602,-2.993094142481));
#2971 = CARTESIAN_POINT('',(0.7,2.137911240876,-2.805479473184));
#2972 = CARTESIAN_POINT('',(0.7,2.405875494336,-2.584056918241));
#2973 = CARTESIAN_POINT('',(0.7,2.645829855161,-2.332552411607));
#2974 = CARTESIAN_POINT('',(0.7,2.853730485892,-2.055378502283));
#2975 = CARTESIAN_POINT('',(0.7,3.068092393638,-1.686307628322));
#2976 = CARTESIAN_POINT('',(0.7,3.107648020339,-1.61352399841));
#2977 = CARTESIAN_POINT('',(0.7,3.145129235485,-1.539632064921));
#2978 = CARTESIAN_POINT('',(0.7,3.180497651722,-1.464705858781));
#2979 = CARTESIAN_POINT('',(0.7,3.213718421543,-1.388821137966));
#2980 = CARTESIAN_POINT('',(0.7,3.24476023728,-1.312055387502));
#2981 = PCURVE('',#2894,#2982);
#2982 = DEFINITIONAL_REPRESENTATION('',(#2983),#3021);
#2983 = B_SPLINE_CURVE_WITH_KNOTS('',6,(#2984,#2985,#2986,#2987,#2988,
    #2989,#2990,#2991,#2992,#2993,#2994,#2995,#2996,#2997,#2998,#2999,
    #3000,#3001,#3002,#3003,#3004,#3005,#3006,#3007,#3008,#3009,#3010,
    #3011,#3012,#3013,#3014,#3015,#3016,#3017,#3018,#3019,#3020),
  .UNSPECIFIED.,.F.,.F.,(7,5,5,5,5,5,5,7),(0.,0.113004542368,
    0.15200740472,0.181009860442,0.209012436412,0.567012522831,
    0.915996589706,1.),.UNSPECIFIED.);
#2984 = CARTESIAN_POINT('',(3.065915106958,-1.688342488832));
#2985 = CARTESIAN_POINT('',(3.119644507309,-1.590766019816));
#2986 = CARTESIAN_POINT('',(3.169647316856,-1.491137023012));
#2987 = CARTESIAN_POINT('',(3.215825347686,-1.389634199725));
#2988 = CARTESIAN_POINT('',(3.258092288292,-1.286441362438));
#2989 = CARTESIAN_POINT('',(3.296373703579,-1.181747434819));
#2990 = CARTESIAN_POINT('',(3.34242247059,-1.039160827223));
#2991 = CARTESIAN_POINT('',(3.353755695435,-1.002419457961));
#2992 = CARTESIAN_POINT('',(3.364604146979,-0.965530294295));
#2993 = CARTESIAN_POINT('',(3.3749654387,-0.92850133682));
#2994 = CARTESIAN_POINT('',(3.384837359969,-0.891340636363));
#2995 = CARTESIAN_POINT('',(3.401193210309,-0.826331726511));
#2996 = CARTESIAN_POINT('',(3.40789682821,-0.798538791375));
#2997 = CARTESIAN_POINT('',(3.414327893332,-0.770680818753));
#2998 = CARTESIAN_POINT('',(3.42048562379,-0.742761151078));
#2999 = CARTESIAN_POINT('',(3.426369292234,-0.714783143045));
#3000 = CARTESIAN_POINT('',(3.437393787585,-0.659683636621));
#3001 = CARTESIAN_POINT('',(3.442553231432,-0.632565862696));
#3002 = CARTESIAN_POINT('',(3.44745595181,-0.605399870366));
#3003 = CARTESIAN_POINT('',(3.452101390976,-0.578188698547));
#3004 = CARTESIAN_POINT('',(3.456489039028,-0.550935394529));
#3005 = CARTESIAN_POINT('',(3.513410852763,-0.174722450241));
#3006 = CARTESIAN_POINT('',(3.524008656524,0.180689547127));
#3007 = CARTESIAN_POINT('',(3.491366841689,0.535980130038));
#3008 = CARTESIAN_POINT('',(3.415951328786,0.884705000696));
#3009 = CARTESIAN_POINT('',(3.299240524619,1.220574292056));
#3010 = CARTESIAN_POINT('',(2.993094142481,1.846621975602));
#3011 = CARTESIAN_POINT('',(2.805479473184,2.137911240876));
#3012 = CARTESIAN_POINT('',(2.584056918241,2.405875494336));
#3013 = CARTESIAN_POINT('',(2.332552411607,2.645829855161));
#3014 = CARTESIAN_POINT('',(2.055378502283,2.853730485892));
#3015 = CARTESIAN_POINT('',(1.686307628322,3.068092393638));
#3016 = CARTESIAN_POINT('',(1.61352399841,3.107648020339));
#3017 = CARTESIAN_POINT('',(1.539632064921,3.145129235485));
#3018 = CARTESIAN_POINT('',(1.464705858781,3.180497651722));
#3019 = CARTESIAN_POINT('',(1.388821137966,3.213718421543));
#3020 = CARTESIAN_POINT('',(1.312055387502,3.24476023728));
#3021 = ( GEOMETRIC_REPRESENTATION_CONTEXT(2) 
PARAMETRIC_REPRESENTATION_CONTEXT() REPRESENTATION_CONTEXT('2D SPACE',''
  ) );
#3022 = PCURVE('',#3023,#3156);
#3023 = B_SPLINE_SURFACE_WITH_KNOTS('',1,9,(
    (#3024,#3025,#3026,#3027,#3028,#3029,#3030,#3031,#3032,#3033,#3034
      ,#3035,#3036,#3037,#3038,#3039,#3040,#3041,#3042,#3043,#3044,#3045
      ,#3046,#3047,#3048,#3049,#3050,#3051,#3052,#3053,#3054,#3055,#3056
      ,#3057,#3058,#3059,#3060,#3061,#3062,#3063,#3064,#3065,#3066,#3067
      ,#3068,#3069,#3070,#3071,#3072,#3073,#3074,#3075,#3076,#3077,#3078
      ,#3079,#3080,#3081,#3082,#3083,#3084,#3085,#3086,#3087,#3088,#3089
      )
    ,(#3090,#3091,#3092,#3093,#3094,#3095,#3096,#3097,#3098,#3099,#3100
      ,#3101,#3102,#3103,#3104,#3105,#3106,#3107,#3108,#3109,#3110,#3111
      ,#3112,#3113,#3114,#3115,#3116,#3117,#3118,#3119,#3120,#3121,#3122
      ,#3123,#3124,#3125,#3126,#3127,#3128,#3129,#3130,#3131,#3132,#3133
      ,#3134,#3135,#3136,#3137,#3138,#3139,#3140,#3141,#3142,#3143,#3144
      ,#3145,#3146,#3147,#3148,#3149,#3150,#3151,#3152,#3153,#3154,#3155
      )),.UNSPECIFIED.,.F.,.F.,.F.,(2,2),(10,8,8,8,8,8,8,8,10),(0.,
    0.421427929131),(0.,5.587628957584,11.175257915168,16.762886872752,
    22.350515830336,27.938144787919,33.525773745503,39.113402703087,
    44.701031660671),.UNSPECIFIED.);
#3024 = CARTESIAN_POINT('',(-1.360810219204,-1.749884229805E-02,3.5));
#3025 = CARTESIAN_POINT('',(-1.210232543465,2.090588599833,
    3.510539739364));
#3026 = CARTESIAN_POINT('',(-1.059654867697,4.207329585445,
    2.090497567032));
#3027 = CARTESIAN_POINT('',(-0.909077192,5.212951286694,-0.747901399195)
  );
#3028 = CARTESIAN_POINT('',(-0.758499516202,4.057779408705,
    -4.081577139591));
#3029 = CARTESIAN_POINT('',(-0.607921840489,0.516794870074,
    -5.732169649916));
#3030 = CARTESIAN_POINT('',(-0.457344164745,-2.779131283089,
    -4.473326155309));
#3031 = CARTESIAN_POINT('',(-0.306766488987,-4.306352612656,
    -1.878065355383));
#3032 = CARTESIAN_POINT('',(-0.156188813251,-4.032852706476,
    0.656162335844));
#3033 = CARTESIAN_POINT('',(0.144966538239,-1.305711080824,
    3.871636414857));
#3034 = CARTESIAN_POINT('',(0.295544213987,1.149872502675,4.555172394743
    ));
#3035 = CARTESIAN_POINT('',(0.446121889721,3.959632764296,3.472106852102
    ));
#3036 = CARTESIAN_POINT('',(0.596699565474,5.739639123572,0.425897179245
    ));
#3037 = CARTESIAN_POINT('',(0.747277241222,4.689243972139,
    -3.337040126034));
#3038 = CARTESIAN_POINT('',(0.897854916952,1.588867001576,
    -5.020928124546));
#3039 = CARTESIAN_POINT('',(1.04843259271,-1.375620194984,
    -4.492156651624));
#3040 = CARTESIAN_POINT('',(1.199010268448,-3.122164405396,
    -2.635628841243));
#3041 = CARTESIAN_POINT('',(1.500165619938,-3.789645501694,1.5274282068)
  );
#3042 = CARTESIAN_POINT('',(1.650743295683,-2.711057676113,
    3.836921760341));
#3043 = CARTESIAN_POINT('',(1.801320971424,-6.047806672236E-02,
    5.265981392299));
#3044 = CARTESIAN_POINT('',(1.951898647171,3.410927574286,4.635775960838
    ));
#3045 = CARTESIAN_POINT('',(2.102476322918,5.585085134102,1.389845271128
    ));
#3046 = CARTESIAN_POINT('',(2.253053998655,4.846644904469,
    -2.060157943144));
#3047 = CARTESIAN_POINT('',(2.403631674406,2.516326456824,-3.96735471898
    ));
#3048 = CARTESIAN_POINT('',(2.554209350147,-2.98645819232E-02,
    -4.085775088017));
#3049 = CARTESIAN_POINT('',(2.855364701637,-3.625566167113,
    -1.884070042044));
#3050 = CARTESIAN_POINT('',(3.00594237738,-4.677637033221,0.437623102604
    ));
#3051 = CARTESIAN_POINT('',(3.156520053126,-4.038329928499,
    3.380252855581));
#3052 = CARTESIAN_POINT('',(3.307097728868,-1.301168541835,
    5.606407610842));
#3053 = CARTESIAN_POINT('',(3.457675404615,2.578349402116,5.145576599109
    ));
#3054 = CARTESIAN_POINT('',(3.608253080357,4.717831167207,2.340147092789
    ));
#3055 = CARTESIAN_POINT('',(3.758830756103,4.649990604685,
    -0.670364793321));
#3056 = CARTESIAN_POINT('',(3.909408431846,3.083303131859,
    -2.680987104261));
#3057 = CARTESIAN_POINT('',(4.210563783335,-0.928123489018,
    -3.979074873305));
#3058 = CARTESIAN_POINT('',(4.361141459079,-3.375718731138,
    -3.26746455548));
#3059 = CARTESIAN_POINT('',(4.511719134825,-5.194399936054,
    -0.867426463423));
#3060 = CARTESIAN_POINT('',(4.662296810567,-5.104073491728,2.65956348012
    ));
#3061 = CARTESIAN_POINT('',(4.812874486312,-2.230007163317,
    5.305837726139));
#3062 = CARTESIAN_POINT('',(4.963452162058,1.292434051584,5.105274938657
    ));
#3063 = CARTESIAN_POINT('',(5.1140298378,3.534475185611,3.095042380874)
  );
#3064 = CARTESIAN_POINT('',(5.264607513546,4.042013599013,0.597139873492
    ));
#3065 = CARTESIAN_POINT('',(5.565762865033,2.417845251072,
    -3.293702217462));
#3066 = CARTESIAN_POINT('',(5.716340540781,0.284982008597,
    -4.689412271212));
#3067 = CARTESIAN_POINT('',(5.866918216518,-2.720884237068,
    -4.508991788331));
#3068 = CARTESIAN_POINT('',(6.017495892272,-5.340508662711,
    -2.145649807503));
#3069 = CARTESIAN_POINT('',(6.168073568008,-5.480146745797,
    1.758646019731));
#3070 = CARTESIAN_POINT('',(6.318651243756,-3.036051006173,
    4.303093494754));
#3071 = CARTESIAN_POINT('',(6.4692289195,-5.075382365138E-02,
    4.697789440761));
#3072 = CARTESIAN_POINT('',(6.619806595244,2.176368182708,3.458015556556
    ));
#3073 = CARTESIAN_POINT('',(6.920961946733,4.074345273966,
    -0.306856068291));
#3074 = CARTESIAN_POINT('',(7.071539622474,3.746551698032,
    -2.834634358722));
#3075 = CARTESIAN_POINT('',(7.222117298229,1.653848455471,
    -4.999900464028));
#3076 = CARTESIAN_POINT('',(7.372694973953,-1.845264683409,
    -5.451590810307));
#3077 = CARTESIAN_POINT('',(7.523272649723,-4.901035484109,
    -3.017399063412));
#3078 = CARTESIAN_POINT('',(7.673850325446,-5.243096121503,0.49412654));
#3079 = CARTESIAN_POINT('',(7.824428001201,-3.600518672772,
    3.017957498735));
#3080 = CARTESIAN_POINT('',(7.975005676943,-1.210013890259,
    3.902603790867));
#3081 = CARTESIAN_POINT('',(8.27616102843,2.883897639182,2.894405701036)
  );
#3082 = CARTESIAN_POINT('',(8.426738704183,4.590219462225,1.00084344763)
  );
#3083 = CARTESIAN_POINT('',(8.57731637991,4.872954922241,-1.997129927329
    ));
#3084 = CARTESIAN_POINT('',(8.727894055668,2.939357538323,
    -4.948234325279));
#3085 = CARTESIAN_POINT('',(8.878471731418,-0.897327018643,
    -5.685037383724));
#3086 = CARTESIAN_POINT('',(9.029049407138,-3.786529297231,
    -3.660111127022));
#3087 = CARTESIAN_POINT('',(9.179627082907,-4.634422054094,
    -0.770671478589));
#3088 = CARTESIAN_POINT('',(9.330204758638,-3.750899100176,
    1.620248716541));
#3089 = CARTESIAN_POINT('',(9.480782434386,-2.036285884762,
    2.846725488171));
#3090 = CARTESIAN_POINT('',(-1.780782434386,1.749884229915E-02,3.5));
#3091 = CARTESIAN_POINT('',(-1.630204758647,2.12558628443,3.489460260632
    ));
#3092 = CARTESIAN_POINT('',(-1.479627082879,4.228022322743,
    2.048323593107));
#3093 = CARTESIAN_POINT('',(-1.329049407182,5.205212345532,
    -0.799988761345));
#3094 = CARTESIAN_POINT('',(-1.178471731384,4.016764505789,
    -4.121947202253));
#3095 = CARTESIAN_POINT('',(-1.027894055671,0.45945255564,
    -5.737050551049));
#3096 = CARTESIAN_POINT('',(-0.877316379927,-2.823721526553,
    -4.445313752809));
#3097 = CARTESIAN_POINT('',(-0.726738704169,-4.324916273734,
    -1.834911862582));
#3098 = CARTESIAN_POINT('',(-0.576161028433,-4.026090069454,
    0.696454383339));
#3099 = CARTESIAN_POINT('',(-0.275005676943,-1.26693297117,
    3.884498784872));
#3100 = CARTESIAN_POINT('',(-0.124428001194,1.195362593835,
    4.543446992413));
#3101 = CARTESIAN_POINT('',(2.6149674539E-02,3.994152708452,
    3.432340560327));
#3102 = CARTESIAN_POINT('',(0.176727350293,5.743610784342,0.368484723007
    ));
#3103 = CARTESIAN_POINT('',(0.327305026039,4.65564217268,-3.383761462633
    ));
#3104 = CARTESIAN_POINT('',(0.47788270177,1.538582876207,-5.036564340263
    ));
#3105 = CARTESIAN_POINT('',(0.628460377529,-1.420468901349,
    -4.478177131213));
#3106 = CARTESIAN_POINT('',(0.779038053266,-3.148362206715,
    -2.604278282128));
#3107 = CARTESIAN_POINT('',(1.080193404756,-3.774183160473,
    1.565244848041));
#3108 = CARTESIAN_POINT('',(1.230771080501,-2.67255641982,3.863838051269
    ));
#3109 = CARTESIAN_POINT('',(1.381348756243,-7.820038764366E-03,
    5.266322856376));
#3110 = CARTESIAN_POINT('',(1.531926431989,3.457110601868,4.60143804908)
  );
#3111 = CARTESIAN_POINT('',(1.682504107736,5.598703097779,1.333930020207
    ));
#3112 = CARTESIAN_POINT('',(1.833081783474,4.825802916011,
    -2.108516975634));
#3113 = CARTESIAN_POINT('',(1.983659459224,2.476530726451,
    -3.992317357012));
#3114 = CARTESIAN_POINT('',(2.134237134965,-7.071711509289E-02,
    -4.085272211869));
#3115 = CARTESIAN_POINT('',(2.435392486455,-3.644223901015,
    -1.847723497278));
#3116 = CARTESIAN_POINT('',(2.585970162198,-4.673027353767,
    0.484373334915));
#3117 = CARTESIAN_POINT('',(2.736547837945,-4.004328600764,
    3.420463482061));
#3118 = CARTESIAN_POINT('',(2.887125513686,-1.245044522137,
    5.619137840034));
#3119 = CARTESIAN_POINT('',(3.037703189434,2.629671576319,5.119538213393
    ));
#3120 = CARTESIAN_POINT('',(3.188280865175,4.740994652946,2.292856093021
    ));
#3121 = CARTESIAN_POINT('',(3.338858540921,4.643055104144,
    -0.716826947508));
#3122 = CARTESIAN_POINT('',(3.489436216665,3.056341563685,
    -2.711683297199));
#3123 = CARTESIAN_POINT('',(3.790591568154,-0.967864212086,
    -3.969595561657));
#3124 = CARTESIAN_POINT('',(3.941169243897,-3.408221639354,
    -3.233547098352));
#3125 = CARTESIAN_POINT('',(4.091746919643,-5.202813728603,
    -0.815443833417));
#3126 = CARTESIAN_POINT('',(4.242324595385,-5.077225123308,
    2.710466605872));
#3127 = CARTESIAN_POINT('',(4.39290227113,-2.176842131341,5.327870513065
    ));
#3128 = CARTESIAN_POINT('',(4.543479946876,1.343417528991,5.092096554914
    ));
#3129 = CARTESIAN_POINT('',(4.694057622618,3.565246096092,3.059546121423
    ));
#3130 = CARTESIAN_POINT('',(4.844635298364,4.047782383564,0.556693569883
    ));
#3131 = CARTESIAN_POINT('',(5.145790649852,2.384790358828,
    -3.317713807362));
#3132 = CARTESIAN_POINT('',(5.296368325599,0.23807790976,-4.692027396088
    ));
#3133 = CARTESIAN_POINT('',(5.446946001336,-2.765834015766,
    -4.48156001543));
#3134 = CARTESIAN_POINT('',(5.59752367709,-5.36169622847,-2.0921423185)
  );
#3135 = CARTESIAN_POINT('',(5.748101352826,-5.462287920227,
    1.813354569756));
#3136 = CARTESIAN_POINT('',(5.898679028574,-2.992872215729,
    4.333236118817));
#3137 = CARTESIAN_POINT('',(6.049256704318,-3.777674299165E-03,
    4.698062079469));
#3138 = CARTESIAN_POINT('',(6.199834380062,2.210836385307,3.436080985011
    ));
#3139 = CARTESIAN_POINT('',(6.500989731551,4.071073307494,
    -0.347580467055));
#3140 = CARTESIAN_POINT('',(6.651567407293,3.718020640881,
    -2.871954751521));
#3141 = CARTESIAN_POINT('',(6.802145083047,1.60377132765,-5.016187483272
    ));
#3142 = CARTESIAN_POINT('',(6.952722758772,-1.899683373245,
    -5.432867314492));
#3143 = CARTESIAN_POINT('',(7.103300434541,-4.930961710526,
    -2.968242321283));
#3144 = CARTESIAN_POINT('',(7.253878110264,-5.237893194145,
    0.546528012437));
#3145 = CARTESIAN_POINT('',(7.40445578602,-3.570161850139,3.053808533399
    ));
#3146 = CARTESIAN_POINT('',(7.555033461761,-1.170930918621,
    3.914507726299));
#3147 = CARTESIAN_POINT('',(7.856188813248,2.912694886049,2.865424656822
    ));
#3148 = CARTESIAN_POINT('',(8.006766489001,4.599997508926,0.954895398095
    ));
#3149 = CARTESIAN_POINT('',(8.157344164728,4.852741834104,
    -2.045755183878));
#3150 = CARTESIAN_POINT('',(8.307921840486,2.889732762234,
    -4.977377863469));
#3151 = CARTESIAN_POINT('',(8.458499516236,-0.954127354989,
    -5.675780709848));
#3152 = CARTESIAN_POINT('',(8.609077191956,-3.822937771881,
    -3.622066318176));
#3153 = CARTESIAN_POINT('',(8.759654867726,-4.641896383972,
    -0.724292950732));
#3154 = CARTESIAN_POINT('',(8.910232543457,-3.734510573764,
    1.657673288053));
#3155 = CARTESIAN_POINT('',(9.060810219204,-2.007719426357,
    2.866944177083));
#3156 = DEFINITIONAL_REPRESENTATION('',(#3157),#3195);
#3157 = B_SPLINE_CURVE_WITH_KNOTS('',6,(#3158,#3159,#3160,#3161,#3162,
    #3163,#3164,#3165,#3166,#3167,#3168,#3169,#3170,#3171,#3172,#3173,
    #3174,#3175,#3176,#3177,#3178,#3179,#3180,#3181,#3182,#3183,#3184,
    #3185,#3186,#3187,#3188,#3189,#3190,#3191,#3192,#3193,#3194),
  .UNSPECIFIED.,.F.,.F.,(7,5,5,5,5,5,5,7),(0.,0.113004542368,
    0.15200740472,0.181009860442,0.209012436412,0.567012522831,
    0.915996589706,1.),.UNSPECIFIED.);
#3158 = CARTESIAN_POINT('',(0.421427929131,10.228528011149));
#3159 = CARTESIAN_POINT('',(0.413490838577,10.195915590093));
#3160 = CARTESIAN_POINT('',(0.40555381969,10.163303463511));
#3161 = CARTESIAN_POINT('',(0.397616881579,10.130691668825));
#3162 = CARTESIAN_POINT('',(0.389680028696,10.098080224326));
#3163 = CARTESIAN_POINT('',(0.381743260836,10.065469129176));
#3164 = CARTESIAN_POINT('',(0.371067271415,10.021602946751));
#3165 = CARTESIAN_POINT('',(0.368327978245,10.010347565244));
#3166 = CARTESIAN_POINT('',(0.3655886933,9.999092217529));
#3167 = CARTESIAN_POINT('',(0.362849416208,9.987836902084));
#3168 = CARTESIAN_POINT('',(0.360110146559,9.976581617222));
#3169 = CARTESIAN_POINT('',(0.355333973299,9.956956973618));
#3170 = CARTESIAN_POINT('',(0.353297066533,9.948587601911));
#3171 = CARTESIAN_POINT('',(0.351260163415,9.940218245197));
#3172 = CARTESIAN_POINT('',(0.349223263751,9.931848902671));
#3173 = CARTESIAN_POINT('',(0.347186367336,9.923479573496));
#3174 = CARTESIAN_POINT('',(0.343182803891,9.907029478101));
#3175 = CARTESIAN_POINT('',(0.341216136641,9.898948710972));
#3176 = CARTESIAN_POINT('',(0.339249472016,9.890867954635));
#3177 = CARTESIAN_POINT('',(0.337282809824,9.88278720829));
#3178 = CARTESIAN_POINT('',(0.335316149867,9.874706471127));
#3179 = CARTESIAN_POINT('',(0.308206672668,9.763317331874));
#3180 = CARTESIAN_POINT('',(0.283056816159,9.659980006395));
#3181 = CARTESIAN_POINT('',(0.257915396071,9.556677345022));
#3182 = CARTESIAN_POINT('',(0.232773512512,9.453372779304));
#3183 = CARTESIAN_POINT('',(0.207622451842,9.350030506092));
#3184 = CARTESIAN_POINT('',(0.157967375484,9.146004579127));
#3185 = CARTESIAN_POINT('',(0.133449567815,9.045264256008));
#3186 = CARTESIAN_POINT('',(0.108939179918,8.944554419718));
#3187 = CARTESIAN_POINT('',(8.442879277829E-02,8.843844586542));
#3188 = CARTESIAN_POINT('',(5.991099580521E-02,8.743104307371));
#3189 = CARTESIAN_POINT('',(2.94999294989E-02,8.6181493894));
#3190 = CARTESIAN_POINT('',(2.359992242858E-02,8.593907066159));
#3191 = CARTESIAN_POINT('',(1.769992562948E-02,8.569664785122));
#3192 = CARTESIAN_POINT('',(1.179993957544E-02,8.545422548234));
#3193 = CARTESIAN_POINT('',(5.899964420724E-03,8.52118035613));
#3194 = CARTESIAN_POINT('',(0.,8.49693820813));
#3195 = ( GEOMETRIC_REPRESENTATION_CONTEXT(2) 
PARAMETRIC_REPRESENTATION_CONTEXT() REPRESENTATION_CONTEXT('2D SPACE',''
  ) );
#3196 = ORIENTED_EDGE('',*,*,#3197,.T.);
#3197 = EDGE_CURVE('',#2940,#3198,#3200,.T.);
#3198 = VERTEX_POINT('',#3199);
#3199 = CARTESIAN_POINT('',(0.7,0.897253332626,2.252900673036));
#3200 = SURFACE_CURVE('',#3201,(#3224,#3250),.PCURVE_S1.);
#3201 = B_SPLINE_CURVE_WITH_KNOTS('',6,(#3202,#3203,#3204,#3205,#3206,
    #3207,#3208,#3209,#3210,#3211,#3212,#3213,#3214,#3215,#3216,#3217,
    #3218,#3219,#3220,#3221,#3222,#3223),.UNSPECIFIED.,.F.,.F.,(7,5,5,5,
    7),(0.,0.329365383541,0.595462584811,0.815557752251,1.),
  .UNSPECIFIED.);
#3202 = CARTESIAN_POINT('',(0.7,3.24476023728,-1.312055387501));
#3203 = CARTESIAN_POINT('',(0.7,3.295760546761,-1.048490469906));
#3204 = CARTESIAN_POINT('',(0.7,3.322005897334,-0.780606590806));
#3205 = CARTESIAN_POINT('',(0.7,3.322517732983,-0.511308685168));
#3206 = CARTESIAN_POINT('',(0.7,3.296762963358,-0.243729626409));
#3207 = CARTESIAN_POINT('',(0.7,3.244659268312,1.877342401464E-02));
#3208 = CARTESIAN_POINT('',(0.7,3.10388586474,0.477766268933));
#3209 = CARTESIAN_POINT('',(0.7,3.024156756177,0.677270797934));
#3210 = CARTESIAN_POINT('',(0.7,2.927913736658,0.86928540333));
#3211 = CARTESIAN_POINT('',(0.7,2.815739461879,1.051916349447));
#3212 = CARTESIAN_POINT('',(0.7,2.688504169979,1.223266992082));
#3213 = CARTESIAN_POINT('',(0.7,2.430783752768,1.512375758382));
#3214 = CARTESIAN_POINT('',(0.7,2.304656110542,1.634285665629));
#3215 = CARTESIAN_POINT('',(0.7,2.169773989194,1.746182154204));
#3216 = CARTESIAN_POINT('',(0.7,2.026998354344,1.847075002577));
#3217 = CARTESIAN_POINT('',(0.7,1.877352746889,1.936040638272));
#3218 = CARTESIAN_POINT('',(0.7,1.591908220656,2.076150292123));
#3219 = CARTESIAN_POINT('',(0.7,1.457788244556,2.131088566477));
#3220 = CARTESIAN_POINT('',(0.7,1.320408919672,2.176607291768));
#3221 = CARTESIAN_POINT('',(0.7,1.180566390163,2.212290721832));
#3222 = CARTESIAN_POINT('',(0.7,1.039139405883,2.237804849392));
#3223 = CARTESIAN_POINT('',(0.7,0.89709262713,2.252917783084));
#3224 = PCURVE('',#2894,#3225);
#3225 = DEFINITIONAL_REPRESENTATION('',(#3226),#3249);
#3226 = B_SPLINE_CURVE_WITH_KNOTS('',6,(#3227,#3228,#3229,#3230,#3231,
    #3232,#3233,#3234,#3235,#3236,#3237,#3238,#3239,#3240,#3241,#3242,
    #3243,#3244,#3245,#3246,#3247,#3248),.UNSPECIFIED.,.F.,.F.,(7,5,5,5,
    7),(0.,0.329365383541,0.595462584811,0.815557752251,1.),
  .UNSPECIFIED.);
#3227 = CARTESIAN_POINT('',(1.312055387501,3.24476023728));
#3228 = CARTESIAN_POINT('',(1.048490469906,3.295760546761));
#3229 = CARTESIAN_POINT('',(0.780606590806,3.322005897334));
#3230 = CARTESIAN_POINT('',(0.511308685168,3.322517732983));
#3231 = CARTESIAN_POINT('',(0.243729626409,3.296762963358));
#3232 = CARTESIAN_POINT('',(-1.877342401464E-02,3.244659268312));
#3233 = CARTESIAN_POINT('',(-0.477766268933,3.10388586474));
#3234 = CARTESIAN_POINT('',(-0.677270797934,3.024156756177));
#3235 = CARTESIAN_POINT('',(-0.86928540333,2.927913736658));
#3236 = CARTESIAN_POINT('',(-1.051916349447,2.815739461879));
#3237 = CARTESIAN_POINT('',(-1.223266992082,2.688504169979));
#3238 = CARTESIAN_POINT('',(-1.512375758382,2.430783752768));
#3239 = CARTESIAN_POINT('',(-1.634285665629,2.304656110542));
#3240 = CARTESIAN_POINT('',(-1.746182154204,2.169773989194));
#3241 = CARTESIAN_POINT('',(-1.847075002577,2.026998354344));
#3242 = CARTESIAN_POINT('',(-1.936040638272,1.877352746889));
#3243 = CARTESIAN_POINT('',(-2.076150292123,1.591908220656));
#3244 = CARTESIAN_POINT('',(-2.131088566477,1.457788244556));
#3245 = CARTESIAN_POINT('',(-2.176607291768,1.320408919672));
#3246 = CARTESIAN_POINT('',(-2.212290721832,1.180566390163));
#3247 = CARTESIAN_POINT('',(-2.237804849392,1.039139405883));
#3248 = CARTESIAN_POINT('',(-2.252917783084,0.89709262713));
#3249 = ( GEOMETRIC_REPRESENTATION_CONTEXT(2) 
PARAMETRIC_REPRESENTATION_CONTEXT() REPRESENTATION_CONTEXT('2D SPACE',''
  ) );
#3250 = PCURVE('',#3251,#3384);
#3251 = B_SPLINE_SURFACE_WITH_KNOTS('',1,9,(
    (#3252,#3253,#3254,#3255,#3256,#3257,#3258,#3259,#3260,#3261,#3262
      ,#3263,#3264,#3265,#3266,#3267,#3268,#3269,#3270,#3271,#3272,#3273
      ,#3274,#3275,#3276,#3277,#3278,#3279,#3280,#3281,#3282,#3283,#3284
      ,#3285,#3286,#3287,#3288,#3289,#3290,#3291,#3292,#3293,#3294,#3295
      ,#3296,#3297,#3298,#3299,#3300,#3301,#3302,#3303,#3304,#3305,#3306
      ,#3307,#3308,#3309,#3310,#3311,#3312,#3313,#3314,#3315,#3316,#3317
      )
    ,(#3318,#3319,#3320,#3321,#3322,#3323,#3324,#3325,#3326,#3327,#3328
      ,#3329,#3330,#3331,#3332,#3333,#3334,#3335,#3336,#3337,#3338,#3339
      ,#3340,#3341,#3342,#3343,#3344,#3345,#3346,#3347,#3348,#3349,#3350
      ,#3351,#3352,#3353,#3354,#3355,#3356,#3357,#3358,#3359,#3360,#3361
      ,#3362,#3363,#3364,#3365,#3366,#3367,#3368,#3369,#3370,#3371,#3372
      ,#3373,#3374,#3375,#3376,#3377,#3378,#3379,#3380,#3381,#3382,#3383
      )),.UNSPECIFIED.,.F.,.F.,.F.,(2,2),(10,8,8,8,8,8,8,8,10),(0.,
    1.197199994035),(0.,5.587628957584,11.175257915168,16.762886872752,
    22.350515830336,27.938144787919,33.525773745503,39.113402703087,
    44.701031660671),.UNSPECIFIED.);
#3252 = CARTESIAN_POINT('',(-0.952758101983,-5.15031853998E-02,2.375));
#3253 = CARTESIAN_POINT('',(-0.802180426244,1.378984757034,
    2.406020917918));
#3254 = CARTESIAN_POINT('',(-0.651602750476,2.83154246812,1.46630681177)
  );
#3255 = CARTESIAN_POINT('',(-0.501025074779,3.546123167093,
    -0.448524298624));
#3256 = CARTESIAN_POINT('',(-0.350447398981,2.799935177871,
    -2.723929518348));
#3257 = CARTESIAN_POINT('',(-0.199869723268,0.41561314674,
    -3.884159522416));
#3258 = CARTESIAN_POINT('',(-4.9292047524E-02,-1.835348426278,
    -3.067190831852));
#3259 = CARTESIAN_POINT('',(0.101285628234,-2.901147523592,
    -1.323265437585));
#3260 = CARTESIAN_POINT('',(0.25186330397,-2.744236190244,0.399629043432
    ));
#3261 = CARTESIAN_POINT('',(0.55301865546,-0.929927874778,2.612617416558
    ));
#3262 = CARTESIAN_POINT('',(0.703596331208,0.728760693166,3.104286756588
    ));
#3263 = CARTESIAN_POINT('',(0.854174006942,2.647805802009,2.401101413401
    ));
#3264 = CARTESIAN_POINT('',(1.004751682696,3.890257722271,0.354011123504
    ));
#3265 = CARTESIAN_POINT('',(1.155329358442,3.220035447424,
    -2.211515589074));
#3266 = CARTESIAN_POINT('',(1.305907034173,1.135098010494,
    -3.389353323468));
#3267 = CARTESIAN_POINT('',(1.456484709931,-0.882672976892,
    -3.064078456545));
#3268 = CARTESIAN_POINT('',(1.607062385669,-2.088946967002,
    -1.823961679762));
#3269 = CARTESIAN_POINT('',(1.908217737159,-2.589053659009,
    0.993648211573));
#3270 = CARTESIAN_POINT('',(2.058795412904,-1.883242416368,
    2.573147181228));
#3271 = CARTESIAN_POINT('',(2.209373088645,-0.10066514137,3.572958171009
    ));
#3272 = CARTESIAN_POINT('',(2.359950764392,2.262263749642,3.184586589873
    ));
#3273 = CARTESIAN_POINT('',(2.510528440138,3.774458861969,1.006424255874
    ));
#3274 = CARTESIAN_POINT('',(2.661106115877,3.312395023567,
    -1.343206109427));
#3275 = CARTESIAN_POINT('',(2.811683791627,1.75256907046,-2.663867493954
    ));
#3276 = CARTESIAN_POINT('',(2.962261467368,2.599337678364E-02,
    -2.773059679225));
#3277 = CARTESIAN_POINT('',(3.263416818858,-2.439078908741,
    -1.319632408861));
#3278 = CARTESIAN_POINT('',(3.413994494601,-3.17933042147,0.244021714292
    ));
#3279 = CARTESIAN_POINT('',(3.564572170347,-2.778796262685,
    2.248211404938));
#3280 = CARTESIAN_POINT('',(3.715149846089,-0.946486580371,
    3.789933007645));
#3281 = CARTESIAN_POINT('',(3.865727521836,1.691480424691,3.521125483814
    ));
#3282 = CARTESIAN_POINT('',(4.016305197578,3.175156716687,1.6415059582)
  );
#3283 = CARTESIAN_POINT('',(4.166882873324,3.163204066691,
    -0.402279825754));
#3284 = CARTESIAN_POINT('',(4.317460549068,2.122770827287,-1.78448299453
    ));
#3285 = CARTESIAN_POINT('',(4.618615900557,-0.584798411236,
    -2.710820238834));
#3286 = CARTESIAN_POINT('',(4.7691935763,-2.253862249379,-2.255613877325
    ));
#3287 = CARTESIAN_POINT('',(4.919771252046,-3.515244159844,
    -0.647472443028));
#3288 = CARTESIAN_POINT('',(5.070348927788,-3.493879674935,
    1.747064776497));
#3289 = CARTESIAN_POINT('',(5.220926603533,-1.573419632826,
    3.575441212319));
#3290 = CARTESIAN_POINT('',(5.371504279279,0.819278711151,3.479216230642
    ));
#3291 = CARTESIAN_POINT('',(5.522081955021,2.363550967282,2.140400732713
    ));
#3292 = CARTESIAN_POINT('',(5.672659630767,2.736262781069,0.45100070189)
  );
#3293 = CARTESIAN_POINT('',(5.973814982254,1.678109778881,
    -2.207823178517));
#3294 = CARTESIAN_POINT('',(6.124392658002,0.246491678984,
    -3.179139880234));
#3295 = CARTESIAN_POINT('',(6.274970333739,-1.795416378738,
    -3.090735061102));
#3296 = CARTESIAN_POINT('',(6.425548009493,-3.599925104548,
    -1.516564634633));
#3297 = CARTESIAN_POINT('',(6.576125685229,-3.738893235813,
    1.131418609547));
#3298 = CARTESIAN_POINT('',(6.726703360977,-2.109070091891,
    2.885824896805));
#3299 = CARTESIAN_POINT('',(6.877281036721,-8.763267915144E-02,
    3.187476986385));
#3300 = CARTESIAN_POINT('',(7.027858712465,1.437791849079,2.37134774796)
  );
#3301 = CARTESIAN_POINT('',(7.329014063954,2.768439238617,
    -0.162110243905));
#3302 = CARTESIAN_POINT('',(7.479591739696,2.57460953914,-1.881242866672
    ));
#3303 = CARTESIAN_POINT('',(7.630169415449,1.178958273319,
    -3.374347264048));
#3304 = CARTESIAN_POINT('',(7.780747091175,-1.1905240954,-3.720494979634
    ));
#3305 = CARTESIAN_POINT('',(7.931324766943,-3.291815982464,
    -2.103182527017));
#3306 = CARTESIAN_POINT('',(8.081902442667,-3.563706897873,
    0.275964366913));
#3307 = CARTESIAN_POINT('',(8.232480118422,-2.477582951838,
    2.007304458337));
#3308 = CARTESIAN_POINT('',(8.383057794164,-0.86533575734,2.634716240358
    ));
#3309 = CARTESIAN_POINT('',(8.684213145651,1.924322553312,1.996877144038
    ));
#3310 = CARTESIAN_POINT('',(8.834790821404,3.103719644295,0.731172199218
    ));
#3311 = CARTESIAN_POINT('',(8.985368497131,3.32953622311,-1.300135416364
    ));
#3312 = CARTESIAN_POINT('',(9.135946172888,2.05075525192,-3.324730352765
    ));
#3313 = CARTESIAN_POINT('',(9.286523848639,-0.544583219191,
    -3.868185440352));
#3314 = CARTESIAN_POINT('',(9.437101524359,-2.528204447378,
    -2.52672628445));
#3315 = CARTESIAN_POINT('',(9.587679200129,-3.136322847798,
    -0.575471429848));
#3316 = CARTESIAN_POINT('',(9.738256875859,-2.563810229755,
    1.057077455049));
#3317 = CARTESIAN_POINT('',(9.888834551607,-1.41411211457,1.908812328526
    ));
#3318 = CARTESIAN_POINT('',(-1.360810219204,-1.749884229806E-02,3.5));
#3319 = CARTESIAN_POINT('',(-1.210232543465,2.090588599833,
    3.510539739364));
#3320 = CARTESIAN_POINT('',(-1.059654867697,4.207329585445,
    2.090497567032));
#3321 = CARTESIAN_POINT('',(-0.909077192,5.212951286694,-0.747901399195)
  );
#3322 = CARTESIAN_POINT('',(-0.758499516202,4.057779408705,
    -4.081577139591));
#3323 = CARTESIAN_POINT('',(-0.607921840489,0.516794870074,
    -5.732169649917));
#3324 = CARTESIAN_POINT('',(-0.457344164745,-2.779131283089,
    -4.473326155309));
#3325 = CARTESIAN_POINT('',(-0.306766488987,-4.306352612656,
    -1.878065355383));
#3326 = CARTESIAN_POINT('',(-0.156188813251,-4.032852706476,
    0.656162335844));
#3327 = CARTESIAN_POINT('',(0.144966538239,-1.305711080824,
    3.871636414857));
#3328 = CARTESIAN_POINT('',(0.295544213987,1.149872502675,4.555172394743
    ));
#3329 = CARTESIAN_POINT('',(0.446121889721,3.959632764296,3.472106852102
    ));
#3330 = CARTESIAN_POINT('',(0.596699565474,5.739639123572,0.425897179245
    ));
#3331 = CARTESIAN_POINT('',(0.747277241222,4.689243972139,
    -3.337040126035));
#3332 = CARTESIAN_POINT('',(0.897854916952,1.588867001576,
    -5.020928124546));
#3333 = CARTESIAN_POINT('',(1.048432592711,-1.375620194985,
    -4.492156651624));
#3334 = CARTESIAN_POINT('',(1.199010268448,-3.122164405395,
    -2.635628841243));
#3335 = CARTESIAN_POINT('',(1.500165619938,-3.789645501694,1.5274282068)
  );
#3336 = CARTESIAN_POINT('',(1.650743295683,-2.711057676113,
    3.836921760341));
#3337 = CARTESIAN_POINT('',(1.801320971424,-6.047806672253E-02,
    5.265981392299));
#3338 = CARTESIAN_POINT('',(1.951898647171,3.410927574287,4.635775960838
    ));
#3339 = CARTESIAN_POINT('',(2.102476322918,5.585085134102,1.389845271128
    ));
#3340 = CARTESIAN_POINT('',(2.253053998655,4.846644904469,
    -2.060157943144));
#3341 = CARTESIAN_POINT('',(2.403631674406,2.516326456824,-3.96735471898
    ));
#3342 = CARTESIAN_POINT('',(2.554209350147,-2.986458192319E-02,
    -4.085775088017));
#3343 = CARTESIAN_POINT('',(2.855364701637,-3.625566167113,
    -1.884070042044));
#3344 = CARTESIAN_POINT('',(3.00594237738,-4.677637033221,0.437623102604
    ));
#3345 = CARTESIAN_POINT('',(3.156520053126,-4.038329928498,
    3.380252855581));
#3346 = CARTESIAN_POINT('',(3.307097728868,-1.301168541835,
    5.606407610842));
#3347 = CARTESIAN_POINT('',(3.457675404615,2.578349402117,5.145576599109
    ));
#3348 = CARTESIAN_POINT('',(3.608253080357,4.717831167207,2.340147092789
    ));
#3349 = CARTESIAN_POINT('',(3.758830756103,4.649990604685,
    -0.670364793321));
#3350 = CARTESIAN_POINT('',(3.909408431846,3.083303131859,
    -2.680987104261));
#3351 = CARTESIAN_POINT('',(4.210563783335,-0.928123489018,
    -3.979074873305));
#3352 = CARTESIAN_POINT('',(4.361141459079,-3.375718731138,
    -3.26746455548));
#3353 = CARTESIAN_POINT('',(4.511719134825,-5.194399936054,
    -0.867426463423));
#3354 = CARTESIAN_POINT('',(4.662296810567,-5.104073491728,2.65956348012
    ));
#3355 = CARTESIAN_POINT('',(4.812874486312,-2.230007163317,
    5.305837726139));
#3356 = CARTESIAN_POINT('',(4.963452162058,1.292434051584,5.105274938657
    ));
#3357 = CARTESIAN_POINT('',(5.1140298378,3.534475185611,3.095042380874)
  );
#3358 = CARTESIAN_POINT('',(5.264607513546,4.042013599013,0.597139873492
    ));
#3359 = CARTESIAN_POINT('',(5.565762865033,2.417845251072,
    -3.293702217462));
#3360 = CARTESIAN_POINT('',(5.716340540781,0.284982008597,
    -4.689412271211));
#3361 = CARTESIAN_POINT('',(5.866918216518,-2.720884237069,
    -4.508991788332));
#3362 = CARTESIAN_POINT('',(6.017495892272,-5.34050866271,
    -2.145649807503));
#3363 = CARTESIAN_POINT('',(6.168073568008,-5.480146745797,
    1.758646019731));
#3364 = CARTESIAN_POINT('',(6.318651243756,-3.036051006173,
    4.303093494754));
#3365 = CARTESIAN_POINT('',(6.4692289195,-5.075382365147E-02,
    4.697789440761));
#3366 = CARTESIAN_POINT('',(6.619806595244,2.176368182708,3.458015556556
    ));
#3367 = CARTESIAN_POINT('',(6.920961946733,4.074345273966,
    -0.306856068291));
#3368 = CARTESIAN_POINT('',(7.071539622474,3.746551698032,
    -2.834634358722));
#3369 = CARTESIAN_POINT('',(7.222117298229,1.653848455471,
    -4.999900464028));
#3370 = CARTESIAN_POINT('',(7.372694973954,-1.845264683409,
    -5.451590810307));
#3371 = CARTESIAN_POINT('',(7.523272649723,-4.901035484109,
    -3.017399063412));
#3372 = CARTESIAN_POINT('',(7.673850325446,-5.243096121503,
    0.494126540001));
#3373 = CARTESIAN_POINT('',(7.824428001201,-3.600518672772,
    3.017957498735));
#3374 = CARTESIAN_POINT('',(7.975005676943,-1.210013890259,
    3.902603790867));
#3375 = CARTESIAN_POINT('',(8.27616102843,2.883897639182,2.894405701036)
  );
#3376 = CARTESIAN_POINT('',(8.426738704183,4.590219462226,1.00084344763)
  );
#3377 = CARTESIAN_POINT('',(8.57731637991,4.872954922241,-1.997129927329
    ));
#3378 = CARTESIAN_POINT('',(8.727894055667,2.939357538323,
    -4.948234325278));
#3379 = CARTESIAN_POINT('',(8.878471731418,-0.897327018643,
    -5.685037383724));
#3380 = CARTESIAN_POINT('',(9.029049407138,-3.786529297231,
    -3.660111127022));
#3381 = CARTESIAN_POINT('',(9.179627082907,-4.634422054094,
    -0.770671478589));
#3382 = CARTESIAN_POINT('',(9.330204758638,-3.750899100176,
    1.620248716541));
#3383 = CARTESIAN_POINT('',(9.480782434386,-2.036285884762,
    2.846725488171));
#3384 = DEFINITIONAL_REPRESENTATION('',(#3385),#3408);
#3385 = B_SPLINE_CURVE_WITH_KNOTS('',6,(#3386,#3387,#3388,#3389,#3390,
    #3391,#3392,#3393,#3394,#3395,#3396,#3397,#3398,#3399,#3400,#3401,
    #3402,#3403,#3404,#3405,#3406,#3407),.UNSPECIFIED.,.F.,.F.,(7,5,5,5,
    7),(0.,0.329365383541,0.595462584811,0.815557752251,1.),
  .UNSPECIFIED.);
#3386 = CARTESIAN_POINT('',(1.197199994035,8.49693820813));
#3387 = CARTESIAN_POINT('',(1.142367312922,8.419881070606));
#3388 = CARTESIAN_POINT('',(1.086709147292,8.341663868088));
#3389 = CARTESIAN_POINT('',(1.030193991672,8.26224232549));
#3390 = CARTESIAN_POINT('',(0.972772554942,8.181547173309));
#3391 = CARTESIAN_POINT('',(0.914382380536,8.099490640455));
#3392 = CARTESIAN_POINT('',(0.806969147527,7.948541314253));
#3393 = CARTESIAN_POINT('',(0.758296651024,7.880141170752));
#3394 = CARTESIAN_POINT('',(0.708925592889,7.810759328771));
#3395 = CARTESIAN_POINT('',(0.658819902692,7.740345098027));
#3396 = CARTESIAN_POINT('',(0.607935912771,7.668837111741));
#3397 = CARTESIAN_POINT('',(0.513468348806,7.536080516216));
#3398 = CARTESIAN_POINT('',(0.470140911025,7.475191858871));
#3399 = CARTESIAN_POINT('',(0.426228907567,7.413481703163));
#3400 = CARTESIAN_POINT('',(0.381704591997,7.350911056636));
#3401 = CARTESIAN_POINT('',(0.33653537021,7.287434114337));
#3402 = CARTESIAN_POINT('',(0.252270236354,7.169015137256));
#3403 = CARTESIAN_POINT('',(0.213374341187,7.114354189038));
#3404 = CARTESIAN_POINT('',(0.173984010201,7.058998403213));
#3405 = CARTESIAN_POINT('',(0.134077199754,7.002916801543));
#3406 = CARTESIAN_POINT('',(9.362952447355E-02,6.946075114918));
#3407 = CARTESIAN_POINT('',(5.261610273403E-02,6.888438376842));
#3408 = ( GEOMETRIC_REPRESENTATION_CONTEXT(2) 
PARAMETRIC_REPRESENTATION_CONTEXT() REPRESENTATION_CONTEXT('2D SPACE',''
  ) );
#3409 = ORIENTED_EDGE('',*,*,#3410,.F.);
#3410 = EDGE_CURVE('',#3411,#3198,#3413,.T.);
#3411 = VERTEX_POINT('',#3412);
#3412 = CARTESIAN_POINT('',(0.7,-5.939536975865E-16,2.425));
#3413 = SURFACE_CURVE('',#3414,(#3419,#3430),.PCURVE_S1.);
#3414 = CIRCLE('',#3415,2.425);
#3415 = AXIS2_PLACEMENT_3D('',#3416,#3417,#3418);
#3416 = CARTESIAN_POINT('',(0.7,0.,0.));
#3417 = DIRECTION('',(-1.,-0.,-1.110223024625E-16));
#3418 = DIRECTION('',(-1.110223024625E-16,-0.,1.));
#3419 = PCURVE('',#2894,#3420);
#3420 = DEFINITIONAL_REPRESENTATION('',(#3421),#3429);
#3421 = ( BOUNDED_CURVE() B_SPLINE_CURVE(2,(#3422,#3423,#3424,#3425,
#3426,#3427,#3428),.UNSPECIFIED.,.T.,.F.) B_SPLINE_CURVE_WITH_KNOTS((1,2
    ,2,2,2,1),(-2.094395102393,0.,2.094395102393,4.188790204786,
6.28318530718,8.377580409573),.UNSPECIFIED.) CURVE() 
GEOMETRIC_REPRESENTATION_ITEM() RATIONAL_B_SPLINE_CURVE((1.,0.5,1.,0.5,
1.,0.5,1.)) REPRESENTATION_ITEM('') );
#3422 = CARTESIAN_POINT('',(-2.425,0.));
#3423 = CARTESIAN_POINT('',(-2.425,4.200223208355));
#3424 = CARTESIAN_POINT('',(1.2125,2.100111604177));
#3425 = CARTESIAN_POINT('',(4.85,5.939536975865E-16));
#3426 = CARTESIAN_POINT('',(1.2125,-2.100111604177));
#3427 = CARTESIAN_POINT('',(-2.425,-4.200223208355));
#3428 = CARTESIAN_POINT('',(-2.425,0.));
#3429 = ( GEOMETRIC_REPRESENTATION_CONTEXT(2) 
PARAMETRIC_REPRESENTATION_CONTEXT() REPRESENTATION_CONTEXT('2D SPACE',''
  ) );
#3430 = PCURVE('',#3431,#3436);
#3431 = CYLINDRICAL_SURFACE('',#3432,2.425);
#3432 = AXIS2_PLACEMENT_3D('',#3433,#3434,#3435);
#3433 = CARTESIAN_POINT('',(-1.570796326795,0.,-1.743934249004E-16));
#3434 = DIRECTION('',(1.,-0.,1.110223024625E-16));
#3435 = DIRECTION('',(-1.110223024625E-16,-0.,1.));
#3436 = DEFINITIONAL_REPRESENTATION('',(#3437),#3441);
#3437 = LINE('',#3438,#3439);
#3438 = CARTESIAN_POINT('',(-0.,2.270796326795));
#3439 = VECTOR('',#3440,1.);
#3440 = DIRECTION('',(-1.,0.));
#3441 = ( GEOMETRIC_REPRESENTATION_CONTEXT(2) 
PARAMETRIC_REPRESENTATION_CONTEXT() REPRESENTATION_CONTEXT('2D SPACE',''
  ) );
#3442 = ORIENTED_EDGE('',*,*,#3443,.F.);
#3443 = EDGE_CURVE('',#3444,#3411,#3446,.T.);
#3444 = VERTEX_POINT('',#3445);
#3445 = CARTESIAN_POINT('',(0.7,-2.118078856799,1.180833158441));
#3446 = SURFACE_CURVE('',#3447,(#3452,#3463),.PCURVE_S1.);
#3447 = CIRCLE('',#3448,2.425);
#3448 = AXIS2_PLACEMENT_3D('',#3449,#3450,#3451);
#3449 = CARTESIAN_POINT('',(0.7,0.,0.));
#3450 = DIRECTION('',(-1.,-0.,-1.110223024625E-16));
#3451 = DIRECTION('',(-1.110223024625E-16,-0.,1.));
#3452 = PCURVE('',#2894,#3453);
#3453 = DEFINITIONAL_REPRESENTATION('',(#3454),#3462);
#3454 = ( BOUNDED_CURVE() B_SPLINE_CURVE(2,(#3455,#3456,#3457,#3458,
#3459,#3460,#3461),.UNSPECIFIED.,.T.,.F.) B_SPLINE_CURVE_WITH_KNOTS((1,2
    ,2,2,2,1),(-2.094395102393,0.,2.094395102393,4.188790204786,
6.28318530718,8.377580409573),.UNSPECIFIED.) CURVE() 
GEOMETRIC_REPRESENTATION_ITEM() RATIONAL_B_SPLINE_CURVE((1.,0.5,1.,0.5,
1.,0.5,1.)) REPRESENTATION_ITEM('') );
#3455 = CARTESIAN_POINT('',(-2.425,0.));
#3456 = CARTESIAN_POINT('',(-2.425,4.200223208355));
#3457 = CARTESIAN_POINT('',(1.2125,2.100111604177));
#3458 = CARTESIAN_POINT('',(4.85,5.939536975865E-16));
#3459 = CARTESIAN_POINT('',(1.2125,-2.100111604177));
#3460 = CARTESIAN_POINT('',(-2.425,-4.200223208355));
#3461 = CARTESIAN_POINT('',(-2.425,0.));
#3462 = ( GEOMETRIC_REPRESENTATION_CONTEXT(2) 
PARAMETRIC_REPRESENTATION_CONTEXT() REPRESENTATION_CONTEXT('2D SPACE',''
  ) );
#3463 = PCURVE('',#3464,#3469);
#3464 = CYLINDRICAL_SURFACE('',#3465,2.425);
#3465 = AXIS2_PLACEMENT_3D('',#3466,#3467,#3468);
#3466 = CARTESIAN_POINT('',(-1.570796326795,0.,-1.743934249004E-16));
#3467 = DIRECTION('',(1.,-0.,1.110223024625E-16));
#3468 = DIRECTION('',(-1.110223024625E-16,-0.,1.));
#3469 = DEFINITIONAL_REPRESENTATION('',(#3470),#3474);
#3470 = LINE('',#3471,#3472);
#3471 = CARTESIAN_POINT('',(-0.,2.270796326795));
#3472 = VECTOR('',#3473,1.);
#3473 = DIRECTION('',(-1.,0.));
#3474 = ( GEOMETRIC_REPRESENTATION_CONTEXT(2) 
PARAMETRIC_REPRESENTATION_CONTEXT() REPRESENTATION_CONTEXT('2D SPACE',''
  ) );
#3475 = ORIENTED_EDGE('',*,*,#3476,.T.);
#3476 = EDGE_CURVE('',#3444,#2938,#3477,.T.);
#3477 = SURFACE_CURVE('',#3478,(#3501,#3527),.PCURVE_S1.);
#3478 = B_SPLINE_CURVE_WITH_KNOTS('',6,(#3479,#3480,#3481,#3482,#3483,
    #3484,#3485,#3486,#3487,#3488,#3489,#3490,#3491,#3492,#3493,#3494,
    #3495,#3496,#3497,#3498,#3499,#3500),.UNSPECIFIED.,.F.,.F.,(7,5,5,5,
    7),(0.,0.170723230257,0.376180815465,0.649553263374,1.),
  .UNSPECIFIED.);
#3479 = CARTESIAN_POINT('',(0.7,-2.117944901433,1.180968183537));
#3480 = CARTESIAN_POINT('',(0.7,-2.211081530332,1.087122482208));
#3481 = CARTESIAN_POINT('',(0.7,-2.298179952966,0.986700006747));
#3482 = CARTESIAN_POINT('',(0.7,-2.378762806109,0.880325838217));
#3483 = CARTESIAN_POINT('',(0.7,-2.452449847176,0.768644248018));
#3484 = CARTESIAN_POINT('',(0.7,-2.51894685566,0.652308924482));
#3485 = CARTESIAN_POINT('',(0.7,-2.6491438488,0.387154668106));
#3486 = CARTESIAN_POINT('',(0.7,-2.709523970932,0.236538545293));
#3487 = CARTESIAN_POINT('',(0.7,-2.758796417014,8.126034062717E-02));
#3488 = CARTESIAN_POINT('',(0.7,-2.796746083633,-7.756546192368E-02));
#3489 = CARTESIAN_POINT('',(0.7,-2.823293304764,-0.238855515034));
#3490 = CARTESIAN_POINT('',(0.7,-2.858653880009,-0.618065121512));
#3491 = CARTESIAN_POINT('',(0.7,-2.858697358174,-0.837096633365));
#3492 = CARTESIAN_POINT('',(0.7,-2.838734937397,-1.056208173855));
#3493 = CARTESIAN_POINT('',(0.7,-2.799252088651,-1.27315026299));
#3494 = CARTESIAN_POINT('',(0.7,-2.740988588331,-1.485877532741));
#3495 = CARTESIAN_POINT('',(0.7,-2.567403511823,-1.957481203868));
#3496 = CARTESIAN_POINT('',(0.7,-2.440613468868,-2.212493223907));
#3497 = CARTESIAN_POINT('',(0.7,-2.28658833784,-2.453699210049));
#3498 = CARTESIAN_POINT('',(0.7,-2.107912533654,-2.677949744742));
#3499 = CARTESIAN_POINT('',(0.7,-1.907450548072,-2.88268026387));
#3500 = CARTESIAN_POINT('',(0.7,-1.688342488832,-3.065915106958));
#3501 = PCURVE('',#2894,#3502);
#3502 = DEFINITIONAL_REPRESENTATION('',(#3503),#3526);
#3503 = B_SPLINE_CURVE_WITH_KNOTS('',6,(#3504,#3505,#3506,#3507,#3508,
    #3509,#3510,#3511,#3512,#3513,#3514,#3515,#3516,#3517,#3518,#3519,
    #3520,#3521,#3522,#3523,#3524,#3525),.UNSPECIFIED.,.F.,.F.,(7,5,5,5,
    7),(0.,0.170723230257,0.376180815465,0.649553263374,1.),
  .UNSPECIFIED.);
#3504 = CARTESIAN_POINT('',(-1.180968183537,-2.117944901433));
#3505 = CARTESIAN_POINT('',(-1.087122482208,-2.211081530332));
#3506 = CARTESIAN_POINT('',(-0.986700006747,-2.298179952966));
#3507 = CARTESIAN_POINT('',(-0.880325838217,-2.378762806109));
#3508 = CARTESIAN_POINT('',(-0.768644248018,-2.452449847176));
#3509 = CARTESIAN_POINT('',(-0.652308924482,-2.51894685566));
#3510 = CARTESIAN_POINT('',(-0.387154668106,-2.6491438488));
#3511 = CARTESIAN_POINT('',(-0.236538545293,-2.709523970932));
#3512 = CARTESIAN_POINT('',(-8.126034062717E-02,-2.758796417014));
#3513 = CARTESIAN_POINT('',(7.756546192368E-02,-2.796746083633));
#3514 = CARTESIAN_POINT('',(0.238855515034,-2.823293304764));
#3515 = CARTESIAN_POINT('',(0.618065121512,-2.858653880009));
#3516 = CARTESIAN_POINT('',(0.837096633365,-2.858697358174));
#3517 = CARTESIAN_POINT('',(1.056208173855,-2.838734937397));
#3518 = CARTESIAN_POINT('',(1.27315026299,-2.799252088651));
#3519 = CARTESIAN_POINT('',(1.485877532741,-2.740988588331));
#3520 = CARTESIAN_POINT('',(1.957481203868,-2.567403511823));
#3521 = CARTESIAN_POINT('',(2.212493223907,-2.440613468868));
#3522 = CARTESIAN_POINT('',(2.453699210049,-2.28658833784));
#3523 = CARTESIAN_POINT('',(2.677949744742,-2.107912533654));
#3524 = CARTESIAN_POINT('',(2.88268026387,-1.907450548072));
#3525 = CARTESIAN_POINT('',(3.065915106958,-1.688342488832));
#3526 = ( GEOMETRIC_REPRESENTATION_CONTEXT(2) 
PARAMETRIC_REPRESENTATION_CONTEXT() REPRESENTATION_CONTEXT('2D SPACE',''
  ) );
#3527 = PCURVE('',#3528,#3661);
#3528 = B_SPLINE_SURFACE_WITH_KNOTS('',1,9,(
    (#3529,#3530,#3531,#3532,#3533,#3534,#3535,#3536,#3537,#3538,#3539
      ,#3540,#3541,#3542,#3543,#3544,#3545,#3546,#3547,#3548,#3549,#3550
      ,#3551,#3552,#3553,#3554,#3555,#3556,#3557,#3558,#3559,#3560,#3561
      ,#3562,#3563,#3564,#3565,#3566,#3567,#3568,#3569,#3570,#3571,#3572
      ,#3573,#3574,#3575,#3576,#3577,#3578,#3579,#3580,#3581,#3582,#3583
      ,#3584,#3585,#3586,#3587,#3588,#3589,#3590,#3591,#3592,#3593,#3594
      )
    ,(#3595,#3596,#3597,#3598,#3599,#3600,#3601,#3602,#3603,#3604,#3605
      ,#3606,#3607,#3608,#3609,#3610,#3611,#3612,#3613,#3614,#3615,#3616
      ,#3617,#3618,#3619,#3620,#3621,#3622,#3623,#3624,#3625,#3626,#3627
      ,#3628,#3629,#3630,#3631,#3632,#3633,#3634,#3635,#3636,#3637,#3638
      ,#3639,#3640,#3641,#3642,#3643,#3644,#3645,#3646,#3647,#3648,#3649
      ,#3650,#3651,#3652,#3653,#3654,#3655,#3656,#3657,#3658,#3659,#3660
      )),.UNSPECIFIED.,.F.,.F.,.F.,(2,2),(10,8,8,8,8,8,8,8,10),(0.,
    1.197199994035),(0.,5.587628957584,11.175257915168,16.762886872752,
    22.350515830336,27.938144787919,33.525773745503,39.113402703087,
    44.701031660671),.UNSPECIFIED.);
#3529 = CARTESIAN_POINT('',(-1.780782434386,1.749884229914E-02,3.5));
#3530 = CARTESIAN_POINT('',(-1.630204758647,2.12558628443,3.489460260632
    ));
#3531 = CARTESIAN_POINT('',(-1.479627082879,4.228022322744,
    2.048323593107));
#3532 = CARTESIAN_POINT('',(-1.329049407182,5.205212345532,
    -0.799988761345));
#3533 = CARTESIAN_POINT('',(-1.178471731384,4.016764505789,
    -4.121947202253));
#3534 = CARTESIAN_POINT('',(-1.027894055671,0.45945255564,
    -5.737050551049));
#3535 = CARTESIAN_POINT('',(-0.877316379927,-2.823721526553,
    -4.445313752809));
#3536 = CARTESIAN_POINT('',(-0.726738704169,-4.324916273735,
    -1.834911862583));
#3537 = CARTESIAN_POINT('',(-0.576161028433,-4.026090069454,
    0.696454383339));
#3538 = CARTESIAN_POINT('',(-0.275005676943,-1.26693297117,
    3.884498784872));
#3539 = CARTESIAN_POINT('',(-0.124428001195,1.195362593835,
    4.543446992413));
#3540 = CARTESIAN_POINT('',(2.614967454E-02,3.994152708452,
    3.432340560326));
#3541 = CARTESIAN_POINT('',(0.176727350293,5.743610784342,0.368484723007
    ));
#3542 = CARTESIAN_POINT('',(0.32730502604,4.65564217268,-3.383761462633)
  );
#3543 = CARTESIAN_POINT('',(0.47788270177,1.538582876207,-5.036564340263
    ));
#3544 = CARTESIAN_POINT('',(0.628460377529,-1.420468901349,
    -4.478177131213));
#3545 = CARTESIAN_POINT('',(0.779038053266,-3.148362206715,
    -2.604278282128));
#3546 = CARTESIAN_POINT('',(1.080193404756,-3.774183160473,
    1.565244848041));
#3547 = CARTESIAN_POINT('',(1.230771080501,-2.67255641982,3.863838051269
    ));
#3548 = CARTESIAN_POINT('',(1.381348756243,-7.820038764196E-03,
    5.266322856376));
#3549 = CARTESIAN_POINT('',(1.531926431989,3.457110601867,4.60143804908)
  );
#3550 = CARTESIAN_POINT('',(1.682504107736,5.598703097779,1.333930020207
    ));
#3551 = CARTESIAN_POINT('',(1.833081783474,4.825802916011,
    -2.108516975634));
#3552 = CARTESIAN_POINT('',(1.983659459224,2.476530726451,
    -3.992317357012));
#3553 = CARTESIAN_POINT('',(2.134237134965,-7.07171150929E-02,
    -4.085272211869));
#3554 = CARTESIAN_POINT('',(2.435392486455,-3.644223901015,
    -1.847723497278));
#3555 = CARTESIAN_POINT('',(2.585970162198,-4.673027353767,
    0.484373334915));
#3556 = CARTESIAN_POINT('',(2.736547837945,-4.004328600764,
    3.420463482061));
#3557 = CARTESIAN_POINT('',(2.887125513686,-1.245044522137,
    5.619137840034));
#3558 = CARTESIAN_POINT('',(3.037703189434,2.629671576319,5.119538213393
    ));
#3559 = CARTESIAN_POINT('',(3.188280865175,4.740994652946,2.292856093021
    ));
#3560 = CARTESIAN_POINT('',(3.338858540921,4.643055104144,
    -0.716826947508));
#3561 = CARTESIAN_POINT('',(3.489436216665,3.056341563685,
    -2.711683297199));
#3562 = CARTESIAN_POINT('',(3.790591568154,-0.967864212086,
    -3.969595561657));
#3563 = CARTESIAN_POINT('',(3.941169243897,-3.408221639353,
    -3.233547098352));
#3564 = CARTESIAN_POINT('',(4.091746919644,-5.202813728604,
    -0.815443833417));
#3565 = CARTESIAN_POINT('',(4.242324595385,-5.077225123308,
    2.710466605873));
#3566 = CARTESIAN_POINT('',(4.392902271131,-2.176842131341,
    5.327870513064));
#3567 = CARTESIAN_POINT('',(4.543479946876,1.343417528991,5.092096554914
    ));
#3568 = CARTESIAN_POINT('',(4.694057622618,3.565246096092,3.059546121423
    ));
#3569 = CARTESIAN_POINT('',(4.844635298364,4.047782383564,0.556693569883
    ));
#3570 = CARTESIAN_POINT('',(5.145790649852,2.384790358828,
    -3.317713807362));
#3571 = CARTESIAN_POINT('',(5.296368325599,0.23807790976,-4.692027396088
    ));
#3572 = CARTESIAN_POINT('',(5.446946001336,-2.765834015766,
    -4.48156001543));
#3573 = CARTESIAN_POINT('',(5.59752367709,-5.36169622847,-2.0921423185)
  );
#3574 = CARTESIAN_POINT('',(5.748101352826,-5.462287920227,
    1.813354569756));
#3575 = CARTESIAN_POINT('',(5.898679028574,-2.992872215728,
    4.333236118817));
#3576 = CARTESIAN_POINT('',(6.049256704318,-3.777674299203E-03,
    4.698062079469));
#3577 = CARTESIAN_POINT('',(6.199834380062,2.210836385307,3.436080985011
    ));
#3578 = CARTESIAN_POINT('',(6.500989731551,4.071073307494,
    -0.347580467055));
#3579 = CARTESIAN_POINT('',(6.651567407293,3.718020640881,
    -2.871954751521));
#3580 = CARTESIAN_POINT('',(6.802145083047,1.60377132765,-5.016187483272
    ));
#3581 = CARTESIAN_POINT('',(6.952722758772,-1.899683373245,
    -5.432867314492));
#3582 = CARTESIAN_POINT('',(7.103300434541,-4.930961710526,
    -2.968242321283));
#3583 = CARTESIAN_POINT('',(7.253878110264,-5.237893194145,
    0.546528012437));
#3584 = CARTESIAN_POINT('',(7.40445578602,-3.570161850139,3.053808533399
    ));
#3585 = CARTESIAN_POINT('',(7.555033461761,-1.170930918621,
    3.914507726299));
#3586 = CARTESIAN_POINT('',(7.856188813248,2.912694886049,2.865424656822
    ));
#3587 = CARTESIAN_POINT('',(8.006766489001,4.599997508926,0.954895398095
    ));
#3588 = CARTESIAN_POINT('',(8.157344164729,4.852741834104,
    -2.045755183879));
#3589 = CARTESIAN_POINT('',(8.307921840485,2.889732762234,
    -4.977377863469));
#3590 = CARTESIAN_POINT('',(8.458499516237,-0.954127354989,
    -5.675780709848));
#3591 = CARTESIAN_POINT('',(8.609077191956,-3.822937771881,
    -3.622066318175));
#3592 = CARTESIAN_POINT('',(8.759654867726,-4.641896383972,
    -0.724292950732));
#3593 = CARTESIAN_POINT('',(8.910232543456,-3.734510573764,
    1.657673288053));
#3594 = CARTESIAN_POINT('',(9.060810219204,-2.007719426357,
    2.866944177083));
#3595 = CARTESIAN_POINT('',(-2.188834551607,5.150318539843E-02,2.375));
#3596 = CARTESIAN_POINT('',(-2.038256875868,1.481991127833,
    2.343979082079));
#3597 = CARTESIAN_POINT('',(-1.8876792001,2.89244603347,1.342178943135)
  );
#3598 = CARTESIAN_POINT('',(-1.737101524403,3.52334565332,-0.60182958728
    ));
#3599 = CARTESIAN_POINT('',(-1.586523848605,2.679218726293,
    -2.842748054245));
#3600 = CARTESIAN_POINT('',(-1.435946172892,0.246841304517,
    -3.898525155963));
#3601 = CARTESIAN_POINT('',(-1.285368497148,-1.966587941266,
    -2.984743779936));
#3602 = CARTESIAN_POINT('',(-1.13479082139,-2.955784719692,
    -1.196254615816));
#3603 = CARTESIAN_POINT('',(-0.984213145654,-2.724332167888,
    0.518217962448));
#3604 = CARTESIAN_POINT('',(-0.683057794164,-0.815794828895,
    2.650474379681));
#3605 = CARTESIAN_POINT('',(-0.532480118416,0.862648670372,
    3.069776155269));
#3606 = CARTESIAN_POINT('',(-0.381902442682,2.749406070957,
    2.284059916427));
#3607 = CARTESIAN_POINT('',(-0.231324766928,3.901947248782,
    0.185032837549));
#3608 = CARTESIAN_POINT('',(-8.0747091182E-02,3.121137493049,
    -2.349027409562));
#3609 = CARTESIAN_POINT('',(6.9830584549E-02,0.987100069411,
    -3.435374363218));
#3610 = CARTESIAN_POINT('',(0.220408260307,-1.014673208643,
    -3.022933458536));
#3611 = CARTESIAN_POINT('',(0.370985936045,-2.166053223254,
    -1.731689652223));
#3612 = CARTESIAN_POINT('',(0.672141287535,-2.543544372565,
    1.104951431053));
#3613 = CARTESIAN_POINT('',(0.82271896328,-1.769924214676,2.652368120435
    ));
#3614 = CARTESIAN_POINT('',(0.973296639021,5.43197502248E-02,
    3.573963179646));
#3615 = CARTESIAN_POINT('',(1.123874314768,2.398191200796,3.083522084844
    ));
#3616 = CARTESIAN_POINT('',(1.274451990514,3.81453971395,0.841852595322)
  );
#3617 = CARTESIAN_POINT('',(1.425029666252,3.251052177148,
    -1.485538051939));
#3618 = CARTESIAN_POINT('',(1.575607342003,1.635440928809,
    -2.737338375781));
#3619 = CARTESIAN_POINT('',(1.726185017744,-9.424518265695E-02,
    -2.771579597111));
#3620 = CARTESIAN_POINT('',(2.027340369234,-2.493992983163,
    -1.212656027123));
#3621 = CARTESIAN_POINT('',(2.177918044977,-3.165763056755,0.38161858162
    ));
#3622 = CARTESIAN_POINT('',(2.328495720724,-2.678722403155,
    2.366560682865));
#3623 = CARTESIAN_POINT('',(2.479073396465,-0.781300464483,
    3.827401049422));
#3624 = CARTESIAN_POINT('',(2.629651072212,1.842533586263,3.444488424965
    ));
#3625 = CARTESIAN_POINT('',(2.780228747954,3.243332272541,1.502317485775
    ));
#3626 = CARTESIAN_POINT('',(2.9308064237,3.142791266571,-0.539028811789)
  );
#3627 = CARTESIAN_POINT('',(3.081384099443,2.043416626556,
    -1.874829069371));
#3628 = CARTESIAN_POINT('',(3.382539450932,-0.701764653525,
    -2.682920407694));
#3629 = CARTESIAN_POINT('',(3.533117126676,-2.349525909825,
    -2.155786868605));
#3630 = CARTESIAN_POINT('',(3.683694802422,-3.540007919078,
    -0.494475405564));
#3631 = CARTESIAN_POINT('',(3.834272478164,-3.414858647557,
    1.896884580476));
#3632 = CARTESIAN_POINT('',(3.984850153909,-1.416942509833,
    3.640288857124));
#3633 = CARTESIAN_POINT('',(4.135427829655,0.969335008838,3.44042916521)
  );
#3634 = CARTESIAN_POINT('',(4.286005505397,2.454116953325,2.035926939516
    ));
#3635 = CARTESIAN_POINT('',(4.436583181143,2.753241663169,0.331957771054
    ));
#3636 = CARTESIAN_POINT('',(4.73773853263,1.580821500346,-2.278494903268
    ));
#3637 = CARTESIAN_POINT('',(4.888316208378,0.108441946484,
    -3.186836804353));
#3638 = CARTESIAN_POINT('',(5.038893884115,-1.927714090005,
    -3.009996937892));
#3639 = CARTESIAN_POINT('',(5.189471559869,-3.662285065787,
    -1.359079580518));
#3640 = CARTESIAN_POINT('',(5.340049235605,-3.686330535455,
    1.292438667148));
#3641 = CARTESIAN_POINT('',(5.490626911353,-1.981984813242,
    2.974541688981));
#3642 = CARTESIAN_POINT('',(5.641204587097,5.062911486557E-02,
    3.188279425867));
#3643 = CARTESIAN_POINT('',(5.791782262841,1.539239830524,2.306789173989
    ));
#3644 = CARTESIAN_POINT('',(6.09293761433,2.758809076066,-0.281971673822
    ));
#3645 = CARTESIAN_POINT('',(6.243515290071,2.490635965288,
    -1.991085510929));
#3646 = CARTESIAN_POINT('',(6.394092965826,1.031569574433,
    -3.422283770784));
#3647 = CARTESIAN_POINT('',(6.54467064155,-1.350691026672,
    -3.665387352523));
#3648 = CARTESIAN_POINT('',(6.69524831732,-3.37989586576,-1.958502738475
    ));
#3649 = CARTESIAN_POINT('',(6.845825993043,-3.548393465834,
    0.430194155607));
#3650 = CARTESIAN_POINT('',(6.996403668798,-2.388235723176,
    2.112822437956));
#3651 = CARTESIAN_POINT('',(7.14698134454,-0.75030543134,2.669752306348)
  );
#3652 = CARTESIAN_POINT('',(7.448136696027,2.009079585753,1.911579153022
    ));
#3653 = CARTESIAN_POINT('',(7.59871437178,3.132498722561,0.595936343408)
  );
#3654 = CARTESIAN_POINT('',(7.749292047508,3.270044377419,
    -1.443250918544));
#3655 = CARTESIAN_POINT('',(7.899869723264,1.904697929972,
    -3.410506601558));
#3656 = CARTESIAN_POINT('',(8.050447399015,-0.711759893145,
    -3.840940884243));
#3657 = CARTESIAN_POINT('',(8.201025074735,-2.635363103247,
    -2.414751514345));
#3658 = CARTESIAN_POINT('',(8.351602750505,-3.158321548677,
    -0.438968575658));
#3659 = CARTESIAN_POINT('',(8.502180426235,-2.515574963683,
    1.167226721621));
#3660 = CARTESIAN_POINT('',(8.652758101983,-1.330034346548,1.96832065861
    ));
#3661 = DEFINITIONAL_REPRESENTATION('',(#3662),#3685);
#3662 = B_SPLINE_CURVE_WITH_KNOTS('',6,(#3663,#3664,#3665,#3666,#3667,
    #3668,#3669,#3670,#3671,#3672,#3673,#3674,#3675,#3676,#3677,#3678,
    #3679,#3680,#3681,#3682,#3683,#3684),.UNSPECIFIED.,.F.,.F.,(7,5,5,5,
    7),(0.,0.170723230257,0.376180815465,0.649553263374,1.),
  .UNSPECIFIED.);
#3663 = CARTESIAN_POINT('',(1.144584575699,11.837028804233));
#3664 = CARTESIAN_POINT('',(1.106618061069,11.783673927547));
#3665 = CARTESIAN_POINT('',(1.069136019913,11.730999888245));
#3666 = CARTESIAN_POINT('',(1.032119167259,11.678979584882));
#3667 = CARTESIAN_POINT('',(0.995548597474,11.62758644911));
#3668 = CARTESIAN_POINT('',(0.959406979586,11.576796125468));
#3669 = CARTESIAN_POINT('',(0.880683671892,11.466165154591));
#3670 = CARTESIAN_POINT('',(0.838286650545,11.406584024538));
#3671 = CARTESIAN_POINT('',(0.79646148069,11.347806525426));
#3672 = CARTESIAN_POINT('',(0.75518135701,11.289794987365));
#3673 = CARTESIAN_POINT('',(0.714421422642,11.232514478656));
#3674 = CARTESIAN_POINT('',(0.620590730314,11.100652887797));
#3675 = CARTESIAN_POINT('',(0.56790922354,11.026618825809));
#3676 = CARTESIAN_POINT('',(0.516066742045,10.95376385784));
#3677 = CARTESIAN_POINT('',(0.465013360243,10.882017822762));
#3678 = CARTESIAN_POINT('',(0.414708665095,10.811323927562));
#3679 = CARTESIAN_POINT('',(0.30155602661,10.652308934168));
#3680 = CARTESIAN_POINT('',(0.23916241913,10.564626320539));
#3681 = CARTESIAN_POINT('',(0.177876962815,10.478501007322));
#3682 = CARTESIAN_POINT('',(0.117623384704,10.393825807047));
#3683 = CARTESIAN_POINT('',(5.834264593273E-02,10.310517751572));
#3684 = CARTESIAN_POINT('',(0.,10.228528011149));
#3685 = ( GEOMETRIC_REPRESENTATION_CONTEXT(2) 
PARAMETRIC_REPRESENTATION_CONTEXT() REPRESENTATION_CONTEXT('2D SPACE',''
  ) );
#3686 = FACE_BOUND('',#3687,.F.);
#3687 = EDGE_LOOP('',(#3688));
#3688 = ORIENTED_EDGE('',*,*,#2877,.T.);
#3689 = ADVANCED_FACE('',(#3690),#3023,.F.);
#3690 = FACE_BOUND('',#3691,.F.);
#3691 = EDGE_LOOP('',(#3692,#3777,#3778,#3863));
#3692 = ORIENTED_EDGE('',*,*,#3693,.F.);
#3693 = EDGE_CURVE('',#2940,#3694,#3696,.T.);
#3694 = VERTEX_POINT('',#3695);
#3695 = CARTESIAN_POINT('',(7.,3.149315462236,-1.527137163548));
#3696 = SURFACE_CURVE('',#3697,(#3764,#3770),.PCURVE_S1.);
#3697 = B_SPLINE_CURVE_WITH_KNOTS('',9,(#3698,#3699,#3700,#3701,#3702,
    #3703,#3704,#3705,#3706,#3707,#3708,#3709,#3710,#3711,#3712,#3713,
    #3714,#3715,#3716,#3717,#3718,#3719,#3720,#3721,#3722,#3723,#3724,
    #3725,#3726,#3727,#3728,#3729,#3730,#3731,#3732,#3733,#3734,#3735,
    #3736,#3737,#3738,#3739,#3740,#3741,#3742,#3743,#3744,#3745,#3746,
    #3747,#3748,#3749,#3750,#3751,#3752,#3753,#3754,#3755,#3756,#3757,
    #3758,#3759,#3760,#3761,#3762,#3763),.UNSPECIFIED.,.F.,.F.,(10,8,8,8
    ,8,8,8,8,10),(0.,5.587628957584,11.175257915168,16.762886872752,
    22.350515830336,27.938144787919,33.525773745503,39.113402703087,
    44.701031660671),.UNSPECIFIED.);
#3698 = CARTESIAN_POINT('',(-1.360810219204,-1.749884229806E-02,3.5));
#3699 = CARTESIAN_POINT('',(-1.210232543465,2.090588599833,
    3.510539739364));
#3700 = CARTESIAN_POINT('',(-1.059654867697,4.207329585445,
    2.090497567032));
#3701 = CARTESIAN_POINT('',(-0.909077192,5.212951286694,-0.747901399195)
  );
#3702 = CARTESIAN_POINT('',(-0.758499516202,4.057779408705,
    -4.081577139591));
#3703 = CARTESIAN_POINT('',(-0.607921840489,0.516794870074,
    -5.732169649917));
#3704 = CARTESIAN_POINT('',(-0.457344164745,-2.779131283089,
    -4.473326155309));
#3705 = CARTESIAN_POINT('',(-0.306766488987,-4.306352612656,
    -1.878065355383));
#3706 = CARTESIAN_POINT('',(-0.156188813251,-4.032852706476,
    0.656162335844));
#3707 = CARTESIAN_POINT('',(0.144966538239,-1.305711080824,
    3.871636414857));
#3708 = CARTESIAN_POINT('',(0.295544213987,1.149872502675,4.555172394743
    ));
#3709 = CARTESIAN_POINT('',(0.446121889721,3.959632764296,3.472106852102
    ));
#3710 = CARTESIAN_POINT('',(0.596699565474,5.739639123572,0.425897179245
    ));
#3711 = CARTESIAN_POINT('',(0.747277241222,4.689243972139,
    -3.337040126035));
#3712 = CARTESIAN_POINT('',(0.897854916952,1.588867001576,
    -5.020928124546));
#3713 = CARTESIAN_POINT('',(1.048432592711,-1.375620194985,
    -4.492156651624));
#3714 = CARTESIAN_POINT('',(1.199010268448,-3.122164405395,
    -2.635628841243));
#3715 = CARTESIAN_POINT('',(1.500165619938,-3.789645501694,1.5274282068)
  );
#3716 = CARTESIAN_POINT('',(1.650743295683,-2.711057676113,
    3.836921760341));
#3717 = CARTESIAN_POINT('',(1.801320971424,-6.047806672253E-02,
    5.265981392299));
#3718 = CARTESIAN_POINT('',(1.951898647171,3.410927574287,4.635775960838
    ));
#3719 = CARTESIAN_POINT('',(2.102476322918,5.585085134102,1.389845271128
    ));
#3720 = CARTESIAN_POINT('',(2.253053998655,4.846644904469,
    -2.060157943144));
#3721 = CARTESIAN_POINT('',(2.403631674406,2.516326456824,-3.96735471898
    ));
#3722 = CARTESIAN_POINT('',(2.554209350147,-2.986458192319E-02,
    -4.085775088017));
#3723 = CARTESIAN_POINT('',(2.855364701637,-3.625566167113,
    -1.884070042044));
#3724 = CARTESIAN_POINT('',(3.00594237738,-4.677637033221,0.437623102604
    ));
#3725 = CARTESIAN_POINT('',(3.156520053126,-4.038329928498,
    3.380252855581));
#3726 = CARTESIAN_POINT('',(3.307097728868,-1.301168541835,
    5.606407610842));
#3727 = CARTESIAN_POINT('',(3.457675404615,2.578349402117,5.145576599109
    ));
#3728 = CARTESIAN_POINT('',(3.608253080357,4.717831167207,2.340147092789
    ));
#3729 = CARTESIAN_POINT('',(3.758830756103,4.649990604685,
    -0.670364793321));
#3730 = CARTESIAN_POINT('',(3.909408431846,3.083303131859,
    -2.680987104261));
#3731 = CARTESIAN_POINT('',(4.210563783335,-0.928123489018,
    -3.979074873305));
#3732 = CARTESIAN_POINT('',(4.361141459079,-3.375718731138,
    -3.26746455548));
#3733 = CARTESIAN_POINT('',(4.511719134825,-5.194399936054,
    -0.867426463423));
#3734 = CARTESIAN_POINT('',(4.662296810567,-5.104073491728,2.65956348012
    ));
#3735 = CARTESIAN_POINT('',(4.812874486312,-2.230007163317,
    5.305837726139));
#3736 = CARTESIAN_POINT('',(4.963452162058,1.292434051584,5.105274938657
    ));
#3737 = CARTESIAN_POINT('',(5.1140298378,3.534475185611,3.095042380874)
  );
#3738 = CARTESIAN_POINT('',(5.264607513546,4.042013599013,0.597139873492
    ));
#3739 = CARTESIAN_POINT('',(5.565762865033,2.417845251072,
    -3.293702217462));
#3740 = CARTESIAN_POINT('',(5.716340540781,0.284982008597,
    -4.689412271211));
#3741 = CARTESIAN_POINT('',(5.866918216518,-2.720884237069,
    -4.508991788332));
#3742 = CARTESIAN_POINT('',(6.017495892272,-5.34050866271,
    -2.145649807503));
#3743 = CARTESIAN_POINT('',(6.168073568008,-5.480146745797,
    1.758646019731));
#3744 = CARTESIAN_POINT('',(6.318651243756,-3.036051006173,
    4.303093494754));
#3745 = CARTESIAN_POINT('',(6.4692289195,-5.075382365147E-02,
    4.697789440761));
#3746 = CARTESIAN_POINT('',(6.619806595244,2.176368182708,3.458015556556
    ));
#3747 = CARTESIAN_POINT('',(6.920961946733,4.074345273966,
    -0.306856068291));
#3748 = CARTESIAN_POINT('',(7.071539622474,3.746551698032,
    -2.834634358722));
#3749 = CARTESIAN_POINT('',(7.222117298229,1.653848455471,
    -4.999900464028));
#3750 = CARTESIAN_POINT('',(7.372694973954,-1.845264683409,
    -5.451590810307));
#3751 = CARTESIAN_POINT('',(7.523272649723,-4.901035484109,
    -3.017399063412));
#3752 = CARTESIAN_POINT('',(7.673850325446,-5.243096121503,
    0.494126540001));
#3753 = CARTESIAN_POINT('',(7.824428001201,-3.600518672772,
    3.017957498735));
#3754 = CARTESIAN_POINT('',(7.975005676943,-1.210013890259,
    3.902603790867));
#3755 = CARTESIAN_POINT('',(8.27616102843,2.883897639182,2.894405701036)
  );
#3756 = CARTESIAN_POINT('',(8.426738704183,4.590219462226,1.00084344763)
  );
#3757 = CARTESIAN_POINT('',(8.57731637991,4.872954922241,-1.997129927329
    ));
#3758 = CARTESIAN_POINT('',(8.727894055667,2.939357538323,
    -4.948234325278));
#3759 = CARTESIAN_POINT('',(8.878471731418,-0.897327018643,
    -5.685037383724));
#3760 = CARTESIAN_POINT('',(9.029049407138,-3.786529297231,
    -3.660111127022));
#3761 = CARTESIAN_POINT('',(9.179627082907,-4.634422054094,
    -0.770671478589));
#3762 = CARTESIAN_POINT('',(9.330204758638,-3.750899100176,
    1.620248716541));
#3763 = CARTESIAN_POINT('',(9.480782434386,-2.036285884762,
    2.846725488171));
#3764 = PCURVE('',#3023,#3765);
#3765 = DEFINITIONAL_REPRESENTATION('',(#3766),#3769);
#3766 = B_SPLINE_CURVE_WITH_KNOTS('',1,(#3767,#3768),.UNSPECIFIED.,.F.,
  .F.,(2,2),(0.,44.701031660671),.PIECEWISE_BEZIER_KNOTS.);
#3767 = CARTESIAN_POINT('',(0.,0.));
#3768 = CARTESIAN_POINT('',(0.,44.701031660671));
#3769 = ( GEOMETRIC_REPRESENTATION_CONTEXT(2) 
PARAMETRIC_REPRESENTATION_CONTEXT() REPRESENTATION_CONTEXT('2D SPACE',''
  ) );
#3770 = PCURVE('',#3251,#3771);
#3771 = DEFINITIONAL_REPRESENTATION('',(#3772),#3776);
#3772 = LINE('',#3773,#3774);
#3773 = CARTESIAN_POINT('',(1.197199994035,0.));
#3774 = VECTOR('',#3775,1.);
#3775 = DIRECTION('',(0.,1.));
#3776 = ( GEOMETRIC_REPRESENTATION_CONTEXT(2) 
PARAMETRIC_REPRESENTATION_CONTEXT() REPRESENTATION_CONTEXT('2D SPACE',''
  ) );
#3777 = ORIENTED_EDGE('',*,*,#2937,.F.);
#3778 = ORIENTED_EDGE('',*,*,#3779,.T.);
#3779 = EDGE_CURVE('',#2938,#3780,#3782,.T.);
#3780 = VERTEX_POINT('',#3781);
#3781 = CARTESIAN_POINT('',(7.,-1.890504169201,-2.945496956599));
#3782 = SURFACE_CURVE('',#3783,(#3850,#3857),.PCURVE_S1.);
#3783 = B_SPLINE_CURVE_WITH_KNOTS('',9,(#3784,#3785,#3786,#3787,#3788,
    #3789,#3790,#3791,#3792,#3793,#3794,#3795,#3796,#3797,#3798,#3799,
    #3800,#3801,#3802,#3803,#3804,#3805,#3806,#3807,#3808,#3809,#3810,
    #3811,#3812,#3813,#3814,#3815,#3816,#3817,#3818,#3819,#3820,#3821,
    #3822,#3823,#3824,#3825,#3826,#3827,#3828,#3829,#3830,#3831,#3832,
    #3833,#3834,#3835,#3836,#3837,#3838,#3839,#3840,#3841,#3842,#3843,
    #3844,#3845,#3846,#3847,#3848,#3849),.UNSPECIFIED.,.F.,.F.,(10,8,8,8
    ,8,8,8,8,10),(0.,5.587628957584,11.175257915168,16.762886872752,
    22.350515830336,27.938144787919,33.525773745503,39.113402703087,
    44.701031660671),.UNSPECIFIED.);
#3784 = CARTESIAN_POINT('',(-1.780782434386,1.749884229915E-02,3.5));
#3785 = CARTESIAN_POINT('',(-1.630204758647,2.12558628443,3.489460260632
    ));
#3786 = CARTESIAN_POINT('',(-1.479627082879,4.228022322743,
    2.048323593107));
#3787 = CARTESIAN_POINT('',(-1.329049407182,5.205212345532,
    -0.799988761345));
#3788 = CARTESIAN_POINT('',(-1.178471731384,4.016764505789,
    -4.121947202253));
#3789 = CARTESIAN_POINT('',(-1.027894055671,0.45945255564,
    -5.737050551049));
#3790 = CARTESIAN_POINT('',(-0.877316379927,-2.823721526553,
    -4.445313752809));
#3791 = CARTESIAN_POINT('',(-0.726738704169,-4.324916273734,
    -1.834911862582));
#3792 = CARTESIAN_POINT('',(-0.576161028433,-4.026090069454,
    0.696454383339));
#3793 = CARTESIAN_POINT('',(-0.275005676943,-1.26693297117,
    3.884498784872));
#3794 = CARTESIAN_POINT('',(-0.124428001194,1.195362593835,
    4.543446992413));
#3795 = CARTESIAN_POINT('',(2.6149674539E-02,3.994152708452,
    3.432340560327));
#3796 = CARTESIAN_POINT('',(0.176727350293,5.743610784342,0.368484723007
    ));
#3797 = CARTESIAN_POINT('',(0.327305026039,4.65564217268,-3.383761462633
    ));
#3798 = CARTESIAN_POINT('',(0.47788270177,1.538582876207,-5.036564340263
    ));
#3799 = CARTESIAN_POINT('',(0.628460377529,-1.420468901349,
    -4.478177131213));
#3800 = CARTESIAN_POINT('',(0.779038053266,-3.148362206715,
    -2.604278282128));
#3801 = CARTESIAN_POINT('',(1.080193404756,-3.774183160473,
    1.565244848041));
#3802 = CARTESIAN_POINT('',(1.230771080501,-2.67255641982,3.863838051269
    ));
#3803 = CARTESIAN_POINT('',(1.381348756243,-7.820038764366E-03,
    5.266322856376));
#3804 = CARTESIAN_POINT('',(1.531926431989,3.457110601868,4.60143804908)
  );
#3805 = CARTESIAN_POINT('',(1.682504107736,5.598703097779,1.333930020207
    ));
#3806 = CARTESIAN_POINT('',(1.833081783474,4.825802916011,
    -2.108516975634));
#3807 = CARTESIAN_POINT('',(1.983659459224,2.476530726451,
    -3.992317357012));
#3808 = CARTESIAN_POINT('',(2.134237134965,-7.071711509289E-02,
    -4.085272211869));
#3809 = CARTESIAN_POINT('',(2.435392486455,-3.644223901015,
    -1.847723497278));
#3810 = CARTESIAN_POINT('',(2.585970162198,-4.673027353767,
    0.484373334915));
#3811 = CARTESIAN_POINT('',(2.736547837945,-4.004328600764,
    3.420463482061));
#3812 = CARTESIAN_POINT('',(2.887125513686,-1.245044522137,
    5.619137840034));
#3813 = CARTESIAN_POINT('',(3.037703189434,2.629671576319,5.119538213393
    ));
#3814 = CARTESIAN_POINT('',(3.188280865175,4.740994652946,2.292856093021
    ));
#3815 = CARTESIAN_POINT('',(3.338858540921,4.643055104144,
    -0.716826947508));
#3816 = CARTESIAN_POINT('',(3.489436216665,3.056341563685,
    -2.711683297199));
#3817 = CARTESIAN_POINT('',(3.790591568154,-0.967864212086,
    -3.969595561657));
#3818 = CARTESIAN_POINT('',(3.941169243897,-3.408221639354,
    -3.233547098352));
#3819 = CARTESIAN_POINT('',(4.091746919643,-5.202813728603,
    -0.815443833417));
#3820 = CARTESIAN_POINT('',(4.242324595385,-5.077225123308,
    2.710466605872));
#3821 = CARTESIAN_POINT('',(4.39290227113,-2.176842131341,5.327870513065
    ));
#3822 = CARTESIAN_POINT('',(4.543479946876,1.343417528991,5.092096554914
    ));
#3823 = CARTESIAN_POINT('',(4.694057622618,3.565246096092,3.059546121423
    ));
#3824 = CARTESIAN_POINT('',(4.844635298364,4.047782383564,0.556693569883
    ));
#3825 = CARTESIAN_POINT('',(5.145790649852,2.384790358828,
    -3.317713807362));
#3826 = CARTESIAN_POINT('',(5.296368325599,0.23807790976,-4.692027396088
    ));
#3827 = CARTESIAN_POINT('',(5.446946001336,-2.765834015766,
    -4.48156001543));
#3828 = CARTESIAN_POINT('',(5.59752367709,-5.36169622847,-2.0921423185)
  );
#3829 = CARTESIAN_POINT('',(5.748101352826,-5.462287920227,
    1.813354569756));
#3830 = CARTESIAN_POINT('',(5.898679028574,-2.992872215729,
    4.333236118817));
#3831 = CARTESIAN_POINT('',(6.049256704318,-3.777674299165E-03,
    4.698062079469));
#3832 = CARTESIAN_POINT('',(6.199834380062,2.210836385307,3.436080985011
    ));
#3833 = CARTESIAN_POINT('',(6.500989731551,4.071073307494,
    -0.347580467055));
#3834 = CARTESIAN_POINT('',(6.651567407293,3.718020640881,
    -2.871954751521));
#3835 = CARTESIAN_POINT('',(6.802145083047,1.60377132765,-5.016187483272
    ));
#3836 = CARTESIAN_POINT('',(6.952722758772,-1.899683373245,
    -5.432867314492));
#3837 = CARTESIAN_POINT('',(7.103300434541,-4.930961710526,
    -2.968242321283));
#3838 = CARTESIAN_POINT('',(7.253878110264,-5.237893194145,
    0.546528012437));
#3839 = CARTESIAN_POINT('',(7.40445578602,-3.570161850139,3.053808533399
    ));
#3840 = CARTESIAN_POINT('',(7.555033461761,-1.170930918621,
    3.914507726299));
#3841 = CARTESIAN_POINT('',(7.856188813248,2.912694886049,2.865424656822
    ));
#3842 = CARTESIAN_POINT('',(8.006766489001,4.599997508926,0.954895398095
    ));
#3843 = CARTESIAN_POINT('',(8.157344164728,4.852741834104,
    -2.045755183878));
#3844 = CARTESIAN_POINT('',(8.307921840486,2.889732762234,
    -4.977377863469));
#3845 = CARTESIAN_POINT('',(8.458499516236,-0.954127354989,
    -5.675780709848));
#3846 = CARTESIAN_POINT('',(8.609077191956,-3.822937771881,
    -3.622066318176));
#3847 = CARTESIAN_POINT('',(8.759654867726,-4.641896383972,
    -0.724292950732));
#3848 = CARTESIAN_POINT('',(8.910232543457,-3.734510573764,
    1.657673288053));
#3849 = CARTESIAN_POINT('',(9.060810219204,-2.007719426357,
    2.866944177083));
#3850 = PCURVE('',#3023,#3851);
#3851 = DEFINITIONAL_REPRESENTATION('',(#3852),#3856);
#3852 = LINE('',#3853,#3854);
#3853 = CARTESIAN_POINT('',(0.421427929131,0.));
#3854 = VECTOR('',#3855,1.);
#3855 = DIRECTION('',(0.,1.));
#3856 = ( GEOMETRIC_REPRESENTATION_CONTEXT(2) 
PARAMETRIC_REPRESENTATION_CONTEXT() REPRESENTATION_CONTEXT('2D SPACE',''
  ) );
#3857 = PCURVE('',#3528,#3858);
#3858 = DEFINITIONAL_REPRESENTATION('',(#3859),#3862);
#3859 = B_SPLINE_CURVE_WITH_KNOTS('',1,(#3860,#3861),.UNSPECIFIED.,.F.,
  .F.,(2,2),(0.,44.701031660671),.PIECEWISE_BEZIER_KNOTS.);
#3860 = CARTESIAN_POINT('',(0.,0.));
#3861 = CARTESIAN_POINT('',(0.,44.701031660671));
#3862 = ( GEOMETRIC_REPRESENTATION_CONTEXT(2) 
PARAMETRIC_REPRESENTATION_CONTEXT() REPRESENTATION_CONTEXT('2D SPACE',''
  ) );
#3863 = ORIENTED_EDGE('',*,*,#3864,.T.);
#3864 = EDGE_CURVE('',#3780,#3694,#3865,.T.);
#3865 = SURFACE_CURVE('',#3866,(#3904,#3945),.PCURVE_S1.);
#3866 = B_SPLINE_CURVE_WITH_KNOTS('',6,(#3867,#3868,#3869,#3870,#3871,
    #3872,#3873,#3874,#3875,#3876,#3877,#3878,#3879,#3880,#3881,#3882,
    #3883,#3884,#3885,#3886,#3887,#3888,#3889,#3890,#3891,#3892,#3893,
    #3894,#3895,#3896,#3897,#3898,#3899,#3900,#3901,#3902,#3903),
  .UNSPECIFIED.,.F.,.F.,(7,5,5,5,5,5,5,7),(0.,0.137999524794,
    0.193998861434,0.222998426584,0.250997973045,0.522989825178,
    0.761997966252,1.),.UNSPECIFIED.);
#3867 = CARTESIAN_POINT('',(7.,-1.890504169201,-2.945496956599));
#3868 = CARTESIAN_POINT('',(7.,-1.776020135606,-3.018974781659));
#3869 = CARTESIAN_POINT('',(7.,-1.65810894892,-3.08711459389));
#3870 = CARTESIAN_POINT('',(7.,-1.537083585491,-3.14971548471));
#3871 = CARTESIAN_POINT('',(7.,-1.413269655104,-3.206602339302));
#3872 = CARTESIAN_POINT('',(7.,-1.287005400982,-3.257625836612));
#3873 = CARTESIAN_POINT('',(7.,-1.106552519573,-3.320938022703));
#3874 = CARTESIAN_POINT('',(7.,-1.054117469876,-3.338227811218));
#3875 = CARTESIAN_POINT('',(7.,-1.001359887232,-3.3545236091));
#3876 = CARTESIAN_POINT('',(7.,-0.948303332703,-3.369817957302));
#3877 = CARTESIAN_POINT('',(7.,-0.894971591873,-3.38410414353));
#3878 = CARTESIAN_POINT('',(7.,-0.813640465916,-3.404249210995));
#3879 = CARTESIAN_POINT('',(7.,-0.785824894815,-3.41085025767));
#3880 = CARTESIAN_POINT('',(7.,-0.75794529365,-3.417178514485));
#3881 = CARTESIAN_POINT('',(7.,-0.730005006779,-3.423233208437));
#3882 = CARTESIAN_POINT('',(7.,-0.702007390824,-3.429013621293));
#3883 = CARTESIAN_POINT('',(7.,-0.646871566814,-3.439834707758));
#3884 = CARTESIAN_POINT('',(7.,-0.619737015412,-3.444894016898));
#3885 = CARTESIAN_POINT('',(7.,-0.592555192653,-3.449696419871));
#3886 = CARTESIAN_POINT('',(7.,-0.565329139076,-3.454241367628));
#3887 = CARTESIAN_POINT('',(7.,-0.53806190357,-3.458528359204));
#3888 = CARTESIAN_POINT('',(7.,-0.245508122125,-3.501691204884));
#3889 = CARTESIAN_POINT('',(7.,2.336491125936E-02,-3.516444700293));
#3890 = CARTESIAN_POINT('',(7.,0.29300206826,-3.506384645989));
#3891 = CARTESIAN_POINT('',(7.,0.560569918241,-3.471556786743));
#3892 = CARTESIAN_POINT('',(7.,0.823266681194,-3.412386160994));
#3893 = CARTESIAN_POINT('',(7.,1.302487290765,-3.257180328654));
#3894 = CARTESIAN_POINT('',(7.,1.520780616938,-3.166474948771));
#3895 = CARTESIAN_POINT('',(7.,1.73136410881,-3.058256880723));
#3896 = CARTESIAN_POINT('',(7.,1.932511249592,-2.933371195381));
#3897 = CARTESIAN_POINT('',(7.,2.122610528882,-2.792865544836));
#3898 = CARTESIAN_POINT('',(7.,2.477028124365,-2.483838958597));
#3899 = CARTESIAN_POINT('',(7.,2.641472553846,-2.315420173201));
#3900 = CARTESIAN_POINT('',(7.,2.792070944943,-2.134033876543));
#3901 = CARTESIAN_POINT('',(7.,2.927581070699,-1.941114945905));
#3902 = CARTESIAN_POINT('',(7.,3.046942194709,-1.738237341508));
#3903 = CARTESIAN_POINT('',(7.,3.149315462236,-1.527137163549));
#3904 = PCURVE('',#3023,#3905);
#3905 = DEFINITIONAL_REPRESENTATION('',(#3906),#3944);
#3906 = B_SPLINE_CURVE_WITH_KNOTS('',6,(#3907,#3908,#3909,#3910,#3911,
    #3912,#3913,#3914,#3915,#3916,#3917,#3918,#3919,#3920,#3921,#3922,
    #3923,#3924,#3925,#3926,#3927,#3928,#3929,#3930,#3931,#3932,#3933,
    #3934,#3935,#3936,#3937,#3938,#3939,#3940,#3941,#3942,#3943),
  .UNSPECIFIED.,.F.,.F.,(7,5,5,5,5,5,5,7),(0.,0.137999524794,
    0.193998861434,0.222998426584,0.250997973045,0.522989825178,
    0.761997966252,1.),.UNSPECIFIED.);
#3907 = CARTESIAN_POINT('',(0.421427929131,36.20409345254));
#3908 = CARTESIAN_POINT('',(0.411735175129,36.164267250162));
#3909 = CARTESIAN_POINT('',(0.402042375092,36.124440858632));
#3910 = CARTESIAN_POINT('',(0.392349535157,36.084614303168));
#3911 = CARTESIAN_POINT('',(0.382656663967,36.04478761928));
#3912 = CARTESIAN_POINT('',(0.372963772668,36.004960852769));
#3913 = CARTESIAN_POINT('',(0.359337558146,35.948972598339));
#3914 = CARTESIAN_POINT('',(0.355404236572,35.9328111172));
#3915 = CARTESIAN_POINT('',(0.35147091056,35.916649617819));
#3916 = CARTESIAN_POINT('',(0.347537580563,35.90048810207));
#3917 = CARTESIAN_POINT('',(0.343604247126,35.884326572185));
#3918 = CARTESIAN_POINT('',(0.337634011024,35.859795687442));
#3919 = CARTESIAN_POINT('',(0.335597110341,35.851426340731));
#3920 = CARTESIAN_POINT('',(0.333560208906,35.843056990933));
#3921 = CARTESIAN_POINT('',(0.331523306802,35.834687638381));
#3922 = CARTESIAN_POINT('',(0.329486404114,35.826318283433));
#3923 = CARTESIAN_POINT('',(0.325482838163,35.809868177739));
#3924 = CARTESIAN_POINT('',(0.323516174917,35.801787427065));
#3925 = CARTESIAN_POINT('',(0.32154951128,35.793706674786));
#3926 = CARTESIAN_POINT('',(0.31958284734,35.785625921259));
#3927 = CARTESIAN_POINT('',(0.317616183188,35.777545166861));
#3928 = CARTESIAN_POINT('',(0.296545043145,35.690966730278));
#3929 = CARTESIAN_POINT('',(0.277438638844,35.612461124518));
#3930 = CARTESIAN_POINT('',(0.258334544449,35.533965009847));
#3931 = CARTESIAN_POINT('',(0.239230641803,35.455469683051));
#3932 = CARTESIAN_POINT('',(0.220124783347,35.376966320094));
#3933 = CARTESIAN_POINT('',(0.184234109997,35.229496445175));
#3934 = CARTESIAN_POINT('',(0.167446324185,35.160517726113));
#3935 = CARTESIAN_POINT('',(0.150659918914,35.091544679511));
#3936 = CARTESIAN_POINT('',(0.133873667234,35.022572263989));
#3937 = CARTESIAN_POINT('',(0.117086301327,34.953595270263));
#3938 = CARTESIAN_POINT('',(8.35840556979E-02,34.815939118641));
#3939 = CARTESIAN_POINT('',(6.686720672701E-02,34.747251869374));
#3940 = CARTESIAN_POINT('',(5.015127524164E-02,34.678568389929));
#3941 = CARTESIAN_POINT('',(3.343500850324E-02,34.609883532975));
#3942 = CARTESIAN_POINT('',(1.671719727893E-02,34.541192329939));
#3943 = CARTESIAN_POINT('',(0.,34.472503649521));
#3944 = ( GEOMETRIC_REPRESENTATION_CONTEXT(2) 
PARAMETRIC_REPRESENTATION_CONTEXT() REPRESENTATION_CONTEXT('2D SPACE',''
  ) );
#3945 = PCURVE('',#3946,#3951);
#3946 = PLANE('',#3947);
#3947 = AXIS2_PLACEMENT_3D('',#3948,#3949,#3950);
#3948 = CARTESIAN_POINT('',(7.,0.,8.881784197001E-16));
#3949 = DIRECTION('',(1.,-0.,1.110223024625E-16));
#3950 = DIRECTION('',(1.110223024625E-16,0.,-1.));
#3951 = DEFINITIONAL_REPRESENTATION('',(#3952),#3990);
#3952 = B_SPLINE_CURVE_WITH_KNOTS('',6,(#3953,#3954,#3955,#3956,#3957,
    #3958,#3959,#3960,#3961,#3962,#3963,#3964,#3965,#3966,#3967,#3968,
    #3969,#3970,#3971,#3972,#3973,#3974,#3975,#3976,#3977,#3978,#3979,
    #3980,#3981,#3982,#3983,#3984,#3985,#3986,#3987,#3988,#3989),
  .UNSPECIFIED.,.F.,.F.,(7,5,5,5,5,5,5,7),(0.,0.137999524794,
    0.193998861434,0.222998426584,0.250997973045,0.522989825178,
    0.761997966252,1.),.UNSPECIFIED.);
#3953 = CARTESIAN_POINT('',(2.945496956599,-1.890504169201));
#3954 = CARTESIAN_POINT('',(3.018974781659,-1.776020135606));
#3955 = CARTESIAN_POINT('',(3.08711459389,-1.65810894892));
#3956 = CARTESIAN_POINT('',(3.14971548471,-1.537083585491));
#3957 = CARTESIAN_POINT('',(3.206602339302,-1.413269655104));
#3958 = CARTESIAN_POINT('',(3.257625836612,-1.287005400982));
#3959 = CARTESIAN_POINT('',(3.320938022703,-1.106552519573));
#3960 = CARTESIAN_POINT('',(3.338227811218,-1.054117469876));
#3961 = CARTESIAN_POINT('',(3.3545236091,-1.001359887232));
#3962 = CARTESIAN_POINT('',(3.369817957302,-0.948303332703));
#3963 = CARTESIAN_POINT('',(3.38410414353,-0.894971591873));
#3964 = CARTESIAN_POINT('',(3.404249210995,-0.813640465916));
#3965 = CARTESIAN_POINT('',(3.41085025767,-0.785824894815));
#3966 = CARTESIAN_POINT('',(3.417178514485,-0.75794529365));
#3967 = CARTESIAN_POINT('',(3.423233208437,-0.730005006779));
#3968 = CARTESIAN_POINT('',(3.429013621293,-0.702007390824));
#3969 = CARTESIAN_POINT('',(3.439834707758,-0.646871566814));
#3970 = CARTESIAN_POINT('',(3.444894016898,-0.619737015412));
#3971 = CARTESIAN_POINT('',(3.449696419871,-0.592555192653));
#3972 = CARTESIAN_POINT('',(3.454241367628,-0.565329139076));
#3973 = CARTESIAN_POINT('',(3.458528359204,-0.53806190357));
#3974 = CARTESIAN_POINT('',(3.501691204884,-0.245508122125));
#3975 = CARTESIAN_POINT('',(3.516444700293,2.336491125936E-02));
#3976 = CARTESIAN_POINT('',(3.506384645989,0.29300206826));
#3977 = CARTESIAN_POINT('',(3.471556786743,0.560569918241));
#3978 = CARTESIAN_POINT('',(3.412386160994,0.823266681194));
#3979 = CARTESIAN_POINT('',(3.257180328654,1.302487290765));
#3980 = CARTESIAN_POINT('',(3.166474948771,1.520780616938));
#3981 = CARTESIAN_POINT('',(3.058256880723,1.73136410881));
#3982 = CARTESIAN_POINT('',(2.933371195381,1.932511249592));
#3983 = CARTESIAN_POINT('',(2.792865544836,2.122610528882));
#3984 = CARTESIAN_POINT('',(2.483838958597,2.477028124365));
#3985 = CARTESIAN_POINT('',(2.315420173201,2.641472553846));
#3986 = CARTESIAN_POINT('',(2.134033876543,2.792070944943));
#3987 = CARTESIAN_POINT('',(1.941114945905,2.927581070699));
#3988 = CARTESIAN_POINT('',(1.738237341508,3.046942194709));
#3989 = CARTESIAN_POINT('',(1.527137163549,3.149315462236));
#3990 = ( GEOMETRIC_REPRESENTATION_CONTEXT(2) 
PARAMETRIC_REPRESENTATION_CONTEXT() REPRESENTATION_CONTEXT('2D SPACE',''
  ) );
#3991 = ADVANCED_FACE('',(#3992),#3251,.F.);
#3992 = FACE_BOUND('',#3993,.F.);
#3993 = EDGE_LOOP('',(#3994,#3995,#3996,#4076,#4171,#4385,#4599,#4771));
#3994 = ORIENTED_EDGE('',*,*,#3197,.F.);
#3995 = ORIENTED_EDGE('',*,*,#3693,.T.);
#3996 = ORIENTED_EDGE('',*,*,#3997,.T.);
#3997 = EDGE_CURVE('',#3694,#3998,#4000,.T.);
#3998 = VERTEX_POINT('',#3999);
#3999 = CARTESIAN_POINT('',(7.,1.046672369776,2.187487588431));
#4000 = SURFACE_CURVE('',#4001,(#4024,#4050),.PCURVE_S1.);
#4001 = B_SPLINE_CURVE_WITH_KNOTS('',6,(#4002,#4003,#4004,#4005,#4006,
    #4007,#4008,#4009,#4010,#4011,#4012,#4013,#4014,#4015,#4016,#4017,
    #4018,#4019,#4020,#4021,#4022,#4023),.UNSPECIFIED.,.F.,.F.,(7,5,5,5,
    7),(0.,0.350446635041,0.622845511234,0.829276748862,1.),
  .UNSPECIFIED.);
#4002 = CARTESIAN_POINT('',(7.,3.149315462236,-1.527137163548));
#4003 = CARTESIAN_POINT('',(7.,3.222302333677,-1.250991961778));
#4004 = CARTESIAN_POINT('',(7.,3.267651217793,-0.968073286289));
#4005 = CARTESIAN_POINT('',(7.,3.283940408945,-0.681807828734));
#4006 = CARTESIAN_POINT('',(7.,3.270313386899,-0.395943738449));
#4007 = CARTESIAN_POINT('',(7.,3.226480118261,-0.114544739406));
#4008 = CARTESIAN_POINT('',(7.,3.095918699375,0.36992161262));
#4009 = CARTESIAN_POINT('',(7.,3.020912320962,0.576497872327));
#4010 = CARTESIAN_POINT('',(7.,2.928266926817,0.775724998296));
#4011 = CARTESIAN_POINT('',(7.,2.818552902169,0.965527574398));
#4012 = CARTESIAN_POINT('',(7.,2.692661739902,1.143812934647));
#4013 = CARTESIAN_POINT('',(7.,2.445191849698,1.433336883306));
#4014 = CARTESIAN_POINT('',(7.,2.329949324398,1.550366090357));
#4015 = CARTESIAN_POINT('',(7.,2.206738643575,1.658726948819));
#4016 = CARTESIAN_POINT('',(7.,2.076259234804,1.757568701955));
#4017 = CARTESIAN_POINT('',(7.,1.939341409245,1.846094249907));
#4018 = CARTESIAN_POINT('',(7.,1.679214702394,1.987672246001));
#4019 = CARTESIAN_POINT('',(7.,1.557728711656,2.04421337724));
#4020 = CARTESIAN_POINT('',(7.,1.433062467378,2.092802172958));
#4021 = CARTESIAN_POINT('',(7.,1.305833767904,2.133075043192));
#4022 = CARTESIAN_POINT('',(7.,1.176725185717,2.164725780488));
#4023 = CARTESIAN_POINT('',(7.,1.046487480273,2.187519949106));
#4024 = PCURVE('',#3251,#4025);
#4025 = DEFINITIONAL_REPRESENTATION('',(#4026),#4049);
#4026 = B_SPLINE_CURVE_WITH_KNOTS('',6,(#4027,#4028,#4029,#4030,#4031,
    #4032,#4033,#4034,#4035,#4036,#4037,#4038,#4039,#4040,#4041,#4042,
    #4043,#4044,#4045,#4046,#4047,#4048),.UNSPECIFIED.,.F.,.F.,(7,5,5,5,
    7),(0.,0.350446635041,0.622845511234,0.829276748862,1.),
  .UNSPECIFIED.);
#4027 = CARTESIAN_POINT('',(1.197199994035,34.472503649521));
#4028 = CARTESIAN_POINT('',(1.13885738153,34.390513956075));
#4029 = CARTESIAN_POINT('',(1.079576677256,34.30720594908));
#4030 = CARTESIAN_POINT('',(1.019323134747,34.222530798838));
#4031 = CARTESIAN_POINT('',(0.958037715245,34.136405537354));
#4032 = CARTESIAN_POINT('',(0.895644145978,34.048722977427));
#4033 = CARTESIAN_POINT('',(0.782668157024,33.889956232103));
#4034 = CARTESIAN_POINT('',(0.732545198478,33.819517733905));
#4035 = CARTESIAN_POINT('',(0.681679140219,33.748034947235));
#4036 = CARTESIAN_POINT('',(0.630029515237,33.675451003234));
#4037 = CARTESIAN_POINT('',(0.577547706925,33.601697580302));
#4038 = CARTESIAN_POINT('',(0.48374470986,33.469874909986));
#4039 = CARTESIAN_POINT('',(0.442801426128,33.412336737838));
#4040 = CARTESIAN_POINT('',(0.401333522568,33.354061310072));
#4041 = CARTESIAN_POINT('',(0.359315697408,33.295013069751));
#4042 = CARTESIAN_POINT('',(0.316720600371,33.235153581146));
#4043 = CARTESIAN_POINT('',(0.237793587356,33.124236340319));
#4044 = CARTESIAN_POINT('',(0.201651990606,33.073446046381));
#4045 = CARTESIAN_POINT('',(0.165081442513,33.022052941092));
#4046 = CARTESIAN_POINT('',(0.128064612127,32.970032669024));
#4047 = CARTESIAN_POINT('',(9.058259384713E-02,32.917358661869));
#4048 = CARTESIAN_POINT('',(5.261610273403E-02,32.864003818232));
#4049 = ( GEOMETRIC_REPRESENTATION_CONTEXT(2) 
PARAMETRIC_REPRESENTATION_CONTEXT() REPRESENTATION_CONTEXT('2D SPACE',''
  ) );
#4050 = PCURVE('',#3946,#4051);
#4051 = DEFINITIONAL_REPRESENTATION('',(#4052),#4075);
#4052 = B_SPLINE_CURVE_WITH_KNOTS('',6,(#4053,#4054,#4055,#4056,#4057,
    #4058,#4059,#4060,#4061,#4062,#4063,#4064,#4065,#4066,#4067,#4068,
    #4069,#4070,#4071,#4072,#4073,#4074),.UNSPECIFIED.,.F.,.F.,(7,5,5,5,
    7),(0.,0.350446635041,0.622845511234,0.829276748862,1.),
  .UNSPECIFIED.);
#4053 = CARTESIAN_POINT('',(1.527137163548,3.149315462236));
#4054 = CARTESIAN_POINT('',(1.250991961778,3.222302333677));
#4055 = CARTESIAN_POINT('',(0.968073286289,3.267651217793));
#4056 = CARTESIAN_POINT('',(0.681807828734,3.283940408945));
#4057 = CARTESIAN_POINT('',(0.395943738449,3.270313386899));
#4058 = CARTESIAN_POINT('',(0.114544739406,3.226480118261));
#4059 = CARTESIAN_POINT('',(-0.36992161262,3.095918699375));
#4060 = CARTESIAN_POINT('',(-0.576497872327,3.020912320962));
#4061 = CARTESIAN_POINT('',(-0.775724998296,2.928266926817));
#4062 = CARTESIAN_POINT('',(-0.965527574398,2.818552902169));
#4063 = CARTESIAN_POINT('',(-1.143812934647,2.692661739902));
#4064 = CARTESIAN_POINT('',(-1.433336883306,2.445191849698));
#4065 = CARTESIAN_POINT('',(-1.550366090357,2.329949324398));
#4066 = CARTESIAN_POINT('',(-1.658726948819,2.206738643575));
#4067 = CARTESIAN_POINT('',(-1.757568701955,2.076259234804));
#4068 = CARTESIAN_POINT('',(-1.846094249907,1.939341409245));
#4069 = CARTESIAN_POINT('',(-1.987672246001,1.679214702394));
#4070 = CARTESIAN_POINT('',(-2.04421337724,1.557728711656));
#4071 = CARTESIAN_POINT('',(-2.092802172958,1.433062467378));
#4072 = CARTESIAN_POINT('',(-2.133075043192,1.305833767904));
#4073 = CARTESIAN_POINT('',(-2.164725780488,1.176725185717));
#4074 = CARTESIAN_POINT('',(-2.187519949106,1.046487480273));
#4075 = ( GEOMETRIC_REPRESENTATION_CONTEXT(2) 
PARAMETRIC_REPRESENTATION_CONTEXT() REPRESENTATION_CONTEXT('2D SPACE',''
  ) );
#4076 = ORIENTED_EDGE('',*,*,#4077,.F.);
#4077 = EDGE_CURVE('',#4078,#3998,#4080,.T.);
#4078 = VERTEX_POINT('',#4079);
#4079 = CARTESIAN_POINT('',(6.888426161398,-5.939536975865E-16,2.425));
#4080 = SURFACE_CURVE('',#4081,(#4140,#4153),.PCURVE_S1.);
#4081 = B_SPLINE_CURVE_WITH_KNOTS('',8,(#4082,#4083,#4084,#4085,#4086,
    #4087,#4088,#4089,#4090,#4091,#4092,#4093,#4094,#4095,#4096,#4097,
    #4098,#4099,#4100,#4101,#4102,#4103,#4104,#4105,#4106,#4107,#4108,
    #4109,#4110,#4111,#4112,#4113,#4114,#4115,#4116,#4117,#4118,#4119,
    #4120,#4121,#4122,#4123,#4124,#4125,#4126,#4127,#4128,#4129,#4130,
    #4131,#4132,#4133,#4134,#4135,#4136,#4137,#4138,#4139),
  .UNSPECIFIED.,.F.,.F.,(9,7,7,7,7,7,7,7,9),(0.,9.24842362049E-02,
    0.135352198657,0.180635974505,0.365410655678,0.494655317759,
    0.686079745579,0.845954522303,1.),.UNSPECIFIED.);
#4082 = CARTESIAN_POINT('',(6.888426161398,-3.996802888651E-15,2.425));
#4083 = CARTESIAN_POINT('',(6.906577825259,0.176067281134,2.425));
#4084 = CARTESIAN_POINT('',(6.924732560257,0.35215895246,2.410390352599)
  );
#4085 = CARTESIAN_POINT('',(6.942886416966,0.526822379894,2.381164425988
    ));
#4086 = CARTESIAN_POINT('',(6.961038540195,0.698643097195,2.337496006397
    ));
#4087 = CARTESIAN_POINT('',(6.979189811643,0.866245846513,2.279715749079
    ));
#4088 = CARTESIAN_POINT('',(6.997341409507,1.028299670922,2.208301890828
    ));
#4089 = CARTESIAN_POINT('',(7.015493285022,1.183527058931,2.123885224021
    ));
#4090 = CARTESIAN_POINT('',(7.042055041119,1.398942161463,1.982484815989
    ));
#4091 = CARTESIAN_POINT('',(7.050467443708,1.465445069556,1.935077193105
    ));
#4092 = CARTESIAN_POINT('',(7.058879953325,1.530107732995,1.885122772012
    ));
#4093 = CARTESIAN_POINT('',(7.067292697228,1.592816695337,1.832704976803
    ));
#4094 = CARTESIAN_POINT('',(7.07570574032,1.653463175951,1.777913347201)
  );
#4095 = CARTESIAN_POINT('',(7.084119085159,1.711943070014,1.720843538555
    ));
#4096 = CARTESIAN_POINT('',(7.092532671951,1.768156948517,1.661597321843
    ));
#4097 = CARTESIAN_POINT('',(7.109834237509,1.878898046652,1.535512468628
    ));
#4098 = CARTESIAN_POINT('',(7.118722764655,1.933155894118,1.468429563434
    ));
#4099 = CARTESIAN_POINT('',(7.127611875692,1.984672771531,1.399160015389
    ));
#4100 = CARTESIAN_POINT('',(7.136501325442,2.033345853546,1.327835151599
    ));
#4101 = CARTESIAN_POINT('',(7.145390707842,2.079080318597,1.254591478972
    ));
#4102 = CARTESIAN_POINT('',(7.154279455953,2.1217893489,1.179570684221)
  );
#4103 = CARTESIAN_POINT('',(7.163166841953,2.16139413045,1.102919633861)
  );
#4104 = CARTESIAN_POINT('',(7.208306639891,2.346470697238,0.705993878743
    ));
#4105 = CARTESIAN_POINT('',(7.244623812671,2.442609875094,0.361824480434
    ));
#4106 = CARTESIAN_POINT('',(7.28093474294,2.480493105047,
    3.522322088272E-03));
#4107 = CARTESIAN_POINT('',(7.317222161057,2.458444987137,
    -0.357392282979));
#4108 = CARTESIAN_POINT('',(7.353494486127,2.376819155544,
    -0.709657922663));
#4109 = CARTESIAN_POINT('',(7.389788053759,2.238474096169,
    -1.042348418269));
#4110 = CARTESIAN_POINT('',(7.426130638636,2.048318367391,
    -1.344894825288));
#4111 = CARTESIAN_POINT('',(7.487754593917,1.651891771811,
    -1.792320412512));
#4112 = CARTESIAN_POINT('',(7.513132171804,1.467287473051,
    -1.957653918171));
#4113 = CARTESIAN_POINT('',(7.538503798544,1.263897517688,
    -2.101092306365));
#4114 = CARTESIAN_POINT('',(7.563870889374,1.04480719384,-2.220204521643
    ));
#4115 = CARTESIAN_POINT('',(7.589238472243,0.813380212939,
    -2.313101391314));
#4116 = CARTESIAN_POINT('',(7.614611275232,0.573216292713,
    -2.378395482327));
#4117 = CARTESIAN_POINT('',(7.639989808037,0.328155336597,
    -2.415257710468));
#4118 = CARTESIAN_POINT('',(7.702916752921,-0.281918495111,
    -2.435966104263));
#4119 = CARTESIAN_POINT('',(7.740576649354,-0.649189230684,
    -2.385816868413));
#4120 = CARTESIAN_POINT('',(7.778170694175,-1.005435951197,
    -2.272110534605));
#4121 = CARTESIAN_POINT('',(7.815734355879,-1.338158558297,
    -2.098336541731));
#4122 = CARTESIAN_POINT('',(7.853306049253,-1.636052253935,
    -1.869950670103));
#4123 = CARTESIAN_POINT('',(7.890915090234,-1.889402956943,
    -1.594903677658));
#4124 = CARTESIAN_POINT('',(7.928588677171,-2.089778524251,
    -1.283056624936));
#4125 = CARTESIAN_POINT('',(7.997543270273,-2.351104222747,
    -0.667499030857));
#4126 = CARTESIAN_POINT('',(8.02896274601,-2.430003065388,
    -0.369949064572));
#4127 = CARTESIAN_POINT('',(8.060355713843,-2.465601118233,
    -6.220336241575E-02));
#4128 = CARTESIAN_POINT('',(8.091729166567,-2.45667487895,0.248357680467
    ));
#4129 = CARTESIAN_POINT('',(8.123099243801,-2.403265320545,
    0.554427106976));
#4130 = CARTESIAN_POINT('',(8.154485653171,-2.306788859045,
    0.848834375825));
#4131 = CARTESIAN_POINT('',(8.185898285828,-2.169921586673,
    1.124582206532));
#4132 = CARTESIAN_POINT('',(8.247501965571,-1.831030819563,
    1.616768368765));
#4133 = CARTESIAN_POINT('',(8.277769313466,-1.631159729789,
    1.835591252694));
#4134 = CARTESIAN_POINT('',(8.308018681609,-1.401593394437,
    2.025794124537));
#4135 = CARTESIAN_POINT('',(8.338253987466,-1.147269605069,
    2.182865583887));
#4136 = CARTESIAN_POINT('',(8.368484520929,-0.873671236787,
    2.303258349914));
#4137 = CARTESIAN_POINT('',(8.398720881519,-0.586828027378,
    2.384470852142));
#4138 = CARTESIAN_POINT('',(8.428983636584,-0.293253357681,2.425));
#4139 = CARTESIAN_POINT('',(8.45921874123,-4.440892098501E-16,2.425));
#4140 = PCURVE('',#3251,#4141);
#4141 = DEFINITIONAL_REPRESENTATION('',(#4142),#4152);
#4142 = B_SPLINE_CURVE_WITH_KNOTS('',8,(#4143,#4144,#4145,#4146,#4147,
    #4148,#4149,#4150,#4151),.UNSPECIFIED.,.F.,.F.,(9,9),(0.,
    7.105649978169E-02),.PIECEWISE_BEZIER_KNOTS.);
#4143 = CARTESIAN_POINT('',(5.266066812538E-02,32.404035724991));
#4144 = CARTESIAN_POINT('',(5.265926922748E-02,32.461534969973));
#4145 = CARTESIAN_POINT('',(5.265762591068E-02,32.519041346205));
#4146 = CARTESIAN_POINT('',(5.265615816408E-02,32.576548058629));
#4147 = CARTESIAN_POINT('',(5.265558036861E-02,32.634053171412));
#4148 = CARTESIAN_POINT('',(5.26565541933E-02,32.691557621876));
#4149 = CARTESIAN_POINT('',(5.265943732802E-02,32.749063298664));
#4150 = CARTESIAN_POINT('',(5.266412805274E-02,32.80657118415));
#4151 = CARTESIAN_POINT('',(5.267000564309E-02,32.86407956109));
#4152 = ( GEOMETRIC_REPRESENTATION_CONTEXT(2) 
PARAMETRIC_REPRESENTATION_CONTEXT() REPRESENTATION_CONTEXT('2D SPACE',''
  ) );
#4153 = PCURVE('',#4154,#4159);
#4154 = CYLINDRICAL_SURFACE('',#4155,2.425);
#4155 = AXIS2_PLACEMENT_3D('',#4156,#4157,#4158);
#4156 = CARTESIAN_POINT('',(-1.570796326795,0.,-1.743934249004E-16));
#4157 = DIRECTION('',(1.,-0.,1.110223024625E-16));
#4158 = DIRECTION('',(-1.110223024625E-16,-0.,1.));
#4159 = DEFINITIONAL_REPRESENTATION('',(#4160),#4170);
#4160 = B_SPLINE_CURVE_WITH_KNOTS('',8,(#4161,#4162,#4163,#4164,#4165,
    #4166,#4167,#4168,#4169),.UNSPECIFIED.,.F.,.F.,(9,9),(0.,
    7.105649978169E-02),.PIECEWISE_BEZIER_KNOTS.);
#4161 = CARTESIAN_POINT('',(0.,8.459222488193));
#4162 = CARTESIAN_POINT('',(-5.578314603098E-02,8.473168580307));
#4163 = CARTESIAN_POINT('',(-0.111572107339,8.487116485311));
#4164 = CARTESIAN_POINT('',(-0.167360146127,8.501064412012));
#4165 = CARTESIAN_POINT('',(-0.223145346524,8.515011647413));
#4166 = CARTESIAN_POINT('',(-0.278928780511,8.528958193326));
#4167 = CARTESIAN_POINT('',(-0.334712659457,8.5429043859));
#4168 = CARTESIAN_POINT('',(-0.390498471239,8.556850498065));
#4169 = CARTESIAN_POINT('',(-0.446285102964,8.570796324895));
#4170 = ( GEOMETRIC_REPRESENTATION_CONTEXT(2) 
PARAMETRIC_REPRESENTATION_CONTEXT() REPRESENTATION_CONTEXT('2D SPACE',''
  ) );
#4171 = ORIENTED_EDGE('',*,*,#4172,.F.);
#4172 = EDGE_CURVE('',#4173,#4078,#4175,.T.);
#4173 = VERTEX_POINT('',#4174);
#4174 = CARTESIAN_POINT('',(5.317646329444,-5.939536975865E-16,2.425));
#4175 = SURFACE_CURVE('',#4176,(#4242,#4311),.PCURVE_S1.);
#4176 = B_SPLINE_CURVE_WITH_KNOTS('',8,(#4177,#4178,#4179,#4180,#4181,
    #4182,#4183,#4184,#4185,#4186,#4187,#4188,#4189,#4190,#4191,#4192,
    #4193,#4194,#4195,#4196,#4197,#4198,#4199,#4200,#4201,#4202,#4203,
    #4204,#4205,#4206,#4207,#4208,#4209,#4210,#4211,#4212,#4213,#4214,
    #4215,#4216,#4217,#4218,#4219,#4220,#4221,#4222,#4223,#4224,#4225,
    #4226,#4227,#4228,#4229,#4230,#4231,#4232,#4233,#4234,#4235,#4236,
    #4237,#4238,#4239,#4240,#4241),.UNSPECIFIED.,.F.,.F.,(9,7,7,7,7,7,7,
    7,7,9),(0.,0.174261349046,0.256279491994,0.283748645355,
    0.331668519031,0.508769482343,0.618716549263,0.773552626002,
    0.890721617808,1.),.UNSPECIFIED.);
#4177 = CARTESIAN_POINT('',(5.317646329444,1.7763568394E-15,2.425));
#4178 = CARTESIAN_POINT('',(5.351854302975,0.331797114028,2.425));
#4179 = CARTESIAN_POINT('',(5.386118873352,0.664182021099,2.373116463664
    ));
#4180 = CARTESIAN_POINT('',(5.420341966725,0.986730333921,2.269032421536
    ));
#4181 = CARTESIAN_POINT('',(5.454541511309,1.290048347474,2.115313734638
    ));
#4182 = CARTESIAN_POINT('',(5.488745099612,1.565576752582,1.916019094298
    ));
#4183 = CARTESIAN_POINT('',(5.522976966729,1.805783241518,1.67689600445)
  );
#4184 = CARTESIAN_POINT('',(5.557247032549,2.0040744206,1.405129223964)
  );
#4185 = CARTESIAN_POINT('',(5.607551802423,2.227449777562,0.971327497087
    ));
#4186 = CARTESIAN_POINT('',(5.623652680252,2.28872924403,0.827218003882)
  );
#4187 = CARTESIAN_POINT('',(5.639752548854,2.339333445839,0.67872684481)
  );
#4188 = CARTESIAN_POINT('',(5.655850766342,2.378903871539,0.526782098746
    ));
#4189 = CARTESIAN_POINT('',(5.671948099508,2.40718007419,0.372336748147)
  );
#4190 = CARTESIAN_POINT('',(5.688045858229,2.423996404983,0.216363827197
    ));
#4191 = CARTESIAN_POINT('',(5.70414476561,2.42928593361,
    5.985335436438E-02));
#4192 = CARTESIAN_POINT('',(5.725635302105,2.421016961652,
    -0.148449948632));
#4193 = CARTESIAN_POINT('',(5.731026711718,2.417654513054,
    -0.200655503347));
#4194 = CARTESIAN_POINT('',(5.736418095582,2.4130056325,-0.252771104505)
  );
#4195 = CARTESIAN_POINT('',(5.741809663625,2.407073015849,-0.30476161086
    ));
#4196 = CARTESIAN_POINT('',(5.747201532818,2.39986063191,-0.356591250169
    ));
#4197 = CARTESIAN_POINT('',(5.752593727182,2.391373722444,
    -0.408223619196));
#4198 = CARTESIAN_POINT('',(5.757986177777,2.381618802163,
    -0.459621683707));
#4199 = CARTESIAN_POINT('',(5.772786004721,2.35138776682,-0.599937131002
    ));
#4200 = CARTESIAN_POINT('',(5.782194516132,2.328336532799,
    -0.688301460257));
#4201 = CARTESIAN_POINT('',(5.79160272689,2.30149202158,-0.775646465293)
  );
#4202 = CARTESIAN_POINT('',(5.80100964708,2.270907331589,-0.861782129891
    ));
#4203 = CARTESIAN_POINT('',(5.810414826924,2.236646594765,
    -0.946522722562));
#4204 = CARTESIAN_POINT('',(5.819818356787,2.198784976556,
    -1.029686796545));
#4205 = CARTESIAN_POINT('',(5.829220867171,2.157408675924,-1.11109718981
    ));
#4206 = CARTESIAN_POINT('',(5.873373629054,1.947067402573,
    -1.484335217417));
#4207 = CARTESIAN_POINT('',(5.90818818462,1.734536662015,-1.752317084743
    ));
#4208 = CARTESIAN_POINT('',(5.942992511114,1.480110088584,
    -1.984814536433));
#4209 = CARTESIAN_POINT('',(5.977770951421,1.191012846593,
    -2.174611362626));
#4210 = CARTESIAN_POINT('',(6.012537915905,0.875393996366,
    -2.316019040402));
#4211 = CARTESIAN_POINT('',(6.047322971617,0.542448632392,
    -2.405202826799));
#4212 = CARTESIAN_POINT('',(6.082146488523,0.202180098271,
    -2.439966247279));
#4213 = CARTESIAN_POINT('',(6.138484153633,-0.343477758089,
    -2.409660643418));
#4214 = CARTESIAN_POINT('',(6.160070053575,-0.55139964853,
    -2.377430832415));
#4215 = CARTESIAN_POINT('',(6.181654529353,-0.755772900912,
    -2.324695112856));
#4216 = CARTESIAN_POINT('',(6.203236684295,-0.954242791925,
    -2.25193827012));
#4217 = CARTESIAN_POINT('',(6.224819327214,-1.144563104919,
    -2.159948397958));
#4218 = CARTESIAN_POINT('',(6.24640508618,-1.324605590948,
    -2.049790395004));
#4219 = CARTESIAN_POINT('',(6.267992526646,-1.492384647747,
    -1.922818388555));
#4220 = CARTESIAN_POINT('',(6.319962565396,-1.862567303318,
    -1.580622976414));
#4221 = CARTESIAN_POINT('',(6.350385693672,-2.051486321649,
    -1.350214402409));
#4222 = CARTESIAN_POINT('',(6.380787445698,-2.207482392734,
    -1.09424418199));
#4223 = CARTESIAN_POINT('',(6.411173921001,-2.326724279375,
    -0.818334839618));
#4224 = CARTESIAN_POINT('',(6.441560925309,-2.406444954053,
    -0.528534194729));
#4225 = CARTESIAN_POINT('',(6.471963804029,-2.445028831224,
    -0.231287306404));
#4226 = CARTESIAN_POINT('',(6.502389750201,-2.44194463307,
    6.664374750583E-02));
#4227 = CARTESIAN_POINT('',(6.555787601658,-2.365442910329,
    0.578854816689));
#4228 = CARTESIAN_POINT('',(6.578799567439,-2.309278581775,
    0.796115452701));
#4229 = CARTESIAN_POINT('',(6.601807977403,-2.2303181192,1.007018890233)
  );
#4230 = CARTESIAN_POINT('',(6.624812261212,-2.129445844259,1.20878275936
    ));
#4231 = CARTESIAN_POINT('',(6.64781521272,-2.007912807416,1.398816765901
    ));
#4232 = CARTESIAN_POINT('',(6.67082000946,-1.867302844393,1.574720106874
    ));
#4233 = CARTESIAN_POINT('',(6.69382713982,-1.709550995144,1.734308981102
    ));
#4234 = CARTESIAN_POINT('',(6.73827257855,-1.376064006181,2.007576341519
    ));
#4235 = CARTESIAN_POINT('',(6.75972581139,-1.202152007945,2.123707329054
    ));
#4236 = CARTESIAN_POINT('',(6.781175537764,-1.01712506938,2.222544486825
    ));
#4237 = CARTESIAN_POINT('',(6.802621856063,-0.823007241095,
    2.302874778845));
#4238 = CARTESIAN_POINT('',(6.824068893497,-0.621945502501,
    2.363774725008));
#4239 = CARTESIAN_POINT('',(6.845520485393,-0.416185763307,
    2.404597970342));
#4240 = CARTESIAN_POINT('',(6.86697597894,-0.208062210386,2.425));
#4241 = CARTESIAN_POINT('',(6.888426161398,-3.996802888651E-15,2.425));
#4242 = PCURVE('',#3251,#4243);
#4243 = DEFINITIONAL_REPRESENTATION('',(#4244),#4310);
#4244 = B_SPLINE_CURVE_WITH_KNOTS('',8,(#4245,#4246,#4247,#4248,#4249,
    #4250,#4251,#4252,#4253,#4254,#4255,#4256,#4257,#4258,#4259,#4260,
    #4261,#4262,#4263,#4264,#4265,#4266,#4267,#4268,#4269,#4270,#4271,
    #4272,#4273,#4274,#4275,#4276,#4277,#4278,#4279,#4280,#4281,#4282,
    #4283,#4284,#4285,#4286,#4287,#4288,#4289,#4290,#4291,#4292,#4293,
    #4294,#4295,#4296,#4297,#4298,#4299,#4300,#4301,#4302,#4303,#4304,
    #4305,#4306,#4307,#4308,#4309),.UNSPECIFIED.,.F.,.F.,(9,7,7,7,7,7,7,
    7,7,9),(0.,0.174261349046,0.256279491994,0.283748645355,
    0.331668519031,0.508769482343,0.618716549263,0.773552626002,
    0.890721617808,1.),.UNSPECIFIED.);
#4245 = CARTESIAN_POINT('',(5.26329077976E-02,25.927505551277));
#4246 = CARTESIAN_POINT('',(5.262891241482E-02,26.068543024615));
#4247 = CARTESIAN_POINT('',(5.263438298465E-02,26.209827155364));
#4248 = CARTESIAN_POINT('',(5.264906472574E-02,26.350953216634));
#4249 = CARTESIAN_POINT('',(5.266710945562E-02,26.491986909814));
#4250 = CARTESIAN_POINT('',(5.267134806564E-02,26.633017873741));
#4251 = CARTESIAN_POINT('',(5.266174756326E-02,26.774145985907));
#4252 = CARTESIAN_POINT('',(5.265530236453E-02,26.915436029548));
#4253 = CARTESIAN_POINT('',(5.265800705794E-02,27.122851710157));
#4254 = CARTESIAN_POINT('',(5.266074815249E-02,27.18924118221));
#4255 = CARTESIAN_POINT('',(5.266582937484E-02,27.255629781729));
#4256 = CARTESIAN_POINT('',(5.267358778415E-02,27.322015335816));
#4257 = CARTESIAN_POINT('',(5.268316469101E-02,27.38839979931));
#4258 = CARTESIAN_POINT('',(5.269234855126E-02,27.454785465062));
#4259 = CARTESIAN_POINT('',(5.26983289341E-02,27.521171364966));
#4260 = CARTESIAN_POINT('',(5.269970740886E-02,27.609781054078));
#4261 = CARTESIAN_POINT('',(5.269951497705E-02,27.632010134957));
#4262 = CARTESIAN_POINT('',(5.269869762005E-02,27.654238231453));
#4263 = CARTESIAN_POINT('',(5.269721195875E-02,27.676466148159));
#4264 = CARTESIAN_POINT('',(5.269505788425E-02,27.698694367213));
#4265 = CARTESIAN_POINT('',(5.269227855786E-02,27.7209230483));
#4266 = CARTESIAN_POINT('',(5.268896041108E-02,27.743152028649));
#4267 = CARTESIAN_POINT('',(5.267873093976E-02,27.804158902759));
#4268 = CARTESIAN_POINT('',(5.266905146531E-02,27.842937586384));
#4269 = CARTESIAN_POINT('',(5.266068495989E-02,27.881716875521));
#4270 = CARTESIAN_POINT('',(5.265645390643E-02,27.920496655116));
#4271 = CARTESIAN_POINT('',(5.265751303323E-02,27.959276693448));
#4272 = CARTESIAN_POINT('',(5.266334931392E-02,27.998056642133));
#4273 = CARTESIAN_POINT('',(5.26717819675E-02,28.036836036121));
#4274 = CARTESIAN_POINT('',(5.270549992048E-02,28.218929921339));
#4275 = CARTESIAN_POINT('',(5.272598253067E-02,28.362502795745));
#4276 = CARTESIAN_POINT('',(5.267274190938E-02,28.505929890318));
#4277 = CARTESIAN_POINT('',(5.264668725932E-02,28.64928845823));
#4278 = CARTESIAN_POINT('',(5.26490824796E-02,28.792639691116));
#4279 = CARTESIAN_POINT('',(5.26580049148E-02,28.936074688834));
#4280 = CARTESIAN_POINT('',(5.26634273345E-02,29.079663347495));
#4281 = CARTESIAN_POINT('',(5.266212631298E-02,29.311947663101));
#4282 = CARTESIAN_POINT('',(5.265928921011E-02,29.400944621564));
#4283 = CARTESIAN_POINT('',(5.265337721971E-02,29.489931386866));
#4284 = CARTESIAN_POINT('',(5.264549698238E-02,29.578905817113));
#4285 = CARTESIAN_POINT('',(5.263772424669E-02,29.667882410416));
#4286 = CARTESIAN_POINT('',(5.263225004008E-02,29.756875081661));
#4287 = CARTESIAN_POINT('',(5.263054665406E-02,29.845879985094));
#4288 = CARTESIAN_POINT('',(5.263537956222E-02,30.060164735982));
#4289 = CARTESIAN_POINT('',(5.264564848644E-02,30.18561693839));
#4290 = CARTESIAN_POINT('',(5.266363693273E-02,30.310991852615));
#4291 = CARTESIAN_POINT('',(5.268546248112E-02,30.436309171628));
#4292 = CARTESIAN_POINT('',(5.27016611762E-02,30.561620764289));
#4293 = CARTESIAN_POINT('',(5.270661613984E-02,30.686982007856));
#4294 = CARTESIAN_POINT('',(5.270148163029E-02,30.812424182084));
#4295 = CARTESIAN_POINT('',(5.268170102485E-02,31.032561365861));
#4296 = CARTESIAN_POINT('',(5.266966861083E-02,31.127425222106));
#4297 = CARTESIAN_POINT('',(5.265582339218E-02,31.222271869784));
#4298 = CARTESIAN_POINT('',(5.264290638526E-02,31.317102809323));
#4299 = CARTESIAN_POINT('',(5.263374278999E-02,31.411933530359));
#4300 = CARTESIAN_POINT('',(5.262980505267E-02,31.506779203459));
#4301 = CARTESIAN_POINT('',(5.263048635089E-02,31.601640989512));
#4302 = CARTESIAN_POINT('',(5.263780644941E-02,31.784904515012));
#4303 = CARTESIAN_POINT('',(5.264400067787E-02,31.873367164855));
#4304 = CARTESIAN_POINT('',(5.265180120176E-02,31.961817614522));
#4305 = CARTESIAN_POINT('',(5.265890714689E-02,32.050253036234));
#4306 = CARTESIAN_POINT('',(5.266334074813E-02,32.138687667535));
#4307 = CARTESIAN_POINT('',(5.266437490663E-02,32.227136300075));
#4308 = CARTESIAN_POINT('',(5.266281973997E-02,32.315597380724));
#4309 = CARTESIAN_POINT('',(5.266066812538E-02,32.404035724991));
#4310 = ( GEOMETRIC_REPRESENTATION_CONTEXT(2) 
PARAMETRIC_REPRESENTATION_CONTEXT() REPRESENTATION_CONTEXT('2D SPACE',''
  ) );
#4311 = PCURVE('',#4312,#4317);
#4312 = CYLINDRICAL_SURFACE('',#4313,2.425);
#4313 = AXIS2_PLACEMENT_3D('',#4314,#4315,#4316);
#4314 = CARTESIAN_POINT('',(-1.570796326795,0.,-1.743934249004E-16));
#4315 = DIRECTION('',(1.,-0.,1.110223024625E-16));
#4316 = DIRECTION('',(-1.110223024625E-16,-0.,1.));
#4317 = DEFINITIONAL_REPRESENTATION('',(#4318),#4384);
#4318 = B_SPLINE_CURVE_WITH_KNOTS('',8,(#4319,#4320,#4321,#4322,#4323,
    #4324,#4325,#4326,#4327,#4328,#4329,#4330,#4331,#4332,#4333,#4334,
    #4335,#4336,#4337,#4338,#4339,#4340,#4341,#4342,#4343,#4344,#4345,
    #4346,#4347,#4348,#4349,#4350,#4351,#4352,#4353,#4354,#4355,#4356,
    #4357,#4358,#4359,#4360,#4361,#4362,#4363,#4364,#4365,#4366,#4367,
    #4368,#4369,#4370,#4371,#4372,#4373,#4374,#4375,#4376,#4377,#4378,
    #4379,#4380,#4381,#4382,#4383),.UNSPECIFIED.,.F.,.F.,(9,7,7,7,7,7,7,
    7,7,9),(0.,0.174261349046,0.256279491994,0.283748645355,
    0.331668519031,0.508769482343,0.618716549263,0.773552626002,
    0.890721617808,1.),.UNSPECIFIED.);
#4319 = CARTESIAN_POINT('',(0.,6.888442656239));
#4320 = CARTESIAN_POINT('',(-0.136823552177,6.92265062977));
#4321 = CARTESIAN_POINT('',(-0.273888834219,6.956915200147));
#4322 = CARTESIAN_POINT('',(-0.410805728341,6.99113829352));
#4323 = CARTESIAN_POINT('',(-0.547639301295,7.025337838104));
#4324 = CARTESIAN_POINT('',(-0.68447401808,7.059541426407));
#4325 = CARTESIAN_POINT('',(-0.821395351647,7.093773293524));
#4326 = CARTESIAN_POINT('',(-0.95846397524,7.128043359343));
#4327 = CARTESIAN_POINT('',(-1.159674252451,7.178348129218));
#4328 = CARTESIAN_POINT('',(-1.224076254219,7.194449007047));
#4329 = CARTESIAN_POINT('',(-1.288476571587,7.210548875649));
#4330 = CARTESIAN_POINT('',(-1.352873859954,7.226647093137));
#4331 = CARTESIAN_POINT('',(-1.417271018321,7.242744426302));
#4332 = CARTESIAN_POINT('',(-1.481671264433,7.258842185024));
#4333 = CARTESIAN_POINT('',(-1.54607425945,7.274941092405));
#4334 = CARTESIAN_POINT('',(-1.632040182831,7.2964316289));
#4335 = CARTESIAN_POINT('',(-1.653606283093,7.301823038513));
#4336 = CARTESIAN_POINT('',(-1.675171667148,7.307214422377));
#4337 = CARTESIAN_POINT('',(-1.696737094426,7.31260599042));
#4338 = CARTESIAN_POINT('',(-1.718302999566,7.317997859613));
#4339 = CARTESIAN_POINT('',(-1.739869492418,7.323390053976));
#4340 = CARTESIAN_POINT('',(-1.761436358043,7.328782504572));
#4341 = CARTESIAN_POINT('',(-1.820626112002,7.343582331516));
#4342 = CARTESIAN_POINT('',(-1.858249327693,7.352990842927));
#4343 = CARTESIAN_POINT('',(-1.895872604655,7.362399053685));
#4344 = CARTESIAN_POINT('',(-1.933495882069,7.371805973875));
#4345 = CARTESIAN_POINT('',(-1.971119137434,7.381211153719));
#4346 = CARTESIAN_POINT('',(-2.00874238656,7.390614683582));
#4347 = CARTESIAN_POINT('',(-2.046365683569,7.400017193966));
#4348 = CARTESIAN_POINT('',(-2.223036795341,7.444169955849));
#4349 = CARTESIAN_POINT('',(-2.362337046163,7.478984511415));
#4350 = CARTESIAN_POINT('',(-2.501474111996,7.513788837909));
#4351 = CARTESIAN_POINT('',(-2.640525462479,7.548567278216));
#4352 = CARTESIAN_POINT('',(-2.779581268817,7.5833342427));
#4353 = CARTESIAN_POINT('',(-2.918728729093,7.618119298412));
#4354 = CARTESIAN_POINT('',(-3.058033926675,7.652942815318));
#4355 = CARTESIAN_POINT('',(-3.28339425183,7.709280480428));
#4356 = CARTESIAN_POINT('',(-3.369739679804,7.73086638037));
#4357 = CARTESIAN_POINT('',(-3.456075385286,7.752450856148));
#4358 = CARTESIAN_POINT('',(-3.542397988967,7.77403301109));
#4359 = CARTESIAN_POINT('',(-3.628720747988,7.795615654009));
#4360 = CARTESIAN_POINT('',(-3.715057095899,7.817201412975));
#4361 = CARTESIAN_POINT('',(-3.801403830013,7.838788853441));
#4362 = CARTESIAN_POINT('',(-4.009286699073,7.89075889219));
#4363 = CARTESIAN_POINT('',(-4.130989165176,7.921182020467));
#4364 = CARTESIAN_POINT('',(-4.252616551178,7.951583772493));
#4365 = CARTESIAN_POINT('',(-4.374190284827,7.981970247796));
#4366 = CARTESIAN_POINT('',(-4.495761531264,8.012357252103));
#4367 = CARTESIAN_POINT('',(-4.617381840315,8.042760130824));
#4368 = CARTESIAN_POINT('',(-4.739079832361,8.073186076996));
#4369 = CARTESIAN_POINT('',(-4.952643770358,8.126583928453));
#4370 = CARTESIAN_POINT('',(-5.044674157742,8.149595894234));
#4371 = CARTESIAN_POINT('',(-5.136686724745,8.172604304197));
#4372 = CARTESIAN_POINT('',(-5.228682972944,8.195608588007));
#4373 = CARTESIAN_POINT('',(-5.320678664883,8.218611539515));
#4374 = CARTESIAN_POINT('',(-5.412689618386,8.241616336255));
#4375 = CARTESIAN_POINT('',(-5.504717839111,8.264623466615));
#4376 = CARTESIAN_POINT('',(-5.682510840362,8.309068905345));
#4377 = CARTESIAN_POINT('',(-5.76833446369,8.330522138184));
#4378 = CARTESIAN_POINT('',(-5.854148121204,8.351971864559));
#4379 = CARTESIAN_POINT('',(-5.939948815589,8.373418182858));
#4380 = CARTESIAN_POINT('',(-6.025749445259,8.394865220292));
#4381 = CARTESIAN_POINT('',(-6.111562955897,8.416316812188));
#4382 = CARTESIAN_POINT('',(-6.197386457536,8.437772305735));
#4383 = CARTESIAN_POINT('',(-6.28318530718,8.459222488193));
#4384 = ( GEOMETRIC_REPRESENTATION_CONTEXT(2) 
PARAMETRIC_REPRESENTATION_CONTEXT() REPRESENTATION_CONTEXT('2D SPACE',''
  ) );
#4385 = ORIENTED_EDGE('',*,*,#4386,.F.);
#4386 = EDGE_CURVE('',#4387,#4173,#4389,.T.);
#4387 = VERTEX_POINT('',#4388);
#4388 = CARTESIAN_POINT('',(3.746825380291,-5.939536975865E-16,2.425));
#4389 = SURFACE_CURVE('',#4390,(#4456,#4525),.PCURVE_S1.);
#4390 = B_SPLINE_CURVE_WITH_KNOTS('',8,(#4391,#4392,#4393,#4394,#4395,
    #4396,#4397,#4398,#4399,#4400,#4401,#4402,#4403,#4404,#4405,#4406,
    #4407,#4408,#4409,#4410,#4411,#4412,#4413,#4414,#4415,#4416,#4417,
    #4418,#4419,#4420,#4421,#4422,#4423,#4424,#4425,#4426,#4427,#4428,
    #4429,#4430,#4431,#4432,#4433,#4434,#4435,#4436,#4437,#4438,#4439,
    #4440,#4441,#4442,#4443,#4444,#4445,#4446,#4447,#4448,#4449,#4450,
    #4451,#4452,#4453,#4454,#4455),.UNSPECIFIED.,.F.,.F.,(9,7,7,7,7,7,7,
    7,7,9),(0.,0.156138148615,0.322253819413,0.410014909807,
    0.452276905062,0.477906075521,0.647504023349,0.761990109132,
    0.879338787202,1.),.UNSPECIFIED.);
#4391 = CARTESIAN_POINT('',(3.746825380291,-8.881784197001E-16,2.425));
#4392 = CARTESIAN_POINT('',(3.77747081259,0.297283603667,2.425));
#4393 = CARTESIAN_POINT('',(3.808153146229,0.594900482002,2.383349135531
    ));
#4394 = CARTESIAN_POINT('',(3.838818787319,0.885506939194,2.299885669397
    ));
#4395 = CARTESIAN_POINT('',(3.869474736322,1.162321373617,2.17619322804)
  );
#4396 = CARTESIAN_POINT('',(3.90013194809,1.419063229706,2.014911123439)
  );
#4397 = CARTESIAN_POINT('',(3.930800345411,1.650041470112,1.819788854994
    ));
#4398 = CARTESIAN_POINT('',(3.961485344268,1.850161810034,1.595587713347
    ));
#4399 = CARTESIAN_POINT('',(4.024736495756,2.191350435871,1.085650738673
    ));
#4400 = CARTESIAN_POINT('',(4.057388170574,2.328317810973,0.796165882397
    ));
#4401 = CARTESIAN_POINT('',(4.090007985446,2.421173423541,0.487381839481
    ));
#4402 = CARTESIAN_POINT('',(4.122609933618,2.467120424731,0.167239081051
    ));
#4403 = CARTESIAN_POINT('',(4.155216836059,2.464797076586,
    -0.156173389777));
#4404 = CARTESIAN_POINT('',(4.187845855362,2.41446179818,-0.474653445371
    ));
#4405 = CARTESIAN_POINT('',(4.220502743689,2.31782607088,-0.779959668965
    ));
#4406 = CARTESIAN_POINT('',(4.270335356841,2.105711619159,
    -1.214299537012));
#4407 = CARTESIAN_POINT('',(4.28756315054,2.020554495924,-1.358688219534
    ));
#4408 = CARTESIAN_POINT('',(4.304789303917,1.924103576611,
    -1.496205862312));
#4409 = CARTESIAN_POINT('',(4.322013388035,1.81701528404,-1.625827057295
    ));
#4410 = CARTESIAN_POINT('',(4.339236962375,1.700047817768,
    -1.746609637222));
#4411 = CARTESIAN_POINT('',(4.356462252805,1.574053424847,-1.85769525536
    ));
#4412 = CARTESIAN_POINT('',(4.373690195744,1.439978795704,
    -1.958317350628));
#4413 = CARTESIAN_POINT('',(4.399213950789,1.230923338472,
    -2.090915467441));
#4414 = CARTESIAN_POINT('',(4.40751039307,1.161338373792,-2.131437800995
    ));
#4415 = CARTESIAN_POINT('',(4.415807308524,1.090233407802,
    -2.169310788878));
#4416 = CARTESIAN_POINT('',(4.424104622869,1.017726257011,
    -2.204468201528));
#4417 = CARTESIAN_POINT('',(4.43240205439,0.943937837734,-2.236850289684
    ));
#4418 = CARTESIAN_POINT('',(4.440699113939,0.868992166086,
    -2.266403784391));
#4419 = CARTESIAN_POINT('',(4.448995104935,0.793016357985,
    -2.293081897002));
#4420 = CARTESIAN_POINT('',(4.462318909838,0.669520464946,
    -2.331254693425));
#4421 = CARTESIAN_POINT('',(4.467348171679,0.6225690694,-2.344592970305)
  );
#4422 = CARTESIAN_POINT('',(4.472377180421,0.575314465282,-2.35685035501
    ));
#4423 = CARTESIAN_POINT('',(4.477406138,0.527785262587,-2.368018929376)
  );
#4424 = CARTESIAN_POINT('',(4.482435176757,0.480010658537,
    -2.378091651879));
#4425 = CARTESIAN_POINT('',(4.487464359432,0.432020437579,-2.38706235763
    ));
#4426 = CARTESIAN_POINT('',(4.49249367917,0.383844971388,-2.394925758381
    ));
#4427 = CARTESIAN_POINT('',(4.530804378049,1.569890407841E-02,
    -2.446355898899));
#4428 = CARTESIAN_POINT('',(4.564145487648,-0.311423263543,
    -2.442432763982));
#4429 = CARTESIAN_POINT('',(4.597474689334,-0.636416083283,
    -2.388318779099));
#4430 = CARTESIAN_POINT('',(4.630778818495,-0.950384908513,
    -2.285075831986));
#4431 = CARTESIAN_POINT('',(4.66407316941,-1.244973033742,
    -2.135216908241));
#4432 = CARTESIAN_POINT('',(4.697382846557,-1.512492826941,
    -1.942892911039));
#4433 = CARTESIAN_POINT('',(4.730724065931,-1.745914300262,
    -1.713675344226));
#4434 = CARTESIAN_POINT('',(4.78648457949,-2.070538531859,
    -1.281019771151));
#4435 = CARTESIAN_POINT('',(4.808964902816,-2.183497836616,
    -1.093155606286));
#4436 = CARTESIAN_POINT('',(4.831442677155,-2.276890933247,
    -0.894009954801));
#4437 = CARTESIAN_POINT('',(4.853918043285,-2.349438876556,
    -0.685987227612));
#4438 = CARTESIAN_POINT('',(4.876393672638,-2.400222482156,
    -0.47161063365));
#4439 = CARTESIAN_POINT('',(4.898872160572,-2.428660043052,
    -0.253500569624));
#4440 = CARTESIAN_POINT('',(4.921353403892,-2.434535326998,
    -3.436889475174E-02));
#4441 = CARTESIAN_POINT('',(4.966859690166,-2.401224220244,
    0.405797635483));
#4442 = CARTESIAN_POINT('',(4.989901095673,-2.360895119626,
    0.626905709843));
#4443 = CARTESIAN_POINT('',(5.012936731649,-2.297296677741,
    0.843311233994));
#4444 = CARTESIAN_POINT('',(5.035967448439,-2.21111155041,1.052163081821
    ));
#4445 = CARTESIAN_POINT('',(5.058998119163,-2.103404564724,
    1.250774144074));
#4446 = CARTESIAN_POINT('',(5.082033718794,-1.975589048797,
    1.436622902433));
#4447 = CARTESIAN_POINT('',(5.10507534154,-1.829447111834,1.607380832468
    ));
#4448 = CARTESIAN_POINT('',(5.151795090714,-1.500351781822,
    1.918945741935));
#4449 = CARTESIAN_POINT('',(5.175491734192,-1.316342561607,
    2.058897212945));
#4450 = CARTESIAN_POINT('',(5.199185221071,-1.117525457304,
    2.178564706501));
#4451 = CARTESIAN_POINT('',(5.22287583623,-0.906545098759,2.276164786537
    ));
#4452 = CARTESIAN_POINT('',(5.246566957503,-0.686234235059,
    2.350338376252));
#4453 = CARTESIAN_POINT('',(5.270261756304,-0.459584506168,
    2.400124513775));
#4454 = CARTESIAN_POINT('',(5.293959996941,-0.229743418134,2.425));
#4455 = CARTESIAN_POINT('',(5.317646329444,1.7763568394E-15,2.425));
#4456 = PCURVE('',#3251,#4457);
#4457 = DEFINITIONAL_REPRESENTATION('',(#4458),#4524);
#4458 = B_SPLINE_CURVE_WITH_KNOTS('',8,(#4459,#4460,#4461,#4462,#4463,
    #4464,#4465,#4466,#4467,#4468,#4469,#4470,#4471,#4472,#4473,#4474,
    #4475,#4476,#4477,#4478,#4479,#4480,#4481,#4482,#4483,#4484,#4485,
    #4486,#4487,#4488,#4489,#4490,#4491,#4492,#4493,#4494,#4495,#4496,
    #4497,#4498,#4499,#4500,#4501,#4502,#4503,#4504,#4505,#4506,#4507,
    #4508,#4509,#4510,#4511,#4512,#4513,#4514,#4515,#4516,#4517,#4518,
    #4519,#4520,#4521,#4522,#4523),.UNSPECIFIED.,.F.,.F.,(9,7,7,7,7,7,7,
    7,7,9),(0.,0.156138148615,0.322253819413,0.410014909807,
    0.452276905062,0.477906075521,0.647504023349,0.761990109132,
    0.879338787202,1.),.UNSPECIFIED.);
#4459 = CARTESIAN_POINT('',(5.269730138044E-02,19.450935352195));
#4460 = CARTESIAN_POINT('',(5.270361607173E-02,19.577298580629));
#4461 = CARTESIAN_POINT('',(5.270178947729E-02,19.703802516124));
#4462 = CARTESIAN_POINT('',(5.268956233006E-02,19.830223010432));
#4463 = CARTESIAN_POINT('',(5.266856076947E-02,19.956591212437));
#4464 = CARTESIAN_POINT('',(5.264718887419E-02,20.08296410052));
#4465 = CARTESIAN_POINT('',(5.263396824212E-02,20.209394562902));
#4466 = CARTESIAN_POINT('',(5.26299199209E-02,20.335906365147));
#4467 = CARTESIAN_POINT('',(5.263520773272E-02,20.596704974712));
#4468 = CARTESIAN_POINT('',(5.264544986872E-02,20.73134567226));
#4469 = CARTESIAN_POINT('',(5.265984184138E-02,20.865860839705));
#4470 = CARTESIAN_POINT('',(5.267127540586E-02,21.000298183367));
#4471 = CARTESIAN_POINT('',(5.266759852275E-02,21.134734719081));
#4472 = CARTESIAN_POINT('',(5.265680605012E-02,21.269252445315));
#4473 = CARTESIAN_POINT('',(5.265346647822E-02,21.403895552141));
#4474 = CARTESIAN_POINT('',(5.266191834623E-02,21.609372557296));
#4475 = CARTESIAN_POINT('',(5.266737799411E-02,21.680412242932));
#4476 = CARTESIAN_POINT('',(5.267541771327E-02,21.751448791162));
#4477 = CARTESIAN_POINT('',(5.268578260961E-02,21.822480075219));
#4478 = CARTESIAN_POINT('',(5.269624758158E-02,21.893509398045));
#4479 = CARTESIAN_POINT('',(5.270286015207E-02,21.964540382658));
#4480 = CARTESIAN_POINT('',(5.270209934817E-02,22.03557194194));
#4481 = CARTESIAN_POINT('',(5.269150811035E-02,22.140794195935));
#4482 = CARTESIAN_POINT('',(5.268640636843E-02,22.174994134228));
#4483 = CARTESIAN_POINT('',(5.26799548042E-02,22.209194126538));
#4484 = CARTESIAN_POINT('',(5.26727951922E-02,22.243394768489));
#4485 = CARTESIAN_POINT('',(5.266590168021E-02,22.277596267521));
#4486 = CARTESIAN_POINT('',(5.266058078921E-02,22.3117984429));
#4487 = CARTESIAN_POINT('',(5.265847141337E-02,22.34600072571));
#4488 = CARTESIAN_POINT('',(5.266340864276E-02,22.400943119021));
#4489 = CARTESIAN_POINT('',(5.266645395892E-02,22.421683576435));
#4490 = CARTESIAN_POINT('',(5.267020903729E-02,22.442423987733));
#4491 = CARTESIAN_POINT('',(5.267428423307E-02,22.46316463795));
#4492 = CARTESIAN_POINT('',(5.267837198796E-02,22.483905640517));
#4493 = CARTESIAN_POINT('',(5.268224683011E-02,22.504646937268));
#4494 = CARTESIAN_POINT('',(5.268576537416E-02,22.525388298432));
#4495 = CARTESIAN_POINT('',(5.270938646495E-02,22.683380551553));
#4496 = CARTESIAN_POINT('',(5.271096024694E-02,22.820851679763));
#4497 = CARTESIAN_POINT('',(5.266549789491E-02,22.958207609848));
#4498 = CARTESIAN_POINT('',(5.264679637401E-02,23.095497770641));
#4499 = CARTESIAN_POINT('',(5.265043515267E-02,23.232779009821));
#4500 = CARTESIAN_POINT('',(5.265901028938E-02,23.370130377818));
#4501 = CARTESIAN_POINT('',(5.26636729424E-02,23.507606299477));
#4502 = CARTESIAN_POINT('',(5.266180698064E-02,23.737510164355));
#4503 = CARTESIAN_POINT('',(5.265843689826E-02,23.830194175904));
#4504 = CARTESIAN_POINT('',(5.265190198252E-02,23.922863230124));
#4505 = CARTESIAN_POINT('',(5.264330729419E-02,24.015519460414));
#4506 = CARTESIAN_POINT('',(5.263534605104E-02,24.108177666191));
#4507 = CARTESIAN_POINT('',(5.263062823297E-02,24.200852216233));
#4508 = CARTESIAN_POINT('',(5.263016192827E-02,24.293544101734));
#4509 = CARTESIAN_POINT('',(5.263742357207E-02,24.481181531558));
#4510 = CARTESIAN_POINT('',(5.264535425769E-02,24.576194825333));
#4511 = CARTESIAN_POINT('',(5.265730792639E-02,24.671189984272));
#4512 = CARTESIAN_POINT('',(5.267160237549E-02,24.766168150422));
#4513 = CARTESIAN_POINT('',(5.268518728707E-02,24.861145129514));
#4514 = CARTESIAN_POINT('',(5.26951360501E-02,24.95613732108));
#4515 = CARTESIAN_POINT('',(5.270006281648E-02,25.051147289101));
#4516 = CARTESIAN_POINT('',(5.269989533582E-02,25.243777514384));
#4517 = CARTESIAN_POINT('',(5.269451428332E-02,25.341473716346));
#4518 = CARTESIAN_POINT('',(5.268385895338E-02,25.439149491302));
#4519 = CARTESIAN_POINT('',(5.266951707295E-02,25.536808245093));
#4520 = CARTESIAN_POINT('',(5.265478256497E-02,25.634468533879));
#4521 = CARTESIAN_POINT('',(5.264296424729E-02,25.732148083668));
#4522 = CARTESIAN_POINT('',(5.263567428609E-02,25.829848188269));
#4523 = CARTESIAN_POINT('',(5.26329077976E-02,25.927505551277));
#4524 = ( GEOMETRIC_REPRESENTATION_CONTEXT(2) 
PARAMETRIC_REPRESENTATION_CONTEXT() REPRESENTATION_CONTEXT('2D SPACE',''
  ) );
#4525 = PCURVE('',#4526,#4531);
#4526 = CYLINDRICAL_SURFACE('',#4527,2.425);
#4527 = AXIS2_PLACEMENT_3D('',#4528,#4529,#4530);
#4528 = CARTESIAN_POINT('',(-1.570796326795,0.,-1.743934249004E-16));
#4529 = DIRECTION('',(1.,-0.,1.110223024625E-16));
#4530 = DIRECTION('',(-1.110223024625E-16,-0.,1.));
#4531 = DEFINITIONAL_REPRESENTATION('',(#4532),#4598);
#4532 = B_SPLINE_CURVE_WITH_KNOTS('',8,(#4533,#4534,#4535,#4536,#4537,
    #4538,#4539,#4540,#4541,#4542,#4543,#4544,#4545,#4546,#4547,#4548,
    #4549,#4550,#4551,#4552,#4553,#4554,#4555,#4556,#4557,#4558,#4559,
    #4560,#4561,#4562,#4563,#4564,#4565,#4566,#4567,#4568,#4569,#4570,
    #4571,#4572,#4573,#4574,#4575,#4576,#4577,#4578,#4579,#4580,#4581,
    #4582,#4583,#4584,#4585,#4586,#4587,#4588,#4589,#4590,#4591,#4592,
    #4593,#4594,#4595,#4596,#4597),.UNSPECIFIED.,.F.,.F.,(9,7,7,7,7,7,7,
    7,7,9),(0.,0.156138148615,0.322253819413,0.410014909807,
    0.452276905062,0.477906075521,0.647504023349,0.761990109132,
    0.879338787202,1.),.UNSPECIFIED.);
#4533 = CARTESIAN_POINT('',(0.,5.317621707086));
#4534 = CARTESIAN_POINT('',(-0.12259117677,5.348267139385));
#4535 = CARTESIAN_POINT('',(-0.245319509662,5.378949473024));
#4536 = CARTESIAN_POINT('',(-0.367966312809,5.409615114113));
#4537 = CARTESIAN_POINT('',(-0.490560059055,5.440271063116));
#4538 = CARTESIAN_POINT('',(-0.613155056801,5.470928274885));
#4539 = CARTESIAN_POINT('',(-0.735805193717,5.501596672206));
#4540 = CARTESIAN_POINT('',(-0.858536187854,5.532281671062));
#4541 = CARTESIAN_POINT('',(-1.111547100025,5.595532822551));
#4542 = CARTESIAN_POINT('',(-1.242170743522,5.628184497369));
#4543 = CARTESIAN_POINT('',(-1.372677404794,5.660804312241));
#4544 = CARTESIAN_POINT('',(-1.503112752909,5.693406260412));
#4545 = CARTESIAN_POINT('',(-1.633546773447,5.726013162854));
#4546 = CARTESIAN_POINT('',(-1.764050092226,5.758642182157));
#4547 = CARTESIAN_POINT('',(-1.894666465694,5.791299070484));
#4548 = CARTESIAN_POINT('',(-2.093993065729,5.841131683636));
#4549 = CARTESIAN_POINT('',(-2.162905419409,5.858359477334));
#4550 = CARTESIAN_POINT('',(-2.231814484439,5.875585630712));
#4551 = CARTESIAN_POINT('',(-2.300719385347,5.89280971483));
#4552 = CARTESIAN_POINT('',(-2.369624597631,5.91003328917));
#4553 = CARTESIAN_POINT('',(-2.438534523454,5.9272585796));
#4554 = CARTESIAN_POINT('',(-2.507448077012,5.944486522539));
#4555 = CARTESIAN_POINT('',(-2.60953508404,5.970010277584));
#4556 = CARTESIAN_POINT('',(-2.642716840483,5.978306719865));
#4557 = CARTESIAN_POINT('',(-2.675898606679,5.986603635319));
#4558 = CARTESIAN_POINT('',(-2.709080398752,5.994900949664));
#4559 = CARTESIAN_POINT('',(-2.742262191153,6.003198381185));
#4560 = CARTESIAN_POINT('',(-2.775443916658,6.011495440734));
#4561 = CARTESIAN_POINT('',(-2.808625466372,6.01979143173));
#4562 = CARTESIAN_POINT('',(-2.861928958548,6.033115236633));
#4563 = CARTESIAN_POINT('',(-2.882051149388,6.038144498474));
#4564 = CARTESIAN_POINT('',(-2.902173599597,6.043173507216));
#4565 = CARTESIAN_POINT('',(-2.922296490086,6.048202464795));
#4566 = CARTESIAN_POINT('',(-2.94241984533,6.053231503552));
#4567 = CARTESIAN_POINT('',(-2.962543533367,6.058260686227));
#4568 = CARTESIAN_POINT('',(-2.982667265801,6.063290005965));
#4569 = CARTESIAN_POINT('',(-3.135954322918,6.101600704844));
#4570 = CARTESIAN_POINT('',(-3.269328273914,6.134941814443));
#4571 = CARTESIAN_POINT('',(-3.402571323678,6.168271016129));
#4572 = CARTESIAN_POINT('',(-3.535738760572,6.201575145289));
#4573 = CARTESIAN_POINT('',(-3.668908090884,6.234869496204));
#4574 = CARTESIAN_POINT('',(-3.802155140329,6.268179173352));
#4575 = CARTESIAN_POINT('',(-3.935530468939,6.301520392726));
#4576 = CARTESIAN_POINT('',(-4.158581606181,6.357280906285));
#4577 = CARTESIAN_POINT('',(-4.248504312295,6.379761229611));
#4578 = CARTESIAN_POINT('',(-4.338412546176,6.40223900395));
#4579 = CARTESIAN_POINT('',(-4.428306880723,6.42471437008));
#4580 = CARTESIAN_POINT('',(-4.51820089497,6.447189999433));
#4581 = CARTESIAN_POINT('',(-4.608108634655,6.469668487367));
#4582 = CARTESIAN_POINT('',(-4.698031731723,6.492149730687));
#4583 = CARTESIAN_POINT('',(-4.88006274062,6.537656016961));
#4584 = CARTESIAN_POINT('',(-4.972236343991,6.560697422468));
#4585 = CARTESIAN_POINT('',(-5.06439232582,6.583733058444));
#4586 = CARTESIAN_POINT('',(-5.156532700538,6.606763775234));
#4587 = CARTESIAN_POINT('',(-5.248673228314,6.629794445958));
#4588 = CARTESIAN_POINT('',(-5.340829604961,6.652830045589));
#4589 = CARTESIAN_POINT('',(-5.433003680064,6.675871668335));
#4590 = CARTESIAN_POINT('',(-5.619883994535,6.722591417509));
#4591 = CARTESIAN_POINT('',(-5.714663900831,6.746288060987));
#4592 = CARTESIAN_POINT('',(-5.809423270845,6.769981547866));
#4593 = CARTESIAN_POINT('',(-5.904164777693,6.793672163025));
#4594 = CARTESIAN_POINT('',(-5.998906366409,6.817363284298));
#4595 = CARTESIAN_POINT('',(-6.093665904595,6.841058083099));
#4596 = CARTESIAN_POINT('',(-6.18844575331,6.864756323736));
#4597 = CARTESIAN_POINT('',(-6.28318530718,6.888442656239));
#4598 = ( GEOMETRIC_REPRESENTATION_CONTEXT(2) 
PARAMETRIC_REPRESENTATION_CONTEXT() REPRESENTATION_CONTEXT('2D SPACE',''
  ) );
#4599 = ORIENTED_EDGE('',*,*,#4600,.F.);
#4600 = EDGE_CURVE('',#4601,#4387,#4603,.T.);
#4601 = VERTEX_POINT('',#4602);
#4602 = CARTESIAN_POINT('',(2.176047341932,-5.939536975865E-16,2.425));
#4603 = SURFACE_CURVE('',#4604,(#4656,#4711),.PCURVE_S1.);
#4604 = B_SPLINE_CURVE_WITH_KNOTS('',8,(#4605,#4606,#4607,#4608,#4609,
    #4610,#4611,#4612,#4613,#4614,#4615,#4616,#4617,#4618,#4619,#4620,
    #4621,#4622,#4623,#4624,#4625,#4626,#4627,#4628,#4629,#4630,#4631,
    #4632,#4633,#4634,#4635,#4636,#4637,#4638,#4639,#4640,#4641,#4642,
    #4643,#4644,#4645,#4646,#4647,#4648,#4649,#4650,#4651,#4652,#4653,
    #4654,#4655),.UNSPECIFIED.,.F.,.F.,(9,7,7,7,7,7,7,9),(0.,
    0.183189386105,0.361939382514,0.546405791934,0.618864204269,
    0.691680745809,0.809276457065,1.),.UNSPECIFIED.);
#4605 = CARTESIAN_POINT('',(2.176047341932,-8.881784197001E-16,2.425));
#4606 = CARTESIAN_POINT('',(2.211996953682,0.348691281873,2.425));
#4607 = CARTESIAN_POINT('',(2.248023387899,0.698141720928,2.367698124862
    ));
#4608 = CARTESIAN_POINT('',(2.283997431824,1.036112763024,2.252665610556
    ));
#4609 = CARTESIAN_POINT('',(2.319940401228,1.351732220205,2.083105947305
    ));
#4610 = CARTESIAN_POINT('',(2.355882338656,1.635166444922,1.863940166346
    ));
#4611 = CARTESIAN_POINT('',(2.391854887394,1.877907549334,1.602142986301
    ));
#4612 = CARTESIAN_POINT('',(2.427881373118,2.072599401388,1.306346841128
    ));
#4613 = CARTESIAN_POINT('',(2.498913825524,2.353258004035,0.677174681725
    ));
#4614 = CARTESIAN_POINT('',(2.534067567664,2.442317005341,0.343601606416
    ));
#4615 = CARTESIAN_POINT('',(2.569180095064,2.476874758973,
    -2.635042956918E-03));
#4616 = CARTESIAN_POINT('',(2.604266909312,2.455435078771,
    -0.351122505668));
#4617 = CARTESIAN_POINT('',(2.639346099775,2.378347056909,
    -0.691653921048));
#4618 = CARTESIAN_POINT('',(2.674443729345,2.248134718685,
    -1.014331936538));
#4619 = CARTESIAN_POINT('',(2.709583822484,2.069153102943,
    -1.309579282063));
#4620 = CARTESIAN_POINT('',(2.780850157196,1.62182468241,-1.836736243321
    ));
#4621 = CARTESIAN_POINT('',(2.817125820994,1.349833879368,
    -2.067460099466));
#4622 = CARTESIAN_POINT('',(2.853355751733,1.040790640465,
    -2.251361504308));
#4623 = CARTESIAN_POINT('',(2.889563635174,0.70439151039,-2.382110048564
    ));
#4624 = CARTESIAN_POINT('',(2.925771272236,0.350986540538,
    -2.455336829971));
#4625 = CARTESIAN_POINT('',(2.961986179624,-8.372451267291E-03,
    -2.469083959212));
#4626 = CARTESIAN_POINT('',(2.99825949361,-0.362102011952,
    -2.423384715326));
#4627 = CARTESIAN_POINT('',(3.048679831229,-0.830426708745,
    -2.282550889253));
#4628 = CARTESIAN_POINT('',(3.062903593619,-0.959933869352,
    -2.234244467844));
#4629 = CARTESIAN_POINT('',(3.077118258898,-1.086206433436,
    -2.177546333103));
#4630 = CARTESIAN_POINT('',(3.091358350051,-1.208602148109,
    -2.11271710292));
#4631 = CARTESIAN_POINT('',(3.105563267564,-1.326519724064,
    -2.040072168718));
#4632 = CARTESIAN_POINT('',(3.119776948377,-1.439395993462,
    -1.959963701522));
#4633 = CARTESIAN_POINT('',(3.133991382354,-1.546677764094,
    -1.872815178795));
#4634 = CARTESIAN_POINT('',(3.162493012699,-1.749556530377,
    -1.684900372043));
#4635 = CARTESIAN_POINT('',(3.176780459299,-1.845092447336,
    -1.584069326404));
#4636 = CARTESIAN_POINT('',(3.191069555107,-1.933964441932,
    -1.477069397961));
#4637 = CARTESIAN_POINT('',(3.205360173542,-2.015713252085,
    -1.364415050168));
#4638 = CARTESIAN_POINT('',(3.219652139554,-2.08992803092,
    -1.246658153894));
#4639 = CARTESIAN_POINT('',(3.233945162662,-2.156246771532,
    -1.124385960733));
#4640 = CARTESIAN_POINT('',(3.248238476295,-2.214359868855,
    -0.998220968292));
#4641 = CARTESIAN_POINT('',(3.285610700981,-2.344210744455,
    -0.659849774835));
#4642 = CARTESIAN_POINT('',(3.308698585193,-2.402390241734,
    -0.442339388561));
#4643 = CARTESIAN_POINT('',(3.331779483805,-2.437441979236,
    -0.219110999348));
#4644 = CARTESIAN_POINT('',(3.354854150443,-2.448760419999,
    6.950853895801E-03));
#4645 = CARTESIAN_POINT('',(3.377927997413,-2.436159049542,0.23294560892
    ));
#4646 = CARTESIAN_POINT('',(3.401006362353,-2.399840349829,
    0.455973621642));
#4647 = CARTESIAN_POINT('',(3.424090088192,-2.34042552738,0.673153117035
    ));
#4648 = CARTESIAN_POINT('',(3.484591893389,-2.127057352451,
    1.219852810162));
#4649 = CARTESIAN_POINT('',(3.522115868756,-1.936870299156,
    1.536323323921));
#4650 = CARTESIAN_POINT('',(3.55958066988,-1.693046349052,1.817885597162
    ));
#4651 = CARTESIAN_POINT('',(3.597013095676,-1.403613599356,
    2.054534750834));
#4652 = CARTESIAN_POINT('',(3.634437121122,-1.077928183793,
    2.238121352939));
#4653 = CARTESIAN_POINT('',(3.671888564843,-0.726984854316,
    2.362890452361));
#4654 = CARTESIAN_POINT('',(3.709403164101,-0.36302347371,2.425));
#4655 = CARTESIAN_POINT('',(3.746825380291,-8.881784197001E-16,2.425));
#4656 = PCURVE('',#3251,#4657);
#4657 = DEFINITIONAL_REPRESENTATION('',(#4658),#4710);
#4658 = B_SPLINE_CURVE_WITH_KNOTS('',8,(#4659,#4660,#4661,#4662,#4663,
    #4664,#4665,#4666,#4667,#4668,#4669,#4670,#4671,#4672,#4673,#4674,
    #4675,#4676,#4677,#4678,#4679,#4680,#4681,#4682,#4683,#4684,#4685,
    #4686,#4687,#4688,#4689,#4690,#4691,#4692,#4693,#4694,#4695,#4696,
    #4697,#4698,#4699,#4700,#4701,#4702,#4703,#4704,#4705,#4706,#4707,
    #4708,#4709),.UNSPECIFIED.,.F.,.F.,(9,7,7,7,7,7,7,9),(0.,
    0.183189386105,0.361939382514,0.546405791934,0.618864204269,
    0.691680745809,0.809276457065,1.),.UNSPECIFIED.);
#4659 = CARTESIAN_POINT('',(5.263561179491E-02,12.974364892397));
#4660 = CARTESIAN_POINT('',(5.262842228009E-02,13.122578835318));
#4661 = CARTESIAN_POINT('',(5.262788942579E-02,13.271118880082));
#4662 = CARTESIAN_POINT('',(5.264035344985E-02,13.419461178833));
#4663 = CARTESIAN_POINT('',(5.266842017559E-02,13.567697280747));
#4664 = CARTESIAN_POINT('',(5.269605149022E-02,13.715928515825));
#4665 = CARTESIAN_POINT('',(5.270760317414E-02,13.864263367639));
#4666 = CARTESIAN_POINT('',(5.270403070615E-02,14.012799353159));
#4667 = CARTESIAN_POINT('',(5.267913813099E-02,14.305638675392));
#4668 = CARTESIAN_POINT('',(5.265820894059E-02,14.450551855283));
#4669 = CARTESIAN_POINT('',(5.263453407617E-02,14.595291243918));
#4670 = CARTESIAN_POINT('',(5.261902910649E-02,14.739936095776));
#4671 = CARTESIAN_POINT('',(5.262407447166E-02,14.884578393639));
#4672 = CARTESIAN_POINT('',(5.263872649162E-02,15.029310218256));
#4673 = CARTESIAN_POINT('',(5.265133058688E-02,15.174214246674));
#4674 = CARTESIAN_POINT('',(5.266547146132E-02,15.468072744609));
#4675 = CARTESIAN_POINT('',(5.266666733456E-02,15.617642818664));
#4676 = CARTESIAN_POINT('',(5.265762643185E-02,15.767009944608));
#4677 = CARTESIAN_POINT('',(5.264348468604E-02,15.916278998914));
#4678 = CARTESIAN_POINT('',(5.264348974636E-02,16.065566918091));
#4679 = CARTESIAN_POINT('',(5.269562882741E-02,16.214958078256));
#4680 = CARTESIAN_POINT('',(5.270962282807E-02,16.364536449178));
#4681 = CARTESIAN_POINT('',(5.26898924496E-02,16.572397099484));
#4682 = CARTESIAN_POINT('',(5.26757851837E-02,16.631023349072));
#4683 = CARTESIAN_POINT('',(5.268455650023E-02,16.689644241903));
#4684 = CARTESIAN_POINT('',(5.261670273403E-02,16.748262285995));
#4685 = CARTESIAN_POINT('',(5.266957081896E-02,16.806904957567));
#4686 = CARTESIAN_POINT('',(5.267196180453E-02,16.865512824973));
#4687 = CARTESIAN_POINT('',(5.26848159884E-02,16.924138501832));
#4688 = CARTESIAN_POINT('',(5.269965555577E-02,17.0416745885));
#4689 = CARTESIAN_POINT('',(5.270302934657E-02,17.100587981188));
#4690 = CARTESIAN_POINT('',(5.27010379801E-02,17.159500634004));
#4691 = CARTESIAN_POINT('',(5.269507688396E-02,17.218413986056));
#4692 = CARTESIAN_POINT('',(5.268730353625E-02,17.277330347525));
#4693 = CARTESIAN_POINT('',(5.267947597863E-02,17.336250991332));
#4694 = CARTESIAN_POINT('',(5.267256409284E-02,17.395174119811));
#4695 = CARTESIAN_POINT('',(5.265836368435E-02,17.549243793622));
#4696 = CARTESIAN_POINT('',(5.265339186155E-02,17.644430591928));
#4697 = CARTESIAN_POINT('',(5.265450064286E-02,17.739597133026));
#4698 = CARTESIAN_POINT('',(5.265947331678E-02,17.834743409018));
#4699 = CARTESIAN_POINT('',(5.266399190103E-02,17.929885667294));
#4700 = CARTESIAN_POINT('',(5.266501815913E-02,18.025041645822));
#4701 = CARTESIAN_POINT('',(5.266264143184E-02,18.120214945643));
#4702 = CARTESIAN_POINT('',(5.265014974943E-02,18.369652724271));
#4703 = CARTESIAN_POINT('',(5.263619734918E-02,18.524348430699));
#4704 = CARTESIAN_POINT('',(5.262060766751E-02,18.678797854578));
#4705 = CARTESIAN_POINT('',(5.261863131093E-02,18.833132922556));
#4706 = CARTESIAN_POINT('',(5.264193639039E-02,18.987468883363));
#4707 = CARTESIAN_POINT('',(5.266968284268E-02,19.141924134133));
#4708 = CARTESIAN_POINT('',(5.268959028861E-02,19.29662876559));
#4709 = CARTESIAN_POINT('',(5.269730138044E-02,19.450935352195));
#4710 = ( GEOMETRIC_REPRESENTATION_CONTEXT(2) 
PARAMETRIC_REPRESENTATION_CONTEXT() REPRESENTATION_CONTEXT('2D SPACE',''
  ) );
#4711 = PCURVE('',#4712,#4717);
#4712 = CYLINDRICAL_SURFACE('',#4713,2.425);
#4713 = AXIS2_PLACEMENT_3D('',#4714,#4715,#4716);
#4714 = CARTESIAN_POINT('',(-1.570796326795,0.,-1.743934249004E-16));
#4715 = DIRECTION('',(1.,-0.,1.110223024625E-16));
#4716 = DIRECTION('',(-1.110223024625E-16,-0.,1.));
#4717 = DEFINITIONAL_REPRESENTATION('',(#4718),#4770);
#4718 = B_SPLINE_CURVE_WITH_KNOTS('',8,(#4719,#4720,#4721,#4722,#4723,
    #4724,#4725,#4726,#4727,#4728,#4729,#4730,#4731,#4732,#4733,#4734,
    #4735,#4736,#4737,#4738,#4739,#4740,#4741,#4742,#4743,#4744,#4745,
    #4746,#4747,#4748,#4749,#4750,#4751,#4752,#4753,#4754,#4755,#4756,
    #4757,#4758,#4759,#4760,#4761,#4762,#4763,#4764,#4765,#4766,#4767,
    #4768,#4769),.UNSPECIFIED.,.F.,.F.,(9,7,7,7,7,7,7,9),(0.,
    0.183189386105,0.361939382514,0.546405791934,0.618864204269,
    0.691680745809,0.809276457065,1.),.UNSPECIFIED.);
#4719 = CARTESIAN_POINT('',(0.,3.746843668727));
#4720 = CARTESIAN_POINT('',(-0.143790219329,3.782793280477));
#4721 = CARTESIAN_POINT('',(-0.2878923445,3.818819714694));
#4722 = CARTESIAN_POINT('',(-0.431798908518,3.854793758619));
#4723 = CARTESIAN_POINT('',(-0.575603188641,3.890736728023));
#4724 = CARTESIAN_POINT('',(-0.719408842716,3.926678665451));
#4725 = CARTESIAN_POINT('',(-0.863317409689,3.962651214189));
#4726 = CARTESIAN_POINT('',(-1.007420321934,3.998677699913));
#4727 = CARTESIAN_POINT('',(-1.29151585939,4.069710152319));
#4728 = CARTESIAN_POINT('',(-1.432100209344,4.104863894459));
#4729 = CARTESIAN_POINT('',(-1.572512981711,4.139976421859));
#4730 = CARTESIAN_POINT('',(-1.712831555719,4.175063236107));
#4731 = CARTESIAN_POINT('',(-1.853150588766,4.21014242657));
#4732 = CARTESIAN_POINT('',(-1.993564639215,4.24524005614));
#4733 = CARTESIAN_POINT('',(-2.134150633783,4.280380149279));
#4734 = CARTESIAN_POINT('',(-2.419253066591,4.35164648399));
#4735 = CARTESIAN_POINT('',(-2.564366854368,4.387922147788));
#4736 = CARTESIAN_POINT('',(-2.709278492449,4.424152078528));
#4737 = CARTESIAN_POINT('',(-2.854084787832,4.460359961968));
#4738 = CARTESIAN_POINT('',(-2.998890077036,4.496567599031));
#4739 = CARTESIAN_POINT('',(-3.143801734161,4.532782506419));
#4740 = CARTESIAN_POINT('',(-3.288915953228,4.569055820405));
#4741 = CARTESIAN_POINT('',(-3.490582803909,4.619476158024));
#4742 = CARTESIAN_POINT('',(-3.547462000005,4.633699920414));
#4743 = CARTESIAN_POINT('',(-3.60434071442,4.647914585693));
#4744 = CARTESIAN_POINT('',(-3.661215058278,4.662154676846));
#4745 = CARTESIAN_POINT('',(-3.718086890482,4.676359594359));
#4746 = CARTESIAN_POINT('',(-3.77496415316,4.690573275172));
#4747 = CARTESIAN_POINT('',(-3.831841275499,4.704787709149));
#4748 = CARTESIAN_POINT('',(-3.945876447967,4.733289339494));
#4749 = CARTESIAN_POINT('',(-4.003034123086,4.747576786094));
#4750 = CARTESIAN_POINT('',(-4.060189076312,4.761865881902));
#4751 = CARTESIAN_POINT('',(-4.117342427078,4.776156500337));
#4752 = CARTESIAN_POINT('',(-4.174496701535,4.790448466349));
#4753 = CARTESIAN_POINT('',(-4.231653748709,4.804741489457));
#4754 = CARTESIAN_POINT('',(-4.288812537585,4.81903480309));
#4755 = CARTESIAN_POINT('',(-4.438268668242,4.856407027776));
#4756 = CARTESIAN_POINT('',(-4.530604932178,4.879494911988));
#4757 = CARTESIAN_POINT('',(-4.622923872326,4.9025758106));
#4758 = CARTESIAN_POINT('',(-4.71522750594,4.925650477238));
#4759 = CARTESIAN_POINT('',(-4.807531433889,4.948724324208));
#4760 = CARTESIAN_POINT('',(-4.899851250396,4.971802689148));
#4761 = CARTESIAN_POINT('',(-4.992188807066,4.994886414987));
#4762 = CARTESIAN_POINT('',(-5.234193588809,5.055388220184));
#4763 = CARTESIAN_POINT('',(-5.384278645114,5.092912195551));
#4764 = CARTESIAN_POINT('',(-5.534118688866,5.130376996675));
#4765 = CARTESIAN_POINT('',(-5.683838542531,5.167809422471));
#4766 = CARTESIAN_POINT('',(-5.833558789518,5.205233447917));
#4767 = CARTESIAN_POINT('',(-5.983399321591,5.242684891637));
#4768 = CARTESIAN_POINT('',(-6.13348490565,5.280199490896));
#4769 = CARTESIAN_POINT('',(-6.28318530718,5.317621707086));
#4770 = ( GEOMETRIC_REPRESENTATION_CONTEXT(2) 
PARAMETRIC_REPRESENTATION_CONTEXT() REPRESENTATION_CONTEXT('2D SPACE',''
  ) );
#4771 = ORIENTED_EDGE('',*,*,#4772,.F.);
#4772 = EDGE_CURVE('',#3198,#4601,#4773,.T.);
#4773 = SURFACE_CURVE('',#4774,(#4826,#4881),.PCURVE_S1.);
#4774 = B_SPLINE_CURVE_WITH_KNOTS('',8,(#4775,#4776,#4777,#4778,#4779,
    #4780,#4781,#4782,#4783,#4784,#4785,#4786,#4787,#4788,#4789,#4790,
    #4791,#4792,#4793,#4794,#4795,#4796,#4797,#4798,#4799,#4800,#4801,
    #4802,#4803,#4804,#4805,#4806,#4807,#4808,#4809,#4810,#4811,#4812,
    #4813,#4814,#4815,#4816,#4817,#4818,#4819,#4820,#4821,#4822,#4823,
    #4824,#4825),.UNSPECIFIED.,.F.,.F.,(9,7,7,7,7,7,7,9),(0.,
    0.170369508225,0.320356508057,0.499026507704,0.67851355075,
    0.750634520036,0.824320138941,1.),.UNSPECIFIED.);
#4775 = CARTESIAN_POINT('',(0.605249771057,0.,2.425));
#4776 = CARTESIAN_POINT('',(0.638685788269,0.324310256969,2.425));
#4777 = CARTESIAN_POINT('',(0.672172674645,0.649153710863,2.375431547573
    ));
#4778 = CARTESIAN_POINT('',(0.705624017288,0.964829249706,2.276013450054
    ));
#4779 = CARTESIAN_POINT('',(0.739059345286,1.262556410807,2.129069228035
    ));
#4780 = CARTESIAN_POINT('',(0.772500205673,1.534305982757,1.938311663412
    ));
#4781 = CARTESIAN_POINT('',(0.805961478198,1.772972433667,1.708998248264
    ));
#4782 = CARTESIAN_POINT('',(0.839454529545,1.972286524765,1.447715947684
    ));
#4783 = CARTESIAN_POINT('',(0.902319379065,2.264779230993,0.912639765157
    ));
#4784 = CARTESIAN_POINT('',(0.931779565456,2.368151405929,0.643445180441
    ));
#4785 = CARTESIAN_POINT('',(0.961221156343,2.434728521229,0.361192657836
    ));
#4786 = CARTESIAN_POINT('',(0.990649517982,2.462791927113,
    7.180504295132E-02));
#4787 = CARTESIAN_POINT('',(1.020078718505,2.451635185164,
    -0.218723105106));
#4788 = CARTESIAN_POINT('',(1.049522362099,2.401617929972,
    -0.504368092486));
#4789 = CARTESIAN_POINT('',(1.078985765615,2.314109939185,
    -0.779124224166));
#4790 = CARTESIAN_POINT('',(1.143489785517,2.046528150959,
    -1.344626359942));
#4791 = CARTESIAN_POINT('',(1.178629564363,1.851494269493,
    -1.629349657496));
#4792 = CARTESIAN_POINT('',(1.213728230346,1.611389874419,
    -1.880992507758));
#4793 = CARTESIAN_POINT('',(1.248801238056,1.333132806986,
    -2.091646537832));
#4794 = CARTESIAN_POINT('',(1.283866639593,1.024685365016,
    -2.254935526016));
#4795 = CARTESIAN_POINT('',(1.318950426725,0.695189864133,
    -2.366331921192));
#4796 = CARTESIAN_POINT('',(1.354076562079,0.354737206901,
    -2.422903781741));
#4797 = CARTESIAN_POINT('',(1.424353928917,-0.327029832312,
    -2.42701732281));
#4798 = CARTESIAN_POINT('',(1.459643902174,-0.669697565513,
    -2.374067349477));
#4799 = CARTESIAN_POINT('',(1.494894943135,-1.001927985612,
    -2.265663391562));
#4800 = CARTESIAN_POINT('',(1.530126445696,-1.313459854414,
    -2.104661405834));
#4801 = CARTESIAN_POINT('',(1.565358075463,-1.594971688603,
    -1.895561326238));
#4802 = CARTESIAN_POINT('',(1.600597234611,-1.83833322613,-1.6447556936)
  );
#4803 = CARTESIAN_POINT('',(1.635883776813,-2.036465505715,
    -1.36020798211));
#4804 = CARTESIAN_POINT('',(1.685261206244,-2.244317999453,
    -0.928713626146));
#4805 = CARTESIAN_POINT('',(1.69941796163,-2.295901035125,
    -0.801161248479));
#4806 = CARTESIAN_POINT('',(1.713573585492,-2.339186889506,
    -0.670361839852));
#4807 = CARTESIAN_POINT('',(1.727732786782,-2.373940988617,-0.5369345897
    ));
#4808 = CARTESIAN_POINT('',(1.741895884828,-2.399983656317,
    -0.401562463702));
#4809 = CARTESIAN_POINT('',(1.756036849768,-2.417202612004,
    -0.264862463575));
#4810 = CARTESIAN_POINT('',(1.770187566009,-2.425533119856,
    -0.12753026798));
#4811 = CARTESIAN_POINT('',(1.798794165686,-2.424415577973,
    0.150035831629));
#4812 = CARTESIAN_POINT('',(1.813252491357,-2.414577624498,0.29027411262
    ));
#4813 = CARTESIAN_POINT('',(1.82771257819,-2.395468724387,0.429752792303
    ));
#4814 = CARTESIAN_POINT('',(1.842174301681,-2.367160802371,
    0.567758326762));
#4815 = CARTESIAN_POINT('',(1.856637483277,-2.329789469105,0.70358989324
    ));
#4816 = CARTESIAN_POINT('',(1.871101879034,-2.283551818594,
    0.836561052679));
#4817 = CARTESIAN_POINT('',(1.885566862516,-2.228708022137,
    0.966002362177));
#4818 = CARTESIAN_POINT('',(1.934515453198,-2.01509409934,1.389913603464
    ));
#4819 = CARTESIAN_POINT('',(1.969064014861,-1.817243178232,
    1.665415587392));
#4820 = CARTESIAN_POINT('',(2.003565696819,-1.576550813862,
    1.908035006521));
#4821 = CARTESIAN_POINT('',(2.038040107685,-1.299727287575,
    2.110386011223));
#4822 = CARTESIAN_POINT('',(2.072519414964,-0.994451566652,2.26653244971
    ));
#4823 = CARTESIAN_POINT('',(2.107023694498,-0.669482590657,
    2.372286028062));
#4824 = CARTESIAN_POINT('',(2.141566816025,-0.33444196454,2.425));
#4825 = CARTESIAN_POINT('',(2.176047341932,-8.881784197001E-16,2.425));
#4826 = PCURVE('',#3251,#4827);
#4827 = DEFINITIONAL_REPRESENTATION('',(#4828),#4880);
#4828 = B_SPLINE_CURVE_WITH_KNOTS('',8,(#4829,#4830,#4831,#4832,#4833,
    #4834,#4835,#4836,#4837,#4838,#4839,#4840,#4841,#4842,#4843,#4844,
    #4845,#4846,#4847,#4848,#4849,#4850,#4851,#4852,#4853,#4854,#4855,
    #4856,#4857,#4858,#4859,#4860,#4861,#4862,#4863,#4864,#4865,#4866,
    #4867,#4868,#4869,#4870,#4871,#4872,#4873,#4874,#4875,#4876,#4877,
    #4878,#4879),.UNSPECIFIED.,.F.,.F.,(9,7,7,7,7,7,7,9),(0.,
    0.170369508225,0.320356508057,0.499026507704,0.67851355075,
    0.750634520036,0.824320138941,1.),.UNSPECIFIED.);
#4829 = CARTESIAN_POINT('',(5.265691306128E-02,6.497830526182));
#4830 = CARTESIAN_POINT('',(5.265647970484E-02,6.635690147847));
#4831 = CARTESIAN_POINT('',(5.266307786001E-02,6.773769389929));
#4832 = CARTESIAN_POINT('',(5.267084245171E-02,6.911703720655));
#4833 = CARTESIAN_POINT('',(5.266518914729E-02,7.049553164951));
#4834 = CARTESIAN_POINT('',(5.264775576132E-02,7.187408865154));
#4835 = CARTESIAN_POINT('',(5.263387872079E-02,7.325353724545));
#4836 = CARTESIAN_POINT('',(5.262891747213E-02,7.46344214086));
#4837 = CARTESIAN_POINT('',(5.263658569563E-02,7.722651331828));
#4838 = CARTESIAN_POINT('',(5.264716764929E-02,7.844133663038));
#4839 = CARTESIAN_POINT('',(5.266466269776E-02,7.965549038087));
#4840 = CARTESIAN_POINT('',(5.26852857029E-02,8.086914263317));
#4841 = CARTESIAN_POINT('',(5.270074743284E-02,8.208275694136));
#4842 = CARTESIAN_POINT('',(5.270599815686E-02,8.329682325594));
#4843 = CARTESIAN_POINT('',(5.270178355977E-02,8.451157127545));
#4844 = CARTESIAN_POINT('',(5.267926212508E-02,8.717082365189));
#4845 = CARTESIAN_POINT('',(5.265836400722E-02,8.861938016616));
#4846 = CARTESIAN_POINT('',(5.263467328053E-02,9.006620230871));
#4847 = CARTESIAN_POINT('',(5.261908675409E-02,9.151208042301));
#4848 = CARTESIAN_POINT('',(5.262401162617E-02,9.295793317637));
#4849 = CARTESIAN_POINT('',(5.263860753189E-02,9.44046798956));
#4850 = CARTESIAN_POINT('',(5.265122400998E-02,9.585314485959));
#4851 = CARTESIAN_POINT('',(5.266525929615E-02,9.875095216504));
#4852 = CARTESIAN_POINT('',(5.266665698353E-02,10.020601467959));
#4853 = CARTESIAN_POINT('',(5.26584158686E-02,10.165933651902));
#4854 = CARTESIAN_POINT('',(5.264510950468E-02,10.311178158685));
#4855 = CARTESIAN_POINT('',(5.264338867152E-02,10.45643947127));
#4856 = CARTESIAN_POINT('',(5.268742455544E-02,10.60179613084));
#4857 = CARTESIAN_POINT('',(5.270630018167E-02,10.747312797686));
#4858 = CARTESIAN_POINT('',(5.26946831575E-02,10.950884829184));
#4859 = CARTESIAN_POINT('',(5.268415362077E-02,11.009239829651));
#4860 = CARTESIAN_POINT('',(5.268460922355E-02,11.067605602292));
#4861 = CARTESIAN_POINT('',(5.264744069694E-02,11.125933251339));
#4862 = CARTESIAN_POINT('',(5.264248515243E-02,11.184322236466));
#4863 = CARTESIAN_POINT('',(5.266887223631E-02,11.242664010704));
#4864 = CARTESIAN_POINT('',(5.267780135143E-02,11.301021456655));
#4865 = CARTESIAN_POINT('',(5.269658161887E-02,11.418995880888));
#4866 = CARTESIAN_POINT('',(5.270281898995E-02,11.478617850263));
#4867 = CARTESIAN_POINT('',(5.270319012839E-02,11.538238837198));
#4868 = CARTESIAN_POINT('',(5.269867254008E-02,11.597859702049));
#4869 = CARTESIAN_POINT('',(5.269147340416E-02,11.657482810405));
#4870 = CARTESIAN_POINT('',(5.268357385839E-02,11.717109940576));
#4871 = CARTESIAN_POINT('',(5.267617810698E-02,11.776740201994));
#4872 = CARTESIAN_POINT('',(5.265549820134E-02,11.97853134984));
#4873 = CARTESIAN_POINT('',(5.264804653208E-02,12.12096824685));
#4874 = CARTESIAN_POINT('',(5.265800660035E-02,12.263236322857));
#4875 = CARTESIAN_POINT('',(5.267331864034E-02,12.405399478452));
#4876 = CARTESIAN_POINT('',(5.266860349203E-02,12.547554678011));
#4877 = CARTESIAN_POINT('',(5.265558699329E-02,12.689801174789));
#4878 = CARTESIAN_POINT('',(5.264250750922E-02,12.8322077327));
#4879 = CARTESIAN_POINT('',(5.263561179491E-02,12.974364892397));
#4880 = ( GEOMETRIC_REPRESENTATION_CONTEXT(2) 
PARAMETRIC_REPRESENTATION_CONTEXT() REPRESENTATION_CONTEXT('2D SPACE',''
  ) );
#4881 = PCURVE('',#3431,#4882);
#4882 = DEFINITIONAL_REPRESENTATION('',(#4883),#4935);
#4883 = B_SPLINE_CURVE_WITH_KNOTS('',8,(#4884,#4885,#4886,#4887,#4888,
    #4889,#4890,#4891,#4892,#4893,#4894,#4895,#4896,#4897,#4898,#4899,
    #4900,#4901,#4902,#4903,#4904,#4905,#4906,#4907,#4908,#4909,#4910,
    #4911,#4912,#4913,#4914,#4915,#4916,#4917,#4918,#4919,#4920,#4921,
    #4922,#4923,#4924,#4925,#4926,#4927,#4928,#4929,#4930,#4931,#4932,
    #4933,#4934),.UNSPECIFIED.,.F.,.F.,(9,7,7,7,7,7,7,9),(0.,
    0.170369508225,0.320356508057,0.499026507704,0.67851355075,
    0.750634520036,0.824320138941,1.),.UNSPECIFIED.);
#4884 = CARTESIAN_POINT('',(0.,2.176046097851));
#4885 = CARTESIAN_POINT('',(-0.133736188441,2.209482115064));
#4886 = CARTESIAN_POINT('',(-0.267691645097,2.24296900144));
#4887 = CARTESIAN_POINT('',(-0.401515626945,2.276420344083));
#4888 = CARTESIAN_POINT('',(-0.535262932827,2.309855672081));
#4889 = CARTESIAN_POINT('',(-0.669011962776,2.343296532468));
#4890 = CARTESIAN_POINT('',(-0.802841664377,2.376757804993));
#4891 = CARTESIAN_POINT('',(-0.936806326119,2.41025085634));
#4892 = CARTESIAN_POINT('',(-1.188271076874,2.473115705859));
#4893 = CARTESIAN_POINT('',(-1.306122353201,2.502575892251));
#4894 = CARTESIAN_POINT('',(-1.423908733754,2.532017483137));
#4895 = CARTESIAN_POINT('',(-1.541648535743,2.561445844777));
#4896 = CARTESIAN_POINT('',(-1.659387402051,2.5908750453));
#4897 = CARTESIAN_POINT('',(-1.777171017502,2.620318688894));
#4898 = CARTESIAN_POINT('',(-1.895020097281,2.649782092409));
#4899 = CARTESIAN_POINT('',(-2.153005186652,2.714286112311));
#4900 = CARTESIAN_POINT('',(-2.293533742555,2.749425891158));
#4901 = CARTESIAN_POINT('',(-2.433891064767,2.784524557141));
#4902 = CARTESIAN_POINT('',(-2.574154306167,2.819597564851));
#4903 = CARTESIAN_POINT('',(-2.714417987058,2.854662966388));
#4904 = CARTESIAN_POINT('',(-2.85477653725,2.88974675352));
#4905 = CARTESIAN_POINT('',(-2.995306679826,2.924872888874));
#4906 = CARTESIAN_POINT('',(-3.276452844332,2.995150255712));
#4907 = CARTESIAN_POINT('',(-3.417623890429,3.030440228969));
#4908 = CARTESIAN_POINT('',(-3.558621356135,3.06569126993));
#4909 = CARTESIAN_POINT('',(-3.699524182513,3.100922772491));
#4910 = CARTESIAN_POINT('',(-3.840426021589,3.136154402258));
#4911 = CARTESIAN_POINT('',(-3.981423306807,3.171393561406));
#4912 = CARTESIAN_POINT('',(-4.122593832169,3.206680103608));
#4913 = CARTESIAN_POINT('',(-4.320097667716,3.256057533039));
#4914 = CARTESIAN_POINT('',(-4.376716583222,3.270214288425));
#4915 = CARTESIAN_POINT('',(-4.433333334562,3.284369912286));
#4916 = CARTESIAN_POINT('',(-4.489953028674,3.298529113577));
#4917 = CARTESIAN_POINT('',(-4.546562531412,3.312692211623));
#4918 = CARTESIAN_POINT('',(-4.60318119616,3.326833176563));
#4919 = CARTESIAN_POINT('',(-4.65979873115,3.340983892804));
#4920 = CARTESIAN_POINT('',(-4.774259906133,3.369590492481));
#4921 = CARTESIAN_POINT('',(-4.832105946949,3.384048818152));
#4922 = CARTESIAN_POINT('',(-4.889949230902,3.398508904985));
#4923 = CARTESIAN_POINT('',(-4.947790049932,3.412970628476));
#4924 = CARTESIAN_POINT('',(-5.005630817199,3.427433810072));
#4925 = CARTESIAN_POINT('',(-5.063473809228,3.441898205828));
#4926 = CARTESIAN_POINT('',(-5.121318890002,3.456363189311));
#4927 = CARTESIAN_POINT('',(-5.317067800729,3.505311779993));
#4928 = CARTESIAN_POINT('',(-5.455237883684,3.539860341656));
#4929 = CARTESIAN_POINT('',(-5.593250961523,3.574362023614));
#4930 = CARTESIAN_POINT('',(-5.731177187337,3.608836434481));
#4931 = CARTESIAN_POINT('',(-5.869101032945,3.643315741759));
#4932 = CARTESIAN_POINT('',(-6.007110812248,3.677820021293));
#4933 = CARTESIAN_POINT('',(-6.145271094998,3.71236314282));
#4934 = CARTESIAN_POINT('',(-6.28318530718,3.746843668727));
#4935 = ( GEOMETRIC_REPRESENTATION_CONTEXT(2) 
PARAMETRIC_REPRESENTATION_CONTEXT() REPRESENTATION_CONTEXT('2D SPACE',''
  ) );
#4936 = ADVANCED_FACE('',(#4937),#3431,.T.);
#4937 = FACE_BOUND('',#4938,.F.);
#4938 = EDGE_LOOP('',(#4939,#4940,#4963,#5130,#5151));
#4939 = ORIENTED_EDGE('',*,*,#4772,.T.);
#4940 = ORIENTED_EDGE('',*,*,#4941,.T.);
#4941 = EDGE_CURVE('',#4601,#4942,#4944,.T.);
#4942 = VERTEX_POINT('',#4943);
#4943 = CARTESIAN_POINT('',(2.536359488059,-5.939536975865E-16,2.425));
#4944 = SURFACE_CURVE('',#4945,(#4949,#4956),.PCURVE_S1.);
#4945 = LINE('',#4946,#4947);
#4946 = CARTESIAN_POINT('',(-1.570796326795,-5.939536975865E-16,2.425));
#4947 = VECTOR('',#4948,1.);
#4948 = DIRECTION('',(1.,-0.,1.110223024625E-16));
#4949 = PCURVE('',#3431,#4950);
#4950 = DEFINITIONAL_REPRESENTATION('',(#4951),#4955);
#4951 = LINE('',#4952,#4953);
#4952 = CARTESIAN_POINT('',(-6.28318530718,-0.));
#4953 = VECTOR('',#4954,1.);
#4954 = DIRECTION('',(-0.,1.));
#4955 = ( GEOMETRIC_REPRESENTATION_CONTEXT(2) 
PARAMETRIC_REPRESENTATION_CONTEXT() REPRESENTATION_CONTEXT('2D SPACE',''
  ) );
#4956 = PCURVE('',#4712,#4957);
#4957 = DEFINITIONAL_REPRESENTATION('',(#4958),#4962);
#4958 = LINE('',#4959,#4960);
#4959 = CARTESIAN_POINT('',(-0.,-0.));
#4960 = VECTOR('',#4961,1.);
#4961 = DIRECTION('',(-0.,1.));
#4962 = ( GEOMETRIC_REPRESENTATION_CONTEXT(2) 
PARAMETRIC_REPRESENTATION_CONTEXT() REPRESENTATION_CONTEXT('2D SPACE',''
  ) );
#4963 = ORIENTED_EDGE('',*,*,#4964,.F.);
#4964 = EDGE_CURVE('',#4965,#4942,#4967,.T.);
#4965 = VERTEX_POINT('',#4966);
#4966 = CARTESIAN_POINT('',(0.965540565664,-5.939536975865E-16,2.425));
#4967 = SURFACE_CURVE('',#4968,(#5020,#5075),.PCURVE_S1.);
#4968 = B_SPLINE_CURVE_WITH_KNOTS('',8,(#4969,#4970,#4971,#4972,#4973,
    #4974,#4975,#4976,#4977,#4978,#4979,#4980,#4981,#4982,#4983,#4984,
    #4985,#4986,#4987,#4988,#4989,#4990,#4991,#4992,#4993,#4994,#4995,
    #4996,#4997,#4998,#4999,#5000,#5001,#5002,#5003,#5004,#5005,#5006,
    #5007,#5008,#5009,#5010,#5011,#5012,#5013,#5014,#5015,#5016,#5017,
    #5018,#5019),.UNSPECIFIED.,.F.,.F.,(9,7,7,7,7,7,7,9),(0.,
    0.186065290494,0.37541893981,0.567979578613,0.60380396733,
    0.741194914273,0.863917722304,1.),.UNSPECIFIED.);
#4969 = CARTESIAN_POINT('',(0.965540565664,8.881784197001E-16,2.425));
#4970 = CARTESIAN_POINT('',(1.002049353473,0.35417188067,2.425));
#4971 = CARTESIAN_POINT('',(1.038646694372,0.709176365147,2.365882580595
    ));
#4972 = CARTESIAN_POINT('',(1.075195976253,1.05212601449,2.247170354781)
  );
#4973 = CARTESIAN_POINT('',(1.111724063235,1.371636153744,2.072306333397
    ));
#4974 = CARTESIAN_POINT('',(1.14825166815,1.657442602057,1.846518582038)
  );
#4975 = CARTESIAN_POINT('',(1.184800502137,1.900716484778,1.577214140096
    ));
#4976 = CARTESIAN_POINT('',(1.221397363284,2.093844322723,1.273531271646
    ));
#4977 = CARTESIAN_POINT('',(1.295060573264,2.373061551689,0.615725484165
    ));
#4978 = CARTESIAN_POINT('',(1.332306926178,2.457895555983,0.259164253345
    ));
#4979 = CARTESIAN_POINT('',(1.369492648362,2.480893138694,-0.10980216016
    ));
#4980 = CARTESIAN_POINT('',(1.406652624603,2.440813312118,
    -0.478682512232));
#4981 = CARTESIAN_POINT('',(1.443820222007,2.338595294559,
    -0.835373617897));
#4982 = CARTESIAN_POINT('',(1.481017769477,2.177944006953,
    -1.168311663404));
#4983 = CARTESIAN_POINT('',(1.518271681411,1.964734925216,
    -1.466411154628));
#4984 = CARTESIAN_POINT('',(1.59321874532,1.448964516082,-1.978758419052
    ));
#4985 = CARTESIAN_POINT('',(1.631104019336,1.14360030536,-2.192842057711
    ));
#4986 = CARTESIAN_POINT('',(1.668923465845,0.802723995836,
    -2.352140250374));
#4987 = CARTESIAN_POINT('',(1.706713962817,0.438089055017,
    -2.450623567021));
#4988 = CARTESIAN_POINT('',(1.744519285048,6.192351802004E-02,
    -2.484568315824));
#4989 = CARTESIAN_POINT('',(1.782370639985,-0.313029672174,
    -2.453244230016));
#4990 = CARTESIAN_POINT('',(1.820250992868,-0.673662388052,
    -2.358211150637));
#4991 = CARTESIAN_POINT('',(1.865054447333,-1.069137458572,
    -2.177663971937));
#4992 = CARTESIAN_POINT('',(1.872081841494,-1.130261824721,
    -2.147349564396));
#4993 = CARTESIAN_POINT('',(1.879109575041,-1.190401208904,
    -2.115075597703));
#4994 = CARTESIAN_POINT('',(1.886138148115,-1.249482164513,
    -2.080879662468));
#4995 = CARTESIAN_POINT('',(1.893167762915,-1.307433077005,
    -2.04480265343));
#4996 = CARTESIAN_POINT('',(1.900198323697,-1.364184163909,
    -2.006888769459));
#4997 = CARTESIAN_POINT('',(1.907229436777,-1.419667474826,
    -1.967185513556));
#4998 = CARTESIAN_POINT('',(1.941225061578,-1.681486579284,
    -1.766809201754));
#4999 = CARTESIAN_POINT('',(1.968211113951,-1.86971286375,
    -1.582169213489));
#5000 = CARTESIAN_POINT('',(1.995174665406,-2.034548033131,
    -1.374751713689));
#5001 = CARTESIAN_POINT('',(2.022127857587,-2.172853638889,
    -1.14809411517));
#5002 = CARTESIAN_POINT('',(2.049084798361,-2.282164413,-0.906117923483)
  );
#5003 = CARTESIAN_POINT('',(2.076052664298,-2.360631981635,
    -0.653069246259));
#5004 = CARTESIAN_POINT('',(2.10303234742,-2.407102451844,
    -0.393531636037));
#5005 = CARTESIAN_POINT('',(2.154075297704,-2.434136935794,
    0.100819070925));
#5006 = CARTESIAN_POINT('',(2.178168150942,-2.421221451236,0.33556251279
    ));
#5007 = CARTESIAN_POINT('',(2.20225451806,-2.382409329828,0.568362674032
    ));
#5008 = CARTESIAN_POINT('',(2.22633407055,-2.318078110146,0.795886210682
    ));
#5009 = CARTESIAN_POINT('',(2.250411849432,-2.229081563984,1.014942151)
  );
#5010 = CARTESIAN_POINT('',(2.27449393971,-2.116705624178,1.222488484395
    ));
#5011 = CARTESIAN_POINT('',(2.298582381157,-1.982697541039,
    1.415662454377));
#5012 = CARTESIAN_POINT('',(2.349361894347,-1.659326292958,
    1.787275103359));
#5013 = CARTESIAN_POINT('',(2.376081458494,-1.465330142084,
    1.962044341537));
#5014 = CARTESIAN_POINT('',(2.402793956027,-1.250447528619,
    2.112544423467));
#5015 = CARTESIAN_POINT('',(2.429501802887,-1.018289858176,
    2.235943149726));
#5016 = CARTESIAN_POINT('',(2.456211527175,-0.772801703223,
    2.330073630234));
#5017 = CARTESIAN_POINT('',(2.482928854606,-0.518207493547,
    2.393381153529));
#5018 = CARTESIAN_POINT('',(2.509654220762,-0.259016830194,2.425));
#5019 = CARTESIAN_POINT('',(2.536359488059,8.881784197001E-16,2.425));
#5020 = PCURVE('',#3431,#5021);
#5021 = DEFINITIONAL_REPRESENTATION('',(#5022),#5074);
#5022 = B_SPLINE_CURVE_WITH_KNOTS('',8,(#5023,#5024,#5025,#5026,#5027,
    #5028,#5029,#5030,#5031,#5032,#5033,#5034,#5035,#5036,#5037,#5038,
    #5039,#5040,#5041,#5042,#5043,#5044,#5045,#5046,#5047,#5048,#5049,
    #5050,#5051,#5052,#5053,#5054,#5055,#5056,#5057,#5058,#5059,#5060,
    #5061,#5062,#5063,#5064,#5065,#5066,#5067,#5068,#5069,#5070,#5071,
    #5072,#5073),.UNSPECIFIED.,.F.,.F.,(9,7,7,7,7,7,7,9),(0.,
    0.186065290494,0.37541893981,0.567979578613,0.60380396733,
    0.741194914273,0.863917722304,1.),.UNSPECIFIED.);
#5023 = CARTESIAN_POINT('',(0.,2.536336892459));
#5024 = CARTESIAN_POINT('',(-0.14605026007,2.572845680268));
#5025 = CARTESIAN_POINT('',(-0.292442559005,2.609443021167));
#5026 = CARTESIAN_POINT('',(-0.438620107781,2.645992303048));
#5027 = CARTESIAN_POINT('',(-0.584687511562,2.68252039003));
#5028 = CARTESIAN_POINT('',(-0.730755495555,2.719047994944));
#5029 = CARTESIAN_POINT('',(-0.876933162915,2.755596828932));
#5030 = CARTESIAN_POINT('',(-1.023324594101,2.792193690079));
#5031 = CARTESIAN_POINT('',(-1.318010071621,2.865856900059));
#5032 = CARTESIAN_POINT('',(-1.467024626077,2.903103252973));
#5033 = CARTESIAN_POINT('',(-1.615799016944,2.940288975157));
#5034 = CARTESIAN_POINT('',(-1.76445457134,2.977448951398));
#5035 = CARTESIAN_POINT('',(-1.913108340777,3.014616548802));
#5036 = CARTESIAN_POINT('',(-2.061879337498,3.051814096272));
#5037 = CARTESIAN_POINT('',(-2.210887232307,3.089068008206));
#5038 = CARTESIAN_POINT('',(-2.510678163617,3.164015072115));
#5039 = CARTESIAN_POINT('',(-2.662230218417,3.201900346131));
#5040 = CARTESIAN_POINT('',(-2.813524753793,3.23971979264));
#5041 = CARTESIAN_POINT('',(-2.964694360063,3.277510289612));
#5042 = CARTESIAN_POINT('',(-3.115863391818,3.315315611843));
#5043 = CARTESIAN_POINT('',(-3.267155996382,3.35316696678));
#5044 = CARTESIAN_POINT('',(-3.418712700682,3.391047319662));
#5045 = CARTESIAN_POINT('',(-3.597986428332,3.435850774128));
#5046 = CARTESIAN_POINT('',(-3.626107349787,3.442878168289));
#5047 = CARTESIAN_POINT('',(-3.654228342944,3.449905901836));
#5048 = CARTESIAN_POINT('',(-3.682349308782,3.456934474909));
#5049 = CARTESIAN_POINT('',(-3.710470090158,3.46396408971));
#5050 = CARTESIAN_POINT('',(-3.7385904718,3.470994650492));
#5051 = CARTESIAN_POINT('',(-3.766710180311,3.478025763572));
#5052 = CARTESIAN_POINT('',(-3.902667579746,3.512021388373));
#5053 = CARTESIAN_POINT('',(-4.01058152589,3.539007440746));
#5054 = CARTESIAN_POINT('',(-4.118454901233,3.565970992201));
#5055 = CARTESIAN_POINT('',(-4.226295358498,3.592924184382));
#5056 = CARTESIAN_POINT('',(-4.33413522089,3.619881125156));
#5057 = CARTESIAN_POINT('',(-4.442007245272,3.646848991093));
#5058 = CARTESIAN_POINT('',(-4.549919830236,3.673828674215));
#5059 = CARTESIAN_POINT('',(-4.754080395396,3.724871624499));
#5060 = CARTESIAN_POINT('',(-4.850446592466,3.748964477737));
#5061 = CARTESIAN_POINT('',(-4.946791264291,3.773050844855));
#5062 = CARTESIAN_POINT('',(-5.043117313793,3.797130397345));
#5063 = CARTESIAN_POINT('',(-5.139443675006,3.821208176227));
#5064 = CARTESIAN_POINT('',(-5.235789631295,3.845290266505));
#5065 = CARTESIAN_POINT('',(-5.332158453176,3.869378707952));
#5066 = CARTESIAN_POINT('',(-5.535296728459,3.920158221142));
#5067 = CARTESIAN_POINT('',(-5.642178890569,3.946877785288));
#5068 = CARTESIAN_POINT('',(-5.749022087791,3.973590282822));
#5069 = CARTESIAN_POINT('',(-5.855834528846,4.000298129682));
#5070 = CARTESIAN_POINT('',(-5.962647351258,4.02700785397));
#5071 = CARTESIAN_POINT('',(-6.069491445945,4.053725181401));
#5072 = CARTESIAN_POINT('',(-6.176374243182,4.080450547557));
#5073 = CARTESIAN_POINT('',(-6.28318530718,4.107155814854));
#5074 = ( GEOMETRIC_REPRESENTATION_CONTEXT(2) 
PARAMETRIC_REPRESENTATION_CONTEXT() REPRESENTATION_CONTEXT('2D SPACE',''
  ) );
#5075 = PCURVE('',#3528,#5076);
#5076 = DEFINITIONAL_REPRESENTATION('',(#5077),#5129);
#5077 = B_SPLINE_CURVE_WITH_KNOTS('',8,(#5078,#5079,#5080,#5081,#5082,
    #5083,#5084,#5085,#5086,#5087,#5088,#5089,#5090,#5091,#5092,#5093,
    #5094,#5095,#5096,#5097,#5098,#5099,#5100,#5101,#5102,#5103,#5104,
    #5105,#5106,#5107,#5108,#5109,#5110,#5111,#5112,#5113,#5114,#5115,
    #5116,#5117,#5118,#5119,#5120,#5121,#5122,#5123,#5124,#5125,#5126,
    #5127,#5128),.UNSPECIFIED.,.F.,.F.,(9,7,7,7,7,7,7,9),(0.,
    0.186065290494,0.37541893981,0.567979578613,0.60380396733,
    0.741194914273,0.863917722304,1.),.UNSPECIFIED.);
#5078 = CARTESIAN_POINT('',(1.144562098327,12.931849016588));
#5079 = CARTESIAN_POINT('',(1.14457090655,13.082390983307));
#5080 = CARTESIAN_POINT('',(1.144574388559,13.233290578766));
#5081 = CARTESIAN_POINT('',(1.144565116968,13.383974099004));
#5082 = CARTESIAN_POINT('',(1.144537976231,13.534545118674));
#5083 = CARTESIAN_POINT('',(1.144508111471,13.685110322621));
#5084 = CARTESIAN_POINT('',(1.144493780058,13.835784885506));
#5085 = CARTESIAN_POINT('',(1.144495186502,13.986679586078));
#5086 = CARTESIAN_POINT('',(1.144518305076,14.290433270404));
#5087 = CARTESIAN_POINT('',(1.144540425311,14.444035003515));
#5088 = CARTESIAN_POINT('',(1.14456667243,14.59739254929));
#5089 = CARTESIAN_POINT('',(1.144583975699,14.750631372907));
#5090 = CARTESIAN_POINT('',(1.144575608623,14.90386554448));
#5091 = CARTESIAN_POINT('',(1.144558143825,15.057210418188));
#5092 = CARTESIAN_POINT('',(1.144545412964,15.210794341201));
#5093 = CARTESIAN_POINT('',(1.14453405726,15.5197930437));
#5094 = CARTESIAN_POINT('',(1.14453572194,15.67600036952));
#5095 = CARTESIAN_POINT('',(1.144547162038,15.83195001911));
#5096 = CARTESIAN_POINT('',(1.144560459287,15.987782916577));
#5097 = CARTESIAN_POINT('',(1.144546572535,16.143638738102));
#5098 = CARTESIAN_POINT('',(1.14447472982,16.299602911002));
#5099 = CARTESIAN_POINT('',(1.144490438128,16.45580968218));
#5100 = CARTESIAN_POINT('',(1.144523726392,16.640585837799));
#5101 = CARTESIAN_POINT('',(1.144530355225,16.66956984179));
#5102 = CARTESIAN_POINT('',(1.14453638058,16.698554397027));
#5103 = CARTESIAN_POINT('',(1.144540425833,16.727539631058));
#5104 = CARTESIAN_POINT('',(1.144541748459,16.756525334092));
#5105 = CARTESIAN_POINT('',(1.144540240039,16.785510959002));
#5106 = CARTESIAN_POINT('',(1.144536426253,16.814495621326));
#5107 = CARTESIAN_POINT('',(1.144512447091,16.954629474937));
#5108 = CARTESIAN_POINT('',(1.144481271744,17.065852008136));
#5109 = CARTESIAN_POINT('',(1.144490901039,17.17703911101));
#5110 = CARTESIAN_POINT('',(1.144515575505,17.288204644692));
#5111 = CARTESIAN_POINT('',(1.144533742132,17.399376488664));
#5112 = CARTESIAN_POINT('',(1.144542617434,17.510580321006));
#5113 = CARTESIAN_POINT('',(1.144544224901,17.621822663261));
#5114 = CARTESIAN_POINT('',(1.144541421751,17.832274199418));
#5115 = CARTESIAN_POINT('',(1.144537625372,17.931606243037));
#5116 = CARTESIAN_POINT('',(1.144534101038,18.030911926004));
#5117 = CARTESIAN_POINT('',(1.144534780614,18.130195419356));
#5118 = CARTESIAN_POINT('',(1.144540437194,18.22947859419));
#5119 = CARTESIAN_POINT('',(1.144548834201,18.328783396523));
#5120 = CARTESIAN_POINT('',(1.144556911984,18.428113936785));
#5121 = CARTESIAN_POINT('',(1.144568813539,18.63749995871));
#5122 = CARTESIAN_POINT('',(1.144572062622,18.747672109938));
#5123 = CARTESIAN_POINT('',(1.144569431395,18.857806861092));
#5124 = CARTESIAN_POINT('',(1.144558896084,18.967911329306));
#5125 = CARTESIAN_POINT('',(1.144542725864,19.078015619542));
#5126 = CARTESIAN_POINT('',(1.144525886076,19.188150317382));
#5127 = CARTESIAN_POINT('',(1.144512717538,19.298323318998));
#5128 = CARTESIAN_POINT('',(1.144505210108,19.408421406524));
#5129 = ( GEOMETRIC_REPRESENTATION_CONTEXT(2) 
PARAMETRIC_REPRESENTATION_CONTEXT() REPRESENTATION_CONTEXT('2D SPACE',''
  ) );
#5130 = ORIENTED_EDGE('',*,*,#5131,.F.);
#5131 = EDGE_CURVE('',#3411,#4965,#5132,.T.);
#5132 = SURFACE_CURVE('',#5133,(#5137,#5144),.PCURVE_S1.);
#5133 = LINE('',#5134,#5135);
#5134 = CARTESIAN_POINT('',(-1.570796326795,-5.939536975865E-16,2.425));
#5135 = VECTOR('',#5136,1.);
#5136 = DIRECTION('',(1.,-0.,1.110223024625E-16));
#5137 = PCURVE('',#3431,#5138);
#5138 = DEFINITIONAL_REPRESENTATION('',(#5139),#5143);
#5139 = LINE('',#5140,#5141);
#5140 = CARTESIAN_POINT('',(-0.,-0.));
#5141 = VECTOR('',#5142,1.);
#5142 = DIRECTION('',(-0.,1.));
#5143 = ( GEOMETRIC_REPRESENTATION_CONTEXT(2) 
PARAMETRIC_REPRESENTATION_CONTEXT() REPRESENTATION_CONTEXT('2D SPACE',''
  ) );
#5144 = PCURVE('',#3464,#5145);
#5145 = DEFINITIONAL_REPRESENTATION('',(#5146),#5150);
#5146 = LINE('',#5147,#5148);
#5147 = CARTESIAN_POINT('',(-6.28318530718,-0.));
#5148 = VECTOR('',#5149,1.);
#5149 = DIRECTION('',(-0.,1.));
#5150 = ( GEOMETRIC_REPRESENTATION_CONTEXT(2) 
PARAMETRIC_REPRESENTATION_CONTEXT() REPRESENTATION_CONTEXT('2D SPACE',''
  ) );
#5151 = ORIENTED_EDGE('',*,*,#3410,.T.);
#5152 = ADVANCED_FACE('',(#5153),#3464,.T.);
#5153 = FACE_BOUND('',#5154,.F.);
#5154 = EDGE_LOOP('',(#5155,#5156,#5157));
#5155 = ORIENTED_EDGE('',*,*,#3443,.T.);
#5156 = ORIENTED_EDGE('',*,*,#5131,.T.);
#5157 = ORIENTED_EDGE('',*,*,#5158,.F.);
#5158 = EDGE_CURVE('',#3444,#4965,#5159,.T.);
#5159 = SURFACE_CURVE('',#5160,(#5226,#5246),.PCURVE_S1.);
#5160 = B_SPLINE_CURVE_WITH_KNOTS('',8,(#5161,#5162,#5163,#5164,#5165,
    #5166,#5167,#5168,#5169,#5170,#5171,#5172,#5173,#5174,#5175,#5176,
    #5177,#5178,#5179,#5180,#5181,#5182,#5183,#5184,#5185,#5186,#5187,
    #5188,#5189,#5190,#5191,#5192,#5193,#5194,#5195,#5196,#5197,#5198,
    #5199,#5200,#5201,#5202,#5203,#5204,#5205,#5206,#5207,#5208,#5209,
    #5210,#5211,#5212,#5213,#5214,#5215,#5216,#5217,#5218,#5219,#5220,
    #5221,#5222,#5223,#5224,#5225),.UNSPECIFIED.,.F.,.F.,(9,7,7,7,7,7,7,
    7,7,9),(0.,0.177865347221,0.325582855766,0.516683460357,
    0.626141570199,0.701264805889,0.741705508696,0.786286689952,
    0.888738509446,1.),.UNSPECIFIED.);
#5161 = CARTESIAN_POINT('',(-0.605243696673,0.,2.425));
#5162 = CARTESIAN_POINT('',(-0.570331609389,0.338633755319,2.425));
#5163 = CARTESIAN_POINT('',(-0.53535035824,0.677923960547,2.370956240948
    ));
#5164 = CARTESIAN_POINT('',(-0.500411596278,1.006736350246,
    2.262507783809));
#5165 = CARTESIAN_POINT('',(-0.465502525593,1.315093347306,
    2.102464321881));
#5166 = CARTESIAN_POINT('',(-0.430597267201,1.593930251899,
    1.895219820953));
#5167 = CARTESIAN_POINT('',(-0.395665503998,1.835330868059,
    1.646997992215));
#5168 = CARTESIAN_POINT('',(-0.360686971789,2.03238767932,1.365537408499
    ));
#5169 = CARTESIAN_POINT('',(-0.296780162275,2.303601834232,
    0.808166637321));
#5170 = CARTESIAN_POINT('',(-0.267755016932,2.393253996343,
    0.538734915338));
#5171 = CARTESIAN_POINT('',(-0.238742512148,2.446691615986,
    0.258255336917));
#5172 = CARTESIAN_POINT('',(-0.209740626751,2.462518176807,
    -2.754643494276E-02));
#5173 = CARTESIAN_POINT('',(-0.180741574966,2.440299872137,
    -0.312916864138));
#5174 = CARTESIAN_POINT('',(-0.151735858519,2.380605694434,
    -0.592117921035));
#5175 = CARTESIAN_POINT('',(-0.122718013243,2.284957988137,
    -0.859470090026));
#5176 = CARTESIAN_POINT('',(-5.6222647403E-02,1.989804497767,
    -1.433067385154));
#5177 = CARTESIAN_POINT('',(-1.8622993897E-02,1.767419873823,
    -1.728890491641));
#5178 = CARTESIAN_POINT('',(1.891402134E-02,1.495061410439,
    -1.984251278896));
#5179 = CARTESIAN_POINT('',(5.6425075685E-02,1.181820702342,
    -2.1899742629));
#5180 = CARTESIAN_POINT('',(9.3944230492E-02,0.837918440343,
    -2.338878660448));
#5181 = CARTESIAN_POINT('',(0.131493680742,0.474967077611,
    -2.426363075618));
#5182 = CARTESIAN_POINT('',(0.169102090198,0.105626727109,
    -2.449867348184));
#5183 = CARTESIAN_POINT('',(0.228095331925,-0.463415851804,
    -2.389414540305));
#5184 = CARTESIAN_POINT('',(0.249584643619,-0.668545372,-2.347038658333)
  );
#5185 = CARTESIAN_POINT('',(0.271070636766,-0.86914693426,
    -2.284542126668));
#5186 = CARTESIAN_POINT('',(0.292553475637,-1.062925568584,
    -2.202517663512));
#5187 = CARTESIAN_POINT('',(0.314037510706,-1.247706204073,
    -2.101850697664));
#5188 = CARTESIAN_POINT('',(0.335526864029,-1.421442773879,
    -1.983693607892));
#5189 = CARTESIAN_POINT('',(0.357020924462,-1.582243901319,
    -1.849474808734));
#5190 = CARTESIAN_POINT('',(0.393257954665,-1.828735357851,
    -1.599002187661));
#5191 = CARTESIAN_POINT('',(0.40800775925,-1.9221926379,-1.490291109169)
  );
#5192 = CARTESIAN_POINT('',(0.422757185984,-2.008242430697,
    -1.375358945512));
#5193 = CARTESIAN_POINT('',(0.437505391816,-2.086404768172,
    -1.254799366559));
#5194 = CARTESIAN_POINT('',(0.452251973444,-2.156259698126,
    -1.129244426889));
#5195 = CARTESIAN_POINT('',(0.46699661185,-2.217446433489,
    -0.999361122823));
#5196 = CARTESIAN_POINT('',(0.481739059075,-2.269666243485,
    -0.865850293412));
#5197 = CARTESIAN_POINT('',(0.504414594874,-2.335849351293,
    -0.656019051976));
#5198 = CARTESIAN_POINT('',(0.51234887027,-2.356345215531,
    -0.581749702358));
#5199 = CARTESIAN_POINT('',(0.52028335227,-2.374140935297,
    -0.506753182111));
#5200 = CARTESIAN_POINT('',(0.528218739575,-2.389206684415,
    -0.431144063553));
#5201 = CARTESIAN_POINT('',(0.536155370728,-2.401518554643,
    -0.355038125722));
#5202 = CARTESIAN_POINT('',(0.544093224111,-2.411058555675,
    -0.278552354375));
#5203 = CARTESIAN_POINT('',(0.552031917945,-2.417814615139,
    -0.20180494199));
#5204 = CARTESIAN_POINT('',(0.568722307472,-2.426152593021,
    -4.015336786574E-02));
#5205 = CARTESIAN_POINT('',(0.577473954816,-2.427134300713,
    4.478296790126E-02));
#5206 = CARTESIAN_POINT('',(0.586225443232,-2.424717334143,
    0.129735566034));
#5207 = CARTESIAN_POINT('',(0.594976604037,-2.418902308818,
    0.214546372374));
#5208 = CARTESIAN_POINT('',(0.603727308958,-2.40969882328,0.299057432112
    ));
#5209 = CARTESIAN_POINT('',(0.612477470134,-2.397125459108,
    0.383110889786));
#5210 = CARTESIAN_POINT('',(0.621227040116,-2.381209780917,
    0.466548989284));
#5211 = CARTESIAN_POINT('',(0.650081985932,-2.3178156179,0.739186346505)
  );
#5212 = CARTESIAN_POINT('',(0.670191185498,-2.256169964407,
    0.925144362785));
#5213 = CARTESIAN_POINT('',(0.690298552316,-2.177488637578,
    1.105145489437));
#5214 = CARTESIAN_POINT('',(0.710404761722,-2.082465050342,
    1.277375277757));
#5215 = CARTESIAN_POINT('',(0.730512578959,-1.972006389916,
    1.440136274916));
#5216 = CARTESIAN_POINT('',(0.750623824355,-1.847214924832,
    1.591851275971));
#5217 = CARTESIAN_POINT('',(0.770736947339,-1.709392995913,
    1.731081016556));
#5218 = CARTESIAN_POINT('',(0.812682549144,-1.397910482048,
    1.992821019032));
#5219 = CARTESIAN_POINT('',(0.834525705995,-1.222100288438,2.11293729082
    ));
#5220 = CARTESIAN_POINT('',(0.856364370524,-1.034584343576,
    2.215245705882));
#5221 = CARTESIAN_POINT('',(0.878198465153,-0.837488763682,
    2.298445817091));
#5222 = CARTESIAN_POINT('',(0.900031473151,-0.633067798059,
    2.361547718713));
#5223 = CARTESIAN_POINT('',(0.921867318865,-0.423684869278,
    2.403856868586));
#5224 = CARTESIAN_POINT('',(0.943706924101,-0.211808222133,
    2.425000004552));
#5225 = CARTESIAN_POINT('',(0.965540565664,4.440892098501E-16,2.425));
#5226 = PCURVE('',#3464,#5227);
#5227 = DEFINITIONAL_REPRESENTATION('',(#5228),#5245);
#5228 = B_SPLINE_CURVE_WITH_KNOTS('',8,(#5229,#5230,#5231,#5232,#5233,
    #5234,#5235,#5236,#5237,#5238,#5239,#5240,#5241,#5242,#5243,#5244),
  .UNSPECIFIED.,.F.,.F.,(9,7,9),(0.830885150202,0.888738512404,1.),
  .UNSPECIFIED.);
#5229 = CARTESIAN_POINT('',(-5.220973618761,2.270796319736));
#5230 = CARTESIAN_POINT('',(-5.266395022608,2.282150990162));
#5231 = CARTESIAN_POINT('',(-5.31181593748,2.293505860847));
#5232 = CARTESIAN_POINT('',(-5.35723691663,2.304861115246));
#5233 = CARTESIAN_POINT('',(-5.402658841955,2.316216945083));
#5234 = CARTESIAN_POINT('',(-5.448082247352,2.327573386789));
#5235 = CARTESIAN_POINT('',(-5.493506642758,2.338930177687));
#5236 = CARTESIAN_POINT('',(-5.538929838858,2.350286631919));
#5237 = CARTESIAN_POINT('',(-5.67169243331,2.383478875939));
#5238 = CARTESIAN_POINT('',(-5.759062665361,2.40532203279));
#5239 = CARTESIAN_POINT('',(-5.846419640227,2.427160697319));
#5240 = CARTESIAN_POINT('',(-5.933764970559,2.448994791948));
#5241 = CARTESIAN_POINT('',(-6.021111054227,2.470827799946));
#5242 = CARTESIAN_POINT('',(-6.108469888943,2.492663645659));
#5243 = CARTESIAN_POINT('',(-6.195841710424,2.514503250896));
#5244 = CARTESIAN_POINT('',(-6.28318530718,2.536336892459));
#5245 = ( GEOMETRIC_REPRESENTATION_CONTEXT(2) 
PARAMETRIC_REPRESENTATION_CONTEXT() REPRESENTATION_CONTEXT('2D SPACE',''
  ) );
#5246 = PCURVE('',#3528,#5247);
#5247 = DEFINITIONAL_REPRESENTATION('',(#5248),#5265);
#5248 = B_SPLINE_CURVE_WITH_KNOTS('',8,(#5249,#5250,#5251,#5252,#5253,
    #5254,#5255,#5256,#5257,#5258,#5259,#5260,#5261,#5262,#5263,#5264),
  .UNSPECIFIED.,.F.,.F.,(9,7,9),(0.830885150202,0.888738514814,1.),
  .UNSPECIFIED.);
#5249 = CARTESIAN_POINT('',(1.144529978706,11.836952048887));
#5250 = CARTESIAN_POINT('',(1.144534775239,11.883775295075));
#5251 = CARTESIAN_POINT('',(1.144538792285,11.930598271524));
#5252 = CARTESIAN_POINT('',(1.144541678932,11.977421241503));
#5253 = CARTESIAN_POINT('',(1.144543306859,12.024244815175));
#5254 = CARTESIAN_POINT('',(1.144543789251,12.07106930181));
#5255 = CARTESIAN_POINT('',(1.144543426818,12.117894040961));
#5256 = CARTESIAN_POINT('',(1.144542580932,12.164716712593));
#5257 = CARTESIAN_POINT('',(1.144539344773,12.301567287237));
#5258 = CARTESIAN_POINT('',(1.144536321493,12.391624824853));
#5259 = CARTESIAN_POINT('',(1.144534892878,12.481665456774));
#5260 = CARTESIAN_POINT('',(1.144536633142,12.571692630666));
#5261 = CARTESIAN_POINT('',(1.144542092407,12.661720299656));
#5262 = CARTESIAN_POINT('',(1.144549835792,12.751761910787));
#5263 = CARTESIAN_POINT('',(1.144556789482,12.8418192162));
#5264 = CARTESIAN_POINT('',(1.144562052284,12.931849016832));
#5265 = ( GEOMETRIC_REPRESENTATION_CONTEXT(2) 
PARAMETRIC_REPRESENTATION_CONTEXT() REPRESENTATION_CONTEXT('2D SPACE',''
  ) );
#5266 = ADVANCED_FACE('',(#5267),#3528,.F.);
#5267 = FACE_BOUND('',#5268,.F.);
#5268 = EDGE_LOOP('',(#5269,#5270,#5271,#5272,#5273,#5461,#5670,#5865));
#5269 = ORIENTED_EDGE('',*,*,#3779,.F.);
#5270 = ORIENTED_EDGE('',*,*,#3476,.F.);
#5271 = ORIENTED_EDGE('',*,*,#5158,.T.);
#5272 = ORIENTED_EDGE('',*,*,#4964,.T.);
#5273 = ORIENTED_EDGE('',*,*,#5274,.T.);
#5274 = EDGE_CURVE('',#4942,#5275,#5277,.T.);
#5275 = VERTEX_POINT('',#5276);
#5276 = CARTESIAN_POINT('',(4.107137041807,-5.939536975865E-16,2.425));
#5277 = SURFACE_CURVE('',#5278,(#5337,#5399),.PCURVE_S1.);
#5278 = B_SPLINE_CURVE_WITH_KNOTS('',8,(#5279,#5280,#5281,#5282,#5283,
    #5284,#5285,#5286,#5287,#5288,#5289,#5290,#5291,#5292,#5293,#5294,
    #5295,#5296,#5297,#5298,#5299,#5300,#5301,#5302,#5303,#5304,#5305,
    #5306,#5307,#5308,#5309,#5310,#5311,#5312,#5313,#5314,#5315,#5316,
    #5317,#5318,#5319,#5320,#5321,#5322,#5323,#5324,#5325,#5326,#5327,
    #5328,#5329,#5330,#5331,#5332,#5333,#5334,#5335,#5336),
  .UNSPECIFIED.,.F.,.F.,(9,7,7,7,7,7,7,7,9),(0.,0.162800604063,
    0.317700023062,0.383246261496,0.459591953683,0.605571859038,
    0.798787150018,0.895405965711,1.),.UNSPECIFIED.);
#5279 = CARTESIAN_POINT('',(2.536359488059,8.881784197001E-16,2.425));
#5280 = CARTESIAN_POINT('',(2.568315124098,0.309940636873,2.425));
#5281 = CARTESIAN_POINT('',(2.600309692507,0.62028997888,2.379726929176)
  );
#5282 = CARTESIAN_POINT('',(2.632275065615,0.922673103201,2.288974422488
    ));
#5283 = CARTESIAN_POINT('',(2.66422173329,1.209414981502,2.154637921138)
  );
#5284 = CARTESIAN_POINT('',(2.696169196529,1.473443271414,1.979825610041
    ));
#5285 = CARTESIAN_POINT('',(2.728136165381,1.708414705461,1.768952016129
    ));
#5286 = CARTESIAN_POINT('',(2.760131085272,1.908703940326,1.527590064739
    ));
#5287 = CARTESIAN_POINT('',(2.822485713891,2.223712711333,1.011279540838
    ));
#5288 = CARTESIAN_POINT('',(2.852923763415,2.342489839818,0.737912734032
    ));
#5289 = CARTESIAN_POINT('',(2.88334291027,2.422583162916,0.448952023123)
  );
#5290 = CARTESIAN_POINT('',(2.913747341038,2.46184818903,0.150854001102)
  );
#5291 = CARTESIAN_POINT('',(2.944147930632,2.459272919787,
    -0.149807785202));
#5292 = CARTESIAN_POINT('',(2.974560327271,2.415060121465,
    -0.446384849458));
#5293 = CARTESIAN_POINT('',(3.004994922304,2.330547991163,
    -0.732209426389));
#5294 = CARTESIAN_POINT('',(3.048263532813,2.157346425306,
    -1.114473997265));
#5295 = CARTESIAN_POINT('',(3.061130388766,2.09915946711,-1.225114689743
    ));
#5296 = CARTESIAN_POINT('',(3.073997935741,2.034494332598,
    -1.332267575011));
#5297 = CARTESIAN_POINT('',(3.086865928786,1.963598353132,
    -1.435489720398));
#5298 = CARTESIAN_POINT('',(3.099734349257,1.886752846936,
    -1.534362285272));
#5299 = CARTESIAN_POINT('',(3.112603067435,1.804271293179,
    -1.628490799167));
#5300 = CARTESIAN_POINT('',(3.125471583457,1.716499153022,
    -1.717506506762));
#5301 = CARTESIAN_POINT('',(3.153326130811,1.515860858323,
    -1.898398843534));
#5302 = CARTESIAN_POINT('',(3.168312706592,1.401232226131,
    -1.988339829299));
#5303 = CARTESIAN_POINT('',(3.183299754992,1.280530365528,
    -2.070348413309));
#5304 = CARTESIAN_POINT('',(3.198275998784,1.154392930932,
    -2.143951693923));
#5305 = CARTESIAN_POINT('',(3.213263437029,1.023515141005,
    -2.208737388426));
#5306 = CARTESIAN_POINT('',(3.228233951232,0.888596540032,
    -2.264363965252));
#5307 = CARTESIAN_POINT('',(3.243219242436,0.750408723786,
    -2.310549428428));
#5308 = CARTESIAN_POINT('',(3.286860787625,0.340731331165,
    -2.416975195356));
#5309 = CARTESIAN_POINT('',(3.315551351765,6.233994581167E-02,
    -2.451684543385));
#5310 = CARTESIAN_POINT('',(3.344210419411,-0.219716011544,
    -2.44961674417));
#5311 = CARTESIAN_POINT('',(3.37285553422,-0.499755180859,
    -2.410521694424));
#5312 = CARTESIAN_POINT('',(3.401504891483,-0.772252633867,
    -2.335062122704));
#5313 = CARTESIAN_POINT('',(3.430168181831,-1.03187905013,
    -2.224830289311));
#5314 = CARTESIAN_POINT('',(3.458847775004,-1.273526556645,
    -2.08230540602));
#5315 = CARTESIAN_POINT('',(3.525425933503,-1.782487735048,
    -1.684837249715));
#5316 = CARTESIAN_POINT('',(3.563453883574,-2.03394898386,-1.40754636144
    ));
#5317 = CARTESIAN_POINT('',(3.601412502778,-2.235104312398,
    -1.087867545833));
#5318 = CARTESIAN_POINT('',(3.639330997497,-2.378426787079,
    -0.736846055528));
#5319 = CARTESIAN_POINT('',(3.677251363993,-2.458650748477,
    -0.366282935184));
#5320 = CARTESIAN_POINT('',(3.715210358363,-2.47345987717,
    1.111566731654E-02));
#5321 = CARTESIAN_POINT('',(3.753240704073,-2.42281227419,0.381999320374
    ));
#5322 = CARTESIAN_POINT('',(3.810138115118,-2.256095790703,
    0.908016550415));
#5323 = CARTESIAN_POINT('',(3.829109023337,-2.185308309376,
    1.078580354369));
#5324 = CARTESIAN_POINT('',(3.848078619931,-2.099803163379,
    1.242770475621));
#5325 = CARTESIAN_POINT('',(3.867046074114,-2.000264998061,
    1.399112710092));
#5326 = CARTESIAN_POINT('',(3.886012701821,-1.887541720263,
    1.546234259304));
#5327 = CARTESIAN_POINT('',(3.904979915867,-1.762631994166,
    1.682866050763));
#5328 = CARTESIAN_POINT('',(3.923947103005,-1.62668824485,1.807856663856
    ));
#5329 = CARTESIAN_POINT('',(3.963436962308,-1.323359434861,
    2.041812051783));
#5330 = CARTESIAN_POINT('',(3.983968522645,-1.154229080957,
    2.148661106939));
#5331 = CARTESIAN_POINT('',(4.004497083471,-0.975314230523,
    2.239436649281));
#5332 = CARTESIAN_POINT('',(4.025022486624,-0.788412629152,
    2.313115650258));
#5333 = CARTESIAN_POINT('',(4.045547977414,-0.595420139759,
    2.368921125546));
#5334 = CARTESIAN_POINT('',(4.066076787271,-0.398311661451,
    2.406311693961));
#5335 = CARTESIAN_POINT('',(4.086608762883,-0.199132472869,2.425));
#5336 = CARTESIAN_POINT('',(4.107137041807,1.7763568394E-15,2.425));
#5337 = PCURVE('',#3528,#5338);
#5338 = DEFINITIONAL_REPRESENTATION('',(#5339),#5398);
#5339 = B_SPLINE_CURVE_WITH_KNOTS('',8,(#5340,#5341,#5342,#5343,#5344,
    #5345,#5346,#5347,#5348,#5349,#5350,#5351,#5352,#5353,#5354,#5355,
    #5356,#5357,#5358,#5359,#5360,#5361,#5362,#5363,#5364,#5365,#5366,
    #5367,#5368,#5369,#5370,#5371,#5372,#5373,#5374,#5375,#5376,#5377,
    #5378,#5379,#5380,#5381,#5382,#5383,#5384,#5385,#5386,#5387,#5388,
    #5389,#5390,#5391,#5392,#5393,#5394,#5395,#5396,#5397),
  .UNSPECIFIED.,.F.,.F.,(9,7,7,7,7,7,7,7,9),(0.,0.162800604063,
    0.317700023062,0.383246261496,0.459591953683,0.605571859038,
    0.798787150018,0.895405965711,1.),.UNSPECIFIED.);
#5340 = CARTESIAN_POINT('',(1.144505210108,19.408421406524));
#5341 = CARTESIAN_POINT('',(1.144496226684,19.540165244717));
#5342 = CARTESIAN_POINT('',(1.144495353235,19.672081002239));
#5343 = CARTESIAN_POINT('',(1.144506073401,19.803892677129));
#5344 = CARTESIAN_POINT('',(1.144527780147,19.935642667134));
#5345 = CARTESIAN_POINT('',(1.144551168231,20.067398300141));
#5346 = CARTESIAN_POINT('',(1.144565723563,20.199221944065));
#5347 = CARTESIAN_POINT('',(1.14457019994,20.33114666897));
#5348 = CARTESIAN_POINT('',(1.144564929867,20.588233982907));
#5349 = CARTESIAN_POINT('',(1.144555849711,20.71372051566));
#5350 = CARTESIAN_POINT('',(1.144542917053,20.839123696738));
#5351 = CARTESIAN_POINT('',(1.144531939525,20.964468949411));
#5352 = CARTESIAN_POINT('',(1.144531749307,21.089813524068));
#5353 = CARTESIAN_POINT('',(1.144539401105,21.215217800922));
#5354 = CARTESIAN_POINT('',(1.144544396331,21.340709870775));
#5355 = CARTESIAN_POINT('',(1.144542250616,21.519107906777));
#5356 = CARTESIAN_POINT('',(1.144540439267,21.572156767424));
#5357 = CARTESIAN_POINT('',(1.14453717109,21.625206429928));
#5358 = CARTESIAN_POINT('',(1.144532283225,21.678255655457));
#5359 = CARTESIAN_POINT('',(1.144525997135,21.731304678363));
#5360 = CARTESIAN_POINT('',(1.14451900355,21.784353934497));
#5361 = CARTESIAN_POINT('',(1.14451236865,21.837402861182));
#5362 = CARTESIAN_POINT('',(1.144501312854,21.952234565212));
#5363 = CARTESIAN_POINT('',(1.144498353076,22.014021640703));
#5364 = CARTESIAN_POINT('',(1.144493571096,22.075808104089));
#5365 = CARTESIAN_POINT('',(1.144510636836,22.137580721843));
#5366 = CARTESIAN_POINT('',(1.144506814969,22.19937014186));
#5367 = CARTESIAN_POINT('',(1.144539122605,22.261140555567));
#5368 = CARTESIAN_POINT('',(1.144544227212,22.322933667608));
#5369 = CARTESIAN_POINT('',(1.144526149401,22.502846963083));
#5370 = CARTESIAN_POINT('',(1.144478007715,22.621073535305));
#5371 = CARTESIAN_POINT('',(1.144484419461,22.739246908856));
#5372 = CARTESIAN_POINT('',(1.144512791638,22.857393614689));
#5373 = CARTESIAN_POINT('',(1.144533327158,22.975546799649));
#5374 = CARTESIAN_POINT('',(1.144543042235,23.093742226064));
#5375 = CARTESIAN_POINT('',(1.144544420684,23.211993155168));
#5376 = CARTESIAN_POINT('',(1.144540211464,23.486496019744));
#5377 = CARTESIAN_POINT('',(1.144532245532,23.643278079975));
#5378 = CARTESIAN_POINT('',(1.144529112829,23.799781073923));
#5379 = CARTESIAN_POINT('',(1.144549912668,23.95615226312));
#5380 = CARTESIAN_POINT('',(1.144573086213,24.112534505655));
#5381 = CARTESIAN_POINT('',(1.144578031742,24.269050398904));
#5382 = CARTESIAN_POINT('',(1.144568192797,24.42583970444));
#5383 = CARTESIAN_POINT('',(1.144542991652,24.660398324479));
#5384 = CARTESIAN_POINT('',(1.144532863257,24.738603149303));
#5385 = CARTESIAN_POINT('',(1.144521989671,24.816801518933));
#5386 = CARTESIAN_POINT('',(1.144511892022,24.894992145609));
#5387 = CARTESIAN_POINT('',(1.144504050382,24.973182535043));
#5388 = CARTESIAN_POINT('',(1.144499499445,25.051379966481));
#5389 = CARTESIAN_POINT('',(1.14449859991,25.129582418342));
#5390 = CARTESIAN_POINT('',(1.144503568103,25.292410261262));
#5391 = CARTESIAN_POINT('',(1.144509992731,25.37707308181));
#5392 = CARTESIAN_POINT('',(1.144519927062,25.461728467292));
#5393 = CARTESIAN_POINT('',(1.14453194068,25.546373755408));
#5394 = CARTESIAN_POINT('',(1.144544076853,25.631019577086));
#5395 = CARTESIAN_POINT('',(1.144554415078,25.715676556948));
#5396 = CARTESIAN_POINT('',(1.144561624438,25.800342192513));
#5397 = CARTESIAN_POINT('',(1.144565507761,25.884987912118));
#5398 = ( GEOMETRIC_REPRESENTATION_CONTEXT(2) 
PARAMETRIC_REPRESENTATION_CONTEXT() REPRESENTATION_CONTEXT('2D SPACE',''
  ) );
#5399 = PCURVE('',#4712,#5400);
#5400 = DEFINITIONAL_REPRESENTATION('',(#5401),#5460);
#5401 = B_SPLINE_CURVE_WITH_KNOTS('',8,(#5402,#5403,#5404,#5405,#5406,
    #5407,#5408,#5409,#5410,#5411,#5412,#5413,#5414,#5415,#5416,#5417,
    #5418,#5419,#5420,#5421,#5422,#5423,#5424,#5425,#5426,#5427,#5428,
    #5429,#5430,#5431,#5432,#5433,#5434,#5435,#5436,#5437,#5438,#5439,
    #5440,#5441,#5442,#5443,#5444,#5445,#5446,#5447,#5448,#5449,#5450,
    #5451,#5452,#5453,#5454,#5455,#5456,#5457,#5458,#5459),
  .UNSPECIFIED.,.F.,.F.,(9,7,7,7,7,7,7,7,9),(0.,0.162800604063,
    0.317700023062,0.383246261496,0.459591953683,0.605571859038,
    0.798787150018,0.895405965711,1.),.UNSPECIFIED.);
#5402 = CARTESIAN_POINT('',(0.,4.107155814854));
#5403 = CARTESIAN_POINT('',(-0.127810571906,4.139111450893));
#5404 = CARTESIAN_POINT('',(-0.255789274768,4.171106019301));
#5405 = CARTESIAN_POINT('',(-0.383667243886,4.20307139241));
#5406 = CARTESIAN_POINT('',(-0.511483484271,4.235018060085));
#5407 = CARTESIAN_POINT('',(-0.639301336541,4.266965523324));
#5408 = CARTESIAN_POINT('',(-0.767183795421,4.298932492176));
#5409 = CARTESIAN_POINT('',(-0.895165998481,4.330927412066));
#5410 = CARTESIAN_POINT('',(-1.144576256795,4.393282040686));
#5411 = CARTESIAN_POINT('',(-1.266318295381,4.42372009021));
#5412 = CARTESIAN_POINT('',(-1.387983415073,4.454139237064));
#5413 = CARTESIAN_POINT('',(-1.509596088248,4.484543667833));
#5414 = CARTESIAN_POINT('',(-1.631208858703,4.514944257427));
#5415 = CARTESIAN_POINT('',(-1.752873584297,4.545356654066));
#5416 = CARTESIAN_POINT('',(-1.874616018366,4.575791249099));
#5417 = CARTESIAN_POINT('',(-2.047676831959,4.619059859608));
#5418 = CARTESIAN_POINT('',(-2.099137749236,4.631926715561));
#5419 = CARTESIAN_POINT('',(-2.15059879137,4.644794262536));
#5420 = CARTESIAN_POINT('',(-2.202059094232,4.657662255581));
#5421 = CARTESIAN_POINT('',(-2.253519348316,4.670530676052));
#5422 = CARTESIAN_POINT('',(-2.304980502179,4.68339939423));
#5423 = CARTESIAN_POINT('',(-2.356442483299,4.696267910252));
#5424 = CARTESIAN_POINT('',(-2.46784205724,4.724122457606));
#5425 = CARTESIAN_POINT('',(-2.527784952746,4.739109033387));
#5426 = CARTESIAN_POINT('',(-2.587725584337,4.754096081787));
#5427 = CARTESIAN_POINT('',(-2.647666739526,4.769072325579));
#5428 = CARTESIAN_POINT('',(-2.707605034824,4.784059763824));
#5429 = CARTESIAN_POINT('',(-2.767549933121,4.799030278027));
#5430 = CARTESIAN_POINT('',(-2.827492635078,4.814015569231));
#5431 = CARTESIAN_POINT('',(-3.002039165302,4.85765711442));
#5432 = CARTESIAN_POINT('',(-3.116750365141,4.88634767856));
#5433 = CARTESIAN_POINT('',(-3.23140593908,4.915006746205));
#5434 = CARTESIAN_POINT('',(-3.346018841639,4.943651861015));
#5435 = CARTESIAN_POINT('',(-3.460631237193,4.972301218278));
#5436 = CARTESIAN_POINT('',(-3.575284588138,5.000964508626));
#5437 = CARTESIAN_POINT('',(-3.689996077341,5.029644101799));
#5438 = CARTESIAN_POINT('',(-3.95629410956,5.096222260298));
#5439 = CARTESIAN_POINT('',(-4.108398651412,5.134250210369));
#5440 = CARTESIAN_POINT('',(-4.260243123511,5.172208829573));
#5441 = CARTESIAN_POINT('',(-4.411961849245,5.210127324291));
#5442 = CARTESIAN_POINT('',(-4.563679069423,5.248047690788));
#5443 = CARTESIAN_POINT('',(-4.715519002513,5.286006685157));
#5444 = CARTESIAN_POINT('',(-4.867621647466,5.324037030868));
#5445 = CARTESIAN_POINT('',(-5.095170009208,5.380934441913));
#5446 = CARTESIAN_POINT('',(-5.171037691069,5.399905350132));
#5447 = CARTESIAN_POINT('',(-5.246899664783,5.418874946726));
#5448 = CARTESIAN_POINT('',(-5.322754923995,5.437842400908));
#5449 = CARTESIAN_POINT('',(-5.398610748153,5.456809028616));
#5450 = CARTESIAN_POINT('',(-5.474473955904,5.475776242662));
#5451 = CARTESIAN_POINT('',(-5.550342209356,5.4947434298));
#5452 = CARTESIAN_POINT('',(-5.708309685574,5.534233289103));
#5453 = CARTESIAN_POINT('',(-5.790445195129,5.55476484944));
#5454 = CARTESIAN_POINT('',(-5.872572955881,5.575293410266));
#5455 = CARTESIAN_POINT('',(-5.954690031319,5.595818813419));
#5456 = CARTESIAN_POINT('',(-6.036806686018,5.616344304209));
#5457 = CARTESIAN_POINT('',(-6.118933560243,5.636873114066));
#5458 = CARTESIAN_POINT('',(-6.201068823522,5.657405089678));
#5459 = CARTESIAN_POINT('',(-6.28318530718,5.677933368602));
#5460 = ( GEOMETRIC_REPRESENTATION_CONTEXT(2) 
PARAMETRIC_REPRESENTATION_CONTEXT() REPRESENTATION_CONTEXT('2D SPACE',''
  ) );
#5461 = ORIENTED_EDGE('',*,*,#5462,.T.);
#5462 = EDGE_CURVE('',#5275,#5463,#5465,.T.);
#5463 = VERTEX_POINT('',#5464);
#5464 = CARTESIAN_POINT('',(5.677936281118,-5.939536975865E-16,2.425));
#5465 = SURFACE_CURVE('',#5466,(#5532,#5601),.PCURVE_S1.);
#5466 = B_SPLINE_CURVE_WITH_KNOTS('',8,(#5467,#5468,#5469,#5470,#5471,
    #5472,#5473,#5474,#5475,#5476,#5477,#5478,#5479,#5480,#5481,#5482,
    #5483,#5484,#5485,#5486,#5487,#5488,#5489,#5490,#5491,#5492,#5493,
    #5494,#5495,#5496,#5497,#5498,#5499,#5500,#5501,#5502,#5503,#5504,
    #5505,#5506,#5507,#5508,#5509,#5510,#5511,#5512,#5513,#5514,#5515,
    #5516,#5517,#5518,#5519,#5520,#5521,#5522,#5523,#5524,#5525,#5526,
    #5527,#5528,#5529,#5530,#5531),.UNSPECIFIED.,.F.,.F.,(9,7,7,7,7,7,7,
    7,7,9),(0.,0.143658578003,0.29243481058,0.324940259403,
    0.429890428956,0.540360433863,0.661200630561,0.775734005007,
    0.890795002217,1.),.UNSPECIFIED.);
#5467 = CARTESIAN_POINT('',(4.107137041807,1.7763568394E-15,2.425));
#5468 = CARTESIAN_POINT('',(4.13534071296,0.273586831192,2.425));
#5469 = CARTESIAN_POINT('',(4.163567873886,0.547383431045,2.389724631371
    ));
#5470 = CARTESIAN_POINT('',(4.191783933827,0.815746548345,2.319079964515
    ));
#5471 = CARTESIAN_POINT('',(4.219991927716,1.073386153073,2.214168729444
    ));
#5472 = CARTESIAN_POINT('',(4.248199138475,1.315344678969,2.076888656711
    ));
#5473 = CARTESIAN_POINT('',(4.276413631196,1.537049002863,1.909950715388
    ));
#5474 = CARTESIAN_POINT('',(4.304639639313,1.734341930541,1.716836545908
    ));
#5475 = CARTESIAN_POINT('',(4.36204936781,2.079289495308,1.279629761162)
  );
#5476 = CARTESIAN_POINT('',(4.391284011431,2.22524218457,1.033564678621)
  );
#5477 = CARTESIAN_POINT('',(4.42050562522,2.337653197556,0.768742403062)
  );
#5478 = CARTESIAN_POINT('',(4.449721282124,2.413893361067,0.490571931448
    ));
#5479 = CARTESIAN_POINT('',(4.478943167654,2.452284690166,0.204703240112
    ));
#5480 = CARTESIAN_POINT('',(4.508174332882,2.45215952153,
    -8.300481362715E-02));
#5481 = CARTESIAN_POINT('',(4.537404531542,2.41382440519,-0.366534521306
    ));
#5482 = CARTESIAN_POINT('',(4.572982774555,2.322740258224,
    -0.699524476569));
#5483 = CARTESIAN_POINT('',(4.579361744064,2.304666627154,
    -0.758755102871));
#5484 = CARTESIAN_POINT('',(4.585740848875,2.284867351254,
    -0.817449833626));
#5485 = CARTESIAN_POINT('',(4.592120531255,2.263360850704,
    -0.875550573294));
#5486 = CARTESIAN_POINT('',(4.598501008452,2.240168192871,
    -0.932999535049));
#5487 = CARTESIAN_POINT('',(4.604882272694,2.215313092304,
    -0.989739240784));
#5488 = CARTESIAN_POINT('',(4.611264091189,2.188821910736,-1.04571252111
    ));
#5489 = CARTESIAN_POINT('',(4.638251260898,2.070002975122,
    -1.278925008145));
#5490 = CARTESIAN_POINT('',(4.658865237177,1.962488000032,
    -1.448490231949));
#5491 = CARTESIAN_POINT('',(4.679472160144,1.839138208723,-1.60763913615
    ));
#5492 = CARTESIAN_POINT('',(4.700071965921,1.701155042136,
    -1.754658944132));
#5493 = CARTESIAN_POINT('',(4.72067045864,1.549936225384,-1.888021167353
    ));
#5494 = CARTESIAN_POINT('',(4.741272420614,1.387052495621,
    -2.006380427096));
#5495 = CARTESIAN_POINT('',(4.761877675604,1.214246737656,-2.10859408391
    ));
#5496 = CARTESIAN_POINT('',(4.804166115865,0.843155635631,
    -2.283410692348));
#5497 = CARTESIAN_POINT('',(4.825859155825,0.643915391631,
    -2.354217229311));
#5498 = CARTESIAN_POINT('',(4.847550474721,0.437992154362,
    -2.405098766505));
#5499 = CARTESIAN_POINT('',(4.869238460502,0.227718375241,
    -2.435354704729));
#5500 = CARTESIAN_POINT('',(4.890925615217,1.547747401135E-02,
    -2.444607142566));
#5501 = CARTESIAN_POINT('',(4.912614974292,-0.196316844727,
    -2.432782818266));
#5502 = CARTESIAN_POINT('',(4.934305969267,-0.40523783442,
    -2.400137215668));
#5503 = CARTESIAN_POINT('',(4.979709026842,-0.831595836468,
    -2.289546400824));
#5504 = CARTESIAN_POINT('',(5.003437632651,-1.04816186129,-2.20759230714
    ));
#5505 = CARTESIAN_POINT('',(5.027160933547,-1.255348644847,
    -2.102254254401));
#5506 = CARTESIAN_POINT('',(5.050880683959,-1.450226474046,
    -1.974836920388));
#5507 = CARTESIAN_POINT('',(5.074602355427,-1.630129342103,
    -1.827031955539));
#5508 = CARTESIAN_POINT('',(5.098330721704,-1.792647723375,
    -1.660877784518));
#5509 = CARTESIAN_POINT('',(5.122065933375,-1.935663000728,
    -1.478777138249));
#5510 = CARTESIAN_POINT('',(5.168280414458,-2.172894209676,
    -1.098508619383));
#5511 = CARTESIAN_POINT('',(5.190777143122,-2.26935254596,
    -0.901539118531));
#5512 = CARTESIAN_POINT('',(5.213270132245,-2.345327125549,
    -0.695002399146));
#5513 = CARTESIAN_POINT('',(5.235758636612,-2.399749431647,
    -0.481406573379));
#5514 = CARTESIAN_POINT('',(5.258245274514,-2.431919507331,
    -0.263348179287));
#5515 = CARTESIAN_POINT('',(5.280733253032,-2.441483056058,
    -4.349219743938E-02));
#5516 = CARTESIAN_POINT('',(5.303223345403,-2.428458868814,
    0.175437574271));
#5517 = CARTESIAN_POINT('',(5.348289962713,-2.358023453051,
    0.606922951259));
#5518 = CARTESIAN_POINT('',(5.370881616924,-2.300384246647,
    0.819590074482));
#5519 = CARTESIAN_POINT('',(5.393468702806,-2.220836536473,
    1.025879838337));
#5520 = CARTESIAN_POINT('',(5.416052546223,-2.120243493483,1.22316819813
    ));
#5521 = CARTESIAN_POINT('',(5.438637592547,-1.999808779755,
    1.409010181482));
#5522 = CARTESIAN_POINT('',(5.461227780535,-1.861046418793,
    1.581139316107));
#5523 = CARTESIAN_POINT('',(5.48382316336,-1.705796905831,1.737493952858
    ));
#5524 = CARTESIAN_POINT('',(5.527849844318,-1.375381471864,
    2.008031930993));
#5525 = CARTESIAN_POINT('',(5.549295148716,-1.20153021312,2.124039192022
    ));
#5526 = CARTESIAN_POINT('',(5.570738258478,-1.016582465295,
    2.222768696109));
#5527 = CARTESIAN_POINT('',(5.592177730793,-0.822558707254,
    2.303010360358));
#5528 = CARTESIAN_POINT('',(5.613616249012,-0.621602071084,
    2.363842717168));
#5529 = CARTESIAN_POINT('',(5.635056968581,-0.41595461806,2.404620604451
    ));
#5530 = CARTESIAN_POINT('',(5.656499607472,-0.207946784855,2.425));
#5531 = CARTESIAN_POINT('',(5.677936281118,1.33226762955E-15,2.425));
#5532 = PCURVE('',#3528,#5533);
#5533 = DEFINITIONAL_REPRESENTATION('',(#5534),#5600);
#5534 = B_SPLINE_CURVE_WITH_KNOTS('',8,(#5535,#5536,#5537,#5538,#5539,
    #5540,#5541,#5542,#5543,#5544,#5545,#5546,#5547,#5548,#5549,#5550,
    #5551,#5552,#5553,#5554,#5555,#5556,#5557,#5558,#5559,#5560,#5561,
    #5562,#5563,#5564,#5565,#5566,#5567,#5568,#5569,#5570,#5571,#5572,
    #5573,#5574,#5575,#5576,#5577,#5578,#5579,#5580,#5581,#5582,#5583,
    #5584,#5585,#5586,#5587,#5588,#5589,#5590,#5591,#5592,#5593,#5594,
    #5595,#5596,#5597,#5598,#5599),.UNSPECIFIED.,.F.,.F.,(9,7,7,7,7,7,7,
    7,7,9),(0.,0.143658578003,0.29243481058,0.324940259403,
    0.429890428956,0.540360433863,0.661200630561,0.775734005007,
    0.890795002217,1.),.UNSPECIFIED.);
#5535 = CARTESIAN_POINT('',(1.144565507761,25.884987912118));
#5536 = CARTESIAN_POINT('',(1.144570843034,26.001282125044));
#5537 = CARTESIAN_POINT('',(1.144569865393,26.11766431716));
#5538 = CARTESIAN_POINT('',(1.14456185236,26.233990851808));
#5539 = CARTESIAN_POINT('',(1.144549145925,26.35027753357));
#5540 = CARTESIAN_POINT('',(1.144538297734,26.466563597816));
#5541 = CARTESIAN_POINT('',(1.144534784797,26.582889994699));
#5542 = CARTESIAN_POINT('',(1.144536482527,26.699271193398));
#5543 = CARTESIAN_POINT('',(1.144542226454,26.93598563995));
#5544 = CARTESIAN_POINT('',(1.144546374439,27.056528992748));
#5545 = CARTESIAN_POINT('',(1.144546992465,27.177013661471));
#5546 = CARTESIAN_POINT('',(1.144537402542,27.297459423957));
#5547 = CARTESIAN_POINT('',(1.144511721833,27.417908255114));
#5548 = CARTESIAN_POINT('',(1.144483688356,27.53839204107));
#5549 = CARTESIAN_POINT('',(1.14449592551,27.658928434649));
#5550 = CARTESIAN_POINT('',(1.144521806053,27.805657658855));
#5551 = CARTESIAN_POINT('',(1.144527420491,27.831966713972));
#5552 = CARTESIAN_POINT('',(1.144532894587,27.858276129728));
#5553 = CARTESIAN_POINT('',(1.14453735393,27.884586500816));
#5554 = CARTESIAN_POINT('',(1.144540163861,27.910897831078));
#5555 = CARTESIAN_POINT('',(1.144540929475,27.937209533501));
#5556 = CARTESIAN_POINT('',(1.144539495618,27.963520430219));
#5557 = CARTESIAN_POINT('',(1.144524489128,28.074770292634));
#5558 = CARTESIAN_POINT('',(1.14449932939,28.159728536863));
#5559 = CARTESIAN_POINT('',(1.144489413254,28.244679121591));
#5560 = CARTESIAN_POINT('',(1.144495106655,28.329622297694));
#5561 = CARTESIAN_POINT('',(1.144507502806,28.414569479389));
#5562 = CARTESIAN_POINT('',(1.14451965947,28.499530628631));
#5563 = CARTESIAN_POINT('',(1.144529766576,28.584502475058));
#5564 = CARTESIAN_POINT('',(1.144543062497,28.758880865936));
#5565 = CARTESIAN_POINT('',(1.144546106809,28.848327839249));
#5566 = CARTESIAN_POINT('',(1.144544175354,28.937760723916));
#5567 = CARTESIAN_POINT('',(1.144539766831,29.027176384737));
#5568 = CARTESIAN_POINT('',(1.144536088467,29.116589645089));
#5569 = CARTESIAN_POINT('',(1.144535225832,29.206015951235));
#5570 = CARTESIAN_POINT('',(1.144537474437,29.295453374638));
#5571 = CARTESIAN_POINT('',(1.144546600902,29.482667802294));
#5572 = CARTESIAN_POINT('',(1.144553919293,29.580513635031));
#5573 = CARTESIAN_POINT('',(1.144562670984,29.678339609291));
#5574 = CARTESIAN_POINT('',(1.144569968402,29.776148900817));
#5575 = CARTESIAN_POINT('',(1.144572786482,29.87395981818));
#5576 = CARTESIAN_POINT('',(1.144569793046,29.971790171947));
#5577 = CARTESIAN_POINT('',(1.14456209864,30.069642143657));
#5578 = CARTESIAN_POINT('',(1.144541742206,30.260160723411));
#5579 = CARTESIAN_POINT('',(1.144529364511,30.352899717374));
#5580 = CARTESIAN_POINT('',(1.144516191781,30.445622175542));
#5581 = CARTESIAN_POINT('',(1.144504810627,30.538328660314));
#5582 = CARTESIAN_POINT('',(1.144497749607,30.6310335206));
#5583 = CARTESIAN_POINT('',(1.144496303488,30.723751799083));
#5584 = CARTESIAN_POINT('',(1.144499973972,30.816485983643));
#5585 = CARTESIAN_POINT('',(1.144514763288,31.002321190633));
#5586 = CARTESIAN_POINT('',(1.14452591614,31.095484640465));
#5587 = CARTESIAN_POINT('',(1.144539377064,31.188632498154));
#5588 = CARTESIAN_POINT('',(1.144552664442,31.281766742936));
#5589 = CARTESIAN_POINT('',(1.144562978208,31.374901768571));
#5590 = CARTESIAN_POINT('',(1.144568567131,31.468051353937));
#5591 = CARTESIAN_POINT('',(1.144569564134,31.561215905079));
#5592 = CARTESIAN_POINT('',(1.144564801145,31.74273586752));
#5593 = CARTESIAN_POINT('',(1.14455942305,31.831149564816));
#5594 = CARTESIAN_POINT('',(1.144551798641,31.919551056617));
#5595 = CARTESIAN_POINT('',(1.144544104032,32.007937452185));
#5596 = CARTESIAN_POINT('',(1.144538476795,32.096322819224));
#5597 = CARTESIAN_POINT('',(1.144536078996,32.184721801034));
#5598 = CARTESIAN_POINT('',(1.144536625441,32.273132834001));
#5599 = CARTESIAN_POINT('',(1.144538377152,32.361520965408));
#5600 = ( GEOMETRIC_REPRESENTATION_CONTEXT(2) 
PARAMETRIC_REPRESENTATION_CONTEXT() REPRESENTATION_CONTEXT('2D SPACE',''
  ) );
#5601 = PCURVE('',#4526,#5602);
#5602 = DEFINITIONAL_REPRESENTATION('',(#5603),#5669);
#5603 = B_SPLINE_CURVE_WITH_KNOTS('',8,(#5604,#5605,#5606,#5607,#5608,
    #5609,#5610,#5611,#5612,#5613,#5614,#5615,#5616,#5617,#5618,#5619,
    #5620,#5621,#5622,#5623,#5624,#5625,#5626,#5627,#5628,#5629,#5630,
    #5631,#5632,#5633,#5634,#5635,#5636,#5637,#5638,#5639,#5640,#5641,
    #5642,#5643,#5644,#5645,#5646,#5647,#5648,#5649,#5650,#5651,#5652,
    #5653,#5654,#5655,#5656,#5657,#5658,#5659,#5660,#5661,#5662,#5663,
    #5664,#5665,#5666,#5667,#5668),.UNSPECIFIED.,.F.,.F.,(9,7,7,7,7,7,7,
    7,7,9),(0.,0.143658578003,0.29243481058,0.324940259403,
    0.429890428956,0.540360433863,0.661200630561,0.775734005007,
    0.890795002217,1.),.UNSPECIFIED.);
#5604 = CARTESIAN_POINT('',(0.,5.677933368602));
#5605 = CARTESIAN_POINT('',(-0.112819311832,5.706137039755));
#5606 = CARTESIAN_POINT('',(-0.225724994661,5.734364200681));
#5607 = CARTESIAN_POINT('',(-0.338579156008,5.762580260622));
#5608 = CARTESIAN_POINT('',(-0.451398402412,5.790788254511));
#5609 = CARTESIAN_POINT('',(-0.564220913342,5.81899546527));
#5610 = CARTESIAN_POINT('',(-0.677083097848,5.847209957991));
#5611 = CARTESIAN_POINT('',(-0.789995420522,5.875435966108));
#5612 = CARTESIAN_POINT('',(-1.019645269767,5.932845694605));
#5613 = CARTESIAN_POINT('',(-1.136586321967,5.962080338226));
#5614 = CARTESIAN_POINT('',(-1.253463938971,5.991301952015));
#5615 = CARTESIAN_POINT('',(-1.370298523663,6.020517608919));
#5616 = CARTESIAN_POINT('',(-1.487135244657,6.049739494449));
#5617 = CARTESIAN_POINT('',(-1.604018635368,6.078970659677));
#5618 = CARTESIAN_POINT('',(-1.720965881162,6.108200858337));
#5619 = CARTESIAN_POINT('',(-1.863325709396,6.14377910135));
#5620 = CARTESIAN_POINT('',(-1.888851597171,6.150158070859));
#5621 = CARTESIAN_POINT('',(-1.914377480884,6.15653717567));
#5622 = CARTESIAN_POINT('',(-1.939903597897,6.16291685805));
#5623 = CARTESIAN_POINT('',(-1.965429907061,6.169297335247));
#5624 = CARTESIAN_POINT('',(-1.990956088713,6.175678599489));
#5625 = CARTESIAN_POINT('',(-2.016481544673,6.182060417984));
#5626 = CARTESIAN_POINT('',(-2.124414128403,6.209047587693));
#5627 = CARTESIAN_POINT('',(-2.206844135673,6.229661563972));
#5628 = CARTESIAN_POINT('',(-2.289265711096,6.250268486939));
#5629 = CARTESIAN_POINT('',(-2.371675477208,6.270868292716));
#5630 = CARTESIAN_POINT('',(-2.454083775172,6.291466785435));
#5631 = CARTESIAN_POINT('',(-2.536501934664,6.312068747409));
#5632 = CARTESIAN_POINT('',(-2.618929426517,6.332674002399));
#5633 = CARTESIAN_POINT('',(-2.788086786289,6.374962442659));
#5634 = CARTESIAN_POINT('',(-2.87485596329,6.39665548262));
#5635 = CARTESIAN_POINT('',(-2.96161384598,6.418346801516));
#5636 = CARTESIAN_POINT('',(-3.048358567246,6.440034787296));
#5637 = CARTESIAN_POINT('',(-3.135104472204,6.461721942012));
#5638 = CARTESIAN_POINT('',(-3.22186543945,6.483411301087));
#5639 = CARTESIAN_POINT('',(-3.308638027362,6.505102296062));
#5640 = CARTESIAN_POINT('',(-3.49027404228,6.550505353637));
#5641 = CARTESIAN_POINT('',(-3.585204186805,6.574233959446));
#5642 = CARTESIAN_POINT('',(-3.680113470098,6.597957260342));
#5643 = CARTESIAN_POINT('',(-3.775003894571,6.621677010754));
#5644 = CARTESIAN_POINT('',(-3.869893344649,6.645398682221));
#5645 = CARTESIAN_POINT('',(-3.964800081785,6.669127048499));
#5646 = CARTESIAN_POINT('',(-4.059727295997,6.69286226017));
#5647 = CARTESIAN_POINT('',(-4.244551832603,6.739076741252));
#5648 = CARTESIAN_POINT('',(-4.334519354615,6.761573469917));
#5649 = CARTESIAN_POINT('',(-4.424471689779,6.78406645904));
#5650 = CARTESIAN_POINT('',(-4.514409798743,6.806554963407));
#5651 = CARTESIAN_POINT('',(-4.604347404367,6.829041601309));
#5652 = CARTESIAN_POINT('',(-4.694298464364,6.851529579827));
#5653 = CARTESIAN_POINT('',(-4.784264729794,6.874019672198));
#5654 = CARTESIAN_POINT('',(-4.964551945693,6.919086289508));
#5655 = CARTESIAN_POINT('',(-5.05493345133,6.941677943719));
#5656 = CARTESIAN_POINT('',(-5.145298845698,6.964265029601));
#5657 = CARTESIAN_POINT('',(-5.235649896654,6.986848873018));
#5658 = CARTESIAN_POINT('',(-5.326001030865,7.009433919342));
#5659 = CARTESIAN_POINT('',(-5.416366528917,7.032024107329));
#5660 = CARTESIAN_POINT('',(-5.506747693564,7.054619490155));
#5661 = CARTESIAN_POINT('',(-5.682847625878,7.098646171113));
#5662 = CARTESIAN_POINT('',(-5.768622783981,7.120091475511));
#5663 = CARTESIAN_POINT('',(-5.854387895975,7.141534585273));
#5664 = CARTESIAN_POINT('',(-5.940140189918,7.162974057588));
#5665 = CARTESIAN_POINT('',(-6.025892669799,7.184412575807));
#5666 = CARTESIAN_POINT('',(-6.111658277713,7.205853295376));
#5667 = CARTESIAN_POINT('',(-6.197434055693,7.227295934267));
#5668 = CARTESIAN_POINT('',(-6.28318530718,7.248732607913));
#5669 = ( GEOMETRIC_REPRESENTATION_CONTEXT(2) 
PARAMETRIC_REPRESENTATION_CONTEXT() REPRESENTATION_CONTEXT('2D SPACE',''
  ) );
#5670 = ORIENTED_EDGE('',*,*,#5671,.T.);
#5671 = EDGE_CURVE('',#5463,#5672,#5674,.T.);
#5672 = VERTEX_POINT('',#5673);
#5673 = CARTESIAN_POINT('',(7.,-2.033907396141,1.3205474679));
#5674 = SURFACE_CURVE('',#5675,(#5741,#5803),.PCURVE_S1.);
#5675 = B_SPLINE_CURVE_WITH_KNOTS('',8,(#5676,#5677,#5678,#5679,#5680,
    #5681,#5682,#5683,#5684,#5685,#5686,#5687,#5688,#5689,#5690,#5691,
    #5692,#5693,#5694,#5695,#5696,#5697,#5698,#5699,#5700,#5701,#5702,
    #5703,#5704,#5705,#5706,#5707,#5708,#5709,#5710,#5711,#5712,#5713,
    #5714,#5715,#5716,#5717,#5718,#5719,#5720,#5721,#5722,#5723,#5724,
    #5725,#5726,#5727,#5728,#5729,#5730,#5731,#5732,#5733,#5734,#5735,
    #5736,#5737,#5738,#5739,#5740),.UNSPECIFIED.,.F.,.F.,(9,7,7,7,7,7,7,
    7,7,9),(0.,0.154190832057,0.195143583727,0.325258570078,
    0.405893228944,0.525488479858,0.642455985212,0.746795068308,
    0.85144620858,1.),.UNSPECIFIED.);
#5676 = CARTESIAN_POINT('',(5.677936281118,1.33226762955E-15,2.425));
#5677 = CARTESIAN_POINT('',(5.708202695605,0.293599822696,2.425));
#5678 = CARTESIAN_POINT('',(5.738502507647,0.587521388099,2.38437498438)
  );
#5679 = CARTESIAN_POINT('',(5.768785299584,0.87469156955,2.302970661975)
  );
#5680 = CARTESIAN_POINT('',(5.799060130783,1.148575191591,2.182292949835
    ));
#5681 = CARTESIAN_POINT('',(5.829342400579,1.403116180913,2.024854771031
    ));
#5682 = CARTESIAN_POINT('',(5.859637507504,1.632811470591,1.834221591774
    ));
#5683 = CARTESIAN_POINT('',(5.88993412044,1.832710780422,1.614929611831)
  );
#5684 = CARTESIAN_POINT('',(5.928228998605,2.043081138573,1.308634900402
    ));
#5685 = CARTESIAN_POINT('',(5.936264862266,2.084867589895,1.242732606967
    ));
#5686 = CARTESIAN_POINT('',(5.944301092947,2.124221966911,1.175309551348
    ));
#5687 = CARTESIAN_POINT('',(5.952338364531,2.161079736642,1.106471005068
    ));
#5688 = CARTESIAN_POINT('',(5.960376974157,2.195382122517,1.036324861214
    ));
#5689 = CARTESIAN_POINT('',(5.968416842214,2.227076104364,0.964981634442
    ));
#5690 = CARTESIAN_POINT('',(5.976457512347,2.25611441842,0.892554460979)
  );
#5691 = CARTESIAN_POINT('',(6.010044851131,2.366146561934,0.585967525825
    ));
#5692 = CARTESIAN_POINT('',(6.035606222002,2.422654755927,0.342876726433
    ));
#5693 = CARTESIAN_POINT('',(6.061150004022,2.450528724697,
    9.377634682519E-02));
#5694 = CARTESIAN_POINT('',(6.086685368069,2.449111899976,
    -0.157377724098));
#5695 = CARTESIAN_POINT('',(6.112223731185,2.418372136156,
    -0.406648195166));
#5696 = CARTESIAN_POINT('',(6.137771230829,2.358844687296,
    -0.650133714354));
#5697 = CARTESIAN_POINT('',(6.163328142953,2.271686731246,
    -0.883992840839));
#5698 = CARTESIAN_POINT('',(6.204699616587,2.088909368486,
    -1.241231362207));
#5699 = CARTESIAN_POINT('',(6.220531333571,2.009075806514,
    -1.372875865656));
#5700 = CARTESIAN_POINT('',(6.236362629644,1.919775099696,-1.49862026222
    ));
#5701 = CARTESIAN_POINT('',(6.252192552172,1.82152552859,-1.617669671549
    ));
#5702 = CARTESIAN_POINT('',(6.268021431973,1.714917861646,
    -1.729292049221));
#5703 = CARTESIAN_POINT('',(6.28385003016,1.600609019005,-1.83281789809)
  );
#5704 = CARTESIAN_POINT('',(6.299678645724,1.479320994406,-1.92764400003
    ));
#5705 = CARTESIAN_POINT('',(6.338981181052,1.162775973123,
    -2.140196684843));
#5706 = CARTESIAN_POINT('',(6.362465237355,0.960002181273,
    -2.246912166061));
#5707 = CARTESIAN_POINT('',(6.385944371002,0.74616435247,-2.331573677793
    ));
#5708 = CARTESIAN_POINT('',(6.409420187378,0.524090728761,
    -2.392890969578));
#5709 = CARTESIAN_POINT('',(6.432897865631,0.296720506577,
    -2.430009637628));
#5710 = CARTESIAN_POINT('',(6.456381933036,6.707966368502E-02,
    -2.442480552791));
#5711 = CARTESIAN_POINT('',(6.479872530776,-0.161728161214,
    -2.430294857457));
#5712 = CARTESIAN_POINT('',(6.526321265085,-0.606438198293,
    -2.358488441301));
#5713 = CARTESIAN_POINT('',(6.54929717539,-0.8226802188,-2.299888951632)
  );
#5714 = CARTESIAN_POINT('',(6.572268893792,-1.032324168874,-2.2186413648
    ));
#5715 = CARTESIAN_POINT('',(6.595235609906,-1.232609988392,
    -2.115656456976));
#5716 = CARTESIAN_POINT('',(6.618200199083,-1.420971496902,
    -1.99220924584));
#5717 = CARTESIAN_POINT('',(6.641166250913,-1.59503641538,
    -1.849904385878));
#5718 = CARTESIAN_POINT('',(6.664134797915,-1.752654652178,
    -1.690691355032));
#5719 = CARTESIAN_POINT('',(6.707574785788,-2.016266910978,
    -1.361899108168));
#5720 = CARTESIAN_POINT('',(6.728059216502,-2.126065403507,
    -1.195209914297));
#5721 = CARTESIAN_POINT('',(6.7485411459,-2.220050769939,-1.018479232187
    ));
#5722 = CARTESIAN_POINT('',(6.769020740561,-2.297174298817,
    -0.833471021623));
#5723 = CARTESIAN_POINT('',(6.789501212278,-2.35662784092,
    -0.642051798734));
#5724 = CARTESIAN_POINT('',(6.809985475605,-2.397834622539,
    -0.446172082219));
#5725 = CARTESIAN_POINT('',(6.830472930884,-2.420468343333,
    -0.247858167803));
#5726 = CARTESIAN_POINT('',(6.871501076407,-2.428544833751,0.15002380997
    ));
#5727 = CARTESIAN_POINT('',(6.892052044226,-2.413878282044,
    0.349696081891));
#5728 = CARTESIAN_POINT('',(6.912601731122,-2.380441042178,0.54767684937
    ));
#5729 = CARTESIAN_POINT('',(6.933148772576,-2.328479736916,
    0.741907385316));
#5730 = CARTESIAN_POINT('',(6.953695158397,-2.258497943452,0.93039638114
    ));
#5731 = CARTESIAN_POINT('',(6.974243252059,-2.17123651472,1.111229113248
    ));
#5732 = CARTESIAN_POINT('',(6.994792655581,-2.067683751832,
    1.282585365918));
#5733 = CARTESIAN_POINT('',(7.044499797291,-1.780805994438,
    1.670144970133));
#5734 = CARTESIAN_POINT('',(7.073690084884,-1.582020399415,
    1.875302171945));
#5735 = CARTESIAN_POINT('',(7.102865395518,-1.356403617531,
    2.053102604206));
#5736 = CARTESIAN_POINT('',(7.132033032724,-1.108470009651,
    2.199605337552));
#5737 = CARTESIAN_POINT('',(7.161207103984,-0.843208459418,
    2.311722432941));
#5738 = CARTESIAN_POINT('',(7.190396565236,-0.566066022689,
    2.387283778023));
#5739 = CARTESIAN_POINT('',(7.219593176481,-0.282893733364,2.425));
#5740 = CARTESIAN_POINT('',(7.24875317019,3.552713678801E-15,2.425));
#5741 = PCURVE('',#3528,#5742);
#5742 = DEFINITIONAL_REPRESENTATION('',(#5743),#5802);
#5743 = B_SPLINE_CURVE_WITH_KNOTS('',8,(#5744,#5745,#5746,#5747,#5748,
    #5749,#5750,#5751,#5752,#5753,#5754,#5755,#5756,#5757,#5758,#5759,
    #5760,#5761,#5762,#5763,#5764,#5765,#5766,#5767,#5768,#5769,#5770,
    #5771,#5772,#5773,#5774,#5775,#5776,#5777,#5778,#5779,#5780,#5781,
    #5782,#5783,#5784,#5785,#5786,#5787,#5788,#5789,#5790,#5791,#5792,
    #5793,#5794,#5795,#5796,#5797,#5798,#5799,#5800,#5801),
  .UNSPECIFIED.,.F.,.F.,(9,7,7,7,7,7,7,7,9),(0.,0.15419083341,
    0.195143585439,0.325258572931,0.405893232505,0.525488484468,
    0.642455990848,0.746795074859,0.841681180621),.UNSPECIFIED.);
#5744 = CARTESIAN_POINT('',(1.144538377152,32.361520965408));
#5745 = CARTESIAN_POINT('',(1.14454085039,32.486316064922));
#5746 = CARTESIAN_POINT('',(1.144545833431,32.611252393147));
#5747 = CARTESIAN_POINT('',(1.144548762406,32.73611565907));
#5748 = CARTESIAN_POINT('',(1.14454191895,32.860932368697));
#5749 = CARTESIAN_POINT('',(1.144516487274,32.985753626157));
#5750 = CARTESIAN_POINT('',(1.144483927725,33.110617795557));
#5751 = CARTESIAN_POINT('',(1.144494479238,33.235548758981));
#5752 = CARTESIAN_POINT('',(1.144521724121,33.39348087419));
#5753 = CARTESIAN_POINT('',(1.144529622462,33.42662468851));
#5754 = CARTESIAN_POINT('',(1.144536798952,33.459769001661));
#5755 = CARTESIAN_POINT('',(1.144541319588,33.492913874259));
#5756 = CARTESIAN_POINT('',(1.144542218958,33.526059174724));
#5757 = CARTESIAN_POINT('',(1.144539500236,33.559204579281));
#5758 = CARTESIAN_POINT('',(1.144534135187,33.592349571964));
#5759 = CARTESIAN_POINT('',(1.144508775322,33.730798078878));
#5760 = CARTESIAN_POINT('',(1.144484225545,33.836155810767));
#5761 = CARTESIAN_POINT('',(1.144492598206,33.941487288331));
#5762 = CARTESIAN_POINT('',(1.144514186,34.046802629118));
#5763 = CARTESIAN_POINT('',(1.14453150074,34.152124330397));
#5764 = CARTESIAN_POINT('',(1.144540963424,34.257472667944));
#5765 = CARTESIAN_POINT('',(1.14454370689,34.362850371526));
#5766 = CARTESIAN_POINT('',(1.14454259979,34.533427771384));
#5767 = CARTESIAN_POINT('',(1.144540853989,34.598701159342));
#5768 = CARTESIAN_POINT('',(1.144538533609,34.66397200438));
#5769 = CARTESIAN_POINT('',(1.144536645118,34.729237793087));
#5770 = CARTESIAN_POINT('',(1.144535988097,34.794501013119));
#5771 = CARTESIAN_POINT('',(1.144536911615,34.859765293183));
#5772 = CARTESIAN_POINT('',(1.144539292685,34.925031693211));
#5773 = CARTESIAN_POINT('',(1.144547845041,35.087092216469));
#5774 = CARTESIAN_POINT('',(1.144555283796,35.18392991491));
#5775 = CARTESIAN_POINT('',(1.14456380153,35.280748833026));
#5776 = CARTESIAN_POINT('',(1.144570547518,35.377551583827));
#5777 = CARTESIAN_POINT('',(1.144572713693,35.474355575265));
#5778 = CARTESIAN_POINT('',(1.144569191487,35.571177915887));
#5779 = CARTESIAN_POINT('',(1.144561169154,35.668020857684));
#5780 = CARTESIAN_POINT('',(1.144540253275,35.859504502034));
#5781 = CARTESIAN_POINT('',(1.144527474815,35.954218649319));
#5782 = CARTESIAN_POINT('',(1.144514099597,36.048914674311));
#5783 = CARTESIAN_POINT('',(1.144502924849,36.14359316669));
#5784 = CARTESIAN_POINT('',(1.144496573935,36.238269668489));
#5785 = CARTESIAN_POINT('',(1.144496227134,36.332960638623));
#5786 = CARTESIAN_POINT('',(1.144501093418,36.427669222636));
#5787 = CARTESIAN_POINT('',(1.144517003217,36.606799239274));
#5788 = CARTESIAN_POINT('',(1.144527306299,36.691273189856));
#5789 = CARTESIAN_POINT('',(1.144539292991,36.775739193247));
#5790 = CARTESIAN_POINT('',(1.144551001076,36.860195178741));
#5791 = CARTESIAN_POINT('',(1.144560509843,36.944651689695));
#5792 = CARTESIAN_POINT('',(1.144566542503,37.029118948837));
#5793 = CARTESIAN_POINT('',(1.14456878578,37.113594043461));
#5794 = CARTESIAN_POINT('',(1.144567145459,37.274850983675));
#5795 = CARTESIAN_POINT('',(1.144563807211,37.351671376078));
#5796 = CARTESIAN_POINT('',(1.144558280914,37.428486738186));
#5797 = CARTESIAN_POINT('',(1.144551720159,37.505292725243));
#5798 = CARTESIAN_POINT('',(1.144545513664,37.5820954046));
#5799 = CARTESIAN_POINT('',(1.144540828498,37.658903119592));
#5800 = CARTESIAN_POINT('',(1.144538246025,37.735718129898));
#5801 = CARTESIAN_POINT('',(1.144537490561,37.812528028399));
#5802 = ( GEOMETRIC_REPRESENTATION_CONTEXT(2) 
PARAMETRIC_REPRESENTATION_CONTEXT() REPRESENTATION_CONTEXT('2D SPACE',''
  ) );
#5803 = PCURVE('',#4312,#5804);
#5804 = DEFINITIONAL_REPRESENTATION('',(#5805),#5864);
#5805 = B_SPLINE_CURVE_WITH_KNOTS('',8,(#5806,#5807,#5808,#5809,#5810,
    #5811,#5812,#5813,#5814,#5815,#5816,#5817,#5818,#5819,#5820,#5821,
    #5822,#5823,#5824,#5825,#5826,#5827,#5828,#5829,#5830,#5831,#5832,
    #5833,#5834,#5835,#5836,#5837,#5838,#5839,#5840,#5841,#5842,#5843,
    #5844,#5845,#5846,#5847,#5848,#5849,#5850,#5851,#5852,#5853,#5854,
    #5855,#5856,#5857,#5858,#5859,#5860,#5861,#5862,#5863),
  .UNSPECIFIED.,.F.,.F.,(9,7,7,7,7,7,7,7,9),(0.,0.154190833412,
    0.195143585442,0.325258572937,0.405893232511,0.525488484476,
    0.642455990858,0.746795074871,0.841681180621),.UNSPECIFIED.);
#5806 = CARTESIAN_POINT('',(0.,7.248732607913));
#5807 = CARTESIAN_POINT('',(-0.121072091834,7.278999022399));
#5808 = CARTESIAN_POINT('',(-0.242276607635,7.309298834442));
#5809 = CARTESIAN_POINT('',(-0.363403168353,7.339581626379));
#5810 = CARTESIAN_POINT('',(-0.48447800656,7.369856457578));
#5811 = CARTESIAN_POINT('',(-0.605554460061,7.400138727374));
#5812 = CARTESIAN_POINT('',(-0.726685681662,7.430433834299));
#5813 = CARTESIAN_POINT('',(-0.847896092153,7.460730447235));
#5814 = CARTESIAN_POINT('',(-1.001125203082,7.499025325399));
#5815 = CARTESIAN_POINT('',(-1.033282072168,7.507061189061));
#5816 = CARTESIAN_POINT('',(-1.065438910623,7.515097419742));
#5817 = CARTESIAN_POINT('',(-1.097595535353,7.523134691326));
#5818 = CARTESIAN_POINT('',(-1.129751882125,7.531173300952));
#5819 = CARTESIAN_POINT('',(-1.161908005564,7.539213169009));
#5820 = CARTESIAN_POINT('',(-1.194064079157,7.547253839142));
#5821 = CARTESIAN_POINT('',(-1.328387367149,7.580841177926));
#5822 = CARTESIAN_POINT('',(-1.430610066736,7.606402548797));
#5823 = CARTESIAN_POINT('',(-1.532801518207,7.631946330817));
#5824 = CARTESIAN_POINT('',(-1.634967226317,7.657481694864));
#5825 = CARTESIAN_POINT('',(-1.73713312765,7.68302005798));
#5826 = CARTESIAN_POINT('',(-1.839325144307,7.708567557624));
#5827 = CARTESIAN_POINT('',(-1.941548151723,7.734124469748));
#5828 = CARTESIAN_POINT('',(-2.107025101712,7.775495943382));
#5829 = CARTESIAN_POINT('',(-2.170348176658,7.791327660365));
#5830 = CARTESIAN_POINT('',(-2.233670465963,7.807158956439));
#5831 = CARTESIAN_POINT('',(-2.296989440707,7.822988878967));
#5832 = CARTESIAN_POINT('',(-2.360307168874,7.838817758768));
#5833 = CARTESIAN_POINT('',(-2.423626676051,7.854646356955));
#5834 = CARTESIAN_POINT('',(-2.486948472212,7.870474972519));
#5835 = CARTESIAN_POINT('',(-2.644180018192,7.909777507847));
#5836 = CARTESIAN_POINT('',(-2.73813184085,7.933261564149));
#5837 = CARTESIAN_POINT('',(-2.83206375245,7.956740697796));
#5838 = CARTESIAN_POINT('',(-2.925977347567,7.980216514173));
#5839 = CARTESIAN_POINT('',(-3.019889719628,8.003694192426));
#5840 = CARTESIAN_POINT('',(-3.11381845495,8.02717825983));
#5841 = CARTESIAN_POINT('',(-3.207766770769,8.050668857571));
#5842 = CARTESIAN_POINT('',(-3.393527576095,8.09711759188));
#5843 = CARTESIAN_POINT('',(-3.485411304671,8.120093502185));
#5844 = CARTESIAN_POINT('',(-3.577278391515,8.143065220587));
#5845 = CARTESIAN_POINT('',(-3.669129812558,8.166031936701));
#5846 = CARTESIAN_POINT('',(-3.760980369332,8.188996525878));
#5847 = CARTESIAN_POINT('',(-3.852845303005,8.211962577708));
#5848 = CARTESIAN_POINT('',(-3.944726969008,8.23493112471));
#5849 = CARTESIAN_POINT('',(-4.118508876221,8.278371112583));
#5850 = CARTESIAN_POINT('',(-4.200460212778,8.298855543297));
#5851 = CARTESIAN_POINT('',(-4.282403018507,8.319337472695));
#5852 = CARTESIAN_POINT('',(-4.364335248047,8.339817067356));
#5853 = CARTESIAN_POINT('',(-4.446267440195,8.360297539073));
#5854 = CARTESIAN_POINT('',(-4.528210121652,8.3807818024));
#5855 = CARTESIAN_POINT('',(-4.610161158986,8.401269257678));
#5856 = CARTESIAN_POINT('',(-4.766602040591,8.440380369547));
#5857 = CARTESIAN_POINT('',(-4.841129087391,8.459013189236));
#5858 = CARTESIAN_POINT('',(-4.91565251042,8.47764553467));
#5859 = CARTESIAN_POINT('',(-4.990168261627,8.496275958904));
#5860 = CARTESIAN_POINT('',(-5.064682049386,8.514905460158));
#5861 = CARTESIAN_POINT('',(-5.139201408946,8.533535664204));
#5862 = CARTESIAN_POINT('',(-5.213727727681,8.552166920945));
#5863 = CARTESIAN_POINT('',(-5.288248225111,8.570796315176));
#5864 = ( GEOMETRIC_REPRESENTATION_CONTEXT(2) 
PARAMETRIC_REPRESENTATION_CONTEXT() REPRESENTATION_CONTEXT('2D SPACE',''
  ) );
#5865 = ORIENTED_EDGE('',*,*,#5866,.T.);
#5866 = EDGE_CURVE('',#5672,#3780,#5867,.T.);
#5867 = SURFACE_CURVE('',#5868,(#5891,#5917),.PCURVE_S1.);
#5868 = B_SPLINE_CURVE_WITH_KNOTS('',6,(#5869,#5870,#5871,#5872,#5873,
    #5874,#5875,#5876,#5877,#5878,#5879,#5880,#5881,#5882,#5883,#5884,
    #5885,#5886,#5887,#5888,#5889,#5890),.UNSPECIFIED.,.F.,.F.,(7,5,5,5,
    7),(0.,0.184442232377,0.404537391879,0.67063459638,1.),
  .UNSPECIFIED.);
#5869 = CARTESIAN_POINT('',(7.,-2.033784269387,1.320655952986));
#5870 = CARTESIAN_POINT('',(7.,-2.14099748991,1.226257705776));
#5871 = CARTESIAN_POINT('',(7.,-2.241695885794,1.123727652782));
#5872 = CARTESIAN_POINT('',(7.,-2.335226029373,1.013812372041));
#5873 = CARTESIAN_POINT('',(7.,-2.421063610571,0.897292160984));
#5874 = CARTESIAN_POINT('',(7.,-2.498798967301,0.774966313067));
#5875 = CARTESIAN_POINT('',(7.,-2.650846617236,0.495697820881));
#5876 = CARTESIAN_POINT('',(7.,-2.721596490891,0.336628103282));
#5877 = CARTESIAN_POINT('',(7.,-2.779848288699,0.17179180622));
#5878 = CARTESIAN_POINT('',(7.,-2.825300117416,2.534102199891E-03));
#5879 = CARTESIAN_POINT('',(7.,-2.857821288576,-0.16983935691));
#5880 = CARTESIAN_POINT('',(7.,-2.90116037226,-0.554710194718));
#5881 = CARTESIAN_POINT('',(7.,-2.906022983822,-0.768079040135));
#5882 = CARTESIAN_POINT('',(7.,-2.89207539079,-0.981954337386));
#5883 = CARTESIAN_POINT('',(7.,-2.859702990929,-1.19428521898));
#5884 = CARTESIAN_POINT('',(7.,-2.809524238155,-1.403189332484));
#5885 = CARTESIAN_POINT('',(7.,-2.659261893453,-1.859164180079));
#5886 = CARTESIAN_POINT('',(7.,-2.550138968652,-2.103530536496));
#5887 = CARTESIAN_POINT('',(7.,-2.416576517978,-2.33681794779));
#5888 = CARTESIAN_POINT('',(7.,-2.260581220132,-2.556333721885));
#5889 = CARTESIAN_POINT('',(7.,-2.084398115838,-2.759828656967));
#5890 = CARTESIAN_POINT('',(7.,-1.890504169201,-2.945496956599));
#5891 = PCURVE('',#3528,#5892);
#5892 = DEFINITIONAL_REPRESENTATION('',(#5893),#5916);
#5893 = B_SPLINE_CURVE_WITH_KNOTS('',6,(#5894,#5895,#5896,#5897,#5898,
    #5899,#5900,#5901,#5902,#5903,#5904,#5905,#5906,#5907,#5908,#5909,
    #5910,#5911,#5912,#5913,#5914,#5915),.UNSPECIFIED.,.F.,.F.,(7,5,5,5,
    7),(0.,0.184442232377,0.404537391879,0.67063459638,1.),
  .UNSPECIFIED.);
#5894 = CARTESIAN_POINT('',(1.144584575699,37.812594245624));
#5895 = CARTESIAN_POINT('',(1.103571128465,37.754957471721));
#5896 = CARTESIAN_POINT('',(1.06312342846,37.69811575035));
#5897 = CARTESIAN_POINT('',(1.02321659401,37.642034114947));
#5898 = CARTESIAN_POINT('',(0.983826239693,37.586678296335));
#5899 = CARTESIAN_POINT('',(0.944930321825,37.532017316215));
#5900 = CARTESIAN_POINT('',(0.860665137329,37.413598267968));
#5901 = CARTESIAN_POINT('',(0.815495887914,37.350121286844));
#5902 = CARTESIAN_POINT('',(0.770971545566,37.287550602686));
#5903 = CARTESIAN_POINT('',(0.727059516113,37.225840410447));
#5904 = CARTESIAN_POINT('',(0.683732053067,37.164951717595));
#5905 = CARTESIAN_POINT('',(0.589264432325,37.032195042282));
#5906 = CARTESIAN_POINT('',(0.538380411281,36.960687012258));
#5907 = CARTESIAN_POINT('',(0.488274690959,36.890272739178));
#5908 = CARTESIAN_POINT('',(0.438903603605,36.820890856135));
#5909 = CARTESIAN_POINT('',(0.390231078723,36.752490672753));
#5910 = CARTESIAN_POINT('',(0.282817781098,36.601541255745));
#5911 = CARTESIAN_POINT('',(0.22442757096,36.519484672676));
#5912 = CARTESIAN_POINT('',(0.167006099706,36.438789471978));
#5913 = CARTESIAN_POINT('',(0.110490910647,36.359367882388));
#5914 = CARTESIAN_POINT('',(5.483271258156E-02,36.281150634286));
#5915 = CARTESIAN_POINT('',(0.,36.20409345254));
#5916 = ( GEOMETRIC_REPRESENTATION_CONTEXT(2) 
PARAMETRIC_REPRESENTATION_CONTEXT() REPRESENTATION_CONTEXT('2D SPACE',''
  ) );
#5917 = PCURVE('',#3946,#5918);
#5918 = DEFINITIONAL_REPRESENTATION('',(#5919),#5942);
#5919 = B_SPLINE_CURVE_WITH_KNOTS('',6,(#5920,#5921,#5922,#5923,#5924,
    #5925,#5926,#5927,#5928,#5929,#5930,#5931,#5932,#5933,#5934,#5935,
    #5936,#5937,#5938,#5939,#5940,#5941),.UNSPECIFIED.,.F.,.F.,(7,5,5,5,
    7),(0.,0.184442232377,0.404537391879,0.67063459638,1.),
  .UNSPECIFIED.);
#5920 = CARTESIAN_POINT('',(-1.320655952986,-2.033784269387));
#5921 = CARTESIAN_POINT('',(-1.226257705776,-2.14099748991));
#5922 = CARTESIAN_POINT('',(-1.123727652782,-2.241695885794));
#5923 = CARTESIAN_POINT('',(-1.013812372041,-2.335226029373));
#5924 = CARTESIAN_POINT('',(-0.897292160984,-2.421063610571));
#5925 = CARTESIAN_POINT('',(-0.774966313067,-2.498798967301));
#5926 = CARTESIAN_POINT('',(-0.495697820881,-2.650846617236));
#5927 = CARTESIAN_POINT('',(-0.336628103282,-2.721596490891));
#5928 = CARTESIAN_POINT('',(-0.17179180622,-2.779848288699));
#5929 = CARTESIAN_POINT('',(-2.53410219989E-03,-2.825300117416));
#5930 = CARTESIAN_POINT('',(0.16983935691,-2.857821288576));
#5931 = CARTESIAN_POINT('',(0.554710194718,-2.90116037226));
#5932 = CARTESIAN_POINT('',(0.768079040135,-2.906022983822));
#5933 = CARTESIAN_POINT('',(0.981954337386,-2.89207539079));
#5934 = CARTESIAN_POINT('',(1.19428521898,-2.859702990929));
#5935 = CARTESIAN_POINT('',(1.403189332484,-2.809524238155));
#5936 = CARTESIAN_POINT('',(1.859164180079,-2.659261893453));
#5937 = CARTESIAN_POINT('',(2.103530536496,-2.550138968652));
#5938 = CARTESIAN_POINT('',(2.33681794779,-2.416576517978));
#5939 = CARTESIAN_POINT('',(2.556333721885,-2.260581220132));
#5940 = CARTESIAN_POINT('',(2.759828656967,-2.084398115838));
#5941 = CARTESIAN_POINT('',(2.945496956599,-1.890504169201));
#5942 = ( GEOMETRIC_REPRESENTATION_CONTEXT(2) 
PARAMETRIC_REPRESENTATION_CONTEXT() REPRESENTATION_CONTEXT('2D SPACE',''
  ) );
#5943 = ADVANCED_FACE('',(#5944,#6003),#3946,.T.);
#5944 = FACE_BOUND('',#5945,.T.);
#5945 = EDGE_LOOP('',(#5946,#5947,#5948,#5976,#6002));
#5946 = ORIENTED_EDGE('',*,*,#3864,.T.);
#5947 = ORIENTED_EDGE('',*,*,#3997,.T.);
#5948 = ORIENTED_EDGE('',*,*,#5949,.F.);
#5949 = EDGE_CURVE('',#5950,#3998,#5952,.T.);
#5950 = VERTEX_POINT('',#5951);
#5951 = CARTESIAN_POINT('',(7.,-5.939536975865E-16,2.425));
#5952 = SURFACE_CURVE('',#5953,(#5958,#5969),.PCURVE_S1.);
#5953 = CIRCLE('',#5954,2.425);
#5954 = AXIS2_PLACEMENT_3D('',#5955,#5956,#5957);
#5955 = CARTESIAN_POINT('',(7.,0.,8.881784197001E-16));
#5956 = DIRECTION('',(-1.,-0.,-1.110223024625E-16));
#5957 = DIRECTION('',(-1.110223024625E-16,-0.,1.));
#5958 = PCURVE('',#3946,#5959);
#5959 = DEFINITIONAL_REPRESENTATION('',(#5960),#5968);
#5960 = ( BOUNDED_CURVE() B_SPLINE_CURVE(2,(#5961,#5962,#5963,#5964,
#5965,#5966,#5967),.UNSPECIFIED.,.T.,.F.) B_SPLINE_CURVE_WITH_KNOTS((1,2
    ,2,2,2,1),(-2.094395102393,0.,2.094395102393,4.188790204786,
6.28318530718,8.377580409573),.UNSPECIFIED.) CURVE() 
GEOMETRIC_REPRESENTATION_ITEM() RATIONAL_B_SPLINE_CURVE((1.,0.5,1.,0.5,
1.,0.5,1.)) REPRESENTATION_ITEM('') );
#5961 = CARTESIAN_POINT('',(-2.425,0.));
#5962 = CARTESIAN_POINT('',(-2.425,4.200223208355));
#5963 = CARTESIAN_POINT('',(1.2125,2.100111604177));
#5964 = CARTESIAN_POINT('',(4.85,5.939536975865E-16));
#5965 = CARTESIAN_POINT('',(1.2125,-2.100111604177));
#5966 = CARTESIAN_POINT('',(-2.425,-4.200223208355));
#5967 = CARTESIAN_POINT('',(-2.425,0.));
#5968 = ( GEOMETRIC_REPRESENTATION_CONTEXT(2) 
PARAMETRIC_REPRESENTATION_CONTEXT() REPRESENTATION_CONTEXT('2D SPACE',''
  ) );
#5969 = PCURVE('',#4154,#5970);
#5970 = DEFINITIONAL_REPRESENTATION('',(#5971),#5975);
#5971 = LINE('',#5972,#5973);
#5972 = CARTESIAN_POINT('',(-0.,8.570796326795));
#5973 = VECTOR('',#5974,1.);
#5974 = DIRECTION('',(-1.,0.));
#5975 = ( GEOMETRIC_REPRESENTATION_CONTEXT(2) 
PARAMETRIC_REPRESENTATION_CONTEXT() REPRESENTATION_CONTEXT('2D SPACE',''
  ) );
#5976 = ORIENTED_EDGE('',*,*,#5977,.F.);
#5977 = EDGE_CURVE('',#5672,#5950,#5978,.T.);
#5978 = SURFACE_CURVE('',#5979,(#5984,#5995),.PCURVE_S1.);
#5979 = CIRCLE('',#5980,2.425);
#5980 = AXIS2_PLACEMENT_3D('',#5981,#5982,#5983);
#5981 = CARTESIAN_POINT('',(7.,0.,8.881784197001E-16));
#5982 = DIRECTION('',(-1.,-0.,-1.110223024625E-16));
#5983 = DIRECTION('',(-1.110223024625E-16,-0.,1.));
#5984 = PCURVE('',#3946,#5985);
#5985 = DEFINITIONAL_REPRESENTATION('',(#5986),#5994);
#5986 = ( BOUNDED_CURVE() B_SPLINE_CURVE(2,(#5987,#5988,#5989,#5990,
#5991,#5992,#5993),.UNSPECIFIED.,.T.,.F.) B_SPLINE_CURVE_WITH_KNOTS((1,2
    ,2,2,2,1),(-2.094395102393,0.,2.094395102393,4.188790204786,
6.28318530718,8.377580409573),.UNSPECIFIED.) CURVE() 
GEOMETRIC_REPRESENTATION_ITEM() RATIONAL_B_SPLINE_CURVE((1.,0.5,1.,0.5,
1.,0.5,1.)) REPRESENTATION_ITEM('') );
#5987 = CARTESIAN_POINT('',(-2.425,0.));
#5988 = CARTESIAN_POINT('',(-2.425,4.200223208355));
#5989 = CARTESIAN_POINT('',(1.2125,2.100111604177));
#5990 = CARTESIAN_POINT('',(4.85,5.939536975865E-16));
#5991 = CARTESIAN_POINT('',(1.2125,-2.100111604177));
#5992 = CARTESIAN_POINT('',(-2.425,-4.200223208355));
#5993 = CARTESIAN_POINT('',(-2.425,0.));
#5994 = ( GEOMETRIC_REPRESENTATION_CONTEXT(2) 
PARAMETRIC_REPRESENTATION_CONTEXT() REPRESENTATION_CONTEXT('2D SPACE',''
  ) );
#5995 = PCURVE('',#4312,#5996);
#5996 = DEFINITIONAL_REPRESENTATION('',(#5997),#6001);
#5997 = LINE('',#5998,#5999);
#5998 = CARTESIAN_POINT('',(-0.,8.570796326795));
#5999 = VECTOR('',#6000,1.);
#6000 = DIRECTION('',(-1.,0.));
#6001 = ( GEOMETRIC_REPRESENTATION_CONTEXT(2) 
PARAMETRIC_REPRESENTATION_CONTEXT() REPRESENTATION_CONTEXT('2D SPACE',''
  ) );
#6002 = ORIENTED_EDGE('',*,*,#5866,.T.);
#6003 = FACE_BOUND('',#6004,.T.);
#6004 = EDGE_LOOP('',(#6005));
#6005 = ORIENTED_EDGE('',*,*,#6006,.T.);
#6006 = EDGE_CURVE('',#6007,#6007,#6009,.T.);
#6007 = VERTEX_POINT('',#6008);
#6008 = CARTESIAN_POINT('',(7.,0.,2.375));
#6009 = SURFACE_CURVE('',#6010,(#6015,#6026),.PCURVE_S1.);
#6010 = CIRCLE('',#6011,2.375);
#6011 = AXIS2_PLACEMENT_3D('',#6012,#6013,#6014);
#6012 = CARTESIAN_POINT('',(7.,0.,8.881784197001E-16));
#6013 = DIRECTION('',(-1.,-0.,-1.110223024625E-16));
#6014 = DIRECTION('',(-1.110223024625E-16,-0.,1.));
#6015 = PCURVE('',#3946,#6016);
#6016 = DEFINITIONAL_REPRESENTATION('',(#6017),#6025);
#6017 = ( BOUNDED_CURVE() B_SPLINE_CURVE(2,(#6018,#6019,#6020,#6021,
#6022,#6023,#6024),.UNSPECIFIED.,.T.,.F.) B_SPLINE_CURVE_WITH_KNOTS((1,2
    ,2,2,2,1),(-2.094395102393,0.,2.094395102393,4.188790204786,
6.28318530718,8.377580409573),.UNSPECIFIED.) CURVE() 
GEOMETRIC_REPRESENTATION_ITEM() RATIONAL_B_SPLINE_CURVE((1.,0.5,1.,0.5,
1.,0.5,1.)) REPRESENTATION_ITEM('') );
#6018 = CARTESIAN_POINT('',(-2.375,0.));
#6019 = CARTESIAN_POINT('',(-2.375,4.113620667976));
#6020 = CARTESIAN_POINT('',(1.1875,2.056810333988));
#6021 = CARTESIAN_POINT('',(4.75,5.81707229595E-16));
#6022 = CARTESIAN_POINT('',(1.1875,-2.056810333988));
#6023 = CARTESIAN_POINT('',(-2.375,-4.113620667976));
#6024 = CARTESIAN_POINT('',(-2.375,0.));
#6025 = ( GEOMETRIC_REPRESENTATION_CONTEXT(2) 
PARAMETRIC_REPRESENTATION_CONTEXT() REPRESENTATION_CONTEXT('2D SPACE',''
  ) );
#6026 = PCURVE('',#6027,#6032);
#6027 = TOROIDAL_SURFACE('',#6028,2.375,0.35);
#6028 = AXIS2_PLACEMENT_3D('',#6029,#6030,#6031);
#6029 = CARTESIAN_POINT('',(7.35,0.,8.881784197001E-16));
#6030 = DIRECTION('',(1.,-0.,1.110223024625E-16));
#6031 = DIRECTION('',(-1.110223024625E-16,-0.,1.));
#6032 = DEFINITIONAL_REPRESENTATION('',(#6033),#6037);
#6033 = LINE('',#6034,#6035);
#6034 = CARTESIAN_POINT('',(-0.,4.712388980385));
#6035 = VECTOR('',#6036,1.);
#6036 = DIRECTION('',(-1.,0.));
#6037 = ( GEOMETRIC_REPRESENTATION_CONTEXT(2) 
PARAMETRIC_REPRESENTATION_CONTEXT() REPRESENTATION_CONTEXT('2D SPACE',''
  ) );
#6038 = ADVANCED_FACE('',(#6039),#4154,.T.);
#6039 = FACE_BOUND('',#6040,.F.);
#6040 = EDGE_LOOP('',(#6041,#6042,#6043));
#6041 = ORIENTED_EDGE('',*,*,#4077,.T.);
#6042 = ORIENTED_EDGE('',*,*,#5949,.F.);
#6043 = ORIENTED_EDGE('',*,*,#6044,.F.);
#6044 = EDGE_CURVE('',#4078,#5950,#6045,.T.);
#6045 = SURFACE_CURVE('',#6046,(#6050,#6057),.PCURVE_S1.);
#6046 = LINE('',#6047,#6048);
#6047 = CARTESIAN_POINT('',(-1.570796326795,-5.939536975865E-16,2.425));
#6048 = VECTOR('',#6049,1.);
#6049 = DIRECTION('',(1.,-0.,1.110223024625E-16));
#6050 = PCURVE('',#4154,#6051);
#6051 = DEFINITIONAL_REPRESENTATION('',(#6052),#6056);
#6052 = LINE('',#6053,#6054);
#6053 = CARTESIAN_POINT('',(-0.,-0.));
#6054 = VECTOR('',#6055,1.);
#6055 = DIRECTION('',(-0.,1.));
#6056 = ( GEOMETRIC_REPRESENTATION_CONTEXT(2) 
PARAMETRIC_REPRESENTATION_CONTEXT() REPRESENTATION_CONTEXT('2D SPACE',''
  ) );
#6057 = PCURVE('',#4312,#6058);
#6058 = DEFINITIONAL_REPRESENTATION('',(#6059),#6063);
#6059 = LINE('',#6060,#6061);
#6060 = CARTESIAN_POINT('',(-6.28318530718,-0.));
#6061 = VECTOR('',#6062,1.);
#6062 = DIRECTION('',(-0.,1.));
#6063 = ( GEOMETRIC_REPRESENTATION_CONTEXT(2) 
PARAMETRIC_REPRESENTATION_CONTEXT() REPRESENTATION_CONTEXT('2D SPACE',''
  ) );
#6064 = ADVANCED_FACE('',(#6065),#4312,.T.);
#6065 = FACE_BOUND('',#6066,.F.);
#6066 = EDGE_LOOP('',(#6067,#6068,#6069,#6070,#6071));
#6067 = ORIENTED_EDGE('',*,*,#4172,.T.);
#6068 = ORIENTED_EDGE('',*,*,#6044,.T.);
#6069 = ORIENTED_EDGE('',*,*,#5977,.F.);
#6070 = ORIENTED_EDGE('',*,*,#5671,.F.);
#6071 = ORIENTED_EDGE('',*,*,#6072,.F.);
#6072 = EDGE_CURVE('',#4173,#5463,#6073,.T.);
#6073 = SURFACE_CURVE('',#6074,(#6078,#6085),.PCURVE_S1.);
#6074 = LINE('',#6075,#6076);
#6075 = CARTESIAN_POINT('',(-1.570796326795,-5.939536975865E-16,2.425));
#6076 = VECTOR('',#6077,1.);
#6077 = DIRECTION('',(1.,-0.,1.110223024625E-16));
#6078 = PCURVE('',#4312,#6079);
#6079 = DEFINITIONAL_REPRESENTATION('',(#6080),#6084);
#6080 = LINE('',#6081,#6082);
#6081 = CARTESIAN_POINT('',(-0.,-0.));
#6082 = VECTOR('',#6083,1.);
#6083 = DIRECTION('',(-0.,1.));
#6084 = ( GEOMETRIC_REPRESENTATION_CONTEXT(2) 
PARAMETRIC_REPRESENTATION_CONTEXT() REPRESENTATION_CONTEXT('2D SPACE',''
  ) );
#6085 = PCURVE('',#4526,#6086);
#6086 = DEFINITIONAL_REPRESENTATION('',(#6087),#6091);
#6087 = LINE('',#6088,#6089);
#6088 = CARTESIAN_POINT('',(-6.28318530718,-0.));
#6089 = VECTOR('',#6090,1.);
#6090 = DIRECTION('',(-0.,1.));
#6091 = ( GEOMETRIC_REPRESENTATION_CONTEXT(2) 
PARAMETRIC_REPRESENTATION_CONTEXT() REPRESENTATION_CONTEXT('2D SPACE',''
  ) );
#6092 = ADVANCED_FACE('',(#6093),#4526,.T.);
#6093 = FACE_BOUND('',#6094,.F.);
#6094 = EDGE_LOOP('',(#6095,#6096,#6097,#6098));
#6095 = ORIENTED_EDGE('',*,*,#4386,.T.);
#6096 = ORIENTED_EDGE('',*,*,#6072,.T.);
#6097 = ORIENTED_EDGE('',*,*,#5462,.F.);
#6098 = ORIENTED_EDGE('',*,*,#6099,.F.);
#6099 = EDGE_CURVE('',#4387,#5275,#6100,.T.);
#6100 = SURFACE_CURVE('',#6101,(#6105,#6112),.PCURVE_S1.);
#6101 = LINE('',#6102,#6103);
#6102 = CARTESIAN_POINT('',(-1.570796326795,-5.939536975865E-16,2.425));
#6103 = VECTOR('',#6104,1.);
#6104 = DIRECTION('',(1.,-0.,1.110223024625E-16));
#6105 = PCURVE('',#4526,#6106);
#6106 = DEFINITIONAL_REPRESENTATION('',(#6107),#6111);
#6107 = LINE('',#6108,#6109);
#6108 = CARTESIAN_POINT('',(-0.,-0.));
#6109 = VECTOR('',#6110,1.);
#6110 = DIRECTION('',(-0.,1.));
#6111 = ( GEOMETRIC_REPRESENTATION_CONTEXT(2) 
PARAMETRIC_REPRESENTATION_CONTEXT() REPRESENTATION_CONTEXT('2D SPACE',''
  ) );
#6112 = PCURVE('',#4712,#6113);
#6113 = DEFINITIONAL_REPRESENTATION('',(#6114),#6118);
#6114 = LINE('',#6115,#6116);
#6115 = CARTESIAN_POINT('',(-6.28318530718,-0.));
#6116 = VECTOR('',#6117,1.);
#6117 = DIRECTION('',(-0.,1.));
#6118 = ( GEOMETRIC_REPRESENTATION_CONTEXT(2) 
PARAMETRIC_REPRESENTATION_CONTEXT() REPRESENTATION_CONTEXT('2D SPACE',''
  ) );
#6119 = ADVANCED_FACE('',(#6120),#4712,.T.);
#6120 = FACE_BOUND('',#6121,.F.);
#6121 = EDGE_LOOP('',(#6122,#6123,#6124,#6125));
#6122 = ORIENTED_EDGE('',*,*,#4600,.T.);
#6123 = ORIENTED_EDGE('',*,*,#6099,.T.);
#6124 = ORIENTED_EDGE('',*,*,#5274,.F.);
#6125 = ORIENTED_EDGE('',*,*,#4941,.F.);
#6126 = ADVANCED_FACE('',(#6127),#6027,.F.);
#6127 = FACE_BOUND('',#6128,.T.);
#6128 = EDGE_LOOP('',(#6129,#6158,#6180,#6181));
#6129 = ORIENTED_EDGE('',*,*,#6130,.T.);
#6130 = EDGE_CURVE('',#6131,#6131,#6133,.T.);
#6131 = VERTEX_POINT('',#6132);
#6132 = CARTESIAN_POINT('',(7.000142886309,-2.896289679983E-16,2.365));
#6133 = SURFACE_CURVE('',#6134,(#6139,#6146),.PCURVE_S1.);
#6134 = CIRCLE('',#6135,2.365);
#6135 = AXIS2_PLACEMENT_3D('',#6136,#6137,#6138);
#6136 = CARTESIAN_POINT('',(7.000142886309,0.,7.771719808047E-16));
#6137 = DIRECTION('',(-1.,0.,-1.110223024625E-16));
#6138 = DIRECTION('',(-0.,-1.,-0.));
#6139 = PCURVE('',#6027,#6140);
#6140 = DEFINITIONAL_REPRESENTATION('',(#6141),#6145);
#6141 = LINE('',#6142,#6143);
#6142 = CARTESIAN_POINT('',(1.570796326795,4.683813663115));
#6143 = VECTOR('',#6144,1.);
#6144 = DIRECTION('',(-1.,0.));
#6145 = ( GEOMETRIC_REPRESENTATION_CONTEXT(2) 
PARAMETRIC_REPRESENTATION_CONTEXT() REPRESENTATION_CONTEXT('2D SPACE',''
  ) );
#6146 = PCURVE('',#6147,#6152);
#6147 = CYLINDRICAL_SURFACE('',#6148,2.365);
#6148 = AXIS2_PLACEMENT_3D('',#6149,#6150,#6151);
#6149 = CARTESIAN_POINT('',(6.8,0.,8.881784197001E-16));
#6150 = DIRECTION('',(1.,0.,1.110223024625E-16));
#6151 = DIRECTION('',(-1.110223024625E-16,-0.,1.));
#6152 = DEFINITIONAL_REPRESENTATION('',(#6153),#6157);
#6153 = LINE('',#6154,#6155);
#6154 = CARTESIAN_POINT('',(1.570796326795,0.200142886309));
#6155 = VECTOR('',#6156,1.);
#6156 = DIRECTION('',(-1.,0.));
#6157 = ( GEOMETRIC_REPRESENTATION_CONTEXT(2) 
PARAMETRIC_REPRESENTATION_CONTEXT() REPRESENTATION_CONTEXT('2D SPACE',''
  ) );
#6158 = ORIENTED_EDGE('',*,*,#6159,.T.);
#6159 = EDGE_CURVE('',#6131,#6007,#6160,.T.);
#6160 = SEAM_CURVE('',#6161,(#6166,#6173),.PCURVE_S1.);
#6161 = CIRCLE('',#6162,0.35);
#6162 = AXIS2_PLACEMENT_3D('',#6163,#6164,#6165);
#6163 = CARTESIAN_POINT('',(7.35,0.,2.375));
#6164 = DIRECTION('',(0.,1.,0.));
#6165 = DIRECTION('',(-1.110223024625E-16,-0.,1.));
#6166 = PCURVE('',#6027,#6167);
#6167 = DEFINITIONAL_REPRESENTATION('',(#6168),#6172);
#6168 = LINE('',#6169,#6170);
#6169 = CARTESIAN_POINT('',(-4.138911435803E-13,0.));
#6170 = VECTOR('',#6171,1.);
#6171 = DIRECTION('',(-0.,1.));
#6172 = ( GEOMETRIC_REPRESENTATION_CONTEXT(2) 
PARAMETRIC_REPRESENTATION_CONTEXT() REPRESENTATION_CONTEXT('2D SPACE',''
  ) );
#6173 = PCURVE('',#6027,#6174);
#6174 = DEFINITIONAL_REPRESENTATION('',(#6175),#6179);
#6175 = LINE('',#6176,#6177);
#6176 = CARTESIAN_POINT('',(-6.28318530718,0.));
#6177 = VECTOR('',#6178,1.);
#6178 = DIRECTION('',(-0.,1.));
#6179 = ( GEOMETRIC_REPRESENTATION_CONTEXT(2) 
PARAMETRIC_REPRESENTATION_CONTEXT() REPRESENTATION_CONTEXT('2D SPACE',''
  ) );
#6180 = ORIENTED_EDGE('',*,*,#6006,.F.);
#6181 = ORIENTED_EDGE('',*,*,#6159,.F.);
#6182 = ADVANCED_FACE('',(#6183),#6147,.T.);
#6183 = FACE_BOUND('',#6184,.F.);
#6184 = EDGE_LOOP('',(#6185,#6214,#6235,#6236));
#6185 = ORIENTED_EDGE('',*,*,#6186,.F.);
#6186 = EDGE_CURVE('',#6187,#6187,#6189,.T.);
#6187 = VERTEX_POINT('',#6188);
#6188 = CARTESIAN_POINT('',(7.699857113691,-2.896289679983E-16,2.365));
#6189 = SURFACE_CURVE('',#6190,(#6195,#6202),.PCURVE_S1.);
#6190 = CIRCLE('',#6191,2.365);
#6191 = AXIS2_PLACEMENT_3D('',#6192,#6193,#6194);
#6192 = CARTESIAN_POINT('',(7.699857113691,0.,8.548558653943E-16));
#6193 = DIRECTION('',(-1.,0.,-1.110223024625E-16));
#6194 = DIRECTION('',(-0.,-1.,-0.));
#6195 = PCURVE('',#6147,#6196);
#6196 = DEFINITIONAL_REPRESENTATION('',(#6197),#6201);
#6197 = LINE('',#6198,#6199);
#6198 = CARTESIAN_POINT('',(1.570796326795,0.899857113691));
#6199 = VECTOR('',#6200,1.);
#6200 = DIRECTION('',(-1.,0.));
#6201 = ( GEOMETRIC_REPRESENTATION_CONTEXT(2) 
PARAMETRIC_REPRESENTATION_CONTEXT() REPRESENTATION_CONTEXT('2D SPACE',''
  ) );
#6202 = PCURVE('',#6203,#6208);
#6203 = TOROIDAL_SURFACE('',#6204,2.375,0.35);
#6204 = AXIS2_PLACEMENT_3D('',#6205,#6206,#6207);
#6205 = CARTESIAN_POINT('',(7.35,0.,8.881784197001E-16));
#6206 = DIRECTION('',(1.,-0.,1.110223024625E-16));
#6207 = DIRECTION('',(-1.110223024625E-16,-0.,1.));
#6208 = DEFINITIONAL_REPRESENTATION('',(#6209),#6213);
#6209 = LINE('',#6210,#6211);
#6210 = CARTESIAN_POINT('',(1.570796326795,1.599371644064));
#6211 = VECTOR('',#6212,1.);
#6212 = DIRECTION('',(-1.,0.));
#6213 = ( GEOMETRIC_REPRESENTATION_CONTEXT(2) 
PARAMETRIC_REPRESENTATION_CONTEXT() REPRESENTATION_CONTEXT('2D SPACE',''
  ) );
#6214 = ORIENTED_EDGE('',*,*,#6215,.F.);
#6215 = EDGE_CURVE('',#6131,#6187,#6216,.T.);
#6216 = SEAM_CURVE('',#6217,(#6221,#6228),.PCURVE_S1.);
#6217 = LINE('',#6218,#6219);
#6218 = CARTESIAN_POINT('',(6.8,-5.792579359967E-16,2.365));
#6219 = VECTOR('',#6220,1.);
#6220 = DIRECTION('',(1.,0.,1.110223024625E-16));
#6221 = PCURVE('',#6147,#6222);
#6222 = DEFINITIONAL_REPRESENTATION('',(#6223),#6227);
#6223 = LINE('',#6224,#6225);
#6224 = CARTESIAN_POINT('',(-6.28318530718,-0.));
#6225 = VECTOR('',#6226,1.);
#6226 = DIRECTION('',(-0.,1.));
#6227 = ( GEOMETRIC_REPRESENTATION_CONTEXT(2) 
PARAMETRIC_REPRESENTATION_CONTEXT() REPRESENTATION_CONTEXT('2D SPACE',''
  ) );
#6228 = PCURVE('',#6147,#6229);
#6229 = DEFINITIONAL_REPRESENTATION('',(#6230),#6234);
#6230 = LINE('',#6231,#6232);
#6231 = CARTESIAN_POINT('',(-0.,-0.));
#6232 = VECTOR('',#6233,1.);
#6233 = DIRECTION('',(-0.,1.));
#6234 = ( GEOMETRIC_REPRESENTATION_CONTEXT(2) 
PARAMETRIC_REPRESENTATION_CONTEXT() REPRESENTATION_CONTEXT('2D SPACE',''
  ) );
#6235 = ORIENTED_EDGE('',*,*,#6130,.T.);
#6236 = ORIENTED_EDGE('',*,*,#6215,.T.);
#6237 = ADVANCED_FACE('',(#6238),#6203,.F.);
#6238 = FACE_BOUND('',#6239,.T.);
#6239 = EDGE_LOOP('',(#6240,#6264,#6295,#6296));
#6240 = ORIENTED_EDGE('',*,*,#6241,.F.);
#6241 = EDGE_CURVE('',#6242,#6187,#6244,.T.);
#6242 = VERTEX_POINT('',#6243);
#6243 = CARTESIAN_POINT('',(7.7,0.,2.375));
#6244 = SEAM_CURVE('',#6245,(#6250,#6257),.PCURVE_S1.);
#6245 = CIRCLE('',#6246,0.35);
#6246 = AXIS2_PLACEMENT_3D('',#6247,#6248,#6249);
#6247 = CARTESIAN_POINT('',(7.35,0.,2.375));
#6248 = DIRECTION('',(0.,1.,0.));
#6249 = DIRECTION('',(-1.110223024625E-16,-0.,1.));
#6250 = PCURVE('',#6203,#6251);
#6251 = DEFINITIONAL_REPRESENTATION('',(#6252),#6256);
#6252 = LINE('',#6253,#6254);
#6253 = CARTESIAN_POINT('',(-4.138911435803E-13,0.));
#6254 = VECTOR('',#6255,1.);
#6255 = DIRECTION('',(-0.,1.));
#6256 = ( GEOMETRIC_REPRESENTATION_CONTEXT(2) 
PARAMETRIC_REPRESENTATION_CONTEXT() REPRESENTATION_CONTEXT('2D SPACE',''
  ) );
#6257 = PCURVE('',#6203,#6258);
#6258 = DEFINITIONAL_REPRESENTATION('',(#6259),#6263);
#6259 = LINE('',#6260,#6261);
#6260 = CARTESIAN_POINT('',(-6.28318530718,0.));
#6261 = VECTOR('',#6262,1.);
#6262 = DIRECTION('',(-0.,1.));
#6263 = ( GEOMETRIC_REPRESENTATION_CONTEXT(2) 
PARAMETRIC_REPRESENTATION_CONTEXT() REPRESENTATION_CONTEXT('2D SPACE',''
  ) );
#6264 = ORIENTED_EDGE('',*,*,#6265,.F.);
#6265 = EDGE_CURVE('',#6242,#6242,#6266,.T.);
#6266 = SURFACE_CURVE('',#6267,(#6272,#6279),.PCURVE_S1.);
#6267 = CIRCLE('',#6268,2.375);
#6268 = AXIS2_PLACEMENT_3D('',#6269,#6270,#6271);
#6269 = CARTESIAN_POINT('',(7.7,0.,8.881784197001E-16));
#6270 = DIRECTION('',(-1.,-0.,-1.110223024625E-16));
#6271 = DIRECTION('',(-1.110223024625E-16,-0.,1.));
#6272 = PCURVE('',#6203,#6273);
#6273 = DEFINITIONAL_REPRESENTATION('',(#6274),#6278);
#6274 = LINE('',#6275,#6276);
#6275 = CARTESIAN_POINT('',(-0.,1.570796326795));
#6276 = VECTOR('',#6277,1.);
#6277 = DIRECTION('',(-1.,0.));
#6278 = ( GEOMETRIC_REPRESENTATION_CONTEXT(2) 
PARAMETRIC_REPRESENTATION_CONTEXT() REPRESENTATION_CONTEXT('2D SPACE',''
  ) );
#6279 = PCURVE('',#6280,#6285);
#6280 = PLANE('',#6281);
#6281 = AXIS2_PLACEMENT_3D('',#6282,#6283,#6284);
#6282 = CARTESIAN_POINT('',(7.7,-7.,-7.));
#6283 = DIRECTION('',(1.,-0.,1.110223024625E-16));
#6284 = DIRECTION('',(1.110223024625E-16,0.,-1.));
#6285 = DEFINITIONAL_REPRESENTATION('',(#6286),#6294);
#6286 = ( BOUNDED_CURVE() B_SPLINE_CURVE(2,(#6287,#6288,#6289,#6290,
#6291,#6292,#6293),.UNSPECIFIED.,.T.,.F.) B_SPLINE_CURVE_WITH_KNOTS((1,2
    ,2,2,2,1),(-2.094395102393,0.,2.094395102393,4.188790204786,
6.28318530718,8.377580409573),.UNSPECIFIED.) CURVE() 
GEOMETRIC_REPRESENTATION_ITEM() RATIONAL_B_SPLINE_CURVE((1.,0.5,1.,0.5,
1.,0.5,1.)) REPRESENTATION_ITEM('') );
#6287 = CARTESIAN_POINT('',(-9.375,7.));
#6288 = CARTESIAN_POINT('',(-9.375,11.113620667976));
#6289 = CARTESIAN_POINT('',(-5.8125,9.056810333988));
#6290 = CARTESIAN_POINT('',(-2.25,7.));
#6291 = CARTESIAN_POINT('',(-5.8125,4.943189666012));
#6292 = CARTESIAN_POINT('',(-9.375,2.886379332024));
#6293 = CARTESIAN_POINT('',(-9.375,7.));
#6294 = ( GEOMETRIC_REPRESENTATION_CONTEXT(2) 
PARAMETRIC_REPRESENTATION_CONTEXT() REPRESENTATION_CONTEXT('2D SPACE',''
  ) );
#6295 = ORIENTED_EDGE('',*,*,#6241,.T.);
#6296 = ORIENTED_EDGE('',*,*,#6186,.T.);
#6297 = ADVANCED_FACE('',(#6298,#6301),#6280,.T.);
#6298 = FACE_BOUND('',#6299,.F.);
#6299 = EDGE_LOOP('',(#6300));
#6300 = ORIENTED_EDGE('',*,*,#6265,.T.);
#6301 = FACE_BOUND('',#6302,.F.);
#6302 = EDGE_LOOP('',(#6303));
#6303 = ORIENTED_EDGE('',*,*,#6304,.F.);
#6304 = EDGE_CURVE('',#6305,#6305,#6307,.T.);
#6305 = VERTEX_POINT('',#6306);
#6306 = CARTESIAN_POINT('',(7.7,-5.792579359967E-16,2.365));
#6307 = SURFACE_CURVE('',#6308,(#6313,#6324),.PCURVE_S1.);
#6308 = CIRCLE('',#6309,2.365);
#6309 = AXIS2_PLACEMENT_3D('',#6310,#6311,#6312);
#6310 = CARTESIAN_POINT('',(7.7,0.,8.548717289614E-16));
#6311 = DIRECTION('',(-1.,-0.,-1.110223024625E-16));
#6312 = DIRECTION('',(-1.110223024625E-16,-0.,1.));
#6313 = PCURVE('',#6280,#6314);
#6314 = DEFINITIONAL_REPRESENTATION('',(#6315),#6323);
#6315 = ( BOUNDED_CURVE() B_SPLINE_CURVE(2,(#6316,#6317,#6318,#6319,
#6320,#6321,#6322),.UNSPECIFIED.,.T.,.F.) B_SPLINE_CURVE_WITH_KNOTS((1,2
    ,2,2,2,1),(-2.094395102393,0.,2.094395102393,4.188790204786,
6.28318530718,8.377580409573),.UNSPECIFIED.) CURVE() 
GEOMETRIC_REPRESENTATION_ITEM() RATIONAL_B_SPLINE_CURVE((1.,0.5,1.,0.5,
1.,0.5,1.)) REPRESENTATION_ITEM('') );
#6316 = CARTESIAN_POINT('',(-9.365,7.));
#6317 = CARTESIAN_POINT('',(-9.365,11.0963001599));
#6318 = CARTESIAN_POINT('',(-5.8175,9.04815007995));
#6319 = CARTESIAN_POINT('',(-2.27,7.));
#6320 = CARTESIAN_POINT('',(-5.8175,4.95184992005));
#6321 = CARTESIAN_POINT('',(-9.365,2.9036998401));
#6322 = CARTESIAN_POINT('',(-9.365,7.));
#6323 = ( GEOMETRIC_REPRESENTATION_CONTEXT(2) 
PARAMETRIC_REPRESENTATION_CONTEXT() REPRESENTATION_CONTEXT('2D SPACE',''
  ) );
#6324 = PCURVE('',#6325,#6330);
#6325 = CYLINDRICAL_SURFACE('',#6326,2.365);
#6326 = AXIS2_PLACEMENT_3D('',#6327,#6328,#6329);
#6327 = CARTESIAN_POINT('',(6.8,0.,8.881784197001E-16));
#6328 = DIRECTION('',(1.,0.,1.110223024625E-16));
#6329 = DIRECTION('',(-1.110223024625E-16,-0.,1.));
#6330 = DEFINITIONAL_REPRESENTATION('',(#6331),#6335);
#6331 = LINE('',#6332,#6333);
#6332 = CARTESIAN_POINT('',(-0.,0.9));
#6333 = VECTOR('',#6334,1.);
#6334 = DIRECTION('',(-1.,0.));
#6335 = ( GEOMETRIC_REPRESENTATION_CONTEXT(2) 
PARAMETRIC_REPRESENTATION_CONTEXT() REPRESENTATION_CONTEXT('2D SPACE',''
  ) );
#6336 = ADVANCED_FACE('',(#6337),#6325,.T.);
#6337 = FACE_BOUND('',#6338,.F.);
#6338 = EDGE_LOOP('',(#6339,#6362,#6393,#6394));
#6339 = ORIENTED_EDGE('',*,*,#6340,.T.);
#6340 = EDGE_CURVE('',#6305,#6341,#6343,.T.);
#6341 = VERTEX_POINT('',#6342);
#6342 = CARTESIAN_POINT('',(7.8,-5.792579359967E-16,2.365));
#6343 = SEAM_CURVE('',#6344,(#6348,#6355),.PCURVE_S1.);
#6344 = LINE('',#6345,#6346);
#6345 = CARTESIAN_POINT('',(6.8,-5.792579359967E-16,2.365));
#6346 = VECTOR('',#6347,1.);
#6347 = DIRECTION('',(1.,0.,1.110223024625E-16));
#6348 = PCURVE('',#6325,#6349);
#6349 = DEFINITIONAL_REPRESENTATION('',(#6350),#6354);
#6350 = LINE('',#6351,#6352);
#6351 = CARTESIAN_POINT('',(-6.28318530718,-0.));
#6352 = VECTOR('',#6353,1.);
#6353 = DIRECTION('',(-0.,1.));
#6354 = ( GEOMETRIC_REPRESENTATION_CONTEXT(2) 
PARAMETRIC_REPRESENTATION_CONTEXT() REPRESENTATION_CONTEXT('2D SPACE',''
  ) );
#6355 = PCURVE('',#6325,#6356);
#6356 = DEFINITIONAL_REPRESENTATION('',(#6357),#6361);
#6357 = LINE('',#6358,#6359);
#6358 = CARTESIAN_POINT('',(-0.,-0.));
#6359 = VECTOR('',#6360,1.);
#6360 = DIRECTION('',(-0.,1.));
#6361 = ( GEOMETRIC_REPRESENTATION_CONTEXT(2) 
PARAMETRIC_REPRESENTATION_CONTEXT() REPRESENTATION_CONTEXT('2D SPACE',''
  ) );
#6362 = ORIENTED_EDGE('',*,*,#6363,.F.);
#6363 = EDGE_CURVE('',#6341,#6341,#6364,.T.);
#6364 = SURFACE_CURVE('',#6365,(#6370,#6377),.PCURVE_S1.);
#6365 = CIRCLE('',#6366,2.365);
#6366 = AXIS2_PLACEMENT_3D('',#6367,#6368,#6369);
#6367 = CARTESIAN_POINT('',(7.8,0.,8.881784197001E-16));
#6368 = DIRECTION('',(-1.,0.,-1.110223024625E-16));
#6369 = DIRECTION('',(-1.110223024625E-16,-0.,1.));
#6370 = PCURVE('',#6325,#6371);
#6371 = DEFINITIONAL_REPRESENTATION('',(#6372),#6376);
#6372 = LINE('',#6373,#6374);
#6373 = CARTESIAN_POINT('',(-0.,1.));
#6374 = VECTOR('',#6375,1.);
#6375 = DIRECTION('',(-1.,0.));
#6376 = ( GEOMETRIC_REPRESENTATION_CONTEXT(2) 
PARAMETRIC_REPRESENTATION_CONTEXT() REPRESENTATION_CONTEXT('2D SPACE',''
  ) );
#6377 = PCURVE('',#6378,#6383);
#6378 = PLANE('',#6379);
#6379 = AXIS2_PLACEMENT_3D('',#6380,#6381,#6382);
#6380 = CARTESIAN_POINT('',(7.8,0.,8.881784197001E-16));
#6381 = DIRECTION('',(1.,0.,1.110223024625E-16));
#6382 = DIRECTION('',(1.110223024625E-16,0.,-1.));
#6383 = DEFINITIONAL_REPRESENTATION('',(#6384),#6392);
#6384 = ( BOUNDED_CURVE() B_SPLINE_CURVE(2,(#6385,#6386,#6387,#6388,
#6389,#6390,#6391),.UNSPECIFIED.,.T.,.F.) B_SPLINE_CURVE_WITH_KNOTS((1,2
    ,2,2,2,1),(-2.094395102393,0.,2.094395102393,4.188790204786,
6.28318530718,8.377580409573),.UNSPECIFIED.) CURVE() 
GEOMETRIC_REPRESENTATION_ITEM() RATIONAL_B_SPLINE_CURVE((1.,0.5,1.,0.5,
1.,0.5,1.)) REPRESENTATION_ITEM('') );
#6385 = CARTESIAN_POINT('',(-2.365,0.));
#6386 = CARTESIAN_POINT('',(-2.365,4.0963001599));
#6387 = CARTESIAN_POINT('',(1.1825,2.04815007995));
#6388 = CARTESIAN_POINT('',(4.73,5.792579359967E-16));
#6389 = CARTESIAN_POINT('',(1.1825,-2.04815007995));
#6390 = CARTESIAN_POINT('',(-2.365,-4.0963001599));
#6391 = CARTESIAN_POINT('',(-2.365,0.));
#6392 = ( GEOMETRIC_REPRESENTATION_CONTEXT(2) 
PARAMETRIC_REPRESENTATION_CONTEXT() REPRESENTATION_CONTEXT('2D SPACE',''
  ) );
#6393 = ORIENTED_EDGE('',*,*,#6340,.F.);
#6394 = ORIENTED_EDGE('',*,*,#6304,.T.);
#6395 = ADVANCED_FACE('',(#6396,#6399),#6378,.T.);
#6396 = FACE_BOUND('',#6397,.F.);
#6397 = EDGE_LOOP('',(#6398));
#6398 = ORIENTED_EDGE('',*,*,#6363,.T.);
#6399 = FACE_BOUND('',#6400,.F.);
#6400 = EDGE_LOOP('',(#6401));
#6401 = ORIENTED_EDGE('',*,*,#6402,.F.);
#6402 = EDGE_CURVE('',#6403,#6403,#6405,.T.);
#6403 = VERTEX_POINT('',#6404);
#6404 = CARTESIAN_POINT('',(7.8,-5.510910596163E-16,2.25));
#6405 = SURFACE_CURVE('',#6406,(#6411,#6422),.PCURVE_S1.);
#6406 = CIRCLE('',#6407,2.25);
#6407 = AXIS2_PLACEMENT_3D('',#6408,#6409,#6410);
#6408 = CARTESIAN_POINT('',(7.8,0.,8.659739592076E-16));
#6409 = DIRECTION('',(-1.,-0.,-1.110223024625E-16));
#6410 = DIRECTION('',(-1.110223024625E-16,-0.,1.));
#6411 = PCURVE('',#6378,#6412);
#6412 = DEFINITIONAL_REPRESENTATION('',(#6413),#6421);
#6413 = ( BOUNDED_CURVE() B_SPLINE_CURVE(2,(#6414,#6415,#6416,#6417,
#6418,#6419,#6420),.UNSPECIFIED.,.T.,.F.) B_SPLINE_CURVE_WITH_KNOTS((1,2
    ,2,2,2,1),(-2.094395102393,0.,2.094395102393,4.188790204786,
6.28318530718,8.377580409573),.UNSPECIFIED.) CURVE() 
GEOMETRIC_REPRESENTATION_ITEM() RATIONAL_B_SPLINE_CURVE((1.,0.5,1.,0.5,
1.,0.5,1.)) REPRESENTATION_ITEM('') );
#6414 = CARTESIAN_POINT('',(-2.25,0.));
#6415 = CARTESIAN_POINT('',(-2.25,3.89711431703));
#6416 = CARTESIAN_POINT('',(1.125,1.948557158515));
#6417 = CARTESIAN_POINT('',(4.5,5.510910596163E-16));
#6418 = CARTESIAN_POINT('',(1.125,-1.948557158515));
#6419 = CARTESIAN_POINT('',(-2.25,-3.89711431703));
#6420 = CARTESIAN_POINT('',(-2.25,0.));
#6421 = ( GEOMETRIC_REPRESENTATION_CONTEXT(2) 
PARAMETRIC_REPRESENTATION_CONTEXT() REPRESENTATION_CONTEXT('2D SPACE',''
  ) );
#6422 = PCURVE('',#6423,#6428);
#6423 = CYLINDRICAL_SURFACE('',#6424,2.25);
#6424 = AXIS2_PLACEMENT_3D('',#6425,#6426,#6427);
#6425 = CARTESIAN_POINT('',(7.6,0.,8.881784197001E-16));
#6426 = DIRECTION('',(1.,0.,1.110223024625E-16));
#6427 = DIRECTION('',(-1.110223024625E-16,-0.,1.));
#6428 = DEFINITIONAL_REPRESENTATION('',(#6429),#6433);
#6429 = LINE('',#6430,#6431);
#6430 = CARTESIAN_POINT('',(-0.,0.2));
#6431 = VECTOR('',#6432,1.);
#6432 = DIRECTION('',(-1.,0.));
#6433 = ( GEOMETRIC_REPRESENTATION_CONTEXT(2) 
PARAMETRIC_REPRESENTATION_CONTEXT() REPRESENTATION_CONTEXT('2D SPACE',''
  ) );
#6434 = ADVANCED_FACE('',(#6435),#6423,.T.);
#6435 = FACE_BOUND('',#6436,.F.);
#6436 = EDGE_LOOP('',(#6437,#6460,#6491,#6492));
#6437 = ORIENTED_EDGE('',*,*,#6438,.T.);
#6438 = EDGE_CURVE('',#6403,#6439,#6441,.T.);
#6439 = VERTEX_POINT('',#6440);
#6440 = CARTESIAN_POINT('',(9.,-5.510910596163E-16,2.25));
#6441 = SEAM_CURVE('',#6442,(#6446,#6453),.PCURVE_S1.);
#6442 = LINE('',#6443,#6444);
#6443 = CARTESIAN_POINT('',(7.6,-5.510910596163E-16,2.25));
#6444 = VECTOR('',#6445,1.);
#6445 = DIRECTION('',(1.,0.,1.110223024625E-16));
#6446 = PCURVE('',#6423,#6447);
#6447 = DEFINITIONAL_REPRESENTATION('',(#6448),#6452);
#6448 = LINE('',#6449,#6450);
#6449 = CARTESIAN_POINT('',(-6.28318530718,-0.));
#6450 = VECTOR('',#6451,1.);
#6451 = DIRECTION('',(-0.,1.));
#6452 = ( GEOMETRIC_REPRESENTATION_CONTEXT(2) 
PARAMETRIC_REPRESENTATION_CONTEXT() REPRESENTATION_CONTEXT('2D SPACE',''
  ) );
#6453 = PCURVE('',#6423,#6454);
#6454 = DEFINITIONAL_REPRESENTATION('',(#6455),#6459);
#6455 = LINE('',#6456,#6457);
#6456 = CARTESIAN_POINT('',(-0.,-0.));
#6457 = VECTOR('',#6458,1.);
#6458 = DIRECTION('',(-0.,1.));
#6459 = ( GEOMETRIC_REPRESENTATION_CONTEXT(2) 
PARAMETRIC_REPRESENTATION_CONTEXT() REPRESENTATION_CONTEXT('2D SPACE',''
  ) );
#6460 = ORIENTED_EDGE('',*,*,#6461,.F.);
#6461 = EDGE_CURVE('',#6439,#6439,#6462,.T.);
#6462 = SURFACE_CURVE('',#6463,(#6468,#6475),.PCURVE_S1.);
#6463 = CIRCLE('',#6464,2.25);
#6464 = AXIS2_PLACEMENT_3D('',#6465,#6466,#6467);
#6465 = CARTESIAN_POINT('',(9.,0.,8.881784197001E-16));
#6466 = DIRECTION('',(-1.,0.,-1.110223024625E-16));
#6467 = DIRECTION('',(-1.110223024625E-16,-0.,1.));
#6468 = PCURVE('',#6423,#6469);
#6469 = DEFINITIONAL_REPRESENTATION('',(#6470),#6474);
#6470 = LINE('',#6471,#6472);
#6471 = CARTESIAN_POINT('',(-0.,1.4));
#6472 = VECTOR('',#6473,1.);
#6473 = DIRECTION('',(-1.,0.));
#6474 = ( GEOMETRIC_REPRESENTATION_CONTEXT(2) 
PARAMETRIC_REPRESENTATION_CONTEXT() REPRESENTATION_CONTEXT('2D SPACE',''
  ) );
#6475 = PCURVE('',#6476,#6481);
#6476 = PLANE('',#6477);
#6477 = AXIS2_PLACEMENT_3D('',#6478,#6479,#6480);
#6478 = CARTESIAN_POINT('',(9.,0.,8.881784197001E-16));
#6479 = DIRECTION('',(1.,0.,1.110223024625E-16));
#6480 = DIRECTION('',(1.110223024625E-16,0.,-1.));
#6481 = DEFINITIONAL_REPRESENTATION('',(#6482),#6490);
#6482 = ( BOUNDED_CURVE() B_SPLINE_CURVE(2,(#6483,#6484,#6485,#6486,
#6487,#6488,#6489),.UNSPECIFIED.,.T.,.F.) B_SPLINE_CURVE_WITH_KNOTS((1,2
    ,2,2,2,1),(-2.094395102393,0.,2.094395102393,4.188790204786,
6.28318530718,8.377580409573),.UNSPECIFIED.) CURVE() 
GEOMETRIC_REPRESENTATION_ITEM() RATIONAL_B_SPLINE_CURVE((1.,0.5,1.,0.5,
1.,0.5,1.)) REPRESENTATION_ITEM('') );
#6483 = CARTESIAN_POINT('',(-2.25,0.));
#6484 = CARTESIAN_POINT('',(-2.25,3.89711431703));
#6485 = CARTESIAN_POINT('',(1.125,1.948557158515));
#6486 = CARTESIAN_POINT('',(4.5,5.510910596163E-16));
#6487 = CARTESIAN_POINT('',(1.125,-1.948557158515));
#6488 = CARTESIAN_POINT('',(-2.25,-3.89711431703));
#6489 = CARTESIAN_POINT('',(-2.25,0.));
#6490 = ( GEOMETRIC_REPRESENTATION_CONTEXT(2) 
PARAMETRIC_REPRESENTATION_CONTEXT() REPRESENTATION_CONTEXT('2D SPACE',''
  ) );
#6491 = ORIENTED_EDGE('',*,*,#6438,.F.);
#6492 = ORIENTED_EDGE('',*,*,#6402,.T.);
#6493 = ADVANCED_FACE('',(#6494,#6497),#6476,.T.);
#6494 = FACE_BOUND('',#6495,.F.);
#6495 = EDGE_LOOP('',(#6496));
#6496 = ORIENTED_EDGE('',*,*,#6461,.T.);
#6497 = FACE_BOUND('',#6498,.F.);
#6498 = EDGE_LOOP('',(#6499));
#6499 = ORIENTED_EDGE('',*,*,#6500,.F.);
#6500 = EDGE_CURVE('',#6501,#6501,#6503,.T.);
#6501 = VERTEX_POINT('',#6502);
#6502 = CARTESIAN_POINT('',(9.,-1.959434878636E-16,0.8));
#6503 = SURFACE_CURVE('',#6504,(#6509,#6520),.PCURVE_S1.);
#6504 = CIRCLE('',#6505,0.8);
#6505 = AXIS2_PLACEMENT_3D('',#6506,#6507,#6508);
#6506 = CARTESIAN_POINT('',(9.,0.,8.881784197001E-16));
#6507 = DIRECTION('',(-1.,0.,-1.110223024625E-16));
#6508 = DIRECTION('',(-1.110223024625E-16,-0.,1.));
#6509 = PCURVE('',#6476,#6510);
#6510 = DEFINITIONAL_REPRESENTATION('',(#6511),#6519);
#6511 = ( BOUNDED_CURVE() B_SPLINE_CURVE(2,(#6512,#6513,#6514,#6515,
#6516,#6517,#6518),.UNSPECIFIED.,.T.,.F.) B_SPLINE_CURVE_WITH_KNOTS((1,2
    ,2,2,2,1),(-2.094395102393,0.,2.094395102393,4.188790204786,
6.28318530718,8.377580409573),.UNSPECIFIED.) CURVE() 
GEOMETRIC_REPRESENTATION_ITEM() RATIONAL_B_SPLINE_CURVE((1.,0.5,1.,0.5,
1.,0.5,1.)) REPRESENTATION_ITEM('') );
#6512 = CARTESIAN_POINT('',(-0.8,0.));
#6513 = CARTESIAN_POINT('',(-0.8,1.385640646055));
#6514 = CARTESIAN_POINT('',(0.4,0.692820323028));
#6515 = CARTESIAN_POINT('',(1.6,1.959434878636E-16));
#6516 = CARTESIAN_POINT('',(0.4,-0.692820323028));
#6517 = CARTESIAN_POINT('',(-0.8,-1.385640646055));
#6518 = CARTESIAN_POINT('',(-0.8,0.));
#6519 = ( GEOMETRIC_REPRESENTATION_CONTEXT(2) 
PARAMETRIC_REPRESENTATION_CONTEXT() REPRESENTATION_CONTEXT('2D SPACE',''
  ) );
#6520 = PCURVE('',#6521,#6526);
#6521 = CYLINDRICAL_SURFACE('',#6522,0.8);
#6522 = AXIS2_PLACEMENT_3D('',#6523,#6524,#6525);
#6523 = CARTESIAN_POINT('',(5.9,0.,8.881784197001E-16));
#6524 = DIRECTION('',(1.,0.,1.110223024625E-16));
#6525 = DIRECTION('',(-1.110223024625E-16,-0.,1.));
#6526 = DEFINITIONAL_REPRESENTATION('',(#6527),#6531);
#6527 = LINE('',#6528,#6529);
#6528 = CARTESIAN_POINT('',(-0.,3.1));
#6529 = VECTOR('',#6530,1.);
#6530 = DIRECTION('',(-1.,0.));
#6531 = ( GEOMETRIC_REPRESENTATION_CONTEXT(2) 
PARAMETRIC_REPRESENTATION_CONTEXT() REPRESENTATION_CONTEXT('2D SPACE',''
  ) );
#6532 = ADVANCED_FACE('',(#6533),#6521,.F.);
#6533 = FACE_BOUND('',#6534,.T.);
#6534 = EDGE_LOOP('',(#6535,#6536,#6559,#6590));
#6535 = ORIENTED_EDGE('',*,*,#6500,.F.);
#6536 = ORIENTED_EDGE('',*,*,#6537,.F.);
#6537 = EDGE_CURVE('',#6538,#6501,#6540,.T.);
#6538 = VERTEX_POINT('',#6539);
#6539 = CARTESIAN_POINT('',(5.9,-1.959434878636E-16,0.8));
#6540 = SEAM_CURVE('',#6541,(#6545,#6552),.PCURVE_S1.);
#6541 = LINE('',#6542,#6543);
#6542 = CARTESIAN_POINT('',(5.9,-1.959434878636E-16,0.8));
#6543 = VECTOR('',#6544,1.);
#6544 = DIRECTION('',(1.,0.,1.110223024625E-16));
#6545 = PCURVE('',#6521,#6546);
#6546 = DEFINITIONAL_REPRESENTATION('',(#6547),#6551);
#6547 = LINE('',#6548,#6549);
#6548 = CARTESIAN_POINT('',(-6.28318530718,-0.));
#6549 = VECTOR('',#6550,1.);
#6550 = DIRECTION('',(-0.,1.));
#6551 = ( GEOMETRIC_REPRESENTATION_CONTEXT(2) 
PARAMETRIC_REPRESENTATION_CONTEXT() REPRESENTATION_CONTEXT('2D SPACE',''
  ) );
#6552 = PCURVE('',#6521,#6553);
#6553 = DEFINITIONAL_REPRESENTATION('',(#6554),#6558);
#6554 = LINE('',#6555,#6556);
#6555 = CARTESIAN_POINT('',(-0.,-0.));
#6556 = VECTOR('',#6557,1.);
#6557 = DIRECTION('',(-0.,1.));
#6558 = ( GEOMETRIC_REPRESENTATION_CONTEXT(2) 
PARAMETRIC_REPRESENTATION_CONTEXT() REPRESENTATION_CONTEXT('2D SPACE',''
  ) );
#6559 = ORIENTED_EDGE('',*,*,#6560,.T.);
#6560 = EDGE_CURVE('',#6538,#6538,#6561,.T.);
#6561 = SURFACE_CURVE('',#6562,(#6567,#6574),.PCURVE_S1.);
#6562 = CIRCLE('',#6563,0.8);
#6563 = AXIS2_PLACEMENT_3D('',#6564,#6565,#6566);
#6564 = CARTESIAN_POINT('',(5.9,0.,8.881784197001E-16));
#6565 = DIRECTION('',(-1.,0.,-1.110223024625E-16));
#6566 = DIRECTION('',(-1.110223024625E-16,-0.,1.));
#6567 = PCURVE('',#6521,#6568);
#6568 = DEFINITIONAL_REPRESENTATION('',(#6569),#6573);
#6569 = LINE('',#6570,#6571);
#6570 = CARTESIAN_POINT('',(-0.,0.));
#6571 = VECTOR('',#6572,1.);
#6572 = DIRECTION('',(-1.,0.));
#6573 = ( GEOMETRIC_REPRESENTATION_CONTEXT(2) 
PARAMETRIC_REPRESENTATION_CONTEXT() REPRESENTATION_CONTEXT('2D SPACE',''
  ) );
#6574 = PCURVE('',#6575,#6580);
#6575 = PLANE('',#6576);
#6576 = AXIS2_PLACEMENT_3D('',#6577,#6578,#6579);
#6577 = CARTESIAN_POINT('',(5.9,0.,8.881784197001E-16));
#6578 = DIRECTION('',(1.,0.,1.110223024625E-16));
#6579 = DIRECTION('',(1.110223024625E-16,0.,-1.));
#6580 = DEFINITIONAL_REPRESENTATION('',(#6581),#6589);
#6581 = ( BOUNDED_CURVE() B_SPLINE_CURVE(2,(#6582,#6583,#6584,#6585,
#6586,#6587,#6588),.UNSPECIFIED.,.T.,.F.) B_SPLINE_CURVE_WITH_KNOTS((1,2
    ,2,2,2,1),(-2.094395102393,0.,2.094395102393,4.188790204786,
6.28318530718,8.377580409573),.UNSPECIFIED.) CURVE() 
GEOMETRIC_REPRESENTATION_ITEM() RATIONAL_B_SPLINE_CURVE((1.,0.5,1.,0.5,
1.,0.5,1.)) REPRESENTATION_ITEM('') );
#6582 = CARTESIAN_POINT('',(-0.8,0.));
#6583 = CARTESIAN_POINT('',(-0.8,1.385640646055));
#6584 = CARTESIAN_POINT('',(0.4,0.692820323028));
#6585 = CARTESIAN_POINT('',(1.6,1.959434878636E-16));
#6586 = CARTESIAN_POINT('',(0.4,-0.692820323028));
#6587 = CARTESIAN_POINT('',(-0.8,-1.385640646055));
#6588 = CARTESIAN_POINT('',(-0.8,0.));
#6589 = ( GEOMETRIC_REPRESENTATION_CONTEXT(2) 
PARAMETRIC_REPRESENTATION_CONTEXT() REPRESENTATION_CONTEXT('2D SPACE',''
  ) );
#6590 = ORIENTED_EDGE('',*,*,#6537,.T.);
#6591 = ADVANCED_FACE('',(#6592),#6575,.T.);
#6592 = FACE_BOUND('',#6593,.T.);
#6593 = EDGE_LOOP('',(#6594));
#6594 = ORIENTED_EDGE('',*,*,#6560,.F.);
#6595 = ( GEOMETRIC_REPRESENTATION_CONTEXT(3) 
GLOBAL_UNCERTAINTY_ASSIGNED_CONTEXT((#6599)) 
GLOBAL_UNIT_ASSIGNED_CONTEXT((#6596,#6597,#6598)) REPRESENTATION_CONTEXT
('Context #1','3D Context with UNIT and UNCERTAINTY') );
#6596 = ( LENGTH_UNIT() NAMED_UNIT(*) SI_UNIT(.MILLI.,.METRE.) );
#6597 = ( NAMED_UNIT(*) PLANE_ANGLE_UNIT() SI_UNIT($,.RADIAN.) );
#6598 = ( NAMED_UNIT(*) SI_UNIT($,.STERADIAN.) SOLID_ANGLE_UNIT() );
#6599 = UNCERTAINTY_MEASURE_WITH_UNIT(LENGTH_MEASURE(5.E-03),#6596,
  'distance_accuracy_value','confusion accuracy');
#6600 = PRODUCT_RELATED_PRODUCT_CATEGORY('part',$,(#7));
ENDSEC;
END-ISO-10303-21;
