solid 
 facet normal -9.915024e-01  1.300882e-01 -3.022446e-04
   outer loop
     vertex -3.765252e+00  5.127164e-01 -3.107143e+00
     vertex -3.761551e+00  5.391946e-01 -3.850000e+00
     vertex -3.773332e+00  4.494054e-01 -3.850000e+00
   endloop
 endfacet
 facet normal -9.881208e-01  1.536783e-01  5.554424e-04
   outer loop
     vertex -3.747635e+00  6.286776e-01 -3.850000e+00
     vertex -3.761551e+00  5.391946e-01 -3.850000e+00
     vertex -3.765252e+00  5.127164e-01 -3.107143e+00
   endloop
 endfacet
 facet normal -9.841783e-01  1.771812e-01  6.749115e-05
   outer loop
     vertex -3.749295e+00  6.186978e-01 -1.864286e+00
     vertex -3.731589e+00  7.178036e-01 -3.850000e+00
     vertex -3.747635e+00  6.286776e-01 -3.850000e+00
   endloop
 endfacet
 facet normal -9.887259e-01  1.497364e-01 -7.424475e-05
   outer loop
     vertex -3.749295e+00  6.186978e-01 -1.864286e+00
     vertex -3.747635e+00  6.286776e-01 -3.850000e+00
     vertex -3.765252e+00  5.127164e-01 -3.107143e+00
   endloop
 endfacet
 facet normal -9.819133e-01  1.893297e-01  6.940145e-04
   outer loop
     vertex -3.718910e+00  7.808390e-01 -3.107143e+00
     vertex -3.731589e+00  7.178036e-01 -3.850000e+00
     vertex -3.749295e+00  6.186978e-01 -1.864286e+00
   endloop
 endfacet
 facet normal -9.834373e-01  1.812484e-01 -3.975251e-04
   outer loop
     vertex -3.730356e+00  7.241870e-01 -6.214286e-01
     vertex -3.718910e+00  7.808390e-01 -3.107143e+00
     vertex -3.749295e+00  6.186978e-01 -1.864286e+00
   endloop
 endfacet
 facet normal -9.766658e-01  2.147646e-01  3.975251e-04
   outer loop
     vertex -3.695410e+00  8.854068e-01 -1.864286e+00
     vertex -3.718910e+00  7.808390e-01 -3.107143e+00
     vertex -3.730356e+00  7.241870e-01 -6.214286e-01
   endloop
 endfacet
 facet normal -9.779347e-01  2.089106e-01 -3.975251e-04
   outer loop
     vertex -3.708449e+00  8.291002e-01  6.214286e-01
     vertex -3.695410e+00  8.854068e-01 -1.864286e+00
     vertex -3.730356e+00  7.241870e-01 -6.214286e-01
   endloop
 endfacet
 facet normal -9.702206e-01  2.422225e-01  3.975251e-04
   outer loop
     vertex -3.668970e+00  9.892704e-01 -6.214286e-01
     vertex -3.695410e+00  8.854068e-01 -1.864286e+00
     vertex -3.708449e+00  8.291002e-01  6.214286e-01
   endloop
 endfacet
 facet normal -9.716541e-01  2.364066e-01 -3.975251e-04
   outer loop
     vertex -3.683592e+00  9.333538e-01  1.864286e+00
     vertex -3.668970e+00  9.892704e-01 -6.214286e-01
     vertex -3.708449e+00  8.291002e-01  6.214286e-01
   endloop
 endfacet
 facet normal -9.630037e-01  2.694878e-01  3.975251e-04
   outer loop
     vertex -3.639612e+00  1.092347e+00  6.214286e-01
     vertex -3.668970e+00  9.892704e-01 -6.214286e-01
     vertex -3.683592e+00  9.333538e-01  1.864286e+00
   endloop
 endfacet
 facet normal -9.646007e-01  2.637146e-01 -3.975251e-04
   outer loop
     vertex -3.655805e+00  1.036865e+00  3.107143e+00
     vertex -3.639612e+00  1.092347e+00  6.214286e-01
     vertex -3.683592e+00  9.333538e-01  1.864286e+00
   endloop
 endfacet
 facet normal -9.550208e-01  2.965386e-01  3.975251e-04
   outer loop
     vertex -3.607359e+00  1.194555e+00  1.864286e+00
     vertex -3.639612e+00  1.092347e+00  6.214286e-01
     vertex -3.655805e+00  1.036865e+00  3.107143e+00
   endloop
 endfacet
 facet normal -9.574270e-01  2.886747e-01 -6.940145e-04
   outer loop
     vertex -3.637738e+00  1.098572e+00  3.850000e+00
     vertex -3.607359e+00  1.194555e+00  1.864286e+00
     vertex -3.655805e+00  1.036865e+00  3.107143e+00
   endloop
 endfacet
 facet normal -9.537868e-01  3.004843e-01 -6.749115e-05
   outer loop
     vertex -3.610527e+00  1.184946e+00  3.850000e+00
     vertex -3.607359e+00  1.194555e+00  1.864286e+00
     vertex -3.637738e+00  1.098572e+00  3.850000e+00
   endloop
 endfacet
 facet normal -9.450593e-01  3.268989e-01  7.424475e-05
   outer loop
     vertex -3.572236e+00  1.295812e+00  3.107143e+00
     vertex -3.607359e+00  1.194555e+00  1.864286e+00
     vertex -3.610527e+00  1.184946e+00  3.850000e+00
   endloop
 endfacet
 facet normal -9.463554e-01  3.231273e-01 -5.554424e-04
   outer loop
     vertex -3.581265e+00  1.270647e+00  3.850000e+00
     vertex -3.572236e+00  1.295812e+00  3.107143e+00
     vertex -3.610527e+00  1.184946e+00  3.850000e+00
   endloop
 endfacet
 facet normal -9.383867e-01  3.455868e-01  3.022446e-04
   outer loop
     vertex -3.549969e+00  1.355626e+00  3.850000e+00
     vertex -3.572236e+00  1.295812e+00  3.107143e+00
     vertex -3.581265e+00  1.270647e+00  3.850000e+00
   endloop
 endfacet
 facet normal -0.000000e+00  0.000000e+00  1.000000e+00
   outer loop
     vertex  2.805554e+00 -2.142169e+00  3.850000e+00
     vertex  3.122390e+00 -2.165797e+00  3.850000e+00
     vertex  3.173114e+00 -2.090777e+00  3.850000e+00
   endloop
 endfacet
 facet normal  0.000000e+00  0.000000e+00  1.000000e+00
   outer loop
     vertex  1.988301e+00 -2.922138e+00  3.850000e+00
     vertex  1.916753e+00 -3.281167e+00  3.850000e+00
     vertex  1.994398e+00 -3.234560e+00  3.850000e+00
   endloop
 endfacet
 facet normal  0.000000e+00  0.000000e+00  1.000000e+00
   outer loop
     vertex  1.988301e+00 -2.922138e+00  3.850000e+00
     vertex  1.838020e+00 -3.325911e+00  3.850000e+00
     vertex  1.916753e+00 -3.281167e+00  3.850000e+00
   endloop
 endfacet
 facet normal  0.000000e+00  0.000000e+00  1.000000e+00
   outer loop
     vertex  3.118538e+00 -1.663415e+00  3.850000e+00
     vertex  3.222035e+00 -2.014569e+00  3.850000e+00
     vertex  3.269126e+00 -1.937218e+00  3.850000e+00
   endloop
 endfacet
 facet normal  0.000000e+00  0.000000e+00  1.000000e+00
   outer loop
     vertex  3.118538e+00 -1.663415e+00  3.850000e+00
     vertex  3.173114e+00 -2.090777e+00  3.850000e+00
     vertex  3.222035e+00 -2.014569e+00  3.850000e+00
   endloop
 endfacet
 facet normal  0.000000e+00  0.000000e+00  1.000000e+00
   outer loop
     vertex  3.118538e+00 -1.663415e+00  3.850000e+00
     vertex  2.805554e+00 -2.142169e+00  3.850000e+00
     vertex  3.173114e+00 -2.090777e+00  3.850000e+00
   endloop
 endfacet
 facet normal -0.000000e+00  0.000000e+00  1.000000e+00
   outer loop
     vertex  2.597889e+00 -2.103182e+00  3.850000e+00
     vertex  2.805554e+00 -2.142169e+00  3.850000e+00
     vertex  3.118538e+00 -1.663415e+00  3.850000e+00
   endloop
 endfacet
 facet normal -0.000000e+00  0.000000e+00  1.000000e+00
   outer loop
     vertex  1.488679e+00 -3.200602e+00  3.850000e+00
     vertex  1.838020e+00 -3.325911e+00  3.850000e+00
     vertex  1.988301e+00 -2.922138e+00  3.850000e+00
   endloop
 endfacet
 facet normal  0.000000e+00  0.000000e+00  1.000000e+00
   outer loop
     vertex  1.488679e+00 -3.200602e+00  3.850000e+00
     vertex  1.758243e+00 -3.368765e+00  3.850000e+00
     vertex  1.838020e+00 -3.325911e+00  3.850000e+00
   endloop
 endfacet
 facet normal  0.000000e+00  0.000000e+00  1.000000e+00
   outer loop
     vertex  2.371905e+00 -2.024139e+00  3.850000e+00
     vertex  2.453152e+00 -2.070308e+00  3.850000e+00
     vertex  2.597889e+00 -2.103182e+00  3.850000e+00
   endloop
 endfacet
 facet normal  0.000000e+00  0.000000e+00  1.000000e+00
   outer loop
     vertex  2.371905e+00 -2.024139e+00  3.850000e+00
     vertex  2.399194e+00 -2.045104e+00  3.850000e+00
     vertex  2.453152e+00 -2.070308e+00  3.850000e+00
   endloop
 endfacet
 facet normal -0.000000e+00  0.000000e+00  1.000000e+00
   outer loop
     vertex  1.322919e+00 -3.069574e+00  3.850000e+00
     vertex  1.488679e+00 -3.200602e+00  3.850000e+00
     vertex  1.988301e+00 -2.922138e+00  3.850000e+00
   endloop
 endfacet
 facet normal  0.000000e+00  0.000000e+00  1.000000e+00
   outer loop
     vertex  1.322919e+00 -3.069574e+00  3.850000e+00
     vertex  1.988301e+00 -2.922138e+00  3.850000e+00
     vertex  1.946187e+00 -2.611791e+00  3.850000e+00
   endloop
 endfacet
 facet normal  0.000000e+00  0.000000e+00  1.000000e+00
   outer loop
     vertex  1.886913e+00 -2.469837e+00  3.850000e+00
     vertex  1.916608e+00 -2.512898e+00  3.850000e+00
     vertex  1.903586e+00 -2.491107e+00  3.850000e+00
   endloop
 endfacet
 facet normal  0.000000e+00  0.000000e+00  1.000000e+00
   outer loop
     vertex  1.886913e+00 -2.469837e+00  3.850000e+00
     vertex  1.929795e+00 -2.544141e+00  3.850000e+00
     vertex  1.916608e+00 -2.512898e+00  3.850000e+00
   endloop
 endfacet
 facet normal  0.000000e+00  0.000000e+00  1.000000e+00
   outer loop
     vertex  1.886913e+00 -2.469837e+00  3.850000e+00
     vertex  1.946187e+00 -2.611791e+00  3.850000e+00
     vertex  1.929795e+00 -2.544141e+00  3.850000e+00
   endloop
 endfacet
 facet normal  0.000000e+00  0.000000e+00  1.000000e+00
   outer loop
     vertex  2.937023e+00 -1.408188e+00  3.850000e+00
     vertex  2.597889e+00 -2.103182e+00  3.850000e+00
     vertex  3.118538e+00 -1.663415e+00  3.850000e+00
   endloop
 endfacet
 facet normal  0.000000e+00  0.000000e+00  1.000000e+00
   outer loop
     vertex  2.263601e+00 -1.909309e+00  3.850000e+00
     vertex  2.371905e+00 -2.024139e+00  3.850000e+00
     vertex  2.597889e+00 -2.103182e+00  3.850000e+00
   endloop
 endfacet
 facet normal -0.000000e+00  0.000000e+00  1.000000e+00
   outer loop
     vertex  2.263601e+00 -1.909309e+00  3.850000e+00
     vertex  2.597889e+00 -2.103182e+00  3.850000e+00
     vertex  2.937023e+00 -1.408188e+00  3.850000e+00
   endloop
 endfacet
 facet normal  0.000000e+00  0.000000e+00  1.000000e+00
   outer loop
     vertex  2.818568e+00 -1.310040e+00  3.850000e+00
     vertex  2.864874e+00 -1.334369e+00  3.850000e+00
     vertex  2.843217e+00 -1.321125e+00  3.850000e+00
   endloop
 endfacet
 facet normal  0.000000e+00  0.000000e+00  1.000000e+00
   outer loop
     vertex  2.818568e+00 -1.310040e+00  3.850000e+00
     vertex  2.891070e+00 -1.355904e+00  3.850000e+00
     vertex  2.864874e+00 -1.334369e+00  3.850000e+00
   endloop
 endfacet
 facet normal  0.000000e+00  0.000000e+00  1.000000e+00
   outer loop
     vertex  2.818568e+00 -1.310040e+00  3.850000e+00
     vertex  2.937023e+00 -1.408188e+00  3.850000e+00
     vertex  2.891070e+00 -1.355904e+00  3.850000e+00
   endloop
 endfacet
 facet normal  0.000000e+00  0.000000e+00  1.000000e+00
   outer loop
     vertex  2.818568e+00 -1.310040e+00  3.850000e+00
     vertex  2.263601e+00 -1.909309e+00  3.850000e+00
     vertex  2.937023e+00 -1.408188e+00  3.850000e+00
   endloop
 endfacet
 facet normal  0.000000e+00  0.000000e+00  1.000000e+00
   outer loop
     vertex  3.479711e+00 -5.929902e-01  3.850000e+00
     vertex  3.771236e+00 -4.666710e-01  3.850000e+00
     vertex  3.781285e+00 -3.766716e-01  3.850000e+00
   endloop
 endfacet
 facet normal  0.000000e+00  0.000000e+00  1.000000e+00
   outer loop
     vertex  1.159553e+00 -2.894565e+00  3.850000e+00
     vertex  1.210039e+00 -2.973203e+00  3.850000e+00
     vertex  1.322919e+00 -3.069574e+00  3.850000e+00
   endloop
 endfacet
 facet normal  0.000000e+00  0.000000e+00  1.000000e+00
   outer loop
     vertex  1.159553e+00 -2.894565e+00  3.850000e+00
     vertex  1.173973e+00 -2.925811e+00  3.850000e+00
     vertex  1.210039e+00 -2.973203e+00  3.850000e+00
   endloop
 endfacet
 facet normal  0.000000e+00  0.000000e+00  1.000000e+00
   outer loop
     vertex  2.668609e+00 -1.258276e+00  3.850000e+00
     vertex  2.263601e+00 -1.909309e+00  3.850000e+00
     vertex  2.818568e+00 -1.310040e+00  3.850000e+00
   endloop
 endfacet
 facet normal  0.000000e+00  0.000000e+00  1.000000e+00
   outer loop
     vertex  2.668609e+00 -1.258276e+00  3.850000e+00
     vertex  2.127206e+00 -1.822450e+00  3.850000e+00
     vertex  2.263601e+00 -1.909309e+00  3.850000e+00
   endloop
 endfacet
 facet normal  0.000000e+00  0.000000e+00  1.000000e+00
   outer loop
     vertex  4.025679e-01 -3.511434e+00  3.850000e+00
     vertex  1.723665e-01 -3.796089e+00  3.850000e+00
     vertex  2.627767e-01 -3.790903e+00  3.850000e+00
   endloop
 endfacet
 facet normal  0.000000e+00  0.000000e+00  1.000000e+00
   outer loop
     vertex  8.185837e-02 -3.799118e+00  3.850000e+00
     vertex  1.723665e-01 -3.796089e+00  3.850000e+00
     vertex  4.025679e-01 -3.511434e+00  3.850000e+00
   endloop
 endfacet
 facet normal -0.000000e+00  0.000000e+00  1.000000e+00
   outer loop
     vertex  1.117019e+00 -2.742557e+00  3.850000e+00
     vertex  1.322919e+00 -3.069574e+00  3.850000e+00
     vertex  1.946187e+00 -2.611791e+00  3.850000e+00
   endloop
 endfacet
 facet normal  0.000000e+00  0.000000e+00  1.000000e+00
   outer loop
     vertex  1.117019e+00 -2.742557e+00  3.850000e+00
     vertex  1.946187e+00 -2.611791e+00  3.850000e+00
     vertex  1.886913e+00 -2.469837e+00  3.850000e+00
   endloop
 endfacet
 facet normal  0.000000e+00  0.000000e+00  1.000000e+00
   outer loop
     vertex  1.117019e+00 -2.742557e+00  3.850000e+00
     vertex  1.886913e+00 -2.469837e+00  3.850000e+00
     vertex  1.778186e+00 -2.354312e+00  3.850000e+00
   endloop
 endfacet
 facet normal  0.000000e+00  0.000000e+00  1.000000e+00
   outer loop
     vertex  1.117019e+00 -2.742557e+00  3.850000e+00
     vertex  1.159553e+00 -2.894565e+00  3.850000e+00
     vertex  1.322919e+00 -3.069574e+00  3.850000e+00
   endloop
 endfacet
 facet normal -0.000000e+00  0.000000e+00  1.000000e+00
   outer loop
     vertex  3.040879e+00 -6.900059e-01  3.850000e+00
     vertex  3.134277e+00 -6.931297e-01  3.850000e+00
     vertex  3.277715e+00 -6.549754e-01  3.850000e+00
   endloop
 endfacet
 facet normal  0.000000e+00  0.000000e+00  1.000000e+00
   outer loop
     vertex  3.040879e+00 -6.900059e-01  3.850000e+00
     vertex  3.074785e+00 -6.958889e-01  3.850000e+00
     vertex  3.134277e+00 -6.931297e-01  3.850000e+00
   endloop
 endfacet
 facet normal -0.000000e+00  0.000000e+00  1.000000e+00
   outer loop
     vertex  1.036612e+00 -2.602261e+00  3.850000e+00
     vertex  1.117019e+00 -2.742557e+00  3.850000e+00
     vertex  1.778186e+00 -2.354312e+00  3.850000e+00
   endloop
 endfacet
 facet normal  0.000000e+00  0.000000e+00  1.000000e+00
   outer loop
     vertex  5.229878e-01 -3.063824e+00  3.850000e+00
     vertex  5.292700e-01 -3.115753e+00  3.850000e+00
     vertex  5.278669e-01 -3.090407e+00  3.850000e+00
   endloop
 endfacet
 facet normal  0.000000e+00  0.000000e+00  1.000000e+00
   outer loop
     vertex  5.229878e-01 -3.063824e+00  3.850000e+00
     vertex  5.264273e-01 -3.149545e+00  3.850000e+00
     vertex  5.292700e-01 -3.115753e+00  3.850000e+00
   endloop
 endfacet
 facet normal  0.000000e+00  0.000000e+00  1.000000e+00
   outer loop
     vertex  5.229878e-01 -3.063824e+00  3.850000e+00
     vertex  5.095029e-01 -3.217064e+00  3.850000e+00
     vertex  5.264273e-01 -3.149545e+00  3.850000e+00
   endloop
 endfacet
 facet normal  0.000000e+00  0.000000e+00  1.000000e+00
   outer loop
     vertex  3.534356e+00 -2.362388e-02  3.850000e+00
     vertex  3.789187e+00 -2.864582e-01  3.850000e+00
     vertex  3.794938e+00 -1.960822e-01  3.850000e+00
   endloop
 endfacet
 facet normal  0.000000e+00  0.000000e+00  1.000000e+00
   outer loop
     vertex  3.534356e+00 -2.362388e-02  3.850000e+00
     vertex  3.781285e+00 -3.766716e-01  3.850000e+00
     vertex  3.789187e+00 -2.864582e-01  3.850000e+00
   endloop
 endfacet
 facet normal  0.000000e+00  0.000000e+00  1.000000e+00
   outer loop
     vertex  3.534356e+00 -2.362388e-02  3.850000e+00
     vertex  3.277715e+00 -6.549754e-01  3.850000e+00
     vertex  3.479711e+00 -5.929902e-01  3.850000e+00
   endloop
 endfacet
 facet normal  0.000000e+00  0.000000e+00  1.000000e+00
   outer loop
     vertex  3.534356e+00 -2.362388e-02  3.850000e+00
     vertex  3.479711e+00 -5.929902e-01  3.850000e+00
     vertex  3.781285e+00 -3.766716e-01  3.850000e+00
   endloop
 endfacet
 facet normal  0.000000e+00  0.000000e+00  1.000000e+00
   outer loop
     vertex  1.542572e+00 -1.947623e+00  3.850000e+00
     vertex  1.036612e+00 -2.602261e+00  3.850000e+00
     vertex  1.778186e+00 -2.354312e+00  3.850000e+00
   endloop
 endfacet
 facet normal -0.000000e+00  0.000000e+00  1.000000e+00
   outer loop
     vertex -1.692331e-01 -3.525818e+00  3.850000e+00
     vertex  8.185837e-02 -3.799118e+00  3.850000e+00
     vertex  4.025679e-01 -3.511434e+00  3.850000e+00
   endloop
 endfacet
 facet normal  0.000000e+00  0.000000e+00  1.000000e+00
   outer loop
     vertex -1.692331e-01 -3.525818e+00  3.850000e+00
     vertex -8.696213e-03 -3.799990e+00  3.850000e+00
     vertex  8.185837e-02 -3.799118e+00  3.850000e+00
   endloop
 endfacet
 facet normal  0.000000e+00  0.000000e+00  1.000000e+00
   outer loop
     vertex  2.270985e+00 -1.007665e+00  3.850000e+00
     vertex  1.861670e+00 -1.645280e+00  3.850000e+00
     vertex  2.127206e+00 -1.822450e+00  3.850000e+00
   endloop
 endfacet
 facet normal  0.000000e+00  0.000000e+00  1.000000e+00
   outer loop
     vertex  2.270985e+00 -1.007665e+00  3.850000e+00
     vertex  2.127206e+00 -1.822450e+00  3.850000e+00
     vertex  2.668609e+00 -1.258276e+00  3.850000e+00
   endloop
 endfacet
 facet normal -0.000000e+00  0.000000e+00  1.000000e+00
   outer loop
     vertex  8.838271e-01 -2.321984e+00  3.850000e+00
     vertex  1.036612e+00 -2.602261e+00  3.850000e+00
     vertex  1.542572e+00 -1.947623e+00  3.850000e+00
   endloop
 endfacet
 facet normal  0.000000e+00  0.000000e+00  1.000000e+00
   outer loop
     vertex  3.255022e+00  1.180138e-01  3.850000e+00
     vertex  3.277715e+00 -6.549754e-01  3.850000e+00
     vertex  3.534356e+00 -2.362388e-02  3.850000e+00
   endloop
 endfacet
 facet normal  0.000000e+00  0.000000e+00  1.000000e+00
   outer loop
     vertex  3.255022e+00  1.180138e-01  3.850000e+00
     vertex  2.890686e+00 -6.384651e-01  3.850000e+00
     vertex  3.040879e+00 -6.900059e-01  3.850000e+00
   endloop
 endfacet
 facet normal  0.000000e+00  0.000000e+00  1.000000e+00
   outer loop
     vertex  3.255022e+00  1.180138e-01  3.850000e+00
     vertex  3.040879e+00 -6.900059e-01  3.850000e+00
     vertex  3.277715e+00 -6.549754e-01  3.850000e+00
   endloop
 endfacet
 facet normal -0.000000e+00  0.000000e+00  1.000000e+00
   outer loop
     vertex -2.551140e-01 -3.332768e+00  3.850000e+00
     vertex  4.025679e-01 -3.511434e+00  3.850000e+00
     vertex  5.095029e-01 -3.217064e+00  3.850000e+00
   endloop
 endfacet
 facet normal  0.000000e+00  0.000000e+00  1.000000e+00
   outer loop
     vertex -2.551140e-01 -3.332768e+00  3.850000e+00
     vertex -1.692331e-01 -3.525818e+00  3.850000e+00
     vertex  4.025679e-01 -3.511434e+00  3.850000e+00
   endloop
 endfacet
 facet normal -0.000000e+00  0.000000e+00  1.000000e+00
   outer loop
     vertex  3.104524e+00  1.498715e-01  3.850000e+00
     vertex  3.156832e+00  1.498486e-01  3.850000e+00
     vertex  3.131501e+00  1.515108e-01  3.850000e+00
   endloop
 endfacet
 facet normal  0.000000e+00  0.000000e+00  1.000000e+00
   outer loop
     vertex  3.104524e+00  1.498715e-01  3.850000e+00
     vertex  3.190035e+00  1.429533e-01  3.850000e+00
     vertex  3.156832e+00  1.498486e-01  3.850000e+00
   endloop
 endfacet
 facet normal  0.000000e+00  0.000000e+00  1.000000e+00
   outer loop
     vertex  3.104524e+00  1.498715e-01  3.850000e+00
     vertex  3.255022e+00  1.180138e-01  3.850000e+00
     vertex  3.190035e+00  1.429533e-01  3.850000e+00
   endloop
 endfacet
 facet normal  0.000000e+00  0.000000e+00  1.000000e+00
   outer loop
     vertex  3.104524e+00  1.498715e-01  3.850000e+00
     vertex  2.890686e+00 -6.384651e-01  3.850000e+00
     vertex  3.255022e+00  1.180138e-01  3.850000e+00
   endloop
 endfacet
 facet normal -0.000000e+00  0.000000e+00  1.000000e+00
   outer loop
     vertex  2.947686e+00  1.260162e-01  3.850000e+00
     vertex  2.890686e+00 -6.384651e-01  3.850000e+00
     vertex  3.104524e+00  1.498715e-01  3.850000e+00
   endloop
 endfacet
 facet normal  0.000000e+00  0.000000e+00  1.000000e+00
   outer loop
     vertex  2.947686e+00  1.260162e-01  3.850000e+00
     vertex  2.730481e+00 -6.251376e-01  3.850000e+00
     vertex  2.890686e+00 -6.384651e-01  3.850000e+00
   endloop
 endfacet
 facet normal  0.000000e+00  0.000000e+00  1.000000e+00
   outer loop
     vertex -3.184370e-01 -3.101875e+00  3.850000e+00
     vertex -2.551140e-01 -3.332768e+00  3.850000e+00
     vertex  5.095029e-01 -3.217064e+00  3.850000e+00
   endloop
 endfacet
 facet normal  0.000000e+00  0.000000e+00  1.000000e+00
   outer loop
     vertex -3.184370e-01 -3.101875e+00  3.850000e+00
     vertex -3.102812e-01 -3.194970e+00  3.850000e+00
     vertex -2.551140e-01 -3.332768e+00  3.850000e+00
   endloop
 endfacet
 facet normal  0.000000e+00  0.000000e+00  1.000000e+00
   outer loop
     vertex -3.184370e-01 -3.101875e+00  3.850000e+00
     vertex -3.201908e-01 -3.136243e+00  3.850000e+00
     vertex -3.102812e-01 -3.194970e+00  3.850000e+00
   endloop
 endfacet
 facet normal  0.000000e+00  0.000000e+00  1.000000e+00
   outer loop
     vertex -2.853786e-01 -2.946594e+00  3.850000e+00
     vertex -3.184370e-01 -3.101875e+00  3.850000e+00
     vertex  5.095029e-01 -3.217064e+00  3.850000e+00
   endloop
 endfacet
 facet normal -0.000000e+00  0.000000e+00  1.000000e+00
   outer loop
     vertex -2.853786e-01 -2.946594e+00  3.850000e+00
     vertex  5.229878e-01 -3.063824e+00  3.850000e+00
     vertex  4.804016e-01 -2.911004e+00  3.850000e+00
   endloop
 endfacet
 facet normal  0.000000e+00  0.000000e+00  1.000000e+00
   outer loop
     vertex -2.853786e-01 -2.946594e+00  3.850000e+00
     vertex  5.095029e-01 -3.217064e+00  3.850000e+00
     vertex  5.229878e-01 -3.063824e+00  3.850000e+00
   endloop
 endfacet
 facet normal  0.000000e+00  0.000000e+00  1.000000e+00
   outer loop
     vertex -2.914567e-01 -2.785923e+00  3.850000e+00
     vertex -2.853786e-01 -2.946594e+00  3.850000e+00
     vertex  4.804016e-01 -2.911004e+00  3.850000e+00
   endloop
 endfacet
 facet normal -0.000000e+00  0.000000e+00  1.000000e+00
   outer loop
     vertex -2.914567e-01 -2.785923e+00  3.850000e+00
     vertex  4.804016e-01 -2.911004e+00  3.850000e+00
     vertex  4.607744e-01 -2.441403e+00  3.850000e+00
   endloop
 endfacet
 facet normal -0.000000e+00  0.000000e+00  1.000000e+00
   outer loop
     vertex  1.250000e+00 -1.224745e+00  3.850000e+00
     vertex  1.861670e+00 -1.645280e+00  3.850000e+00
     vertex  2.270985e+00 -1.007665e+00  3.850000e+00
   endloop
 endfacet
 facet normal  0.000000e+00  0.000000e+00  1.000000e+00
   outer loop
     vertex  1.250000e+00 -1.224745e+00  3.850000e+00
     vertex  2.270985e+00 -1.007665e+00  3.850000e+00
     vertex  2.413027e+00 -5.916620e-01  3.850000e+00
   endloop
 endfacet
 facet normal  0.000000e+00  0.000000e+00  1.000000e+00
   outer loop
     vertex  1.250000e+00 -1.224745e+00  3.850000e+00
     vertex  1.542572e+00 -1.947623e+00  3.850000e+00
     vertex  1.861670e+00 -1.645280e+00  3.850000e+00
   endloop
 endfacet
 facet normal -0.000000e+00  0.000000e+00  1.000000e+00
   outer loop
     vertex  1.060396e+00 -1.392142e+00  3.850000e+00
     vertex  1.542572e+00 -1.947623e+00  3.850000e+00
     vertex  1.250000e+00 -1.224745e+00  3.850000e+00
   endloop
 endfacet
 facet normal -0.000000e+00  0.000000e+00  1.000000e+00
   outer loop
     vertex  8.486423e-01 -1.530459e+00  3.850000e+00
     vertex  1.542572e+00 -1.947623e+00  3.850000e+00
     vertex  1.060396e+00 -1.392142e+00  3.850000e+00
   endloop
 endfacet
 facet normal  0.000000e+00  0.000000e+00  1.000000e+00
   outer loop
     vertex  8.486423e-01 -1.530459e+00  3.850000e+00
     vertex  8.838271e-01 -2.321984e+00  3.850000e+00
     vertex  1.542572e+00 -1.947623e+00  3.850000e+00
   endloop
 endfacet
 facet normal  0.000000e+00  0.000000e+00  1.000000e+00
   outer loop
     vertex  2.479143e+00  1.631362e-01  3.850000e+00
     vertex  2.730481e+00 -6.251376e-01  3.850000e+00
     vertex  2.947686e+00  1.260162e-01  3.850000e+00
   endloop
 endfacet
 facet normal  0.000000e+00  0.000000e+00  1.000000e+00
   outer loop
     vertex  2.479143e+00  1.631362e-01  3.850000e+00
     vertex  2.413027e+00 -5.916620e-01  3.850000e+00
     vertex  2.730481e+00 -6.251376e-01  3.850000e+00
   endloop
 endfacet
 facet normal  0.000000e+00  0.000000e+00  1.000000e+00
   outer loop
     vertex  2.479143e+00  1.631362e-01  3.850000e+00
     vertex  1.250000e+00 -1.224745e+00  3.850000e+00
     vertex  2.413027e+00 -5.916620e-01  3.850000e+00
   endloop
 endfacet
 facet normal -0.000000e+00  0.000000e+00  1.000000e+00
   outer loop
     vertex  6.191613e-01 -1.636808e+00  3.850000e+00
     vertex  8.838271e-01 -2.321984e+00  3.850000e+00
     vertex  8.486423e-01 -1.530459e+00  3.850000e+00
   endloop
 endfacet
 facet normal  0.000000e+00  0.000000e+00  1.000000e+00
   outer loop
     vertex  3.013229e+00  8.021977e-01  3.850000e+00
     vertex  3.097379e+00  8.428361e-01  3.850000e+00
     vertex  3.206654e+00  9.432770e-01  3.850000e+00
   endloop
 endfacet
 facet normal  0.000000e+00  0.000000e+00  1.000000e+00
   outer loop
     vertex  3.013229e+00  8.021977e-01  3.850000e+00
     vertex  3.045985e+00  8.127460e-01  3.850000e+00
     vertex  3.097379e+00  8.428361e-01  3.850000e+00
   endloop
 endfacet
 facet normal -0.000000e+00  0.000000e+00  1.000000e+00
   outer loop
     vertex -2.964899e-01 -2.466750e+00  3.850000e+00
     vertex -2.914567e-01 -2.785923e+00  3.850000e+00
     vertex  4.607744e-01 -2.441403e+00  3.850000e+00
   endloop
 endfacet
 facet normal  0.000000e+00  0.000000e+00  1.000000e+00
   outer loop
     vertex  3.523210e+00  1.423725e+00  3.850000e+00
     vertex  3.356707e+00  1.092035e+00  3.850000e+00
     vertex  3.556136e+00  1.339364e+00  3.850000e+00
   endloop
 endfacet
 facet normal -0.000000e+00  0.000000e+00  1.000000e+00
   outer loop
     vertex  3.767470e-01 -1.708965e+00  3.850000e+00
     vertex  8.838271e-01 -2.321984e+00  3.850000e+00
     vertex  6.191613e-01 -1.636808e+00  3.850000e+00
   endloop
 endfacet
 facet normal  0.000000e+00  0.000000e+00  1.000000e+00
   outer loop
     vertex  3.767470e-01 -1.708965e+00  3.850000e+00
     vertex  4.607744e-01 -2.441403e+00  3.850000e+00
     vertex  8.838271e-01 -2.321984e+00  3.850000e+00
   endloop
 endfacet
 facet normal  0.000000e+00  0.000000e+00  1.000000e+00
   outer loop
     vertex  2.857203e+00  7.782960e-01  3.850000e+00
     vertex  3.013229e+00  8.021977e-01  3.850000e+00
     vertex  3.206654e+00  9.432770e-01  3.850000e+00
   endloop
 endfacet
 facet normal  0.000000e+00  0.000000e+00  1.000000e+00
   outer loop
     vertex -9.607472e-01 -2.955926e+00  3.850000e+00
     vertex -9.793171e-01 -3.004826e+00  3.850000e+00
     vertex -9.687806e-01 -2.981731e+00  3.850000e+00
   endloop
 endfacet
 facet normal  0.000000e+00  0.000000e+00  1.000000e+00
   outer loop
     vertex -9.607472e-01 -2.955926e+00  3.850000e+00
     vertex -9.975384e-01 -3.033427e+00  3.850000e+00
     vertex -9.793171e-01 -3.004826e+00  3.850000e+00
   endloop
 endfacet
 facet normal  0.000000e+00  0.000000e+00  1.000000e+00
   outer loop
     vertex -9.607472e-01 -2.955926e+00  3.850000e+00
     vertex -1.043902e+00 -3.085347e+00  3.850000e+00
     vertex -9.975384e-01 -3.033427e+00  3.850000e+00
   endloop
 endfacet
 facet normal -0.000000e+00  0.000000e+00  1.000000e+00
   outer loop
     vertex  1.264629e-01 -1.745425e+00  3.850000e+00
     vertex  4.607744e-01 -2.441403e+00  3.850000e+00
     vertex  3.767470e-01 -1.708965e+00  3.850000e+00
   endloop
 endfacet
 facet normal  0.000000e+00  0.000000e+00  1.000000e+00
   outer loop
     vertex  1.264629e-01 -1.745425e+00  3.850000e+00
     vertex -2.964899e-01 -2.466750e+00  3.850000e+00
     vertex  4.607744e-01 -2.441403e+00  3.850000e+00
   endloop
 endfacet
 facet normal -0.000000e+00  0.000000e+00  1.000000e+00
   outer loop
     vertex -1.611507e+00 -3.441372e+00  3.850000e+00
     vertex -1.529043e+00 -3.478797e+00  3.850000e+00
     vertex -1.275389e+00 -3.296303e+00  3.850000e+00
   endloop
 endfacet
 facet normal -0.000000e+00  0.000000e+00  1.000000e+00
   outer loop
     vertex -1.693056e+00 -3.401994e+00  3.850000e+00
     vertex -1.611507e+00 -3.441372e+00  3.850000e+00
     vertex -1.275389e+00 -3.296303e+00  3.850000e+00
   endloop
 endfacet
 facet normal  0.000000e+00  0.000000e+00  1.000000e+00
   outer loop
     vertex -1.264629e-01 -1.745425e+00  3.850000e+00
     vertex -2.964899e-01 -2.466750e+00  3.850000e+00
     vertex  1.264629e-01 -1.745425e+00  3.850000e+00
   endloop
 endfacet
 facet normal  0.000000e+00  0.000000e+00  1.000000e+00
   outer loop
     vertex  3.140495e+00  1.621579e+00  3.850000e+00
     vertex  3.356707e+00  1.092035e+00  3.850000e+00
     vertex  3.523210e+00  1.423725e+00  3.850000e+00
   endloop
 endfacet
 facet normal  0.000000e+00  0.000000e+00  1.000000e+00
   outer loop
     vertex  3.140495e+00  1.621579e+00  3.850000e+00
     vertex  3.488283e+00  1.507277e+00  3.850000e+00
     vertex  3.451374e+00  1.589973e+00  3.850000e+00
   endloop
 endfacet
 facet normal  0.000000e+00  0.000000e+00  1.000000e+00
   outer loop
     vertex  3.140495e+00  1.621579e+00  3.850000e+00
     vertex  3.523210e+00  1.423725e+00  3.850000e+00
     vertex  3.488283e+00  1.507277e+00  3.850000e+00
   endloop
 endfacet
 facet normal  0.000000e+00  0.000000e+00  1.000000e+00
   outer loop
     vertex  3.140495e+00  1.621579e+00  3.850000e+00
     vertex  3.206654e+00  9.432770e-01  3.850000e+00
     vertex  3.356707e+00  1.092035e+00  3.850000e+00
   endloop
 endfacet
 facet normal  0.000000e+00  0.000000e+00  1.000000e+00
   outer loop
     vertex -3.767470e-01 -1.708965e+00  3.850000e+00
     vertex -2.964899e-01 -2.466750e+00  3.850000e+00
     vertex -1.264629e-01 -1.745425e+00  3.850000e+00
   endloop
 endfacet
 facet normal  0.000000e+00  0.000000e+00  1.000000e+00
   outer loop
     vertex -3.767470e-01 -1.708965e+00  3.850000e+00
     vertex -7.265811e-01 -2.375888e+00  3.850000e+00
     vertex -2.964899e-01 -2.466750e+00  3.850000e+00
   endloop
 endfacet
 facet normal  0.000000e+00  0.000000e+00  1.000000e+00
   outer loop
     vertex -1.788378e+00 -3.043308e+00  3.850000e+00
     vertex -1.693056e+00 -3.401994e+00  3.850000e+00
     vertex -1.275389e+00 -3.296303e+00  3.850000e+00
   endloop
 endfacet
 facet normal  0.000000e+00  0.000000e+00  1.000000e+00
   outer loop
     vertex -1.788378e+00 -3.043308e+00  3.850000e+00
     vertex -1.773644e+00 -3.360683e+00  3.850000e+00
     vertex -1.693056e+00 -3.401994e+00  3.850000e+00
   endloop
 endfacet
 facet normal  0.000000e+00  0.000000e+00  1.000000e+00
   outer loop
     vertex  2.827335e+00  1.617180e+00  3.850000e+00
     vertex  2.857203e+00  7.782960e-01  3.850000e+00
     vertex  3.206654e+00  9.432770e-01  3.850000e+00
   endloop
 endfacet
 facet normal -0.000000e+00  0.000000e+00  1.000000e+00
   outer loop
     vertex  2.827335e+00  1.617180e+00  3.850000e+00
     vertex  3.206654e+00  9.432770e-01  3.850000e+00
     vertex  3.140495e+00  1.621579e+00  3.850000e+00
   endloop
 endfacet
 facet normal  0.000000e+00  0.000000e+00  1.000000e+00
   outer loop
     vertex  2.679271e+00  1.575449e+00  3.850000e+00
     vertex  2.725598e+00  1.599737e+00  3.850000e+00
     vertex  2.702396e+00  1.589437e+00  3.850000e+00
   endloop
 endfacet
 facet normal  0.000000e+00  0.000000e+00  1.000000e+00
   outer loop
     vertex  2.679271e+00  1.575449e+00  3.850000e+00
     vertex  2.758202e+00  1.609062e+00  3.850000e+00
     vertex  2.725598e+00  1.599737e+00  3.850000e+00
   endloop
 endfacet
 facet normal  0.000000e+00  0.000000e+00  1.000000e+00
   outer loop
     vertex  2.679271e+00  1.575449e+00  3.850000e+00
     vertex  2.827335e+00  1.617180e+00  3.850000e+00
     vertex  2.758202e+00  1.609062e+00  3.850000e+00
   endloop
 endfacet
 facet normal -0.000000e+00  0.000000e+00  1.000000e+00
   outer loop
     vertex  2.679271e+00  1.575449e+00  3.850000e+00
     vertex  2.857203e+00  7.782960e-01  3.850000e+00
     vertex  2.827335e+00  1.617180e+00  3.850000e+00
   endloop
 endfacet
 facet normal -0.000000e+00  0.000000e+00  1.000000e+00
   outer loop
     vertex  2.551483e+00  1.481440e+00  3.850000e+00
     vertex  2.857203e+00  7.782960e-01  3.850000e+00
     vertex  2.679271e+00  1.575449e+00  3.850000e+00
   endloop
 endfacet
 facet normal  0.000000e+00  0.000000e+00  1.000000e+00
   outer loop
     vertex  2.551483e+00  1.481440e+00  3.850000e+00
     vertex  2.708238e+00  7.153863e-01  3.850000e+00
     vertex  2.857203e+00  7.782960e-01  3.850000e+00
   endloop
 endfacet
 facet normal  0.000000e+00  0.000000e+00  1.000000e+00
   outer loop
     vertex -1.774706e+00 -2.832458e+00  3.850000e+00
     vertex -1.788378e+00 -3.043308e+00  3.850000e+00
     vertex -1.275389e+00 -3.296303e+00  3.850000e+00
   endloop
 endfacet
 facet normal  0.000000e+00  0.000000e+00  1.000000e+00
   outer loop
     vertex -1.774706e+00 -2.832458e+00  3.850000e+00
     vertex -1.275389e+00 -3.296303e+00  3.850000e+00
     vertex -1.043902e+00 -3.085347e+00  3.850000e+00
   endloop
 endfacet
 facet normal  0.000000e+00  0.000000e+00  1.000000e+00
   outer loop
     vertex -6.191613e-01 -1.636808e+00  3.850000e+00
     vertex -7.265811e-01 -2.375888e+00  3.850000e+00
     vertex -3.767470e-01 -1.708965e+00  3.850000e+00
   endloop
 endfacet
 facet normal  0.000000e+00  0.000000e+00  1.000000e+00
   outer loop
     vertex -1.723479e+00 -2.598594e+00  3.850000e+00
     vertex -1.759518e+00 -2.684814e+00  3.850000e+00
     vertex -1.774706e+00 -2.832458e+00  3.850000e+00
   endloop
 endfacet
 facet normal  0.000000e+00  0.000000e+00  1.000000e+00
   outer loop
     vertex -1.723479e+00 -2.598594e+00  3.850000e+00
     vertex -1.741002e+00 -2.628211e+00  3.850000e+00
     vertex -1.759518e+00 -2.684814e+00  3.850000e+00
   endloop
 endfacet
 facet normal  0.000000e+00  0.000000e+00  1.000000e+00
   outer loop
     vertex -1.622541e+00 -2.477239e+00  3.850000e+00
     vertex -1.774706e+00 -2.832458e+00  3.850000e+00
     vertex -1.043902e+00 -3.085347e+00  3.850000e+00
   endloop
 endfacet
 facet normal  0.000000e+00  0.000000e+00  1.000000e+00
   outer loop
     vertex -1.622541e+00 -2.477239e+00  3.850000e+00
     vertex -1.723479e+00 -2.598594e+00  3.850000e+00
     vertex -1.774706e+00 -2.832458e+00  3.850000e+00
   endloop
 endfacet
 facet normal  0.000000e+00  0.000000e+00  1.000000e+00
   outer loop
     vertex -1.622541e+00 -2.477239e+00  3.850000e+00
     vertex -9.607472e-01 -2.955926e+00  3.850000e+00
     vertex -9.274365e-01 -2.800820e+00  3.850000e+00
   endloop
 endfacet
 facet normal  0.000000e+00  0.000000e+00  1.000000e+00
   outer loop
     vertex -1.622541e+00 -2.477239e+00  3.850000e+00
     vertex -1.043902e+00 -3.085347e+00  3.850000e+00
     vertex -9.607472e-01 -2.955926e+00  3.850000e+00
   endloop
 endfacet
 facet normal -0.000000e+00  0.000000e+00  1.000000e+00
   outer loop
     vertex  2.119359e+00  1.296565e+00  3.850000e+00
     vertex  2.708238e+00  7.153863e-01  3.850000e+00
     vertex  2.551483e+00  1.481440e+00  3.850000e+00
   endloop
 endfacet
 facet normal  0.000000e+00  0.000000e+00  1.000000e+00
   outer loop
     vertex  2.119359e+00  1.296565e+00  3.850000e+00
     vertex  2.411588e+00  5.974987e-01  3.850000e+00
     vertex  2.708238e+00  7.153863e-01  3.850000e+00
   endloop
 endfacet
 facet normal  0.000000e+00  0.000000e+00  1.000000e+00
   outer loop
     vertex -1.552756e+00 -2.331368e+00  3.850000e+00
     vertex -1.622541e+00 -2.477239e+00  3.850000e+00
     vertex -9.274365e-01 -2.800820e+00  3.850000e+00
   endloop
 endfacet
 facet normal  0.000000e+00  0.000000e+00  1.000000e+00
   outer loop
     vertex -1.552756e+00 -2.331368e+00  3.850000e+00
     vertex -9.274365e-01 -2.800820e+00  3.850000e+00
     vertex -7.265811e-01 -2.375888e+00  3.850000e+00
   endloop
 endfacet
 facet normal  0.000000e+00  0.000000e+00  1.000000e+00
   outer loop
     vertex -8.486423e-01 -1.530459e+00  3.850000e+00
     vertex -7.265811e-01 -2.375888e+00  3.850000e+00
     vertex -6.191613e-01 -1.636808e+00  3.850000e+00
   endloop
 endfacet
 facet normal  0.000000e+00  0.000000e+00  1.000000e+00
   outer loop
     vertex -1.408885e+00 -2.046413e+00  3.850000e+00
     vertex -1.552756e+00 -2.331368e+00  3.850000e+00
     vertex -7.265811e-01 -2.375888e+00  3.850000e+00
   endloop
 endfacet
 facet normal -0.000000e+00  0.000000e+00  1.000000e+00
   outer loop
     vertex -1.408885e+00 -2.046413e+00  3.850000e+00
     vertex -7.265811e-01 -2.375888e+00  3.850000e+00
     vertex -8.486423e-01 -1.530459e+00  3.850000e+00
   endloop
 endfacet
 facet normal  0.000000e+00  0.000000e+00  1.000000e+00
   outer loop
     vertex -1.060396e+00 -1.392142e+00  3.850000e+00
     vertex -1.408885e+00 -2.046413e+00  3.850000e+00
     vertex -8.486423e-01 -1.530459e+00  3.850000e+00
   endloop
 endfacet
 facet normal  0.000000e+00  0.000000e+00  1.000000e+00
   outer loop
     vertex  2.350907e+00  2.185718e+00  3.850000e+00
     vertex  2.295282e+00  2.110628e+00  3.850000e+00
     vertex  2.319384e+00  2.135191e+00  3.850000e+00
   endloop
 endfacet
 facet normal  0.000000e+00  0.000000e+00  1.000000e+00
   outer loop
     vertex  2.400988e+00  2.325437e+00  3.850000e+00
     vertex  2.295282e+00  2.110628e+00  3.850000e+00
     vertex  2.350907e+00  2.185718e+00  3.850000e+00
   endloop
 endfacet
 facet normal  0.000000e+00  0.000000e+00  1.000000e+00
   outer loop
     vertex  2.400988e+00  2.325437e+00  3.850000e+00
     vertex  2.168235e+00  2.016955e+00  3.850000e+00
     vertex  2.295282e+00  2.110628e+00  3.850000e+00
   endloop
 endfacet
 facet normal -0.000000e+00  0.000000e+00  1.000000e+00
   outer loop
     vertex  1.250000e+00  1.224745e+00  3.850000e+00
     vertex  2.411588e+00  5.974987e-01  3.850000e+00
     vertex  2.119359e+00  1.296565e+00  3.850000e+00
   endloop
 endfacet
 facet normal  0.000000e+00  0.000000e+00  1.000000e+00
   outer loop
     vertex  1.250000e+00  1.224745e+00  3.850000e+00
     vertex  1.250000e+00 -1.224745e+00  3.850000e+00
     vertex  2.479143e+00  1.631362e-01  3.850000e+00
   endloop
 endfacet
 facet normal  0.000000e+00  0.000000e+00  1.000000e+00
   outer loop
     vertex  1.250000e+00  1.224745e+00  3.850000e+00
     vertex  2.119359e+00  1.296565e+00  3.850000e+00
     vertex  1.857684e+00  1.649780e+00  3.850000e+00
   endloop
 endfacet
 facet normal  0.000000e+00  0.000000e+00  1.000000e+00
   outer loop
     vertex  1.250000e+00  1.224745e+00  3.850000e+00
     vertex  2.479143e+00  1.631362e-01  3.850000e+00
     vertex  2.411588e+00  5.974987e-01  3.850000e+00
   endloop
 endfacet
 facet normal -0.000000e+00  0.000000e+00  1.000000e+00
   outer loop
     vertex -1.747486e+00 -1.766085e+00  3.850000e+00
     vertex -1.408885e+00 -2.046413e+00  3.850000e+00
     vertex -1.060396e+00 -1.392142e+00  3.850000e+00
   endloop
 endfacet
 facet normal  0.000000e+00  0.000000e+00  1.000000e+00
   outer loop
     vertex -1.250000e+00 -1.224745e+00  3.850000e+00
     vertex -1.747486e+00 -1.766085e+00  3.850000e+00
     vertex -1.060396e+00 -1.392142e+00  3.850000e+00
   endloop
 endfacet
 facet normal  0.000000e+00  0.000000e+00  1.000000e+00
   outer loop
     vertex -2.263554e+00 -2.205530e+00  3.850000e+00
     vertex -2.243492e+00 -2.189977e+00  3.850000e+00
     vertex -2.224387e+00 -2.170861e+00  3.850000e+00
   endloop
 endfacet
 facet normal  0.000000e+00  0.000000e+00  1.000000e+00
   outer loop
     vertex -2.292980e+00 -2.222387e+00  3.850000e+00
     vertex -2.263554e+00 -2.205530e+00  3.850000e+00
     vertex -2.224387e+00 -2.170861e+00  3.850000e+00
   endloop
 endfacet
 facet normal  0.000000e+00  0.000000e+00  1.000000e+00
   outer loop
     vertex -2.358161e+00 -2.246813e+00  3.850000e+00
     vertex -2.292980e+00 -2.222387e+00  3.850000e+00
     vertex -2.224387e+00 -2.170861e+00  3.850000e+00
   endloop
 endfacet
 facet normal -0.000000e+00  0.000000e+00  1.000000e+00
   outer loop
     vertex  1.060396e+00  1.392142e+00  3.850000e+00
     vertex  1.250000e+00  1.224745e+00  3.850000e+00
     vertex  1.857684e+00  1.649780e+00  3.850000e+00
   endloop
 endfacet
 facet normal  0.000000e+00  0.000000e+00  1.000000e+00
   outer loop
     vertex  2.458010e+00  2.897963e+00  3.850000e+00
     vertex  2.464722e+00  2.526888e+00  3.850000e+00
     vertex  2.526369e+00  2.838567e+00  3.850000e+00
   endloop
 endfacet
 facet normal  0.000000e+00  0.000000e+00  1.000000e+00
   outer loop
     vertex -3.026204e+00 -2.298279e+00  3.850000e+00
     vertex -2.970578e+00 -2.369740e+00  3.850000e+00
     vertex -2.661169e+00 -2.326029e+00  3.850000e+00
   endloop
 endfacet
 facet normal  0.000000e+00  0.000000e+00  1.000000e+00
   outer loop
     vertex -3.080112e+00 -2.225513e+00  3.850000e+00
     vertex -3.026204e+00 -2.298279e+00  3.850000e+00
     vertex -2.661169e+00 -2.326029e+00  3.850000e+00
   endloop
 endfacet
 facet normal  0.000000e+00  0.000000e+00  1.000000e+00
   outer loop
     vertex  1.274055e+00  2.132966e+00  3.850000e+00
     vertex  1.060396e+00  1.392142e+00  3.850000e+00
     vertex  1.857684e+00  1.649780e+00  3.850000e+00
   endloop
 endfacet
 facet normal  0.000000e+00  0.000000e+00  1.000000e+00
   outer loop
     vertex  1.274055e+00  2.132966e+00  3.850000e+00
     vertex  8.486423e-01  1.530459e+00  3.850000e+00
     vertex  1.060396e+00  1.392142e+00  3.850000e+00
   endloop
 endfacet
 facet normal  0.000000e+00  0.000000e+00  1.000000e+00
   outer loop
     vertex  1.274055e+00  2.132966e+00  3.850000e+00
     vertex  1.857684e+00  1.649780e+00  3.850000e+00
     vertex  2.065569e+00  1.892024e+00  3.850000e+00
   endloop
 endfacet
 facet normal  0.000000e+00  0.000000e+00  1.000000e+00
   outer loop
     vertex  2.027185e+00  2.895298e+00  3.850000e+00
     vertex  2.388254e+00  2.955713e+00  3.850000e+00
     vertex  2.317143e+00  3.011785e+00  3.850000e+00
   endloop
 endfacet
 facet normal  0.000000e+00  0.000000e+00  1.000000e+00
   outer loop
     vertex  2.027185e+00  2.895298e+00  3.850000e+00
     vertex  2.458010e+00  2.897963e+00  3.850000e+00
     vertex  2.388254e+00  2.955713e+00  3.850000e+00
   endloop
 endfacet
 facet normal  0.000000e+00  0.000000e+00  1.000000e+00
   outer loop
     vertex  2.027185e+00  2.895298e+00  3.850000e+00
     vertex  2.400988e+00  2.325437e+00  3.850000e+00
     vertex  2.464722e+00  2.526888e+00  3.850000e+00
   endloop
 endfacet
 facet normal -0.000000e+00  0.000000e+00  1.000000e+00
   outer loop
     vertex  2.027185e+00  2.895298e+00  3.850000e+00
     vertex  2.464722e+00  2.526888e+00  3.850000e+00
     vertex  2.458010e+00  2.897963e+00  3.850000e+00
   endloop
 endfacet
 facet normal  0.000000e+00  0.000000e+00  1.000000e+00
   outer loop
     vertex  1.570767e+00  2.497483e+00  3.850000e+00
     vertex  1.274055e+00  2.132966e+00  3.850000e+00
     vertex  2.065569e+00  1.892024e+00  3.850000e+00
   endloop
 endfacet
 facet normal  0.000000e+00  0.000000e+00  1.000000e+00
   outer loop
     vertex  1.570767e+00  2.497483e+00  3.850000e+00
     vertex  2.065569e+00  1.892024e+00  3.850000e+00
     vertex  2.168235e+00  2.016955e+00  3.850000e+00
   endloop
 endfacet
 facet normal  0.000000e+00  0.000000e+00  1.000000e+00
   outer loop
     vertex  1.751940e+00  2.745870e+00  3.850000e+00
     vertex  2.168235e+00  2.016955e+00  3.850000e+00
     vertex  2.400988e+00  2.325437e+00  3.850000e+00
   endloop
 endfacet
 facet normal -0.000000e+00  0.000000e+00  1.000000e+00
   outer loop
     vertex  1.751940e+00  2.745870e+00  3.850000e+00
     vertex  2.400988e+00  2.325437e+00  3.850000e+00
     vertex  2.027185e+00  2.895298e+00  3.850000e+00
   endloop
 endfacet
 facet normal  0.000000e+00  0.000000e+00  1.000000e+00
   outer loop
     vertex  1.640229e+00  2.640110e+00  3.850000e+00
     vertex  1.570767e+00  2.497483e+00  3.850000e+00
     vertex  2.168235e+00  2.016955e+00  3.850000e+00
   endloop
 endfacet
 facet normal -0.000000e+00  0.000000e+00  1.000000e+00
   outer loop
     vertex  1.640229e+00  2.640110e+00  3.850000e+00
     vertex  2.168235e+00  2.016955e+00  3.850000e+00
     vertex  1.751940e+00  2.745870e+00  3.850000e+00
   endloop
 endfacet
 facet normal -0.000000e+00  0.000000e+00  1.000000e+00
   outer loop
     vertex  1.694498e+00  2.706554e+00  3.850000e+00
     vertex  1.640229e+00  2.640110e+00  3.850000e+00
     vertex  1.751940e+00  2.745870e+00  3.850000e+00
   endloop
 endfacet
 facet normal -0.000000e+00  0.000000e+00  1.000000e+00
   outer loop
     vertex  1.669962e+00  2.683145e+00  3.850000e+00
     vertex  1.640229e+00  2.640110e+00  3.850000e+00
     vertex  1.694498e+00  2.706554e+00  3.850000e+00
   endloop
 endfacet
 facet normal  0.000000e+00  0.000000e+00  1.000000e+00
   outer loop
     vertex  1.669962e+00  2.683145e+00  3.850000e+00
     vertex  1.654205e+00  2.663243e+00  3.850000e+00
     vertex  1.640229e+00  2.640110e+00  3.850000e+00
   endloop
 endfacet
 facet normal  0.000000e+00  0.000000e+00  1.000000e+00
   outer loop
     vertex -2.198521e+00 -1.157267e+00  3.850000e+00
     vertex -1.747486e+00 -1.766085e+00  3.850000e+00
     vertex -1.250000e+00 -1.224745e+00  3.850000e+00
   endloop
 endfacet
 facet normal -0.000000e+00  0.000000e+00  1.000000e+00
   outer loop
     vertex -2.458338e+00 -1.342722e+00  3.850000e+00
     vertex -1.747486e+00 -1.766085e+00  3.850000e+00
     vertex -2.198521e+00 -1.157267e+00  3.850000e+00
   endloop
 endfacet
 facet normal  0.000000e+00  0.000000e+00  1.000000e+00
   outer loop
     vertex -2.458338e+00 -1.342722e+00  3.850000e+00
     vertex -2.122810e+00 -2.049002e+00  3.850000e+00
     vertex -1.747486e+00 -1.766085e+00  3.850000e+00
   endloop
 endfacet
 facet normal  0.000000e+00  0.000000e+00  1.000000e+00
   outer loop
     vertex -2.997826e+00 -1.863615e+00  3.850000e+00
     vertex -3.132271e+00 -2.151484e+00  3.850000e+00
     vertex -3.080112e+00 -2.225513e+00  3.850000e+00
   endloop
 endfacet
 facet normal  0.000000e+00  0.000000e+00  1.000000e+00
   outer loop
     vertex -2.997826e+00 -1.863615e+00  3.850000e+00
     vertex -3.080112e+00 -2.225513e+00  3.850000e+00
     vertex -2.661169e+00 -2.326029e+00  3.850000e+00
   endloop
 endfacet
 facet normal  0.000000e+00  0.000000e+00  1.000000e+00
   outer loop
     vertex -2.587919e+00 -1.439454e+00  3.850000e+00
     vertex -2.224387e+00 -2.170861e+00  3.850000e+00
     vertex -2.122810e+00 -2.049002e+00  3.850000e+00
   endloop
 endfacet
 facet normal -0.000000e+00  0.000000e+00  1.000000e+00
   outer loop
     vertex -2.587919e+00 -1.439454e+00  3.850000e+00
     vertex -2.122810e+00 -2.049002e+00  3.850000e+00
     vertex -2.458338e+00 -1.342722e+00  3.850000e+00
   endloop
 endfacet
 facet normal  0.000000e+00  0.000000e+00  1.000000e+00
   outer loop
     vertex -2.587919e+00 -1.439454e+00  3.850000e+00
     vertex -2.358161e+00 -2.246813e+00  3.850000e+00
     vertex -2.224387e+00 -2.170861e+00  3.850000e+00
   endloop
 endfacet
 facet normal  0.000000e+00  0.000000e+00  1.000000e+00
   outer loop
     vertex -2.887733e+00 -1.683270e+00  3.850000e+00
     vertex -2.661169e+00 -2.326029e+00  3.850000e+00
     vertex -2.358161e+00 -2.246813e+00  3.850000e+00
   endloop
 endfacet
 facet normal  0.000000e+00  0.000000e+00  1.000000e+00
   outer loop
     vertex -2.887733e+00 -1.683270e+00  3.850000e+00
     vertex -2.997826e+00 -1.863615e+00  3.850000e+00
     vertex -2.661169e+00 -2.326029e+00  3.850000e+00
   endloop
 endfacet
 facet normal -0.000000e+00  0.000000e+00  1.000000e+00
   outer loop
     vertex -2.887733e+00 -1.683270e+00  3.850000e+00
     vertex -2.358161e+00 -2.246813e+00  3.850000e+00
     vertex -2.587919e+00 -1.439454e+00  3.850000e+00
   endloop
 endfacet
 facet normal -0.000000e+00  0.000000e+00  1.000000e+00
   outer loop
     vertex -2.733691e+00 -1.500000e+00  3.850000e+00
     vertex -2.887733e+00 -1.683270e+00  3.850000e+00
     vertex -2.587919e+00 -1.439454e+00  3.850000e+00
   endloop
 endfacet
 facet normal  0.000000e+00  0.000000e+00  1.000000e+00
   outer loop
     vertex -2.805671e+00 -1.559596e+00  3.850000e+00
     vertex -2.733691e+00 -1.500000e+00  3.850000e+00
     vertex -2.762972e+00 -1.518081e+00  3.850000e+00
   endloop
 endfacet
 facet normal -0.000000e+00  0.000000e+00  1.000000e+00
   outer loop
     vertex -2.805671e+00 -1.559596e+00  3.850000e+00
     vertex -2.887733e+00 -1.683270e+00  3.850000e+00
     vertex -2.733691e+00 -1.500000e+00  3.850000e+00
   endloop
 endfacet
 facet normal  0.000000e+00  0.000000e+00  1.000000e+00
   outer loop
     vertex  8.782064e-01  2.324116e+00  3.850000e+00
     vertex  8.486423e-01  1.530459e+00  3.850000e+00
     vertex  1.274055e+00  2.132966e+00  3.850000e+00
   endloop
 endfacet
 facet normal  0.000000e+00  0.000000e+00  1.000000e+00
   outer loop
     vertex  8.782064e-01  2.324116e+00  3.850000e+00
     vertex  3.767470e-01  1.708965e+00  3.850000e+00
     vertex  6.191613e-01  1.636808e+00  3.850000e+00
   endloop
 endfacet
 facet normal  0.000000e+00  0.000000e+00  1.000000e+00
   outer loop
     vertex  8.782064e-01  2.324116e+00  3.850000e+00
     vertex  6.191613e-01  1.636808e+00  3.850000e+00
     vertex  8.486423e-01  1.530459e+00  3.850000e+00
   endloop
 endfacet
 facet normal  0.000000e+00  0.000000e+00  1.000000e+00
   outer loop
     vertex -2.368062e+00 -7.516934e-01  3.850000e+00
     vertex -2.198521e+00 -1.157267e+00  3.850000e+00
     vertex -1.250000e+00 -1.224745e+00  3.850000e+00
   endloop
 endfacet
 facet normal  0.000000e+00  0.000000e+00  1.000000e+00
   outer loop
     vertex  1.065871e+00  3.027878e+00  3.850000e+00
     vertex  1.051513e+00  2.935539e+00  3.850000e+00
     vertex  1.061440e+00  2.968489e+00  3.850000e+00
   endloop
 endfacet
 facet normal  0.000000e+00  0.000000e+00  1.000000e+00
   outer loop
     vertex -3.029239e+00 -9.009736e-01  3.850000e+00
     vertex -3.004247e+00 -8.965255e-01  3.850000e+00
     vertex -2.978446e+00 -8.884778e-01  3.850000e+00
   endloop
 endfacet
 facet normal  0.000000e+00  0.000000e+00  1.000000e+00
   outer loop
     vertex  1.045285e+00  3.174867e+00  3.850000e+00
     vertex  1.051513e+00  2.935539e+00  3.850000e+00
     vertex  1.065871e+00  3.027878e+00  3.850000e+00
   endloop
 endfacet
 facet normal  0.000000e+00  0.000000e+00  1.000000e+00
   outer loop
     vertex -3.063128e+00 -9.022247e-01  3.850000e+00
     vertex -3.029239e+00 -9.009736e-01  3.850000e+00
     vertex -2.978446e+00 -8.884778e-01  3.850000e+00
   endloop
 endfacet
 facet normal -0.000000e+00  0.000000e+00  1.000000e+00
   outer loop
     vertex -3.132194e+00 -8.935623e-01  3.850000e+00
     vertex -3.063128e+00 -9.022247e-01  3.850000e+00
     vertex -2.978446e+00 -8.884778e-01  3.850000e+00
   endloop
 endfacet
 facet normal  0.000000e+00  0.000000e+00  1.000000e+00
   outer loop
     vertex  1.368809e-01  2.480731e+00  3.850000e+00
     vertex  3.767470e-01  1.708965e+00  3.850000e+00
     vertex  8.782064e-01  2.324116e+00  3.850000e+00
   endloop
 endfacet
 facet normal -0.000000e+00  0.000000e+00  1.000000e+00
   outer loop
     vertex  1.368809e-01  2.480731e+00  3.850000e+00
     vertex  8.782064e-01  2.324116e+00  3.850000e+00
     vertex  9.497030e-01  2.635222e+00  3.850000e+00
   endloop
 endfacet
 facet normal  0.000000e+00  0.000000e+00  1.000000e+00
   outer loop
     vertex  1.368809e-01  2.480731e+00  3.850000e+00
     vertex -1.264629e-01  1.745425e+00  3.850000e+00
     vertex  1.264629e-01  1.745425e+00  3.850000e+00
   endloop
 endfacet
 facet normal  0.000000e+00  0.000000e+00  1.000000e+00
   outer loop
     vertex  1.368809e-01  2.480731e+00  3.850000e+00
     vertex  1.264629e-01  1.745425e+00  3.850000e+00
     vertex  3.767470e-01  1.708965e+00  3.850000e+00
   endloop
 endfacet
 facet normal  0.000000e+00  0.000000e+00  1.000000e+00
   outer loop
     vertex -2.484503e+00 -3.005685e-03  3.850000e+00
     vertex -2.368062e+00 -7.516934e-01  3.850000e+00
     vertex -1.250000e+00 -1.224745e+00  3.850000e+00
   endloop
 endfacet
 facet normal -0.000000e+00  0.000000e+00  1.000000e+00
   outer loop
     vertex -2.484503e+00 -3.005685e-03  3.850000e+00
     vertex -1.250000e+00 -1.224745e+00  3.850000e+00
     vertex -1.250000e+00  1.224745e+00  3.850000e+00
   endloop
 endfacet
 facet normal  0.000000e+00  0.000000e+00  1.000000e+00
   outer loop
     vertex  2.302069e-01  2.941383e+00  3.850000e+00
     vertex  1.368809e-01  2.480731e+00  3.850000e+00
     vertex  9.497030e-01  2.635222e+00  3.850000e+00
   endloop
 endfacet
 facet normal  0.000000e+00  0.000000e+00  1.000000e+00
   outer loop
     vertex  2.302069e-01  2.941383e+00  3.850000e+00
     vertex  9.497030e-01  2.635222e+00  3.850000e+00
     vertex  9.822329e-01  2.792619e+00  3.850000e+00
   endloop
 endfacet
 facet normal  0.000000e+00  0.000000e+00  1.000000e+00
   outer loop
     vertex -2.800743e+00 -4.647461e-02  3.850000e+00
     vertex -2.831874e+00 -8.277817e-01  3.850000e+00
     vertex -2.368062e+00 -7.516934e-01  3.850000e+00
   endloop
 endfacet
 facet normal -0.000000e+00  0.000000e+00  1.000000e+00
   outer loop
     vertex -2.800743e+00 -4.647461e-02  3.850000e+00
     vertex -2.368062e+00 -7.516934e-01  3.850000e+00
     vertex -2.484503e+00 -3.005685e-03  3.850000e+00
   endloop
 endfacet
 facet normal  0.000000e+00  0.000000e+00  1.000000e+00
   outer loop
     vertex -3.024575e-01  2.466025e+00  3.850000e+00
     vertex -3.767470e-01  1.708965e+00  3.850000e+00
     vertex -1.264629e-01  1.745425e+00  3.850000e+00
   endloop
 endfacet
 facet normal -0.000000e+00  0.000000e+00  1.000000e+00
   outer loop
     vertex -3.024575e-01  2.466025e+00  3.850000e+00
     vertex -1.264629e-01  1.745425e+00  3.850000e+00
     vertex  1.368809e-01  2.480731e+00  3.850000e+00
   endloop
 endfacet
 facet normal  0.000000e+00  0.000000e+00  1.000000e+00
   outer loop
     vertex  2.254303e-01  3.099954e+00  3.850000e+00
     vertex  2.302069e-01  2.941383e+00  3.850000e+00
     vertex  9.822329e-01  2.792619e+00  3.850000e+00
   endloop
 endfacet
 facet normal  0.000000e+00  0.000000e+00  1.000000e+00
   outer loop
     vertex  8.297088e-01  3.708313e+00  3.850000e+00
     vertex  1.008100e+00  3.382862e+00  3.850000e+00
     vertex  9.178407e-01  3.687488e+00  3.850000e+00
   endloop
 endfacet
 facet normal -0.000000e+00  0.000000e+00  1.000000e+00
   outer loop
     vertex -2.446144e+00  4.349019e-01  3.850000e+00
     vertex -2.484503e+00 -3.005685e-03  3.850000e+00
     vertex -1.250000e+00  1.224745e+00  3.850000e+00
   endloop
 endfacet
 facet normal  0.000000e+00  0.000000e+00  1.000000e+00
   outer loop
     vertex -2.959474e+00 -7.187361e-02  3.850000e+00
     vertex -2.978446e+00 -8.884778e-01  3.850000e+00
     vertex -2.831874e+00 -8.277817e-01  3.850000e+00
   endloop
 endfacet
 facet normal  0.000000e+00  0.000000e+00  1.000000e+00
   outer loop
     vertex -2.959474e+00 -7.187361e-02  3.850000e+00
     vertex -3.132194e+00 -8.935623e-01  3.850000e+00
     vertex -2.978446e+00 -8.884778e-01  3.850000e+00
   endloop
 endfacet
 facet normal -0.000000e+00  0.000000e+00  1.000000e+00
   outer loop
     vertex -2.959474e+00 -7.187361e-02  3.850000e+00
     vertex -2.831874e+00 -8.277817e-01  3.850000e+00
     vertex -2.800743e+00 -4.647461e-02  3.850000e+00
   endloop
 endfacet
 facet normal  0.000000e+00  0.000000e+00  1.000000e+00
   outer loop
     vertex  2.317580e-01  3.151877e+00  3.850000e+00
     vertex  2.270547e-01  3.126932e+00  3.850000e+00
     vertex  2.254303e-01  3.099954e+00  3.850000e+00
   endloop
 endfacet
 facet normal  0.000000e+00  0.000000e+00  1.000000e+00
   outer loop
     vertex  2.426052e-01  3.184007e+00  3.850000e+00
     vertex  2.317580e-01  3.151877e+00  3.850000e+00
     vertex  2.254303e-01  3.099954e+00  3.850000e+00
   endloop
 endfacet
 facet normal  0.000000e+00  0.000000e+00  1.000000e+00
   outer loop
     vertex  2.751962e-01  3.245514e+00  3.850000e+00
     vertex  1.051513e+00  2.935539e+00  3.850000e+00
     vertex  1.045285e+00  3.174867e+00  3.850000e+00
   endloop
 endfacet
 facet normal  0.000000e+00  0.000000e+00  1.000000e+00
   outer loop
     vertex  2.751962e-01  3.245514e+00  3.850000e+00
     vertex  9.822329e-01  2.792619e+00  3.850000e+00
     vertex  1.051513e+00  2.935539e+00  3.850000e+00
   endloop
 endfacet
 facet normal  0.000000e+00  0.000000e+00  1.000000e+00
   outer loop
     vertex  2.751962e-01  3.245514e+00  3.850000e+00
     vertex  2.254303e-01  3.099954e+00  3.850000e+00
     vertex  9.822329e-01  2.792619e+00  3.850000e+00
   endloop
 endfacet
 facet normal  0.000000e+00  0.000000e+00  1.000000e+00
   outer loop
     vertex  2.751962e-01  3.245514e+00  3.850000e+00
     vertex  2.426052e-01  3.184007e+00  3.850000e+00
     vertex  2.254303e-01  3.099954e+00  3.850000e+00
   endloop
 endfacet
 facet normal  0.000000e+00  0.000000e+00  1.000000e+00
   outer loop
     vertex  4.494712e-01  3.505739e+00  3.850000e+00
     vertex  2.751962e-01  3.245514e+00  3.850000e+00
     vertex  1.045285e+00  3.174867e+00  3.850000e+00
   endloop
 endfacet
 facet normal  0.000000e+00  0.000000e+00  1.000000e+00
   outer loop
     vertex  4.494712e-01  3.505739e+00  3.850000e+00
     vertex  8.297088e-01  3.708313e+00  3.850000e+00
     vertex  7.411057e-01  3.727031e+00  3.850000e+00
   endloop
 endfacet
 facet normal  0.000000e+00  0.000000e+00  1.000000e+00
   outer loop
     vertex  4.494712e-01  3.505739e+00  3.850000e+00
     vertex  1.045285e+00  3.174867e+00  3.850000e+00
     vertex  1.008100e+00  3.382862e+00  3.850000e+00
   endloop
 endfacet
 facet normal -0.000000e+00  0.000000e+00  1.000000e+00
   outer loop
     vertex  4.494712e-01  3.505739e+00  3.850000e+00
     vertex  1.008100e+00  3.382862e+00  3.850000e+00
     vertex  8.297088e-01  3.708313e+00  3.850000e+00
   endloop
 endfacet
 facet normal  0.000000e+00  0.000000e+00  1.000000e+00
   outer loop
     vertex -3.117646e+00 -5.777442e-02  3.850000e+00
     vertex -3.132194e+00 -8.935623e-01  3.850000e+00
     vertex -2.959474e+00 -7.187361e-02  3.850000e+00
   endloop
 endfacet
 facet normal  0.000000e+00  0.000000e+00  1.000000e+00
   outer loop
     vertex  6.520817e-01  3.743633e+00  3.850000e+00
     vertex  4.494712e-01  3.505739e+00  3.850000e+00
     vertex  7.411057e-01  3.727031e+00  3.850000e+00
   endloop
 endfacet
 facet normal  0.000000e+00  0.000000e+00  1.000000e+00
   outer loop
     vertex -3.747635e+00 -6.286776e-01  3.850000e+00
     vertex -3.731589e+00 -7.178036e-01  3.850000e+00
     vertex -3.437308e+00 -8.228893e-01  3.850000e+00
   endloop
 endfacet
 facet normal  0.000000e+00  0.000000e+00  1.000000e+00
   outer loop
     vertex -3.209078e+00 -7.709306e-02  3.850000e+00
     vertex -3.117646e+00 -5.777442e-02  3.850000e+00
     vertex -3.151975e+00 -6.017675e-02  3.850000e+00
   endloop
 endfacet
 facet normal -0.000000e+00  0.000000e+00  1.000000e+00
   outer loop
     vertex -3.339216e+00 -1.484655e-01  3.850000e+00
     vertex -3.132194e+00 -8.935623e-01  3.850000e+00
     vertex -3.117646e+00 -5.777442e-02  3.850000e+00
   endloop
 endfacet
 facet normal  0.000000e+00  0.000000e+00  1.000000e+00
   outer loop
     vertex -3.339216e+00 -1.484655e-01  3.850000e+00
     vertex -3.437308e+00 -8.228893e-01  3.850000e+00
     vertex -3.132194e+00 -8.935623e-01  3.850000e+00
   endloop
 endfacet
 facet normal  0.000000e+00  0.000000e+00  1.000000e+00
   outer loop
     vertex -3.339216e+00 -1.484655e-01  3.850000e+00
     vertex -3.117646e+00 -5.777442e-02  3.850000e+00
     vertex -3.209078e+00 -7.709306e-02  3.850000e+00
   endloop
 endfacet
 facet normal  0.000000e+00  0.000000e+00  1.000000e+00
   outer loop
     vertex -3.761551e+00 -5.391946e-01  3.850000e+00
     vertex -3.747635e+00 -6.286776e-01  3.850000e+00
     vertex -3.437308e+00 -8.228893e-01  3.850000e+00
   endloop
 endfacet
 facet normal  0.000000e+00  0.000000e+00  1.000000e+00
   outer loop
     vertex -3.520509e+00 -2.569903e-01  3.850000e+00
     vertex -3.761551e+00 -5.391946e-01  3.850000e+00
     vertex -3.437308e+00 -8.228893e-01  3.850000e+00
   endloop
 endfacet
 facet normal -0.000000e+00  0.000000e+00  1.000000e+00
   outer loop
     vertex -3.520509e+00 -2.569903e-01  3.850000e+00
     vertex -3.437308e+00 -8.228893e-01  3.850000e+00
     vertex -3.339216e+00 -1.484655e-01  3.850000e+00
   endloop
 endfacet
 facet normal  0.000000e+00  0.000000e+00  1.000000e+00
   outer loop
     vertex -1.031651e+00  2.260190e+00  3.850000e+00
     vertex -3.024575e-01  2.466025e+00  3.850000e+00
     vertex -3.837284e-01  2.774722e+00  3.850000e+00
   endloop
 endfacet
 facet normal  0.000000e+00  0.000000e+00  1.000000e+00
   outer loop
     vertex -1.031651e+00  2.260190e+00  3.850000e+00
     vertex -8.486423e-01  1.530459e+00  3.850000e+00
     vertex -6.191613e-01  1.636808e+00  3.850000e+00
   endloop
 endfacet
 facet normal  0.000000e+00  0.000000e+00  1.000000e+00
   outer loop
     vertex -1.031651e+00  2.260190e+00  3.850000e+00
     vertex -6.191613e-01  1.636808e+00  3.850000e+00
     vertex -3.767470e-01  1.708965e+00  3.850000e+00
   endloop
 endfacet
 facet normal -0.000000e+00  0.000000e+00  1.000000e+00
   outer loop
     vertex -1.031651e+00  2.260190e+00  3.850000e+00
     vertex -3.767470e-01  1.708965e+00  3.850000e+00
     vertex -3.024575e-01  2.466025e+00  3.850000e+00
   endloop
 endfacet
 facet normal -0.000000e+00  0.000000e+00  1.000000e+00
   outer loop
     vertex -3.773332e+00 -4.494054e-01  3.850000e+00
     vertex -3.761551e+00 -5.391946e-01  3.850000e+00
     vertex -3.520509e+00 -2.569903e-01  3.850000e+00
   endloop
 endfacet
 facet normal -0.000000e+00  0.000000e+00  1.000000e+00
   outer loop
     vertex -2.201315e+00  1.151945e+00  3.850000e+00
     vertex -2.446144e+00  4.349019e-01  3.850000e+00
     vertex -1.250000e+00  1.224745e+00  3.850000e+00
   endloop
 endfacet
 facet normal -0.000000e+00  0.000000e+00  1.000000e+00
   outer loop
     vertex -1.413832e+00  2.042998e+00  3.850000e+00
     vertex -8.486423e-01  1.530459e+00  3.850000e+00
     vertex -1.031651e+00  2.260190e+00  3.850000e+00
   endloop
 endfacet
 facet normal  0.000000e+00  0.000000e+00  1.000000e+00
   outer loop
     vertex -1.413832e+00  2.042998e+00  3.850000e+00
     vertex -1.250000e+00  1.224745e+00  3.850000e+00
     vertex -1.060396e+00  1.392142e+00  3.850000e+00
   endloop
 endfacet
 facet normal  0.000000e+00  0.000000e+00  1.000000e+00
   outer loop
     vertex -1.413832e+00  2.042998e+00  3.850000e+00
     vertex -1.060396e+00  1.392142e+00  3.850000e+00
     vertex -8.486423e-01  1.530459e+00  3.850000e+00
   endloop
 endfacet
 facet normal  0.000000e+00  0.000000e+00  1.000000e+00
   outer loop
     vertex -1.963844e+00  1.521867e+00  3.850000e+00
     vertex -2.201315e+00  1.151945e+00  3.850000e+00
     vertex -1.250000e+00  1.224745e+00  3.850000e+00
   endloop
 endfacet
 facet normal -0.000000e+00  0.000000e+00  1.000000e+00
   outer loop
     vertex -1.963844e+00  1.521867e+00  3.850000e+00
     vertex -1.250000e+00  1.224745e+00  3.850000e+00
     vertex -1.413832e+00  2.042998e+00  3.850000e+00
   endloop
 endfacet
 facet normal  0.000000e+00  0.000000e+00  1.000000e+00
   outer loop
     vertex -4.633431e-01  3.176388e+00  3.850000e+00
     vertex -4.331442e-01  3.087953e+00  3.850000e+00
     vertex -4.396672e-01  3.121742e+00  3.850000e+00
   endloop
 endfacet
 facet normal  0.000000e+00  0.000000e+00  1.000000e+00
   outer loop
     vertex -3.100961e+00  6.099850e-01  3.850000e+00
     vertex -3.076764e+00  6.023091e-01  3.850000e+00
     vertex -3.050179e+00  5.974448e-01  3.850000e+00
   endloop
 endfacet
 facet normal  0.000000e+00  0.000000e+00  1.000000e+00
   outer loop
     vertex -3.131549e+00  6.246260e-01  3.850000e+00
     vertex -3.100961e+00  6.099850e-01  3.850000e+00
     vertex -3.050179e+00  5.974448e-01  3.850000e+00
   endloop
 endfacet
 facet normal  0.000000e+00  0.000000e+00  1.000000e+00
   outer loop
     vertex -2.501534e+00  1.260419e+00  3.850000e+00
     vertex -2.446144e+00  4.349019e-01  3.850000e+00
     vertex -2.201315e+00  1.151945e+00  3.850000e+00
   endloop
 endfacet
 facet normal  0.000000e+00  0.000000e+00  1.000000e+00
   outer loop
     vertex -2.501534e+00  1.260419e+00  3.850000e+00
     vertex -2.892189e+00  5.830730e-01  3.850000e+00
     vertex -2.446144e+00  4.349019e-01  3.850000e+00
   endloop
 endfacet
 facet normal  0.000000e+00  0.000000e+00  1.000000e+00
   outer loop
     vertex -5.498801e-01  3.296973e+00  3.850000e+00
     vertex -4.282236e-01  2.930184e+00  3.850000e+00
     vertex -4.331442e-01  3.087953e+00  3.850000e+00
   endloop
 endfacet
 facet normal  0.000000e+00  0.000000e+00  1.000000e+00
   outer loop
     vertex -5.498801e-01  3.296973e+00  3.850000e+00
     vertex -4.331442e-01  3.087953e+00  3.850000e+00
     vertex -4.633431e-01  3.176388e+00  3.850000e+00
   endloop
 endfacet
 facet normal  0.000000e+00  0.000000e+00  1.000000e+00
   outer loop
     vertex -3.188680e+00  6.643932e-01  3.850000e+00
     vertex -3.131549e+00  6.246260e-01  3.850000e+00
     vertex -3.050179e+00  5.974448e-01  3.850000e+00
   endloop
 endfacet
 facet normal  0.000000e+00  0.000000e+00  1.000000e+00
   outer loop
     vertex -1.163091e+00  2.711448e+00  3.850000e+00
     vertex -3.837284e-01  2.774722e+00  3.850000e+00
     vertex -4.282236e-01  2.930184e+00  3.850000e+00
   endloop
 endfacet
 facet normal -0.000000e+00  0.000000e+00  1.000000e+00
   outer loop
     vertex -1.163091e+00  2.711448e+00  3.850000e+00
     vertex -1.031651e+00  2.260190e+00  3.850000e+00
     vertex -3.837284e-01  2.774722e+00  3.850000e+00
   endloop
 endfacet
 facet normal  0.000000e+00  0.000000e+00  1.000000e+00
   outer loop
     vertex -1.629252e+00  2.278567e+00  3.850000e+00
     vertex -1.963844e+00  1.521867e+00  3.850000e+00
     vertex -1.413832e+00  2.042998e+00  3.850000e+00
   endloop
 endfacet
 facet normal  0.000000e+00  0.000000e+00  1.000000e+00
   outer loop
     vertex -2.654753e+00  1.312113e+00  3.850000e+00
     vertex -2.892189e+00  5.830730e-01  3.850000e+00
     vertex -2.501534e+00  1.260419e+00  3.850000e+00
   endloop
 endfacet
 facet normal  0.000000e+00  0.000000e+00  1.000000e+00
   outer loop
     vertex -2.654753e+00  1.312113e+00  3.850000e+00
     vertex -3.050179e+00  5.974448e-01  3.850000e+00
     vertex -2.892189e+00  5.830730e-01  3.850000e+00
   endloop
 endfacet
 facet normal  0.000000e+00  0.000000e+00  1.000000e+00
   outer loop
     vertex -2.654753e+00  1.312113e+00  3.850000e+00
     vertex -3.188680e+00  6.643932e-01  3.850000e+00
     vertex -3.050179e+00  5.974448e-01  3.850000e+00
   endloop
 endfacet
 facet normal -0.000000e+00  0.000000e+00  1.000000e+00
   outer loop
     vertex -1.241012e+00  2.849635e+00  3.850000e+00
     vertex -1.163091e+00  2.711448e+00  3.850000e+00
     vertex -4.282236e-01  2.930184e+00  3.850000e+00
   endloop
 endfacet
 facet normal  0.000000e+00  0.000000e+00  1.000000e+00
   outer loop
     vertex -2.289939e+00  1.860353e+00  3.850000e+00
     vertex -1.629252e+00  2.278567e+00  3.850000e+00
     vertex -1.740898e+00  2.395544e+00  3.850000e+00
   endloop
 endfacet
 facet normal -0.000000e+00  0.000000e+00  1.000000e+00
   outer loop
     vertex -2.289939e+00  1.860353e+00  3.850000e+00
     vertex -1.963844e+00  1.521867e+00  3.850000e+00
     vertex -1.629252e+00  2.278567e+00  3.850000e+00
   endloop
 endfacet
 facet normal  0.000000e+00  0.000000e+00  1.000000e+00
   outer loop
     vertex -1.259539e+00  2.898552e+00  3.850000e+00
     vertex -1.252111e+00  2.874278e+00  3.850000e+00
     vertex -1.241012e+00  2.849635e+00  3.850000e+00
   endloop
 endfacet
 facet normal  0.000000e+00  0.000000e+00  1.000000e+00
   outer loop
     vertex -1.264866e+00  2.932043e+00  3.850000e+00
     vertex -1.259539e+00  2.898552e+00  3.850000e+00
     vertex -1.241012e+00  2.849635e+00  3.850000e+00
   endloop
 endfacet
 facet normal -0.000000e+00  0.000000e+00  1.000000e+00
   outer loop
     vertex -1.264592e+00  3.001650e+00  3.850000e+00
     vertex -4.282236e-01  2.930184e+00  3.850000e+00
     vertex -5.498801e-01  3.296973e+00  3.850000e+00
   endloop
 endfacet
 facet normal  0.000000e+00  0.000000e+00  1.000000e+00
   outer loop
     vertex -1.264592e+00  3.001650e+00  3.850000e+00
     vertex -1.241012e+00  2.849635e+00  3.850000e+00
     vertex -4.282236e-01  2.930184e+00  3.850000e+00
   endloop
 endfacet
 facet normal  0.000000e+00  0.000000e+00  1.000000e+00
   outer loop
     vertex -1.264592e+00  3.001650e+00  3.850000e+00
     vertex -1.264866e+00  2.932043e+00  3.850000e+00
     vertex -1.241012e+00  2.849635e+00  3.850000e+00
   endloop
 endfacet
 facet normal  0.000000e+00  0.000000e+00  1.000000e+00
   outer loop
     vertex -2.877325e+00  1.423070e+00  3.850000e+00
     vertex -2.787390e+00  1.397687e+00  3.850000e+00
     vertex -2.818903e+00  1.411513e+00  3.850000e+00
   endloop
 endfacet
 facet normal -0.000000e+00  0.000000e+00  1.000000e+00
   outer loop
     vertex -2.423153e+00  1.946500e+00  3.850000e+00
     vertex -2.289939e+00  1.860353e+00  3.850000e+00
     vertex -1.740898e+00  2.395544e+00  3.850000e+00
   endloop
 endfacet
 facet normal  0.000000e+00  0.000000e+00  1.000000e+00
   outer loop
     vertex -2.462290e+00  1.981203e+00  3.850000e+00
     vertex -2.444433e+00  1.963162e+00  3.850000e+00
     vertex -2.423153e+00  1.946500e+00  3.850000e+00
   endloop
 endfacet
 facet normal  0.000000e+00  0.000000e+00  1.000000e+00
   outer loop
     vertex -3.025723e+00  1.420352e+00  3.850000e+00
     vertex -3.188680e+00  6.643932e-01  3.850000e+00
     vertex -2.654753e+00  1.312113e+00  3.850000e+00
   endloop
 endfacet
 facet normal  0.000000e+00  0.000000e+00  1.000000e+00
   outer loop
     vertex -3.025723e+00  1.420352e+00  3.850000e+00
     vertex -3.426000e+00  8.687642e-01  3.850000e+00
     vertex -3.188680e+00  6.643932e-01  3.850000e+00
   endloop
 endfacet
 facet normal  0.000000e+00  0.000000e+00  1.000000e+00
   outer loop
     vertex -3.025723e+00  1.420352e+00  3.850000e+00
     vertex -2.654753e+00  1.312113e+00  3.850000e+00
     vertex -2.787390e+00  1.397687e+00  3.850000e+00
   endloop
 endfacet
 facet normal -0.000000e+00  0.000000e+00  1.000000e+00
   outer loop
     vertex -3.025723e+00  1.420352e+00  3.850000e+00
     vertex -2.787390e+00  1.397687e+00  3.850000e+00
     vertex -2.877325e+00  1.423070e+00  3.850000e+00
   endloop
 endfacet
 facet normal  0.000000e+00  0.000000e+00  1.000000e+00
   outer loop
     vertex -1.886411e+00  2.597226e+00  3.850000e+00
     vertex -1.818574e+00  2.532955e+00  3.850000e+00
     vertex -1.840052e+00  2.559842e+00  3.850000e+00
   endloop
 endfacet
 facet normal  0.000000e+00  0.000000e+00  1.000000e+00
   outer loop
     vertex -2.482571e+00  2.008382e+00  3.850000e+00
     vertex -2.462290e+00  1.981203e+00  3.850000e+00
     vertex -2.423153e+00  1.946500e+00  3.850000e+00
   endloop
 endfacet
 facet normal -0.000000e+00  0.000000e+00  1.000000e+00
   outer loop
     vertex -1.231211e+00  3.313057e+00  3.850000e+00
     vertex -5.498801e-01  3.296973e+00  3.850000e+00
     vertex -6.794664e-01  3.463863e+00  3.850000e+00
   endloop
 endfacet
 facet normal  0.000000e+00  0.000000e+00  1.000000e+00
   outer loop
     vertex -1.231211e+00  3.313057e+00  3.850000e+00
     vertex -1.264592e+00  3.001650e+00  3.850000e+00
     vertex -5.498801e-01  3.296973e+00  3.850000e+00
   endloop
 endfacet
 facet normal  0.000000e+00  0.000000e+00  1.000000e+00
   outer loop
     vertex -2.514677e+00  2.070144e+00  3.850000e+00
     vertex -2.482571e+00  2.008382e+00  3.850000e+00
     vertex -2.423153e+00  1.946500e+00  3.850000e+00
   endloop
 endfacet
 facet normal -0.000000e+00  0.000000e+00  1.000000e+00
   outer loop
     vertex -2.514677e+00  2.070144e+00  3.850000e+00
     vertex -2.423153e+00  1.946500e+00  3.850000e+00
     vertex -1.740898e+00  2.395544e+00  3.850000e+00
   endloop
 endfacet
 facet normal -0.000000e+00  0.000000e+00  1.000000e+00
   outer loop
     vertex -3.236684e+00  1.408508e+00  3.850000e+00
     vertex -3.426000e+00  8.687642e-01  3.850000e+00
     vertex -3.025723e+00  1.420352e+00  3.850000e+00
   endloop
 endfacet
 facet normal  0.000000e+00  0.000000e+00  1.000000e+00
   outer loop
     vertex -9.886682e-01  3.669133e+00  3.850000e+00
     vertex -1.231211e+00  3.313057e+00  3.850000e+00
     vertex -6.794664e-01  3.463863e+00  3.850000e+00
   endloop
 endfacet
 facet normal -0.000000e+00  0.000000e+00  1.000000e+00
   outer loop
     vertex -9.886682e-01  3.669133e+00  3.850000e+00
     vertex -6.794664e-01  3.463863e+00  3.850000e+00
     vertex -9.009536e-01  3.691650e+00  3.850000e+00
   endloop
 endfacet
 facet normal  0.000000e+00  0.000000e+00  1.000000e+00
   outer loop
     vertex -2.019074e+00  2.663783e+00  3.850000e+00
     vertex -1.818574e+00  2.532955e+00  3.850000e+00
     vertex -1.886411e+00  2.597226e+00  3.850000e+00
   endloop
 endfacet
 facet normal  0.000000e+00  0.000000e+00  1.000000e+00
   outer loop
     vertex -2.019074e+00  2.663783e+00  3.850000e+00
     vertex -1.740898e+00  2.395544e+00  3.850000e+00
     vertex -1.818574e+00  2.532955e+00  3.850000e+00
   endloop
 endfacet
 facet normal  0.000000e+00  0.000000e+00  1.000000e+00
   outer loop
     vertex -2.019074e+00  2.663783e+00  3.850000e+00
     vertex -2.514677e+00  2.070144e+00  3.850000e+00
     vertex -1.740898e+00  2.395544e+00  3.850000e+00
   endloop
 endfacet
 facet normal -0.000000e+00  0.000000e+00  1.000000e+00
   outer loop
     vertex -1.075821e+00  3.644531e+00  3.850000e+00
     vertex -1.231211e+00  3.313057e+00  3.850000e+00
     vertex -9.886682e-01  3.669133e+00  3.850000e+00
   endloop
 endfacet
 facet normal -0.000000e+00  0.000000e+00  1.000000e+00
   outer loop
     vertex -1.162363e+00  3.617860e+00  3.850000e+00
     vertex -1.231211e+00  3.313057e+00  3.850000e+00
     vertex -1.075821e+00  3.644531e+00  3.850000e+00
   endloop
 endfacet
 facet normal  0.000000e+00  0.000000e+00  1.000000e+00
   outer loop
     vertex -3.610527e+00  1.184946e+00  3.850000e+00
     vertex -3.637738e+00  1.098572e+00  3.850000e+00
     vertex -3.426000e+00  8.687642e-01  3.850000e+00
   endloop
 endfacet
 facet normal -0.000000e+00  0.000000e+00  1.000000e+00
   outer loop
     vertex -3.581265e+00  1.270647e+00  3.850000e+00
     vertex -3.426000e+00  8.687642e-01  3.850000e+00
     vertex -3.236684e+00  1.408508e+00  3.850000e+00
   endloop
 endfacet
 facet normal  0.000000e+00  0.000000e+00  1.000000e+00
   outer loop
     vertex -3.581265e+00  1.270647e+00  3.850000e+00
     vertex -3.610527e+00  1.184946e+00  3.850000e+00
     vertex -3.426000e+00  8.687642e-01  3.850000e+00
   endloop
 endfacet
 facet normal -0.000000e+00  0.000000e+00  1.000000e+00
   outer loop
     vertex -3.549969e+00  1.355626e+00  3.850000e+00
     vertex -3.581265e+00  1.270647e+00  3.850000e+00
     vertex -3.236684e+00  1.408508e+00  3.850000e+00
   endloop
 endfacet
 facet normal  0.000000e+00  0.000000e+00  1.000000e+00
   outer loop
     vertex -2.629838e+00  2.361394e+00  3.850000e+00
     vertex -2.019074e+00  2.663783e+00  3.850000e+00
     vertex -2.211375e+00  2.751334e+00  3.850000e+00
   endloop
 endfacet
 facet normal -0.000000e+00  0.000000e+00  1.000000e+00
   outer loop
     vertex -2.629838e+00  2.361394e+00  3.850000e+00
     vertex -2.514677e+00  2.070144e+00  3.850000e+00
     vertex -2.019074e+00  2.663783e+00  3.850000e+00
   endloop
 endfacet
 facet normal -0.000000e+00  0.000000e+00  1.000000e+00
   outer loop
     vertex -2.580553e+00  2.789399e+00  3.850000e+00
     vertex -2.211375e+00  2.751334e+00  3.850000e+00
     vertex -2.513350e+00  2.850100e+00  3.850000e+00
   endloop
 endfacet
 facet normal  0.000000e+00  0.000000e+00  1.000000e+00
   outer loop
     vertex -2.580553e+00  2.789399e+00  3.850000e+00
     vertex -2.629838e+00  2.361394e+00  3.850000e+00
     vertex -2.211375e+00  2.751334e+00  3.850000e+00
   endloop
 endfacet
 facet normal -0.000000e+00  0.000000e+00  1.000000e+00
   outer loop
     vertex -2.646291e+00  2.727113e+00  3.850000e+00
     vertex -2.629838e+00  2.361394e+00  3.850000e+00
     vertex -2.580553e+00  2.789399e+00  3.850000e+00
   endloop
 endfacet
 facet normal -0.000000e+00  0.000000e+00  1.000000e+00
   outer loop
     vertex -2.710525e+00  2.663279e+00  3.850000e+00
     vertex -2.629838e+00  2.361394e+00  3.850000e+00
     vertex -2.646291e+00  2.727113e+00  3.850000e+00
   endloop
 endfacet
 facet normal  3.392879e-01  9.390259e-01 -5.580399e-02
   outer loop
     vertex -2.501534e+00  1.260419e+00  3.850000e+00
     vertex -2.201315e+00  1.151945e+00  3.850000e+00
     vertex -2.220633e+00  1.114779e+00  3.107143e+00
   endloop
 endfacet
 facet normal  3.142652e-01  9.469803e-01 -6.682547e-02
   outer loop
     vertex -2.501534e+00  1.260419e+00  3.850000e+00
     vertex -2.220633e+00  1.114779e+00  3.107143e+00
     vertex -2.666427e+00  1.262720e+00  3.107143e+00
   endloop
 endfacet
 facet normal  4.658925e-01  8.823771e-01 -6.599175e-02
   outer loop
     vertex -2.654753e+00  1.312113e+00  3.850000e+00
     vertex -2.666427e+00  1.262720e+00  3.107143e+00
     vertex -2.715649e+00  1.288709e+00  3.107143e+00
   endloop
 endfacet
 facet normal  3.189428e-01  9.453409e-01 -6.786884e-02
   outer loop
     vertex -2.654753e+00  1.312113e+00  3.850000e+00
     vertex -2.501534e+00  1.260419e+00  3.850000e+00
     vertex -2.666427e+00  1.262720e+00  3.107143e+00
   endloop
 endfacet
 facet normal  5.405405e-01  8.383351e-01 -7.078251e-02
   outer loop
     vertex -2.787390e+00  1.397687e+00  3.850000e+00
     vertex -2.715649e+00  1.288709e+00  3.107143e+00
     vertex -2.814766e+00  1.352617e+00  3.107143e+00
   endloop
 endfacet
 facet normal  5.407757e-01  8.381872e-01 -7.073808e-02
   outer loop
     vertex -2.787390e+00  1.397687e+00  3.850000e+00
     vertex -2.654753e+00  1.312113e+00  3.850000e+00
     vertex -2.715649e+00  1.288709e+00  3.107143e+00
   endloop
 endfacet
 facet normal  3.360266e-01  9.390519e-01 -7.257874e-02
   outer loop
     vertex -2.818903e+00  1.411513e+00  3.850000e+00
     vertex -2.814766e+00  1.352617e+00  3.107143e+00
     vertex -2.858756e+00  1.368359e+00  3.107143e+00
   endloop
 endfacet
 facet normal  4.007758e-01  9.134834e-01 -7.019104e-02
   outer loop
     vertex -2.818903e+00  1.411513e+00  3.850000e+00
     vertex -2.787390e+00  1.397687e+00  3.850000e+00
     vertex -2.814766e+00  1.352617e+00  3.107143e+00
   endloop
 endfacet
 facet normal  1.140594e-01  9.909952e-01 -7.013600e-02
   outer loop
     vertex -2.877325e+00  1.423070e+00  3.850000e+00
     vertex -2.858756e+00  1.368359e+00  3.107143e+00
     vertex -2.919421e+00  1.375341e+00  3.107143e+00
   endloop
 endfacet
 facet normal  1.936286e-01  9.787675e-01 -6.724646e-02
   outer loop
     vertex -2.877325e+00  1.423070e+00  3.850000e+00
     vertex -2.818903e+00  1.411513e+00  3.850000e+00
     vertex -2.858756e+00  1.368359e+00  3.107143e+00
   endloop
 endfacet
 facet normal -4.893096e-02  9.965266e-01 -6.738281e-02
   outer loop
     vertex -3.025723e+00  1.420352e+00  3.850000e+00
     vertex -2.919421e+00  1.375341e+00  3.107143e+00
     vertex -3.120713e+00  1.365457e+00  3.107143e+00
   endloop
 endfacet
 facet normal -1.828086e-02  9.978413e-01 -6.307647e-02
   outer loop
     vertex -3.025723e+00  1.420352e+00  3.850000e+00
     vertex -2.877325e+00  1.423070e+00  3.850000e+00
     vertex -2.919421e+00  1.375341e+00  3.107143e+00
   endloop
 endfacet
 facet normal -1.061970e-01  9.915844e-01 -7.404477e-02
   outer loop
     vertex -3.236684e+00  1.408508e+00  3.850000e+00
     vertex -3.120713e+00  1.365457e+00  3.107143e+00
     vertex -3.347345e+00  1.341185e+00  3.107143e+00
   endloop
 endfacet
 facet normal -5.592704e-02  9.962201e-01 -6.646556e-02
   outer loop
     vertex -3.236684e+00  1.408508e+00  3.850000e+00
     vertex -3.025723e+00  1.420352e+00  3.850000e+00
     vertex -3.120713e+00  1.365457e+00  3.107143e+00
   endloop
 endfacet
 facet normal -1.972468e-01  9.776466e-01 -7.280658e-02
   outer loop
     vertex -3.549969e+00  1.355626e+00  3.850000e+00
     vertex -3.347345e+00  1.341185e+00  3.107143e+00
     vertex -3.572236e+00  1.295812e+00  3.107143e+00
   endloop
 endfacet
 facet normal -1.660990e-01  9.840017e-01 -6.443417e-02
   outer loop
     vertex -3.549969e+00  1.355626e+00  3.850000e+00
     vertex -3.236684e+00  1.408508e+00  3.850000e+00
     vertex -3.347345e+00  1.341185e+00  3.107143e+00
   endloop
 endfacet
 facet normal  3.144782e-01  9.476222e-01 -5.581804e-02
   outer loop
     vertex -2.666427e+00  1.262720e+00  3.107143e+00
     vertex -2.220633e+00  1.114779e+00  3.107143e+00
     vertex -2.251188e+00  1.051710e+00  1.864286e+00
   endloop
 endfacet
 facet normal  2.874462e-01  9.555071e-01 -6.618810e-02
   outer loop
     vertex -2.666427e+00  1.262720e+00  3.107143e+00
     vertex -2.251188e+00  1.051710e+00  1.864286e+00
     vertex -2.700977e+00  1.187021e+00  1.864286e+00
   endloop
 endfacet
 facet normal  4.407625e-01  8.950423e-01 -6.802742e-02
   outer loop
     vertex -2.715649e+00  1.288709e+00  3.107143e+00
     vertex -2.700977e+00  1.187021e+00  1.864286e+00
     vertex -2.750912e+00  1.211611e+00  1.864286e+00
   endloop
 endfacet
 facet normal  4.658708e-01  8.823359e-01 -6.669142e-02
   outer loop
     vertex -2.715649e+00  1.288709e+00  3.107143e+00
     vertex -2.666427e+00  1.262720e+00  3.107143e+00
     vertex -2.700977e+00  1.187021e+00  1.864286e+00
   endloop
 endfacet
 facet normal  5.167024e-01  8.532772e-01 -7.026067e-02
   outer loop
     vertex -2.814766e+00  1.352617e+00  3.107143e+00
     vertex -2.750912e+00  1.211611e+00  1.864286e+00
     vertex -2.851792e+00  1.272699e+00  1.864286e+00
   endloop
 endfacet
 facet normal  5.406690e-01  8.385345e-01 -6.735671e-02
   outer loop
     vertex -2.814766e+00  1.352617e+00  3.107143e+00
     vertex -2.715649e+00  1.288709e+00  3.107143e+00
     vertex -2.750912e+00  1.211611e+00  1.864286e+00
   endloop
 endfacet
 facet normal  3.094401e-01  9.482459e-01 -7.125022e-02
   outer loop
     vertex -2.858756e+00  1.368359e+00  3.107143e+00
     vertex -2.851792e+00  1.272699e+00  1.864286e+00
     vertex -2.896209e+00  1.287194e+00  1.864286e+00
   endloop
 endfacet
 facet normal  3.360791e-01  9.391986e-01 -7.040461e-02
   outer loop
     vertex -2.858756e+00  1.368359e+00  3.107143e+00
     vertex -2.814766e+00  1.352617e+00  3.107143e+00
     vertex -2.851792e+00  1.272699e+00  1.864286e+00
   endloop
 endfacet
 facet normal  8.607415e-02  9.939046e-01 -6.888334e-02
   outer loop
     vertex -2.919421e+00  1.375341e+00  3.107143e+00
     vertex -2.896209e+00  1.287194e+00  1.864286e+00
     vertex -2.957046e+00  1.292462e+00  1.864286e+00
   endloop
 endfacet
 facet normal  1.140751e-01  9.911310e-01 -6.816366e-02
   outer loop
     vertex -2.919421e+00  1.375341e+00  3.107143e+00
     vertex -2.858756e+00  1.368359e+00  3.107143e+00
     vertex -2.896209e+00  1.287194e+00  1.864286e+00
   endloop
 endfacet
 facet normal -7.700874e-02  9.946704e-01 -6.855957e-02
   outer loop
     vertex -3.120713e+00  1.365457e+00  3.107143e+00
     vertex -2.957046e+00  1.292462e+00  1.864286e+00
     vertex -3.157980e+00  1.276906e+00  1.864286e+00
   endloop
 endfacet
 facet normal -4.893877e-02  9.966857e-01 -6.498151e-02
   outer loop
     vertex -3.120713e+00  1.365457e+00  3.107143e+00
     vertex -2.919421e+00  1.375341e+00  3.107143e+00
     vertex -2.957046e+00  1.292462e+00  1.864286e+00
   endloop
 endfacet
 facet normal -1.341433e-01  9.883751e-01 -7.155648e-02
   outer loop
     vertex -3.347345e+00  1.341185e+00  3.107143e+00
     vertex -3.157980e+00  1.276906e+00  1.864286e+00
     vertex -3.383837e+00  1.246252e+00  1.864286e+00
   endloop
 endfacet
 facet normal -1.062465e-01  9.920464e-01 -6.749593e-02
   outer loop
     vertex -3.347345e+00  1.341185e+00  3.107143e+00
     vertex -3.120713e+00  1.365457e+00  3.107143e+00
     vertex -3.157980e+00  1.276906e+00  1.864286e+00
   endloop
 endfacet
 facet normal -2.247392e-01  9.716946e-01 -7.281432e-02
   outer loop
     vertex -3.572236e+00  1.295812e+00  3.107143e+00
     vertex -3.383837e+00  1.246252e+00  1.864286e+00
     vertex -3.607359e+00  1.194555e+00  1.864286e+00
   endloop
 endfacet
 facet normal -1.973016e-01  9.779184e-01 -6.890335e-02
   outer loop
     vertex -3.572236e+00  1.295812e+00  3.107143e+00
     vertex -3.347345e+00  1.341185e+00  3.107143e+00
     vertex -3.383837e+00  1.246252e+00  1.864286e+00
   endloop
 endfacet
 facet normal  2.876288e-01  9.561140e-01 -5.581804e-02
   outer loop
     vertex -2.700977e+00  1.187021e+00  1.864286e+00
     vertex -2.251188e+00  1.051710e+00  1.864286e+00
     vertex -2.279953e+00  9.878052e-01  6.214286e-01
   endloop
 endfacet
 facet normal  2.603853e-01  9.632334e-01 -6.618810e-02
   outer loop
     vertex -2.700977e+00  1.187021e+00  1.864286e+00
     vertex -2.279953e+00  9.878052e-01  6.214286e-01
     vertex -2.733379e+00  1.110377e+00  6.214286e-01
   endloop
 endfacet
 facet normal  4.153458e-01  9.071164e-01 -6.802742e-02
   outer loop
     vertex -2.750912e+00  1.211611e+00  1.864286e+00
     vertex -2.733379e+00  1.110377e+00  6.214286e-01
     vertex -2.783987e+00  1.133550e+00  6.214286e-01
   endloop
 endfacet
 facet normal  4.408024e-01  8.951232e-01 -6.669142e-02
   outer loop
     vertex -2.750912e+00  1.211611e+00  1.864286e+00
     vertex -2.700977e+00  1.187021e+00  1.864286e+00
     vertex -2.733379e+00  1.110377e+00  6.214286e-01
   endloop
 endfacet
 facet normal  4.924333e-01  8.675096e-01 -7.026067e-02
   outer loop
     vertex -2.851792e+00  1.272699e+00  1.864286e+00
     vertex -2.783987e+00  1.133550e+00  6.214286e-01
     vertex -2.886550e+00  1.191768e+00  6.214286e-01
   endloop
 endfacet
 facet normal  5.168062e-01  8.534486e-01 -6.735671e-02
   outer loop
     vertex -2.851792e+00  1.272699e+00  1.864286e+00
     vertex -2.750912e+00  1.211611e+00  1.864286e+00
     vertex -2.783987e+00  1.133550e+00  6.214286e-01
   endloop
 endfacet
 facet normal  2.825752e-01  9.565954e-01 -7.125022e-02
   outer loop
     vertex -2.896209e+00  1.287194e+00  1.864286e+00
     vertex -2.886550e+00  1.191768e+00  6.214286e-01
     vertex -2.931357e+00  1.205004e+00  6.214286e-01
   endloop
 endfacet
 facet normal  3.094587e-01  9.483030e-01 -7.040461e-02
   outer loop
     vertex -2.896209e+00  1.287194e+00  1.864286e+00
     vertex -2.851792e+00  1.272699e+00  1.864286e+00
     vertex -2.886550e+00  1.191768e+00  6.214286e-01
   endloop
 endfacet
 facet normal  5.801042e-02  9.959367e-01 -6.888334e-02
   outer loop
     vertex -2.957046e+00  1.292462e+00  1.864286e+00
     vertex -2.931357e+00  1.205004e+00  6.214286e-01
     vertex -2.992320e+00  1.208555e+00  6.214286e-01
   endloop
 endfacet
 facet normal  8.607841e-02  9.939538e-01 -6.816366e-02
   outer loop
     vertex -2.957046e+00  1.292462e+00  1.864286e+00
     vertex -2.896209e+00  1.287194e+00  1.864286e+00
     vertex -2.931357e+00  1.205004e+00  6.214286e-01
   endloop
 endfacet
 facet normal -1.050292e-01  9.921030e-01 -6.855957e-02
   outer loop
     vertex -3.157980e+00  1.276906e+00  1.864286e+00
     vertex -2.992320e+00  1.208555e+00  6.214286e-01
     vertex -3.192734e+00  1.187338e+00  6.214286e-01
   endloop
 endfacet
 facet normal -7.702723e-02  9.949091e-01 -6.498151e-02
   outer loop
     vertex -3.157980e+00  1.276906e+00  1.864286e+00
     vertex -2.957046e+00  1.292462e+00  1.864286e+00
     vertex -2.992320e+00  1.208555e+00  6.214286e-01
   endloop
 endfacet
 facet normal -1.619635e-01  9.841989e-01 -7.155648e-02
   outer loop
     vertex -3.383837e+00  1.246252e+00  1.864286e+00
     vertex -3.192734e+00  1.187338e+00  6.214286e-01
     vertex -3.417637e+00  1.150328e+00  6.214286e-01
   endloop
 endfacet
 facet normal -2.521449e-01  9.653221e-01 -6.764702e-02
   outer loop
     vertex -3.383837e+00  1.246252e+00  1.864286e+00
     vertex -3.417637e+00  1.150328e+00  6.214286e-01
     vertex -3.639612e+00  1.092347e+00  6.214286e-01
   endloop
 endfacet
 facet normal -1.341813e-01  9.886555e-01 -6.749593e-02
   outer loop
     vertex -3.383837e+00  1.246252e+00  1.864286e+00
     vertex -3.157980e+00  1.276906e+00  1.864286e+00
     vertex -3.192734e+00  1.187338e+00  6.214286e-01
   endloop
 endfacet
 facet normal -2.247184e-01  9.716045e-01 -7.406926e-02
   outer loop
     vertex -3.607359e+00  1.194555e+00  1.864286e+00
     vertex -3.383837e+00  1.246252e+00  1.864286e+00
     vertex -3.639612e+00  1.092347e+00  6.214286e-01
   endloop
 endfacet
 facet normal  2.332683e-01  9.708222e-01 -5.558959e-02
   outer loop
     vertex -2.279953e+00  9.878052e-01  6.214286e-01
     vertex -2.306903e+00  9.231145e-01 -6.214286e-01
     vertex -2.763606e+00  1.032851e+00 -6.214286e-01
   endloop
 endfacet
 facet normal  3.896317e-01  9.185469e-01 -6.677302e-02
   outer loop
     vertex -2.733379e+00  1.110377e+00  6.214286e-01
     vertex -2.763606e+00  1.032851e+00 -6.214286e-01
     vertex -2.814847e+00  1.054586e+00 -6.214286e-01
   endloop
 endfacet
 facet normal  2.603813e-01  9.632188e-01 -6.641611e-02
   outer loop
     vertex -2.733379e+00  1.110377e+00  6.214286e-01
     vertex -2.279953e+00  9.878052e-01  6.214286e-01
     vertex -2.763606e+00  1.032851e+00 -6.214286e-01
   endloop
 endfacet
 facet normal  4.678585e-01  8.812140e-01 -6.760369e-02
   outer loop
     vertex -2.783987e+00  1.133550e+00  6.214286e-01
     vertex -2.814847e+00  1.054586e+00 -6.214286e-01
     vertex -2.919011e+00  1.109890e+00 -6.214286e-01
   endloop
 endfacet
 facet normal  4.153481e-01  9.071214e-01 -6.794584e-02
   outer loop
     vertex -2.783987e+00  1.133550e+00  6.214286e-01
     vertex -2.733379e+00  1.110377e+00  6.214286e-01
     vertex -2.814847e+00  1.054586e+00 -6.214286e-01
   endloop
 endfacet
 facet normal  2.555046e-01  9.642560e-01 -7.019801e-02
   outer loop
     vertex -2.886550e+00  1.191768e+00  6.214286e-01
     vertex -2.919011e+00  1.109890e+00 -6.214286e-01
     vertex -2.964174e+00  1.121857e+00 -6.214286e-01
   endloop
 endfacet
 facet normal  4.924419e-01  8.675247e-01 -7.001383e-02
   outer loop
     vertex -2.886550e+00  1.191768e+00  6.214286e-01
     vertex -2.783987e+00  1.133550e+00  6.214286e-01
     vertex -2.919011e+00  1.109890e+00 -6.214286e-01
   endloop
 endfacet
 facet normal  2.990337e-02  9.972705e-01 -6.750737e-02
   outer loop
     vertex -2.931357e+00  1.205004e+00  6.214286e-01
     vertex -2.964174e+00  1.121857e+00 -6.214286e-01
     vertex -3.025212e+00  1.123687e+00 -6.214286e-01
   endloop
 endfacet
 facet normal  2.825710e-01  9.565812e-01 -7.145677e-02
   outer loop
     vertex -2.931357e+00  1.205004e+00  6.214286e-01
     vertex -2.886550e+00  1.191768e+00  6.214286e-01
     vertex -2.964174e+00  1.121857e+00 -6.214286e-01
   endloop
 endfacet
 facet normal -1.330063e-01  9.890456e-01 -6.401671e-02
   outer loop
     vertex -2.992320e+00  1.208555e+00  6.214286e-01
     vertex -3.025212e+00  1.123687e+00 -6.214286e-01
     vertex -3.224949e+00  1.096827e+00 -6.214286e-01
   endloop
 endfacet
 facet normal  5.800777e-02  9.958912e-01 -6.953944e-02
   outer loop
     vertex -2.992320e+00  1.208555e+00  6.214286e-01
     vertex -2.931357e+00  1.205004e+00  6.214286e-01
     vertex -3.025212e+00  1.123687e+00 -6.214286e-01
   endloop
 endfacet
 facet normal -1.897223e-01  9.795885e-01 -6.642152e-02
   outer loop
     vertex -3.192734e+00  1.187338e+00  6.214286e-01
     vertex -3.224949e+00  1.096827e+00 -6.214286e-01
     vertex -3.448719e+00  1.053488e+00 -6.214286e-01
   endloop
 endfacet
 facet normal -1.050222e-01  9.920367e-01 -6.952349e-02
   outer loop
     vertex -3.192734e+00  1.187338e+00  6.214286e-01
     vertex -2.992320e+00  1.208555e+00  6.214286e-01
     vertex -3.224949e+00  1.096827e+00 -6.214286e-01
   endloop
 endfacet
 facet normal -2.792680e-01  9.578274e-01 -6.764702e-02
   outer loop
     vertex -3.417637e+00  1.150328e+00  6.214286e-01
     vertex -3.448719e+00  1.053488e+00 -6.214286e-01
     vertex -3.668970e+00  9.892704e-01 -6.214286e-01
   endloop
 endfacet
 facet normal -1.619509e-01  9.841224e-01 -7.262973e-02
   outer loop
     vertex -3.417637e+00  1.150328e+00  6.214286e-01
     vertex -3.192734e+00  1.187338e+00  6.214286e-01
     vertex -3.448719e+00  1.053488e+00 -6.214286e-01
   endloop
 endfacet
 facet normal -2.520296e-01  9.648807e-01 -7.406926e-02
   outer loop
     vertex -3.639612e+00  1.092347e+00  6.214286e-01
     vertex -3.417637e+00  1.150328e+00  6.214286e-01
     vertex -3.668970e+00  9.892704e-01 -6.214286e-01
   endloop
 endfacet
 facet normal  2.057969e-01  9.770145e-01 -5.558959e-02
   outer loop
     vertex -2.306903e+00  9.231145e-01 -6.214286e-01
     vertex -2.332019e+00  8.576895e-01 -1.864286e+00
     vertex -2.791634e+00  9.545022e-01 -1.864286e+00
   endloop
 endfacet
 facet normal  3.635725e-01  9.291698e-01 -6.677302e-02
   outer loop
     vertex -2.763606e+00  1.032851e+00 -6.214286e-01
     vertex -2.791634e+00  9.545022e-01 -1.864286e+00
     vertex -2.843469e+00  9.747843e-01 -1.864286e+00
   endloop
 endfacet
 facet normal  2.331137e-01  9.701788e-01 -6.641611e-02
   outer loop
     vertex -2.763606e+00  1.032851e+00 -6.214286e-01
     vertex -2.306903e+00  9.231145e-01 -6.214286e-01
     vertex -2.791634e+00  9.545022e-01 -1.864286e+00
   endloop
 endfacet
 facet normal  4.428210e-01  8.940578e-01 -6.760369e-02
   outer loop
     vertex -2.814847e+00  1.054586e+00 -6.214286e-01
     vertex -2.843469e+00  9.747843e-01 -1.864286e+00
     vertex -2.949151e+00  1.027128e+00 -1.864286e+00
   endloop
 endfacet
 facet normal  3.896008e-01  9.184740e-01 -6.794584e-02
   outer loop
     vertex -2.814847e+00  1.054586e+00 -6.214286e-01
     vertex -2.763606e+00  1.032851e+00 -6.214286e-01
     vertex -2.843469e+00  9.747843e-01 -1.864286e+00
   endloop
 endfacet
 facet normal  2.282096e-01  9.710781e-01 -7.019801e-02
   outer loop
     vertex -2.919011e+00  1.109890e+00 -6.214286e-01
     vertex -2.949151e+00  1.027128e+00 -1.864286e+00
     vertex -2.994633e+00  1.037817e+00 -1.864286e+00
   endloop
 endfacet
 facet normal  4.677806e-01  8.810672e-01 -7.001383e-02
   outer loop
     vertex -2.919011e+00  1.109890e+00 -6.214286e-01
     vertex -2.814847e+00  1.054586e+00 -6.214286e-01
     vertex -2.949151e+00  1.027128e+00 -1.864286e+00
   endloop
 endfacet
 facet normal  1.767061e-03  9.977172e-01 -6.750737e-02
   outer loop
     vertex -2.964174e+00  1.121857e+00 -6.214286e-01
     vertex -2.994633e+00  1.037817e+00 -1.864286e+00
     vertex -3.055699e+00  1.037925e+00 -1.864286e+00
   endloop
 endfacet
 facet normal  2.554817e-01  9.641696e-01 -7.145677e-02
   outer loop
     vertex -2.964174e+00  1.121857e+00 -6.214286e-01
     vertex -2.919011e+00  1.109890e+00 -6.214286e-01
     vertex -2.994633e+00  1.037817e+00 -1.864286e+00
   endloop
 endfacet
 facet normal -1.608459e-01  9.849012e-01 -6.401671e-02
   outer loop
     vertex -3.025212e+00  1.123687e+00 -6.214286e-01
     vertex -3.055699e+00  1.037925e+00 -1.864286e+00
     vertex -3.254598e+00  1.005442e+00 -1.864286e+00
   endloop
 endfacet
 facet normal  2.989919e-02  9.971310e-01 -6.953944e-02
   outer loop
     vertex -3.025212e+00  1.123687e+00 -6.214286e-01
     vertex -2.964174e+00  1.121857e+00 -6.214286e-01
     vertex -3.055699e+00  1.037925e+00 -1.864286e+00
   endloop
 endfacet
 facet normal -2.172726e-01  9.738484e-01 -6.642152e-02
   outer loop
     vertex -3.224949e+00  1.096827e+00 -6.214286e-01
     vertex -3.254598e+00  1.005442e+00 -1.864286e+00
     vertex -3.477057e+00  9.558102e-01 -1.864286e+00
   endloop
 endfacet
 facet normal -1.329572e-01  9.886804e-01 -6.952349e-02
   outer loop
     vertex -3.224949e+00  1.096827e+00 -6.214286e-01
     vertex -3.025212e+00  1.123687e+00 -6.214286e-01
     vertex -3.254598e+00  1.005442e+00 -1.864286e+00
   endloop
 endfacet
 facet normal -3.061690e-01  9.495706e-01 -6.764702e-02
   outer loop
     vertex -3.448719e+00  1.053488e+00 -6.214286e-01
     vertex -3.477057e+00  9.558102e-01 -1.864286e+00
     vertex -3.695410e+00  8.854068e-01 -1.864286e+00
   endloop
 endfacet
 facet normal -1.896401e-01  9.791637e-01 -7.262973e-02
   outer loop
     vertex -3.448719e+00  1.053488e+00 -6.214286e-01
     vertex -3.224949e+00  1.096827e+00 -6.214286e-01
     vertex -3.477057e+00  9.558102e-01 -1.864286e+00
   endloop
 endfacet
 facet normal -2.791403e-01  9.573894e-01 -7.406926e-02
   outer loop
     vertex -3.668970e+00  9.892704e-01 -6.214286e-01
     vertex -3.448719e+00  1.053488e+00 -6.214286e-01
     vertex -3.695410e+00  8.854068e-01 -1.864286e+00
   endloop
 endfacet
 facet normal  2.057943e-01  9.770021e-01 -5.581804e-02
   outer loop
     vertex -2.791634e+00  9.545022e-01 -1.864286e+00
     vertex -2.332019e+00  8.576895e-01 -1.864286e+00
     vertex -2.355279e+00  7.915822e-01 -3.107143e+00
   endloop
 endfacet
 facet normal  1.780466e-01  9.817935e-01 -6.618810e-02
   outer loop
     vertex -2.791634e+00  9.545022e-01 -1.864286e+00
     vertex -2.355279e+00  7.915822e-01 -3.107143e+00
     vertex -2.817442e+00  8.753946e-01 -3.107143e+00
   endloop
 endfacet
 facet normal  3.371953e-01  9.389737e-01 -6.802742e-02
   outer loop
     vertex -2.843469e+00  9.747843e-01 -1.864286e+00
     vertex -2.817442e+00  8.753946e-01 -3.107143e+00
     vertex -2.869828e+00  8.942069e-01 -3.107143e+00
   endloop
 endfacet
 facet normal  3.635745e-01  9.291748e-01 -6.669142e-02
   outer loop
     vertex -2.843469e+00  9.747843e-01 -1.864286e+00
     vertex -2.791634e+00  9.545022e-01 -1.864286e+00
     vertex -2.817442e+00  8.753946e-01 -3.107143e+00
   endloop
 endfacet
 facet normal  4.173544e-01  9.060236e-01 -7.026067e-02
   outer loop
     vertex -2.949151e+00  1.027128e+00 -1.864286e+00
     vertex -2.869828e+00  8.942069e-01 -3.107143e+00
     vertex -2.976944e+00  9.435494e-01 -3.107143e+00
   endloop
 endfacet
 facet normal  4.428284e-01  8.940727e-01 -6.735671e-02
   outer loop
     vertex -2.949151e+00  1.027128e+00 -1.864286e+00
     vertex -2.843469e+00  9.747843e-01 -1.864286e+00
     vertex -2.869828e+00  8.942069e-01 -3.107143e+00
   endloop
 endfacet
 facet normal  2.007180e-01  9.770546e-01 -7.125022e-02
   outer loop
     vertex -2.994633e+00  1.037817e+00 -1.864286e+00
     vertex -2.976944e+00  9.435494e-01 -3.107143e+00
     vertex -3.022710e+00  9.529512e-01 -3.107143e+00
   endloop
 endfacet
 facet normal  2.282062e-01  9.710639e-01 -7.040461e-02
   outer loop
     vertex -2.994633e+00  1.037817e+00 -1.864286e+00
     vertex -2.949151e+00  1.027128e+00 -1.864286e+00
     vertex -2.976944e+00  9.435494e-01 -3.107143e+00
   endloop
 endfacet
 facet normal -2.636817e-02  9.972762e-01 -6.888334e-02
   outer loop
     vertex -3.055699e+00  1.037925e+00 -1.864286e+00
     vertex -3.022710e+00  9.529512e-01 -3.107143e+00
     vertex -3.083754e+00  9.513372e-01 -3.107143e+00
   endloop
 endfacet
 facet normal  1.766982e-03  9.976726e-01 -6.816366e-02
   outer loop
     vertex -3.055699e+00  1.037925e+00 -1.864286e+00
     vertex -2.994633e+00  1.037817e+00 -1.864286e+00
     vertex -3.022710e+00  9.529512e-01 -3.107143e+00
   endloop
 endfacet
 facet normal -1.885005e-01  9.796771e-01 -6.855957e-02
   outer loop
     vertex -3.254598e+00  1.005442e+00 -1.864286e+00
     vertex -3.083754e+00  9.513372e-01 -3.107143e+00
     vertex -3.281659e+00  9.132582e-01 -3.107143e+00
   endloop
 endfacet
 facet normal -1.608358e-01  9.848397e-01 -6.498151e-02
   outer loop
     vertex -3.254598e+00  1.005442e+00 -1.864286e+00
     vertex -3.055699e+00  1.037925e+00 -1.864286e+00
     vertex -3.083754e+00  9.513372e-01 -3.107143e+00
   endloop
 endfacet
 facet normal -2.445630e-01  9.669894e-01 -7.155648e-02
   outer loop
     vertex -3.477057e+00  9.558102e-01 -1.864286e+00
     vertex -3.281659e+00  9.132582e-01 -3.107143e+00
     vertex -3.502629e+00  8.573722e-01 -3.107143e+00
   endloop
 endfacet
 facet normal -2.172569e-01  9.737781e-01 -6.749593e-02
   outer loop
     vertex -3.477057e+00  9.558102e-01 -1.864286e+00
     vertex -3.254598e+00  1.005442e+00 -1.864286e+00
     vertex -3.281659e+00  9.132582e-01 -3.107143e+00
   endloop
 endfacet
 facet normal -3.327051e-01  9.402156e-01 -7.281432e-02
   outer loop
     vertex -3.695410e+00  8.854068e-01 -1.864286e+00
     vertex -3.502629e+00  8.573722e-01 -3.107143e+00
     vertex -3.718910e+00  7.808390e-01 -3.107143e+00
   endloop
 endfacet
 facet normal -3.061426e-01  9.494888e-01 -6.890335e-02
   outer loop
     vertex -3.695410e+00  8.854068e-01 -1.864286e+00
     vertex -3.477057e+00  9.558102e-01 -1.864286e+00
     vertex -3.502629e+00  8.573722e-01 -3.107143e+00
   endloop
 endfacet
 facet normal  1.708675e-01  9.837148e-01 -5.576224e-02
   outer loop
     vertex -2.355279e+00  7.915822e-01 -3.107143e+00
     vertex -2.368062e+00  7.516934e-01 -3.850000e+00
     vertex -2.682568e+00  8.063219e-01 -3.850000e+00
   endloop
 endfacet
 facet normal  1.490297e-01  9.867145e-01 -6.468922e-02
   outer loop
     vertex -2.817442e+00  8.753946e-01 -3.107143e+00
     vertex -2.682568e+00  8.063219e-01 -3.850000e+00
     vertex -2.841504e+00  8.303270e-01 -3.850000e+00
   endloop
 endfacet
 facet normal  1.781271e-01  9.822377e-01 -5.898999e-02
   outer loop
     vertex -2.817442e+00  8.753946e-01 -3.107143e+00
     vertex -2.355279e+00  7.915822e-01 -3.107143e+00
     vertex -2.682568e+00  8.063219e-01 -3.850000e+00
   endloop
 endfacet
 facet normal  3.862870e-01  9.201280e-01 -6.439549e-02
   outer loop
     vertex -2.869828e+00  8.942069e-01 -3.107143e+00
     vertex -2.841504e+00  8.303270e-01 -3.850000e+00
     vertex -2.987935e+00  8.918012e-01 -3.850000e+00
   endloop
 endfacet
 facet normal  3.371985e-01  9.389826e-01 -6.788847e-02
   outer loop
     vertex -2.869828e+00  8.942069e-01 -3.107143e+00
     vertex -2.817442e+00  8.753946e-01 -3.107143e+00
     vertex -2.841504e+00  8.303270e-01 -3.850000e+00
   endloop
 endfacet
 facet normal  2.358510e-01  9.691918e-01 -7.100427e-02
   outer loop
     vertex -2.976944e+00  9.435494e-01 -3.107143e+00
     vertex -2.987935e+00  8.918012e-01 -3.850000e+00
     vertex -3.021372e+00  8.999381e-01 -3.850000e+00
   endloop
 endfacet
 facet normal  4.173827e-01  9.060850e-01 -6.929390e-02
   outer loop
     vertex -2.976944e+00  9.435494e-01 -3.107143e+00
     vertex -2.869828e+00  8.942069e-01 -3.107143e+00
     vertex -2.987935e+00  8.918012e-01 -3.850000e+00
   endloop
 endfacet
 facet normal  2.051467e-02  9.972560e-01 -7.113104e-02
   outer loop
     vertex -3.022710e+00  9.529512e-01 -3.107143e+00
     vertex -3.021372e+00  8.999381e-01 -3.850000e+00
     vertex -3.080914e+00  9.011629e-01 -3.850000e+00
   endloop
 endfacet
 facet normal  2.007447e-01  9.771841e-01 -6.937391e-02
   outer loop
     vertex -3.022710e+00  9.529512e-01 -3.107143e+00
     vertex -2.976944e+00  9.435494e-01 -3.107143e+00
     vertex -3.021372e+00  8.999381e-01 -3.850000e+00
   endloop
 endfacet
 facet normal -1.914340e-01  9.792248e-01 -6.687096e-02
   outer loop
     vertex -3.083754e+00  9.513372e-01 -3.107143e+00
     vertex -3.080914e+00  9.011629e-01 -3.850000e+00
     vertex -3.226581e+00  8.726858e-01 -3.850000e+00
   endloop
 endfacet
 facet normal -2.637073e-02  9.973730e-01 -6.746566e-02
   outer loop
     vertex -3.083754e+00  9.513372e-01 -3.107143e+00
     vertex -3.022710e+00  9.529512e-01 -3.107143e+00
     vertex -3.080914e+00  9.011629e-01 -3.850000e+00
   endloop
 endfacet
 facet normal -2.282183e-01  9.710933e-01 -6.995887e-02
   outer loop
     vertex -3.281659e+00  9.132582e-01 -3.107143e+00
     vertex -3.226581e+00  8.726858e-01 -3.850000e+00
     vertex -3.432270e+00  8.243464e-01 -3.850000e+00
   endloop
 endfacet
 facet normal -1.885143e-01  9.797488e-01 -6.748780e-02
   outer loop
     vertex -3.281659e+00  9.132582e-01 -3.107143e+00
     vertex -3.083754e+00  9.513372e-01 -3.107143e+00
     vertex -3.226581e+00  8.726858e-01 -3.850000e+00
   endloop
 endfacet
 facet normal -3.344339e-01  9.395529e-01 -7.344615e-02
   outer loop
     vertex -3.502629e+00  8.573722e-01 -3.107143e+00
     vertex -3.432270e+00  8.243464e-01 -3.850000e+00
     vertex -3.731589e+00  7.178036e-01 -3.850000e+00
   endloop
 endfacet
 facet normal -2.446541e-01  9.673494e-01 -6.617848e-02
   outer loop
     vertex -3.502629e+00  8.573722e-01 -3.107143e+00
     vertex -3.281659e+00  9.132582e-01 -3.107143e+00
     vertex -3.432270e+00  8.243464e-01 -3.850000e+00
   endloop
 endfacet
 facet normal -3.326736e-01  9.401266e-01 -7.409651e-02
   outer loop
     vertex -3.718910e+00  7.808390e-01 -3.107143e+00
     vertex -3.502629e+00  8.573722e-01 -3.107143e+00
     vertex -3.731589e+00  7.178036e-01 -3.850000e+00
   endloop
 endfacet
 facet normal  0.000000e+00 -0.000000e+00 -1.000000e+00
   outer loop
     vertex  2.466049e+00 -2.531962e+00 -3.850000e+00
     vertex  2.526369e+00 -2.838567e+00 -3.850000e+00
     vertex  2.458010e+00 -2.897963e+00 -3.850000e+00
   endloop
 endfacet
 facet normal  0.000000e+00  0.000000e+00 -1.000000e+00
   outer loop
     vertex  2.466049e+00 -2.531962e+00 -3.850000e+00
     vertex  2.458010e+00 -2.897963e+00 -3.850000e+00
     vertex  2.388254e+00 -2.955713e+00 -3.850000e+00
   endloop
 endfacet
 facet normal  0.000000e+00  0.000000e+00 -1.000000e+00
   outer loop
     vertex  2.022448e+00 -2.893048e+00 -3.850000e+00
     vertex  2.388254e+00 -2.955713e+00 -3.850000e+00
     vertex  2.317143e+00 -3.011785e+00 -3.850000e+00
   endloop
 endfacet
 facet normal  0.000000e+00  0.000000e+00 -1.000000e+00
   outer loop
     vertex  2.022448e+00 -2.893048e+00 -3.850000e+00
     vertex  2.466049e+00 -2.531962e+00 -3.850000e+00
     vertex  2.388254e+00 -2.955713e+00 -3.850000e+00
   endloop
 endfacet
 facet normal  0.000000e+00  0.000000e+00 -1.000000e+00
   outer loop
     vertex  3.135255e+00 -1.621788e+00 -3.850000e+00
     vertex  3.488283e+00 -1.507277e+00 -3.850000e+00
     vertex  3.451374e+00 -1.589973e+00 -3.850000e+00
   endloop
 endfacet
 facet normal  0.000000e+00  0.000000e+00 -1.000000e+00
   outer loop
     vertex  1.836432e+00 -2.792833e+00 -3.850000e+00
     vertex  2.466049e+00 -2.531962e+00 -3.850000e+00
     vertex  2.022448e+00 -2.893048e+00 -3.850000e+00
   endloop
 endfacet
 facet normal  0.000000e+00 -0.000000e+00 -1.000000e+00
   outer loop
     vertex  2.370621e+00 -2.233664e+00 -3.850000e+00
     vertex  2.466049e+00 -2.531962e+00 -3.850000e+00
     vertex  1.836432e+00 -2.792833e+00 -3.850000e+00
   endloop
 endfacet
 facet normal  0.000000e+00 -0.000000e+00 -1.000000e+00
   outer loop
     vertex  3.360239e+00 -1.095911e+00 -3.850000e+00
     vertex  3.488283e+00 -1.507277e+00 -3.850000e+00
     vertex  3.135255e+00 -1.621788e+00 -3.850000e+00
   endloop
 endfacet
 facet normal  0.000000e+00  0.000000e+00 -1.000000e+00
   outer loop
     vertex  3.360239e+00 -1.095911e+00 -3.850000e+00
     vertex  3.556136e+00 -1.339364e+00 -3.850000e+00
     vertex  3.523210e+00 -1.423725e+00 -3.850000e+00
   endloop
 endfacet
 facet normal  0.000000e+00  0.000000e+00 -1.000000e+00
   outer loop
     vertex  3.360239e+00 -1.095911e+00 -3.850000e+00
     vertex  3.523210e+00 -1.423725e+00 -3.850000e+00
     vertex  3.488283e+00 -1.507277e+00 -3.850000e+00
   endloop
 endfacet
 facet normal  0.000000e+00  0.000000e+00 -1.000000e+00
   outer loop
     vertex  3.360239e+00 -1.095911e+00 -3.850000e+00
     vertex  3.135255e+00 -1.621788e+00 -3.850000e+00
     vertex  2.923974e+00 -1.619498e+00 -3.850000e+00
   endloop
 endfacet
 facet normal  0.000000e+00  0.000000e+00 -1.000000e+00
   outer loop
     vertex  1.006916e+00 -3.387971e+00 -3.850000e+00
     vertex  9.178407e-01 -3.687488e+00 -3.850000e+00
     vertex  8.297088e-01 -3.708313e+00 -3.850000e+00
   endloop
 endfacet
 facet normal  0.000000e+00  0.000000e+00 -1.000000e+00
   outer loop
     vertex  1.006916e+00 -3.387971e+00 -3.850000e+00
     vertex  8.297088e-01 -3.708313e+00 -3.850000e+00
     vertex  7.411057e-01 -3.727031e+00 -3.850000e+00
   endloop
 endfacet
 facet normal  0.000000e+00  0.000000e+00 -1.000000e+00
   outer loop
     vertex  2.287570e+00 -2.104176e+00 -3.850000e+00
     vertex  2.307688e+00 -2.122224e+00 -3.850000e+00
     vertex  2.324299e+00 -2.141419e+00 -3.850000e+00
   endloop
 endfacet
 facet normal  0.000000e+00  0.000000e+00 -1.000000e+00
   outer loop
     vertex  2.287570e+00 -2.104176e+00 -3.850000e+00
     vertex  2.324299e+00 -2.141419e+00 -3.850000e+00
     vertex  2.342717e+00 -2.169893e+00 -3.850000e+00
   endloop
 endfacet
 facet normal  0.000000e+00  0.000000e+00 -1.000000e+00
   outer loop
     vertex  2.287570e+00 -2.104176e+00 -3.850000e+00
     vertex  2.342717e+00 -2.169893e+00 -3.850000e+00
     vertex  2.370621e+00 -2.233664e+00 -3.850000e+00
   endloop
 endfacet
 facet normal  0.000000e+00  0.000000e+00 -1.000000e+00
   outer loop
     vertex  1.645128e+00 -2.648891e+00 -3.850000e+00
     vertex  1.836432e+00 -2.792833e+00 -3.850000e+00
     vertex  1.708516e+00 -2.717554e+00 -3.850000e+00
   endloop
 endfacet
 facet normal  0.000000e+00  0.000000e+00 -1.000000e+00
   outer loop
     vertex  1.645128e+00 -2.648891e+00 -3.850000e+00
     vertex  1.708516e+00 -2.717554e+00 -3.850000e+00
     vertex  1.664761e+00 -2.677154e+00 -3.850000e+00
   endloop
 endfacet
 facet normal  0.000000e+00  0.000000e+00 -1.000000e+00
   outer loop
     vertex  2.687690e+00 -1.580947e+00 -3.850000e+00
     vertex  2.923974e+00 -1.619498e+00 -3.850000e+00
     vertex  2.775727e+00 -1.612288e+00 -3.850000e+00
   endloop
 endfacet
 facet normal  0.000000e+00  0.000000e+00 -1.000000e+00
   outer loop
     vertex  2.687690e+00 -1.580947e+00 -3.850000e+00
     vertex  2.775727e+00 -1.612288e+00 -3.850000e+00
     vertex  2.718208e+00 -1.596849e+00 -3.850000e+00
   endloop
 endfacet
 facet normal  0.000000e+00  0.000000e+00 -1.000000e+00
   outer loop
     vertex  1.576814e+00 -2.506593e+00 -3.850000e+00
     vertex  2.287570e+00 -2.104176e+00 -3.850000e+00
     vertex  2.370621e+00 -2.233664e+00 -3.850000e+00
   endloop
 endfacet
 facet normal  0.000000e+00  0.000000e+00 -1.000000e+00
   outer loop
     vertex  1.576814e+00 -2.506593e+00 -3.850000e+00
     vertex  2.370621e+00 -2.233664e+00 -3.850000e+00
     vertex  1.836432e+00 -2.792833e+00 -3.850000e+00
   endloop
 endfacet
 facet normal  0.000000e+00  0.000000e+00 -1.000000e+00
   outer loop
     vertex  1.576814e+00 -2.506593e+00 -3.850000e+00
     vertex  1.836432e+00 -2.792833e+00 -3.850000e+00
     vertex  1.645128e+00 -2.648891e+00 -3.850000e+00
   endloop
 endfacet
 facet normal  0.000000e+00  0.000000e+00 -1.000000e+00
   outer loop
     vertex  1.576814e+00 -2.506593e+00 -3.850000e+00
     vertex  2.160414e+00 -2.009314e+00 -3.850000e+00
     vertex  2.287570e+00 -2.104176e+00 -3.850000e+00
   endloop
 endfacet
 facet normal  0.000000e+00  0.000000e+00 -1.000000e+00
   outer loop
     vertex  2.561072e+00 -1.486696e+00 -3.850000e+00
     vertex  2.923974e+00 -1.619498e+00 -3.850000e+00
     vertex  2.687690e+00 -1.580947e+00 -3.850000e+00
   endloop
 endfacet
 facet normal  0.000000e+00  0.000000e+00 -1.000000e+00
   outer loop
     vertex  3.137116e+00 -8.761286e-01 -3.850000e+00
     vertex  2.923974e+00 -1.619498e+00 -3.850000e+00
     vertex  2.561072e+00 -1.486696e+00 -3.850000e+00
   endloop
 endfacet
 facet normal  0.000000e+00 -0.000000e+00 -1.000000e+00
   outer loop
     vertex  3.137116e+00 -8.761286e-01 -3.850000e+00
     vertex  3.360239e+00 -1.095911e+00 -3.850000e+00
     vertex  2.923974e+00 -1.619498e+00 -3.850000e+00
   endloop
 endfacet
 facet normal  0.000000e+00  0.000000e+00 -1.000000e+00
   outer loop
     vertex  1.047683e+00 -2.926242e+00 -3.850000e+00
     vertex  1.057109e+00 -2.951572e+00 -3.850000e+00
     vertex  1.062898e+00 -2.976288e+00 -3.850000e+00
   endloop
 endfacet
 facet normal  0.000000e+00  0.000000e+00 -1.000000e+00
   outer loop
     vertex  1.047683e+00 -2.926242e+00 -3.850000e+00
     vertex  1.062898e+00 -2.976288e+00 -3.850000e+00
     vertex  1.065973e+00 -3.010060e+00 -3.850000e+00
   endloop
 endfacet
 facet normal  0.000000e+00  0.000000e+00 -1.000000e+00
   outer loop
     vertex  1.047683e+00 -2.926242e+00 -3.850000e+00
     vertex  1.065973e+00 -3.010060e+00 -3.850000e+00
     vertex  1.061045e+00 -3.079493e+00 -3.850000e+00
   endloop
 endfacet
 facet normal  0.000000e+00  0.000000e+00 -1.000000e+00
   outer loop
     vertex  4.463220e-01 -3.501545e+00 -3.850000e+00
     vertex  1.006916e+00 -3.387971e+00 -3.850000e+00
     vertex  7.411057e-01 -3.727031e+00 -3.850000e+00
   endloop
 endfacet
 facet normal  0.000000e+00  0.000000e+00 -1.000000e+00
   outer loop
     vertex  4.463220e-01 -3.501545e+00 -3.850000e+00
     vertex  7.411057e-01 -3.727031e+00 -3.850000e+00
     vertex  6.520817e-01 -3.743633e+00 -3.850000e+00
   endloop
 endfacet
 facet normal  0.000000e+00  0.000000e+00 -1.000000e+00
   outer loop
     vertex  1.473241e+00 -2.382413e+00 -3.850000e+00
     vertex  2.160414e+00 -2.009314e+00 -3.850000e+00
     vertex  1.576814e+00 -2.506593e+00 -3.850000e+00
   endloop
 endfacet
 facet normal  0.000000e+00  0.000000e+00 -1.000000e+00
   outer loop
     vertex  3.003402e+00 -8.000687e-01 -3.850000e+00
     vertex  3.029602e+00 -8.066999e-01 -3.850000e+00
     vertex  3.053232e+00 -8.159766e-01 -3.850000e+00
   endloop
 endfacet
 facet normal  0.000000e+00  0.000000e+00 -1.000000e+00
   outer loop
     vertex  3.003402e+00 -8.000687e-01 -3.850000e+00
     vertex  3.053232e+00 -8.159766e-01 -3.850000e+00
     vertex  3.082773e+00 -8.326302e-01 -3.850000e+00
   endloop
 endfacet
 facet normal  0.000000e+00  0.000000e+00 -1.000000e+00
   outer loop
     vertex  3.003402e+00 -8.000687e-01 -3.850000e+00
     vertex  3.082773e+00 -8.326302e-01 -3.850000e+00
     vertex  3.137116e+00 -8.761286e-01 -3.850000e+00
   endloop
 endfacet
 facet normal  0.000000e+00 -0.000000e+00 -1.000000e+00
   outer loop
     vertex  3.003402e+00 -8.000687e-01 -3.850000e+00
     vertex  3.137116e+00 -8.761286e-01 -3.850000e+00
     vertex  2.561072e+00 -1.486696e+00 -3.850000e+00
   endloop
 endfacet
 facet normal  0.000000e+00  0.000000e+00 -1.000000e+00
   outer loop
     vertex  3.281855e-01 -3.326363e+00 -3.850000e+00
     vertex  1.006916e+00 -3.387971e+00 -3.850000e+00
     vertex  4.463220e-01 -3.501545e+00 -3.850000e+00
   endloop
 endfacet
 facet normal  0.000000e+00  0.000000e+00 -1.000000e+00
   outer loop
     vertex  3.281855e-01 -3.326363e+00 -3.850000e+00
     vertex  1.061045e+00 -3.079493e+00 -3.850000e+00
     vertex  1.006916e+00 -3.387971e+00 -3.850000e+00
   endloop
 endfacet
 facet normal  0.000000e+00  0.000000e+00 -1.000000e+00
   outer loop
     vertex  2.846726e+00 -7.751645e-01 -3.850000e+00
     vertex  2.561072e+00 -1.486696e+00 -3.850000e+00
     vertex  2.411653e+00 -1.424872e+00 -3.850000e+00
   endloop
 endfacet
 facet normal  0.000000e+00 -0.000000e+00 -1.000000e+00
   outer loop
     vertex  2.846726e+00 -7.751645e-01 -3.850000e+00
     vertex  3.003402e+00 -8.000687e-01 -3.850000e+00
     vertex  2.561072e+00 -1.486696e+00 -3.850000e+00
   endloop
 endfacet
 facet normal  0.000000e+00 -0.000000e+00 -1.000000e+00
   outer loop
     vertex  1.857684e+00 -1.649780e+00 -3.850000e+00
     vertex  2.160414e+00 -2.009314e+00 -3.850000e+00
     vertex  1.473241e+00 -2.382413e+00 -3.850000e+00
   endloop
 endfacet
 facet normal  0.000000e+00 -0.000000e+00 -1.000000e+00
   outer loop
     vertex  3.789187e+00  2.864582e-01 -3.850000e+00
     vertex  3.794938e+00  1.960822e-01 -3.850000e+00
     vertex  3.529815e+00  2.100427e-02 -3.850000e+00
   endloop
 endfacet
 facet normal  0.000000e+00  0.000000e+00 -1.000000e+00
   outer loop
     vertex  1.274055e+00 -2.132966e+00 -3.850000e+00
     vertex  1.857684e+00 -1.649780e+00 -3.850000e+00
     vertex  1.473241e+00 -2.382413e+00 -3.850000e+00
   endloop
 endfacet
 facet normal  0.000000e+00  0.000000e+00 -1.000000e+00
   outer loop
     vertex  2.256877e-01 -3.110006e+00 -3.850000e+00
     vertex  1.061045e+00 -3.079493e+00 -3.850000e+00
     vertex  3.281855e-01 -3.326363e+00 -3.850000e+00
   endloop
 endfacet
 facet normal  0.000000e+00  0.000000e+00 -1.000000e+00
   outer loop
     vertex  2.256877e-01 -3.110006e+00 -3.850000e+00
     vertex  3.281855e-01 -3.326363e+00 -3.850000e+00
     vertex  2.499055e-01 -3.200262e+00 -3.850000e+00
   endloop
 endfacet
 facet normal  0.000000e+00  0.000000e+00 -1.000000e+00
   outer loop
     vertex  2.256877e-01 -3.110006e+00 -3.850000e+00
     vertex  2.499055e-01 -3.200262e+00 -3.850000e+00
     vertex  2.299367e-01 -3.144155e+00 -3.850000e+00
   endloop
 endfacet
 facet normal  0.000000e+00  0.000000e+00 -1.000000e+00
   outer loop
     vertex  3.114529e+00 -1.508272e-01 -3.850000e+00
     vertex  3.341672e+00 -7.515464e-02 -3.850000e+00
     vertex  3.207049e+00 -1.376664e-01 -3.850000e+00
   endloop
 endfacet
 facet normal  0.000000e+00  0.000000e+00 -1.000000e+00
   outer loop
     vertex  3.114529e+00 -1.508272e-01 -3.850000e+00
     vertex  3.207049e+00 -1.376664e-01 -3.850000e+00
     vertex  3.148942e+00 -1.507263e-01 -3.850000e+00
   endloop
 endfacet
 facet normal  0.000000e+00  0.000000e+00 -1.000000e+00
   outer loop
     vertex  2.312391e-01 -2.951258e+00 -3.850000e+00
     vertex  1.047683e+00 -2.926242e+00 -3.850000e+00
     vertex  1.061045e+00 -3.079493e+00 -3.850000e+00
   endloop
 endfacet
 facet normal  0.000000e+00  0.000000e+00 -1.000000e+00
   outer loop
     vertex  2.312391e-01 -2.951258e+00 -3.850000e+00
     vertex  9.791770e-01 -2.783153e+00 -3.850000e+00
     vertex  1.047683e+00 -2.926242e+00 -3.850000e+00
   endloop
 endfacet
 facet normal  0.000000e+00 -0.000000e+00 -1.000000e+00
   outer loop
     vertex  2.312391e-01 -2.951258e+00 -3.850000e+00
     vertex  1.061045e+00 -3.079493e+00 -3.850000e+00
     vertex  2.256877e-01 -3.110006e+00 -3.850000e+00
   endloop
 endfacet
 facet normal  0.000000e+00 -0.000000e+00 -1.000000e+00
   outer loop
     vertex  2.411588e+00 -5.974987e-01 -3.850000e+00
     vertex  2.411653e+00 -1.424872e+00 -3.850000e+00
     vertex  2.119359e+00 -1.296565e+00 -3.850000e+00
   endloop
 endfacet
 facet normal  0.000000e+00  0.000000e+00 -1.000000e+00
   outer loop
     vertex  2.411588e+00 -5.974987e-01 -3.850000e+00
     vertex  2.846726e+00 -7.751645e-01 -3.850000e+00
     vertex  2.411653e+00 -1.424872e+00 -3.850000e+00
   endloop
 endfacet
 facet normal  0.000000e+00  0.000000e+00 -1.000000e+00
   outer loop
     vertex  1.973278e-01 -2.794171e+00 -3.850000e+00
     vertex  9.791770e-01 -2.783153e+00 -3.850000e+00
     vertex  2.312391e-01 -2.951258e+00 -3.850000e+00
   endloop
 endfacet
 facet normal  0.000000e+00  0.000000e+00 -1.000000e+00
   outer loop
     vertex  1.973278e-01 -2.794171e+00 -3.850000e+00
     vertex  8.782064e-01 -2.324116e+00 -3.850000e+00
     vertex  9.791770e-01 -2.783153e+00 -3.850000e+00
   endloop
 endfacet
 facet normal  0.000000e+00  0.000000e+00 -1.000000e+00
   outer loop
     vertex  3.484640e+00  5.911997e-01 -3.850000e+00
     vertex  3.771236e+00  4.666710e-01 -3.850000e+00
     vertex  3.781285e+00  3.766716e-01 -3.850000e+00
   endloop
 endfacet
 facet normal  0.000000e+00  0.000000e+00 -1.000000e+00
   outer loop
     vertex  3.484640e+00  5.911997e-01 -3.850000e+00
     vertex  3.781285e+00  3.766716e-01 -3.850000e+00
     vertex  3.789187e+00  2.864582e-01 -3.850000e+00
   endloop
 endfacet
 facet normal  0.000000e+00 -0.000000e+00 -1.000000e+00
   outer loop
     vertex  3.484640e+00  5.911997e-01 -3.850000e+00
     vertex  3.529815e+00  2.100427e-02 -3.850000e+00
     vertex  3.341672e+00 -7.515464e-02 -3.850000e+00
   endloop
 endfacet
 facet normal  0.000000e+00  0.000000e+00 -1.000000e+00
   outer loop
     vertex  3.484640e+00  5.911997e-01 -3.850000e+00
     vertex  3.789187e+00  2.864582e-01 -3.850000e+00
     vertex  3.529815e+00  2.100427e-02 -3.850000e+00
   endloop
 endfacet
 facet normal  0.000000e+00  0.000000e+00 -1.000000e+00
   outer loop
     vertex -9.886682e-01 -3.669133e+00 -3.850000e+00
     vertex -6.828889e-01 -3.467837e+00 -3.850000e+00
     vertex -9.009536e-01 -3.691650e+00 -3.850000e+00
   endloop
 endfacet
 facet normal  0.000000e+00  0.000000e+00 -1.000000e+00
   outer loop
     vertex -4.322152e-01 -3.077941e+00 -3.850000e+00
     vertex -4.356399e-01 -3.104750e+00 -3.850000e+00
     vertex -4.420008e-01 -3.129325e+00 -3.850000e+00
   endloop
 endfacet
 facet normal  0.000000e+00  0.000000e+00 -1.000000e+00
   outer loop
     vertex -4.322152e-01 -3.077941e+00 -3.850000e+00
     vertex -4.420008e-01 -3.129325e+00 -3.850000e+00
     vertex -4.549723e-01 -3.160658e+00 -3.850000e+00
   endloop
 endfacet
 facet normal  0.000000e+00  0.000000e+00 -1.000000e+00
   outer loop
     vertex -4.322152e-01 -3.077941e+00 -3.850000e+00
     vertex -4.549723e-01 -3.160658e+00 -3.850000e+00
     vertex -4.916031e-01 -3.219848e+00 -3.850000e+00
   endloop
 endfacet
 facet normal  0.000000e+00  0.000000e+00 -1.000000e+00
   outer loop
     vertex  1.368809e-01 -2.480731e+00 -3.850000e+00
     vertex  8.782064e-01 -2.324116e+00 -3.850000e+00
     vertex  1.973278e-01 -2.794171e+00 -3.850000e+00
   endloop
 endfacet
 facet normal  0.000000e+00  0.000000e+00 -1.000000e+00
   outer loop
     vertex -1.075821e+00 -3.644531e+00 -3.850000e+00
     vertex -6.828889e-01 -3.467837e+00 -3.850000e+00
     vertex -9.886682e-01 -3.669133e+00 -3.850000e+00
   endloop
 endfacet
 facet normal  0.000000e+00  0.000000e+00 -1.000000e+00
   outer loop
     vertex  3.184935e+00  6.821170e-01 -3.850000e+00
     vertex  3.114529e+00 -1.508272e-01 -3.850000e+00
     vertex  2.957685e+00 -1.261839e-01 -3.850000e+00
   endloop
 endfacet
 facet normal  0.000000e+00 -0.000000e+00 -1.000000e+00
   outer loop
     vertex  3.184935e+00  6.821170e-01 -3.850000e+00
     vertex  3.341672e+00 -7.515464e-02 -3.850000e+00
     vertex  3.114529e+00 -1.508272e-01 -3.850000e+00
   endloop
 endfacet
 facet normal  0.000000e+00  0.000000e+00 -1.000000e+00
   outer loop
     vertex  3.184935e+00  6.821170e-01 -3.850000e+00
     vertex  3.484640e+00  5.911997e-01 -3.850000e+00
     vertex  3.341672e+00 -7.515464e-02 -3.850000e+00
   endloop
 endfacet
 facet normal  0.000000e+00  0.000000e+00 -1.000000e+00
   outer loop
     vertex  1.250000e+00 -1.224745e+00 -3.850000e+00
     vertex  2.479143e+00 -1.631362e-01 -3.850000e+00
     vertex  2.411588e+00 -5.974987e-01 -3.850000e+00
   endloop
 endfacet
 facet normal  0.000000e+00  0.000000e+00 -1.000000e+00
   outer loop
     vertex  1.250000e+00 -1.224745e+00 -3.850000e+00
     vertex  2.411588e+00 -5.974987e-01 -3.850000e+00
     vertex  2.119359e+00 -1.296565e+00 -3.850000e+00
   endloop
 endfacet
 facet normal  0.000000e+00  0.000000e+00 -1.000000e+00
   outer loop
     vertex  1.250000e+00 -1.224745e+00 -3.850000e+00
     vertex  2.119359e+00 -1.296565e+00 -3.850000e+00
     vertex  1.857684e+00 -1.649780e+00 -3.850000e+00
   endloop
 endfacet
 facet normal  0.000000e+00  0.000000e+00 -1.000000e+00
   outer loop
     vertex  1.060396e+00 -1.392142e+00 -3.850000e+00
     vertex  1.250000e+00 -1.224745e+00 -3.850000e+00
     vertex  1.857684e+00 -1.649780e+00 -3.850000e+00
   endloop
 endfacet
 facet normal  0.000000e+00  0.000000e+00 -1.000000e+00
   outer loop
     vertex  1.060396e+00 -1.392142e+00 -3.850000e+00
     vertex  1.857684e+00 -1.649780e+00 -3.850000e+00
     vertex  1.274055e+00 -2.132966e+00 -3.850000e+00
   endloop
 endfacet
 facet normal  0.000000e+00  0.000000e+00 -1.000000e+00
   outer loop
     vertex  8.486423e-01 -1.530459e+00 -3.850000e+00
     vertex  1.274055e+00 -2.132966e+00 -3.850000e+00
     vertex  8.782064e-01 -2.324116e+00 -3.850000e+00
   endloop
 endfacet
 facet normal  0.000000e+00  0.000000e+00 -1.000000e+00
   outer loop
     vertex  8.486423e-01 -1.530459e+00 -3.850000e+00
     vertex  1.060396e+00 -1.392142e+00 -3.850000e+00
     vertex  1.274055e+00 -2.132966e+00 -3.850000e+00
   endloop
 endfacet
 facet normal  0.000000e+00  0.000000e+00 -1.000000e+00
   outer loop
     vertex  3.031191e+00  6.873248e-01 -3.850000e+00
     vertex  3.057472e+00  6.936292e-01 -3.850000e+00
     vertex  3.082706e+00  6.963961e-01 -3.850000e+00
   endloop
 endfacet
 facet normal  0.000000e+00  0.000000e+00 -1.000000e+00
   outer loop
     vertex  3.031191e+00  6.873248e-01 -3.850000e+00
     vertex  3.082706e+00  6.963961e-01 -3.850000e+00
     vertex  3.116602e+00  6.953784e-01 -3.850000e+00
   endloop
 endfacet
 facet normal  0.000000e+00  0.000000e+00 -1.000000e+00
   outer loop
     vertex  3.031191e+00  6.873248e-01 -3.850000e+00
     vertex  3.116602e+00  6.953784e-01 -3.850000e+00
     vertex  3.184935e+00  6.821170e-01 -3.850000e+00
   endloop
 endfacet
 facet normal  0.000000e+00 -0.000000e+00 -1.000000e+00
   outer loop
     vertex  3.031191e+00  6.873248e-01 -3.850000e+00
     vertex  3.184935e+00  6.821170e-01 -3.850000e+00
     vertex  2.957685e+00 -1.261839e-01 -3.850000e+00
   endloop
 endfacet
 facet normal  0.000000e+00  0.000000e+00 -1.000000e+00
   outer loop
     vertex  6.191613e-01 -1.636808e+00 -3.850000e+00
     vertex  8.486423e-01 -1.530459e+00 -3.850000e+00
     vertex  8.782064e-01 -2.324116e+00 -3.850000e+00
   endloop
 endfacet
 facet normal  0.000000e+00 -0.000000e+00 -1.000000e+00
   outer loop
     vertex  2.880888e+00  6.365656e-01 -3.850000e+00
     vertex  2.957685e+00 -1.261839e-01 -3.850000e+00
     vertex  2.797581e+00 -1.409113e-01 -3.850000e+00
   endloop
 endfacet
 facet normal  0.000000e+00  0.000000e+00 -1.000000e+00
   outer loop
     vertex  2.880888e+00  6.365656e-01 -3.850000e+00
     vertex  3.031191e+00  6.873248e-01 -3.850000e+00
     vertex  2.957685e+00 -1.261839e-01 -3.850000e+00
   endloop
 endfacet
 facet normal  0.000000e+00  0.000000e+00 -1.000000e+00
   outer loop
     vertex  3.767470e-01 -1.708965e+00 -3.850000e+00
     vertex  6.191613e-01 -1.636808e+00 -3.850000e+00
     vertex  8.782064e-01 -2.324116e+00 -3.850000e+00
   endloop
 endfacet
 facet normal  0.000000e+00 -0.000000e+00 -1.000000e+00
   outer loop
     vertex  3.767470e-01 -1.708965e+00 -3.850000e+00
     vertex  8.782064e-01 -2.324116e+00 -3.850000e+00
     vertex  1.368809e-01 -2.480731e+00 -3.850000e+00
   endloop
 endfacet
 facet normal  0.000000e+00  0.000000e+00 -1.000000e+00
   outer loop
     vertex -1.232050e+00 -3.307880e+00 -3.850000e+00
     vertex -6.828889e-01 -3.467837e+00 -3.850000e+00
     vertex -1.075821e+00 -3.644531e+00 -3.850000e+00
   endloop
 endfacet
 facet normal  0.000000e+00  0.000000e+00 -1.000000e+00
   outer loop
     vertex -1.232050e+00 -3.307880e+00 -3.850000e+00
     vertex -1.075821e+00 -3.644531e+00 -3.850000e+00
     vertex -1.162363e+00 -3.617860e+00 -3.850000e+00
   endloop
 endfacet
 facet normal  0.000000e+00  0.000000e+00 -1.000000e+00
   outer loop
     vertex  1.264629e-01 -1.745425e+00 -3.850000e+00
     vertex  3.767470e-01 -1.708965e+00 -3.850000e+00
     vertex  1.368809e-01 -2.480731e+00 -3.850000e+00
   endloop
 endfacet
 facet normal  0.000000e+00  0.000000e+00 -1.000000e+00
   outer loop
     vertex -1.255244e+00 -3.097864e+00 -3.850000e+00
     vertex -6.828889e-01 -3.467837e+00 -3.850000e+00
     vertex -1.232050e+00 -3.307880e+00 -3.850000e+00
   endloop
 endfacet
 facet normal  0.000000e+00  0.000000e+00 -1.000000e+00
   outer loop
     vertex -1.255244e+00 -3.097864e+00 -3.850000e+00
     vertex -4.916031e-01 -3.219848e+00 -3.850000e+00
     vertex -6.828889e-01 -3.467837e+00 -3.850000e+00
   endloop
 endfacet
 facet normal  0.000000e+00  0.000000e+00 -1.000000e+00
   outer loop
     vertex  2.413027e+00  5.916620e-01 -3.850000e+00
     vertex  2.797581e+00 -1.409113e-01 -3.850000e+00
     vertex  2.479143e+00 -1.631362e-01 -3.850000e+00
   endloop
 endfacet
 facet normal  0.000000e+00  0.000000e+00 -1.000000e+00
   outer loop
     vertex  2.413027e+00  5.916620e-01 -3.850000e+00
     vertex  2.880888e+00  6.365656e-01 -3.850000e+00
     vertex  2.797581e+00 -1.409113e-01 -3.850000e+00
   endloop
 endfacet
 facet normal  0.000000e+00 -0.000000e+00 -1.000000e+00
   outer loop
     vertex -1.264629e-01 -1.745425e+00 -3.850000e+00
     vertex  1.368809e-01 -2.480731e+00 -3.850000e+00
     vertex -3.024575e-01 -2.466025e+00 -3.850000e+00
   endloop
 endfacet
 facet normal  0.000000e+00  0.000000e+00 -1.000000e+00
   outer loop
     vertex -1.264629e-01 -1.745425e+00 -3.850000e+00
     vertex  1.264629e-01 -1.745425e+00 -3.850000e+00
     vertex  1.368809e-01 -2.480731e+00 -3.850000e+00
   endloop
 endfacet
 facet normal  0.000000e+00  0.000000e+00 -1.000000e+00
   outer loop
     vertex -1.245455e+00 -2.858655e+00 -3.850000e+00
     vertex -1.255244e+00 -3.097864e+00 -3.850000e+00
     vertex -1.265956e+00 -2.949828e+00 -3.850000e+00
   endloop
 endfacet
 facet normal  0.000000e+00  0.000000e+00 -1.000000e+00
   outer loop
     vertex -1.245455e+00 -2.858655e+00 -3.850000e+00
     vertex -1.265956e+00 -2.949828e+00 -3.850000e+00
     vertex -1.257563e+00 -2.890868e+00 -3.850000e+00
   endloop
 endfacet
 facet normal  0.000000e+00 -0.000000e+00 -1.000000e+00
   outer loop
     vertex -1.167153e+00 -2.721600e+00 -3.850000e+00
     vertex -4.916031e-01 -3.219848e+00 -3.850000e+00
     vertex -1.255244e+00 -3.097864e+00 -3.850000e+00
   endloop
 endfacet
 facet normal  0.000000e+00  0.000000e+00 -1.000000e+00
   outer loop
     vertex -1.167153e+00 -2.721600e+00 -3.850000e+00
     vertex -4.322152e-01 -3.077941e+00 -3.850000e+00
     vertex -4.916031e-01 -3.219848e+00 -3.850000e+00
   endloop
 endfacet
 facet normal  0.000000e+00  0.000000e+00 -1.000000e+00
   outer loop
     vertex -1.167153e+00 -2.721600e+00 -3.850000e+00
     vertex -1.255244e+00 -3.097864e+00 -3.850000e+00
     vertex -1.245455e+00 -2.858655e+00 -3.850000e+00
   endloop
 endfacet
 facet normal  0.000000e+00  0.000000e+00 -1.000000e+00
   outer loop
     vertex -1.167153e+00 -2.721600e+00 -3.850000e+00
     vertex -4.263777e-01 -2.919406e+00 -3.850000e+00
     vertex -4.322152e-01 -3.077941e+00 -3.850000e+00
   endloop
 endfacet
 facet normal  0.000000e+00  0.000000e+00 -1.000000e+00
   outer loop
     vertex  2.827876e+00  1.313845e+00 -3.850000e+00
     vertex  2.903679e+00  1.368494e+00 -3.850000e+00
     vertex  2.858299e+00  1.329927e+00 -3.850000e+00
   endloop
 endfacet
 facet normal  0.000000e+00  0.000000e+00 -1.000000e+00
   outer loop
     vertex  2.993828e+00  1.486403e+00 -3.850000e+00
     vertex  2.903679e+00  1.368494e+00 -3.850000e+00
     vertex  2.827876e+00  1.313845e+00 -3.850000e+00
   endloop
 endfacet
 facet normal  0.000000e+00  0.000000e+00 -1.000000e+00
   outer loop
     vertex -1.123791e+00 -2.565818e+00 -3.850000e+00
     vertex -3.024575e-01 -2.466025e+00 -3.850000e+00
     vertex -4.263777e-01 -2.919406e+00 -3.850000e+00
   endloop
 endfacet
 facet normal  0.000000e+00 -0.000000e+00 -1.000000e+00
   outer loop
     vertex -1.123791e+00 -2.565818e+00 -3.850000e+00
     vertex -4.263777e-01 -2.919406e+00 -3.850000e+00
     vertex -1.167153e+00 -2.721600e+00 -3.850000e+00
   endloop
 endfacet
 facet normal  0.000000e+00  0.000000e+00 -1.000000e+00
   outer loop
     vertex  2.678381e+00  1.263181e+00 -3.850000e+00
     vertex  2.993828e+00  1.486403e+00 -3.850000e+00
     vertex  2.827876e+00  1.313845e+00 -3.850000e+00
   endloop
 endfacet
 facet normal  0.000000e+00  0.000000e+00 -1.000000e+00
   outer loop
     vertex -3.767470e-01 -1.708965e+00 -3.850000e+00
     vertex -1.264629e-01 -1.745425e+00 -3.850000e+00
     vertex -3.024575e-01 -2.466025e+00 -3.850000e+00
   endloop
 endfacet
 facet normal  0.000000e+00  0.000000e+00 -1.000000e+00
   outer loop
     vertex -1.031651e+00 -2.260190e+00 -3.850000e+00
     vertex -3.767470e-01 -1.708965e+00 -3.850000e+00
     vertex -3.024575e-01 -2.466025e+00 -3.850000e+00
   endloop
 endfacet
 facet normal  0.000000e+00 -0.000000e+00 -1.000000e+00
   outer loop
     vertex -1.031651e+00 -2.260190e+00 -3.850000e+00
     vertex -3.024575e-01 -2.466025e+00 -3.850000e+00
     vertex -1.123791e+00 -2.565818e+00 -3.850000e+00
   endloop
 endfacet
 facet normal  0.000000e+00 -0.000000e+00 -1.000000e+00
   outer loop
     vertex  3.222035e+00  2.014569e+00 -3.850000e+00
     vertex  3.269126e+00  1.937218e+00 -3.850000e+00
     vertex  3.115733e+00  1.658983e+00 -3.850000e+00
   endloop
 endfacet
 facet normal  0.000000e+00 -0.000000e+00 -1.000000e+00
   outer loop
     vertex -6.191613e-01 -1.636808e+00 -3.850000e+00
     vertex -3.767470e-01 -1.708965e+00 -3.850000e+00
     vertex -1.031651e+00 -2.260190e+00 -3.850000e+00
   endloop
 endfacet
 facet normal  0.000000e+00  0.000000e+00 -1.000000e+00
   outer loop
     vertex -1.813098e+00 -2.524521e+00 -3.850000e+00
     vertex -1.828589e+00 -2.546668e+00 -3.850000e+00
     vertex -1.845642e+00 -2.565472e+00 -3.850000e+00
   endloop
 endfacet
 facet normal  0.000000e+00  0.000000e+00 -1.000000e+00
   outer loop
     vertex -1.813098e+00 -2.524521e+00 -3.850000e+00
     vertex -1.845642e+00 -2.565472e+00 -3.850000e+00
     vertex -1.871689e+00 -2.587188e+00 -3.850000e+00
   endloop
 endfacet
 facet normal  0.000000e+00  0.000000e+00 -1.000000e+00
   outer loop
     vertex -1.931631e+00 -2.622575e+00 -3.850000e+00
     vertex -1.813098e+00 -2.524521e+00 -3.850000e+00
     vertex -1.871689e+00 -2.587188e+00 -3.850000e+00
   endloop
 endfacet
 facet normal  0.000000e+00 -0.000000e+00 -1.000000e+00
   outer loop
     vertex -8.486423e-01 -1.530459e+00 -3.850000e+00
     vertex -6.191613e-01 -1.636808e+00 -3.850000e+00
     vertex -1.031651e+00 -2.260190e+00 -3.850000e+00
   endloop
 endfacet
 facet normal  0.000000e+00  0.000000e+00 -1.000000e+00
   outer loop
     vertex  2.810751e+00  2.142874e+00 -3.850000e+00
     vertex  3.222035e+00  2.014569e+00 -3.850000e+00
     vertex  3.115733e+00  1.658983e+00 -3.850000e+00
   endloop
 endfacet
 facet normal  0.000000e+00  0.000000e+00 -1.000000e+00
   outer loop
     vertex  2.810751e+00  2.142874e+00 -3.850000e+00
     vertex  3.122390e+00  2.165797e+00 -3.850000e+00
     vertex  3.173114e+00  2.090777e+00 -3.850000e+00
   endloop
 endfacet
 facet normal  0.000000e+00  0.000000e+00 -1.000000e+00
   outer loop
     vertex  2.810751e+00  2.142874e+00 -3.850000e+00
     vertex  3.173114e+00  2.090777e+00 -3.850000e+00
     vertex  3.222035e+00  2.014569e+00 -3.850000e+00
   endloop
 endfacet
 facet normal  0.000000e+00  0.000000e+00 -1.000000e+00
   outer loop
     vertex  2.810751e+00  2.142874e+00 -3.850000e+00
     vertex  3.115733e+00  1.658983e+00 -3.850000e+00
     vertex  2.993828e+00  1.486403e+00 -3.850000e+00
   endloop
 endfacet
 facet normal  0.000000e+00  0.000000e+00 -1.000000e+00
   outer loop
     vertex -1.413832e+00 -2.042998e+00 -3.850000e+00
     vertex -8.486423e-01 -1.530459e+00 -3.850000e+00
     vertex -1.031651e+00 -2.260190e+00 -3.850000e+00
   endloop
 endfacet
 facet normal  0.000000e+00  0.000000e+00 -1.000000e+00
   outer loop
     vertex  2.503124e+00  2.084098e+00 -3.850000e+00
     vertex  2.993828e+00  1.486403e+00 -3.850000e+00
     vertex  2.678381e+00  1.263181e+00 -3.850000e+00
   endloop
 endfacet
 facet normal  0.000000e+00  0.000000e+00 -1.000000e+00
   outer loop
     vertex  2.503124e+00  2.084098e+00 -3.850000e+00
     vertex  2.810751e+00  2.142874e+00 -3.850000e+00
     vertex  2.993828e+00  1.486403e+00 -3.850000e+00
   endloop
 endfacet
 facet normal  0.000000e+00  0.000000e+00 -1.000000e+00
   outer loop
     vertex  2.255073e+00  1.902466e+00 -3.850000e+00
     vertex  2.678381e+00  1.263181e+00 -3.850000e+00
     vertex  2.542622e+00  1.175331e+00 -3.850000e+00
   endloop
 endfacet
 facet normal  0.000000e+00  0.000000e+00 -1.000000e+00
   outer loop
     vertex  2.364570e+00  2.017260e+00 -3.850000e+00
     vertex  2.503124e+00  2.084098e+00 -3.850000e+00
     vertex  2.678381e+00  1.263181e+00 -3.850000e+00
   endloop
 endfacet
 facet normal  0.000000e+00 -0.000000e+00 -1.000000e+00
   outer loop
     vertex  2.364570e+00  2.017260e+00 -3.850000e+00
     vertex  2.678381e+00  1.263181e+00 -3.850000e+00
     vertex  2.255073e+00  1.902466e+00 -3.850000e+00
   endloop
 endfacet
 facet normal  0.000000e+00  0.000000e+00 -1.000000e+00
   outer loop
     vertex  2.364570e+00  2.017260e+00 -3.850000e+00
     vertex  2.384911e+00  2.035056e+00 -3.850000e+00
     vertex  2.405969e+00  2.049233e+00 -3.850000e+00
   endloop
 endfacet
 facet normal  0.000000e+00  0.000000e+00 -1.000000e+00
   outer loop
     vertex  2.364570e+00  2.017260e+00 -3.850000e+00
     vertex  2.405969e+00  2.049233e+00 -3.850000e+00
     vertex  2.436456e+00  2.064084e+00 -3.850000e+00
   endloop
 endfacet
 facet normal  0.000000e+00  0.000000e+00 -1.000000e+00
   outer loop
     vertex  2.364570e+00  2.017260e+00 -3.850000e+00
     vertex  2.436456e+00  2.064084e+00 -3.850000e+00
     vertex  2.503124e+00  2.084098e+00 -3.850000e+00
   endloop
 endfacet
 facet normal  0.000000e+00 -0.000000e+00 -1.000000e+00
   outer loop
     vertex -1.060396e+00 -1.392142e+00 -3.850000e+00
     vertex -8.486423e-01 -1.530459e+00 -3.850000e+00
     vertex -1.413832e+00 -2.042998e+00 -3.850000e+00
   endloop
 endfacet
 facet normal  0.000000e+00  0.000000e+00 -1.000000e+00
   outer loop
     vertex  1.861670e+00  1.645280e+00 -3.850000e+00
     vertex  2.255073e+00  1.902466e+00 -3.850000e+00
     vertex  2.542622e+00  1.175331e+00 -3.850000e+00
   endloop
 endfacet
 facet normal  0.000000e+00  0.000000e+00 -1.000000e+00
   outer loop
     vertex  1.861670e+00  1.645280e+00 -3.850000e+00
     vertex  2.542622e+00  1.175331e+00 -3.850000e+00
     vertex  2.270985e+00  1.007665e+00 -3.850000e+00
   endloop
 endfacet
 facet normal  0.000000e+00  0.000000e+00 -1.000000e+00
   outer loop
     vertex -2.580553e+00 -2.789399e+00 -3.850000e+00
     vertex -2.216252e+00 -2.753263e+00 -3.850000e+00
     vertex -2.513350e+00 -2.850100e+00 -3.850000e+00
   endloop
 endfacet
 facet normal  0.000000e+00  0.000000e+00 -1.000000e+00
   outer loop
     vertex -2.646291e+00 -2.727113e+00 -3.850000e+00
     vertex -2.216252e+00 -2.753263e+00 -3.850000e+00
     vertex -2.580553e+00 -2.789399e+00 -3.850000e+00
   endloop
 endfacet
 facet normal  0.000000e+00  0.000000e+00 -1.000000e+00
   outer loop
     vertex  1.250000e+00  1.224745e+00 -3.850000e+00
     vertex  1.861670e+00  1.645280e+00 -3.850000e+00
     vertex  2.270985e+00  1.007665e+00 -3.850000e+00
   endloop
 endfacet
 facet normal  0.000000e+00  0.000000e+00 -1.000000e+00
   outer loop
     vertex  1.250000e+00  1.224745e+00 -3.850000e+00
     vertex  2.413027e+00  5.916620e-01 -3.850000e+00
     vertex  2.479143e+00 -1.631362e-01 -3.850000e+00
   endloop
 endfacet
 facet normal  0.000000e+00  0.000000e+00 -1.000000e+00
   outer loop
     vertex  1.250000e+00  1.224745e+00 -3.850000e+00
     vertex  2.479143e+00 -1.631362e-01 -3.850000e+00
     vertex  1.250000e+00 -1.224745e+00 -3.850000e+00
   endloop
 endfacet
 facet normal  0.000000e+00  0.000000e+00 -1.000000e+00
   outer loop
     vertex  1.250000e+00  1.224745e+00 -3.850000e+00
     vertex  2.270985e+00  1.007665e+00 -3.850000e+00
     vertex  2.413027e+00  5.916620e-01 -3.850000e+00
   endloop
 endfacet
 facet normal  0.000000e+00 -0.000000e+00 -1.000000e+00
   outer loop
     vertex -1.250000e+00 -1.224745e+00 -3.850000e+00
     vertex -1.060396e+00 -1.392142e+00 -3.850000e+00
     vertex -1.413832e+00 -2.042998e+00 -3.850000e+00
   endloop
 endfacet
 facet normal  0.000000e+00  0.000000e+00 -1.000000e+00
   outer loop
     vertex -2.628175e+00 -2.356420e+00 -3.850000e+00
     vertex -2.646291e+00 -2.727113e+00 -3.850000e+00
     vertex -2.710525e+00 -2.663279e+00 -3.850000e+00
   endloop
 endfacet
 facet normal  0.000000e+00 -0.000000e+00 -1.000000e+00
   outer loop
     vertex -2.628175e+00 -2.356420e+00 -3.850000e+00
     vertex -2.216252e+00 -2.753263e+00 -3.850000e+00
     vertex -2.646291e+00 -2.727113e+00 -3.850000e+00
   endloop
 endfacet
 facet normal  0.000000e+00  0.000000e+00 -1.000000e+00
   outer loop
     vertex -2.551113e+00 -2.159681e+00 -3.850000e+00
     vertex -1.931631e+00 -2.622575e+00 -3.850000e+00
     vertex -2.216252e+00 -2.753263e+00 -3.850000e+00
   endloop
 endfacet
 facet normal  0.000000e+00 -0.000000e+00 -1.000000e+00
   outer loop
     vertex -2.551113e+00 -2.159681e+00 -3.850000e+00
     vertex -2.216252e+00 -2.753263e+00 -3.850000e+00
     vertex -2.628175e+00 -2.356420e+00 -3.850000e+00
   endloop
 endfacet
 facet normal  0.000000e+00 -0.000000e+00 -1.000000e+00
   outer loop
     vertex  1.542572e+00  1.947623e+00 -3.850000e+00
     vertex  1.861670e+00  1.645280e+00 -3.850000e+00
     vertex  1.250000e+00  1.224745e+00 -3.850000e+00
   endloop
 endfacet
 facet normal  0.000000e+00  0.000000e+00 -1.000000e+00
   outer loop
     vertex  1.542572e+00  1.947623e+00 -3.850000e+00
     vertex  1.250000e+00  1.224745e+00 -3.850000e+00
     vertex  1.060396e+00  1.392142e+00 -3.850000e+00
   endloop
 endfacet
 facet normal  0.000000e+00  0.000000e+00 -1.000000e+00
   outer loop
     vertex -2.298253e+00 -1.867454e+00 -3.850000e+00
     vertex -1.734254e+00 -2.386858e+00 -3.850000e+00
     vertex -1.813098e+00 -2.524521e+00 -3.850000e+00
   endloop
 endfacet
 facet normal  0.000000e+00  0.000000e+00 -1.000000e+00
   outer loop
     vertex -2.298253e+00 -1.867454e+00 -3.850000e+00
     vertex -1.813098e+00 -2.524521e+00 -3.850000e+00
     vertex -1.931631e+00 -2.622575e+00 -3.850000e+00
   endloop
 endfacet
 facet normal  0.000000e+00 -0.000000e+00 -1.000000e+00
   outer loop
     vertex -2.298253e+00 -1.867454e+00 -3.850000e+00
     vertex -1.931631e+00 -2.622575e+00 -3.850000e+00
     vertex -2.551113e+00 -2.159681e+00 -3.850000e+00
   endloop
 endfacet
 facet normal  0.000000e+00 -0.000000e+00 -1.000000e+00
   outer loop
     vertex -2.187463e+00 -1.749668e+00 -3.850000e+00
     vertex -1.734254e+00 -2.386858e+00 -3.850000e+00
     vertex -2.298253e+00 -1.867454e+00 -3.850000e+00
   endloop
 endfacet
 facet normal  0.000000e+00  0.000000e+00 -1.000000e+00
   outer loop
     vertex -2.187463e+00 -1.749668e+00 -3.850000e+00
     vertex -1.413832e+00 -2.042998e+00 -3.850000e+00
     vertex -1.734254e+00 -2.386858e+00 -3.850000e+00
   endloop
 endfacet
 facet normal  0.000000e+00  0.000000e+00 -1.000000e+00
   outer loop
     vertex -1.963844e+00 -1.521867e+00 -3.850000e+00
     vertex -1.250000e+00 -1.224745e+00 -3.850000e+00
     vertex -1.413832e+00 -2.042998e+00 -3.850000e+00
   endloop
 endfacet
 facet normal  0.000000e+00 -0.000000e+00 -1.000000e+00
   outer loop
     vertex -1.963844e+00 -1.521867e+00 -3.850000e+00
     vertex -1.413832e+00 -2.042998e+00 -3.850000e+00
     vertex -2.187463e+00 -1.749668e+00 -3.850000e+00
   endloop
 endfacet
 facet normal  0.000000e+00  0.000000e+00 -1.000000e+00
   outer loop
     vertex -2.431279e+00 -1.952422e+00 -3.850000e+00
     vertex -2.551113e+00 -2.159681e+00 -3.850000e+00
     vertex -2.491802e+00 -2.023624e+00 -3.850000e+00
   endloop
 endfacet
 facet normal  0.000000e+00 -0.000000e+00 -1.000000e+00
   outer loop
     vertex -2.431279e+00 -1.952422e+00 -3.850000e+00
     vertex -2.298253e+00 -1.867454e+00 -3.850000e+00
     vertex -2.551113e+00 -2.159681e+00 -3.850000e+00
   endloop
 endfacet
 facet normal  0.000000e+00 -0.000000e+00 -1.000000e+00
   outer loop
     vertex -2.456970e+00 -1.975318e+00 -3.850000e+00
     vertex -2.431279e+00 -1.952422e+00 -3.850000e+00
     vertex -2.491802e+00 -2.023624e+00 -3.850000e+00
   endloop
 endfacet
 facet normal  0.000000e+00  0.000000e+00 -1.000000e+00
   outer loop
     vertex  1.935109e+00  2.561149e+00 -3.850000e+00
     vertex  1.912850e+00  2.505910e+00 -3.850000e+00
     vertex  1.893386e+00  2.477531e+00 -3.850000e+00
   endloop
 endfacet
 facet normal  0.000000e+00  0.000000e+00 -1.000000e+00
   outer loop
     vertex  8.486423e-01  1.530459e+00 -3.850000e+00
     vertex  1.542572e+00  1.947623e+00 -3.850000e+00
     vertex  1.060396e+00  1.392142e+00 -3.850000e+00
   endloop
 endfacet
 facet normal  0.000000e+00  0.000000e+00 -1.000000e+00
   outer loop
     vertex  1.960137e+00  2.707446e+00 -3.850000e+00
     vertex  1.893386e+00  2.477531e+00 -3.850000e+00
     vertex  1.784559e+00  2.363197e+00 -3.850000e+00
   endloop
 endfacet
 facet normal  0.000000e+00  0.000000e+00 -1.000000e+00
   outer loop
     vertex  1.960137e+00  2.707446e+00 -3.850000e+00
     vertex  1.935109e+00  2.561149e+00 -3.850000e+00
     vertex  1.893386e+00  2.477531e+00 -3.850000e+00
   endloop
 endfacet
 facet normal  0.000000e+00  0.000000e+00 -1.000000e+00
   outer loop
     vertex -2.201315e+00 -1.151945e+00 -3.850000e+00
     vertex -1.250000e+00 -1.224745e+00 -3.850000e+00
     vertex -1.963844e+00 -1.521867e+00 -3.850000e+00
   endloop
 endfacet
 facet normal  0.000000e+00  0.000000e+00 -1.000000e+00
   outer loop
     vertex  1.916753e+00  3.281167e+00 -3.850000e+00
     vertex  1.994398e+00  3.234560e+00 -3.850000e+00
     vertex  1.987877e+00  2.916910e+00 -3.850000e+00
   endloop
 endfacet
 facet normal  0.000000e+00  0.000000e+00 -1.000000e+00
   outer loop
     vertex -2.826469e+00 -1.413900e+00 -3.850000e+00
     vertex -2.778622e+00 -1.392764e+00 -3.850000e+00
     vertex -2.802631e+00 -1.405174e+00 -3.850000e+00
   endloop
 endfacet
 facet normal  0.000000e+00  0.000000e+00 -1.000000e+00
   outer loop
     vertex  8.838271e-01  2.321984e+00 -3.850000e+00
     vertex  6.191613e-01  1.636808e+00 -3.850000e+00
     vertex  3.767470e-01  1.708965e+00 -3.850000e+00
   endloop
 endfacet
 facet normal  0.000000e+00  0.000000e+00 -1.000000e+00
   outer loop
     vertex  8.838271e-01  2.321984e+00 -3.850000e+00
     vertex  8.486423e-01  1.530459e+00 -3.850000e+00
     vertex  6.191613e-01  1.636808e+00 -3.850000e+00
   endloop
 endfacet
 facet normal  0.000000e+00  0.000000e+00 -1.000000e+00
   outer loop
     vertex  8.838271e-01  2.321984e+00 -3.850000e+00
     vertex  1.705176e+00  2.222320e+00 -3.850000e+00
     vertex  1.542572e+00  1.947623e+00 -3.850000e+00
   endloop
 endfacet
 facet normal  0.000000e+00 -0.000000e+00 -1.000000e+00
   outer loop
     vertex  8.838271e-01  2.321984e+00 -3.850000e+00
     vertex  1.542572e+00  1.947623e+00 -3.850000e+00
     vertex  8.486423e-01  1.530459e+00 -3.850000e+00
   endloop
 endfacet
 facet normal  0.000000e+00  0.000000e+00 -1.000000e+00
   outer loop
     vertex -2.859624e+00 -1.421024e+00 -3.850000e+00
     vertex -2.778622e+00 -1.392764e+00 -3.850000e+00
     vertex -2.826469e+00 -1.413900e+00 -3.850000e+00
   endloop
 endfacet
 facet normal  0.000000e+00  0.000000e+00 -1.000000e+00
   outer loop
     vertex -2.929145e+00 -1.424501e+00 -3.850000e+00
     vertex -2.778622e+00 -1.392764e+00 -3.850000e+00
     vertex -2.859624e+00 -1.421024e+00 -3.850000e+00
   endloop
 endfacet
 facet normal  0.000000e+00 -0.000000e+00 -1.000000e+00
   outer loop
     vertex  1.112648e+00  2.732535e+00 -3.850000e+00
     vertex  1.705176e+00  2.222320e+00 -3.850000e+00
     vertex  8.838271e-01  2.321984e+00 -3.850000e+00
   endloop
 endfacet
 facet normal  0.000000e+00  0.000000e+00 -1.000000e+00
   outer loop
     vertex  1.112648e+00  2.732535e+00 -3.850000e+00
     vertex  1.784559e+00  2.363197e+00 -3.850000e+00
     vertex  1.705176e+00  2.222320e+00 -3.850000e+00
   endloop
 endfacet
 facet normal  0.000000e+00  0.000000e+00 -1.000000e+00
   outer loop
     vertex  1.492953e+00  3.203642e+00 -3.850000e+00
     vertex  1.916753e+00  3.281167e+00 -3.850000e+00
     vertex  1.987877e+00  2.916910e+00 -3.850000e+00
   endloop
 endfacet
 facet normal  0.000000e+00  0.000000e+00 -1.000000e+00
   outer loop
     vertex  1.492953e+00  3.203642e+00 -3.850000e+00
     vertex  1.758243e+00  3.368765e+00 -3.850000e+00
     vertex  1.838020e+00  3.325911e+00 -3.850000e+00
   endloop
 endfacet
 facet normal  0.000000e+00  0.000000e+00 -1.000000e+00
   outer loop
     vertex  1.492953e+00  3.203642e+00 -3.850000e+00
     vertex  1.838020e+00  3.325911e+00 -3.850000e+00
     vertex  1.916753e+00  3.281167e+00 -3.850000e+00
   endloop
 endfacet
 facet normal  0.000000e+00  0.000000e+00 -1.000000e+00
   outer loop
     vertex  1.492953e+00  3.203642e+00 -3.850000e+00
     vertex  1.987877e+00  2.916910e+00 -3.850000e+00
     vertex  1.960137e+00  2.707446e+00 -3.850000e+00
   endloop
 endfacet
 facet normal  0.000000e+00 -0.000000e+00 -1.000000e+00
   outer loop
     vertex  1.156255e+00  2.885066e+00 -3.850000e+00
     vertex  1.784559e+00  2.363197e+00 -3.850000e+00
     vertex  1.112648e+00  2.732535e+00 -3.850000e+00
   endloop
 endfacet
 facet normal  0.000000e+00  0.000000e+00 -1.000000e+00
   outer loop
     vertex  1.178054e+00  2.932615e+00 -3.850000e+00
     vertex  1.156255e+00  2.885066e+00 -3.850000e+00
     vertex  1.165996e+00  2.910276e+00 -3.850000e+00
   endloop
 endfacet
 facet normal  0.000000e+00  0.000000e+00 -1.000000e+00
   outer loop
     vertex  1.247878e+00  3.008637e+00 -3.850000e+00
     vertex  1.492953e+00  3.203642e+00 -3.850000e+00
     vertex  1.960137e+00  2.707446e+00 -3.850000e+00
   endloop
 endfacet
 facet normal  0.000000e+00 -0.000000e+00 -1.000000e+00
   outer loop
     vertex  1.247878e+00  3.008637e+00 -3.850000e+00
     vertex  1.784559e+00  2.363197e+00 -3.850000e+00
     vertex  1.156255e+00  2.885066e+00 -3.850000e+00
   endloop
 endfacet
 facet normal  0.000000e+00  0.000000e+00 -1.000000e+00
   outer loop
     vertex  1.247878e+00  3.008637e+00 -3.850000e+00
     vertex  1.960137e+00  2.707446e+00 -3.850000e+00
     vertex  1.784559e+00  2.363197e+00 -3.850000e+00
   endloop
 endfacet
 facet normal  0.000000e+00  0.000000e+00 -1.000000e+00
   outer loop
     vertex  1.198147e+00  2.959933e+00 -3.850000e+00
     vertex  1.156255e+00  2.885066e+00 -3.850000e+00
     vertex  1.178054e+00  2.932615e+00 -3.850000e+00
   endloop
 endfacet
 facet normal  0.000000e+00 -0.000000e+00 -1.000000e+00
   outer loop
     vertex  1.198147e+00  2.959933e+00 -3.850000e+00
     vertex  1.247878e+00  3.008637e+00 -3.850000e+00
     vertex  1.156255e+00  2.885066e+00 -3.850000e+00
   endloop
 endfacet
 facet normal  0.000000e+00  0.000000e+00 -1.000000e+00
   outer loop
     vertex  4.607744e-01  2.441403e+00 -3.850000e+00
     vertex  3.767470e-01  1.708965e+00 -3.850000e+00
     vertex  1.264629e-01  1.745425e+00 -3.850000e+00
   endloop
 endfacet
 facet normal  0.000000e+00 -0.000000e+00 -1.000000e+00
   outer loop
     vertex  4.607744e-01  2.441403e+00 -3.850000e+00
     vertex  8.838271e-01  2.321984e+00 -3.850000e+00
     vertex  3.767470e-01  1.708965e+00 -3.850000e+00
   endloop
 endfacet
 facet normal  0.000000e+00  0.000000e+00 -1.000000e+00
   outer loop
     vertex -2.446144e+00 -4.349019e-01 -3.850000e+00
     vertex -1.250000e+00 -1.224745e+00 -3.850000e+00
     vertex -2.201315e+00 -1.151945e+00 -3.850000e+00
   endloop
 endfacet
 facet normal  0.000000e+00  0.000000e+00 -1.000000e+00
   outer loop
     vertex -2.750013e+00 -5.326892e-01 -3.850000e+00
     vertex -2.201315e+00 -1.151945e+00 -3.850000e+00
     vertex -2.644834e+00 -1.307510e+00 -3.850000e+00
   endloop
 endfacet
 facet normal  0.000000e+00  0.000000e+00 -1.000000e+00
   outer loop
     vertex -2.750013e+00 -5.326892e-01 -3.850000e+00
     vertex -2.446144e+00 -4.349019e-01 -3.850000e+00
     vertex -2.201315e+00 -1.151945e+00 -3.850000e+00
   endloop
 endfacet
 facet normal  0.000000e+00  0.000000e+00 -1.000000e+00
   outer loop
     vertex -3.581265e+00 -1.270647e+00 -3.850000e+00
     vertex -3.241899e+00 -1.407949e+00 -3.850000e+00
     vertex -3.549969e+00 -1.355626e+00 -3.850000e+00
   endloop
 endfacet
 facet normal  0.000000e+00  0.000000e+00 -1.000000e+00
   outer loop
     vertex -2.902851e+00 -5.854970e-01 -3.850000e+00
     vertex -2.644834e+00 -1.307510e+00 -3.850000e+00
     vertex -2.778622e+00 -1.392764e+00 -3.850000e+00
   endloop
 endfacet
 facet normal  0.000000e+00 -0.000000e+00 -1.000000e+00
   outer loop
     vertex -2.902851e+00 -5.854970e-01 -3.850000e+00
     vertex -2.778622e+00 -1.392764e+00 -3.850000e+00
     vertex -2.929145e+00 -1.424501e+00 -3.850000e+00
   endloop
 endfacet
 facet normal  0.000000e+00  0.000000e+00 -1.000000e+00
   outer loop
     vertex -2.902851e+00 -5.854970e-01 -3.850000e+00
     vertex -2.750013e+00 -5.326892e-01 -3.850000e+00
     vertex -2.644834e+00 -1.307510e+00 -3.850000e+00
   endloop
 endfacet
 facet normal  0.000000e+00  0.000000e+00 -1.000000e+00
   outer loop
     vertex -3.610527e+00 -1.184946e+00 -3.850000e+00
     vertex -3.241899e+00 -1.407949e+00 -3.850000e+00
     vertex -3.581265e+00 -1.270647e+00 -3.850000e+00
   endloop
 endfacet
 facet normal  0.000000e+00  0.000000e+00 -1.000000e+00
   outer loop
     vertex -2.484503e+00  3.005685e-03 -3.850000e+00
     vertex -1.250000e+00 -1.224745e+00 -3.850000e+00
     vertex -2.446144e+00 -4.349019e-01 -3.850000e+00
   endloop
 endfacet
 facet normal  0.000000e+00  0.000000e+00 -1.000000e+00
   outer loop
     vertex -2.484503e+00  3.005685e-03 -3.850000e+00
     vertex -1.250000e+00  1.224745e+00 -3.850000e+00
     vertex -1.250000e+00 -1.224745e+00 -3.850000e+00
   endloop
 endfacet
 facet normal  0.000000e+00  0.000000e+00 -1.000000e+00
   outer loop
     vertex -3.146806e+00 -6.338324e-01 -3.850000e+00
     vertex -3.093515e+00 -6.072462e-01 -3.850000e+00
     vertex -3.060127e+00 -5.989119e-01 -3.850000e+00
   endloop
 endfacet
 facet normal  0.000000e+00  0.000000e+00 -1.000000e+00
   outer loop
     vertex -3.262552e+00 -7.267414e-01 -3.850000e+00
     vertex -3.146806e+00 -6.338324e-01 -3.850000e+00
     vertex -3.060127e+00 -5.989119e-01 -3.850000e+00
   endloop
 endfacet
 facet normal  0.000000e+00  0.000000e+00 -1.000000e+00
   outer loop
     vertex -3.262552e+00 -7.267414e-01 -3.850000e+00
     vertex -2.929145e+00 -1.424501e+00 -3.850000e+00
     vertex -3.241899e+00 -1.407949e+00 -3.850000e+00
   endloop
 endfacet
 facet normal  0.000000e+00  0.000000e+00 -1.000000e+00
   outer loop
     vertex -3.262552e+00 -7.267414e-01 -3.850000e+00
     vertex -3.060127e+00 -5.989119e-01 -3.850000e+00
     vertex -2.902851e+00 -5.854970e-01 -3.850000e+00
   endloop
 endfacet
 facet normal  0.000000e+00  0.000000e+00 -1.000000e+00
   outer loop
     vertex -3.262552e+00 -7.267414e-01 -3.850000e+00
     vertex -2.902851e+00 -5.854970e-01 -3.850000e+00
     vertex -2.929145e+00 -1.424501e+00 -3.850000e+00
   endloop
 endfacet
 facet normal  0.000000e+00  0.000000e+00 -1.000000e+00
   outer loop
     vertex -3.422216e+00 -8.651324e-01 -3.850000e+00
     vertex -3.610527e+00 -1.184946e+00 -3.850000e+00
     vertex -3.637738e+00 -1.098572e+00 -3.850000e+00
   endloop
 endfacet
 facet normal  0.000000e+00 -0.000000e+00 -1.000000e+00
   outer loop
     vertex -3.422216e+00 -8.651324e-01 -3.850000e+00
     vertex -3.241899e+00 -1.407949e+00 -3.850000e+00
     vertex -3.610527e+00 -1.184946e+00 -3.850000e+00
   endloop
 endfacet
 facet normal  0.000000e+00  0.000000e+00 -1.000000e+00
   outer loop
     vertex -3.422216e+00 -8.651324e-01 -3.850000e+00
     vertex -3.262552e+00 -7.267414e-01 -3.850000e+00
     vertex -3.241899e+00 -1.407949e+00 -3.850000e+00
   endloop
 endfacet
 facet normal  0.000000e+00  0.000000e+00 -1.000000e+00
   outer loop
     vertex  5.232296e-01  3.167072e+00 -3.850000e+00
     vertex  5.291903e-01  3.107815e+00 -3.850000e+00
     vertex  5.251426e-01  3.073641e+00 -3.850000e+00
   endloop
 endfacet
 facet normal  0.000000e+00  0.000000e+00 -1.000000e+00
   outer loop
     vertex -2.964899e-01  2.466750e+00 -3.850000e+00
     vertex  4.607744e-01  2.441403e+00 -3.850000e+00
     vertex  1.264629e-01  1.745425e+00 -3.850000e+00
   endloop
 endfacet
 facet normal  0.000000e+00  0.000000e+00 -1.000000e+00
   outer loop
     vertex -2.964899e-01  2.466750e+00 -3.850000e+00
     vertex  4.770950e-01  2.760199e+00 -3.850000e+00
     vertex  4.607744e-01  2.441403e+00 -3.850000e+00
   endloop
 endfacet
 facet normal  0.000000e+00 -0.000000e+00 -1.000000e+00
   outer loop
     vertex -2.964899e-01  2.466750e+00 -3.850000e+00
     vertex -1.264629e-01  1.745425e+00 -3.850000e+00
     vertex -3.767470e-01  1.708965e+00 -3.850000e+00
   endloop
 endfacet
 facet normal  0.000000e+00  0.000000e+00 -1.000000e+00
   outer loop
     vertex -2.964899e-01  2.466750e+00 -3.850000e+00
     vertex  1.264629e-01  1.745425e+00 -3.850000e+00
     vertex -1.264629e-01  1.745425e+00 -3.850000e+00
   endloop
 endfacet
 facet normal  0.000000e+00  0.000000e+00 -1.000000e+00
   outer loop
     vertex  4.774008e-01  3.308248e+00 -3.850000e+00
     vertex  5.232296e-01  3.167072e+00 -3.850000e+00
     vertex  5.251426e-01  3.073641e+00 -3.850000e+00
   endloop
 endfacet
 facet normal  0.000000e+00  0.000000e+00 -1.000000e+00
   outer loop
     vertex -7.265811e-01  2.375888e+00 -3.850000e+00
     vertex -2.964899e-01  2.466750e+00 -3.850000e+00
     vertex -3.767470e-01  1.708965e+00 -3.850000e+00
   endloop
 endfacet
 facet normal  0.000000e+00 -0.000000e+00 -1.000000e+00
   outer loop
     vertex -7.265811e-01  2.375888e+00 -3.850000e+00
     vertex -6.191613e-01  1.636808e+00 -3.850000e+00
     vertex -8.486423e-01  1.530459e+00 -3.850000e+00
   endloop
 endfacet
 facet normal  0.000000e+00  0.000000e+00 -1.000000e+00
   outer loop
     vertex -7.265811e-01  2.375888e+00 -3.850000e+00
     vertex -3.767470e-01  1.708965e+00 -3.850000e+00
     vertex -6.191613e-01  1.636808e+00 -3.850000e+00
   endloop
 endfacet
 facet normal  0.000000e+00 -0.000000e+00 -1.000000e+00
   outer loop
     vertex -2.368062e+00  7.516934e-01 -3.850000e+00
     vertex -1.250000e+00  1.224745e+00 -3.850000e+00
     vertex -2.484503e+00  3.005685e-03 -3.850000e+00
   endloop
 endfacet
 facet normal  0.000000e+00  0.000000e+00 -1.000000e+00
   outer loop
     vertex -2.846717e-01  2.936612e+00 -3.850000e+00
     vertex  4.817728e-01  2.920906e+00 -3.850000e+00
     vertex  4.770950e-01  2.760199e+00 -3.850000e+00
   endloop
 endfacet
 facet normal  0.000000e+00 -0.000000e+00 -1.000000e+00
   outer loop
     vertex -2.846717e-01  2.936612e+00 -3.850000e+00
     vertex  4.770950e-01  2.760199e+00 -3.850000e+00
     vertex -2.964899e-01  2.466750e+00 -3.850000e+00
   endloop
 endfacet
 facet normal  0.000000e+00  0.000000e+00 -1.000000e+00
   outer loop
     vertex -3.159786e+00  6.157964e-02 -3.850000e+00
     vertex -3.107597e+00  5.805903e-02 -3.850000e+00
     vertex -3.134624e+00  5.822734e-02 -3.850000e+00
   endloop
 endfacet
 facet normal  0.000000e+00  0.000000e+00 -1.000000e+00
   outer loop
     vertex -3.192454e+00  7.067976e-02 -3.850000e+00
     vertex -3.107597e+00  5.805903e-02 -3.850000e+00
     vertex -3.159786e+00  6.157964e-02 -3.850000e+00
   endloop
 endfacet
 facet normal  0.000000e+00  0.000000e+00 -1.000000e+00
   outer loop
     vertex -3.255628e+00  9.990899e-02 -3.850000e+00
     vertex -3.107597e+00  5.805903e-02 -3.850000e+00
     vertex -3.192454e+00  7.067976e-02 -3.850000e+00
   endloop
 endfacet
 facet normal  0.000000e+00 -0.000000e+00 -1.000000e+00
   outer loop
     vertex -2.198521e+00  1.157267e+00 -3.850000e+00
     vertex -1.250000e+00  1.224745e+00 -3.850000e+00
     vertex -2.368062e+00  7.516934e-01 -3.850000e+00
   endloop
 endfacet
 facet normal  0.000000e+00  0.000000e+00 -1.000000e+00
   outer loop
     vertex -3.169438e-01  3.091938e+00 -3.850000e+00
     vertex  4.817728e-01  2.920906e+00 -3.850000e+00
     vertex -2.846717e-01  2.936612e+00 -3.850000e+00
   endloop
 endfacet
 facet normal  0.000000e+00  0.000000e+00 -1.000000e+00
   outer loop
     vertex -1.408885e+00  2.046413e+00 -3.850000e+00
     vertex -7.265811e-01  2.375888e+00 -3.850000e+00
     vertex -8.486423e-01  1.530459e+00 -3.850000e+00
   endloop
 endfacet
 facet normal  0.000000e+00  0.000000e+00 -1.000000e+00
   outer loop
     vertex -1.408885e+00  2.046413e+00 -3.850000e+00
     vertex -8.486423e-01  1.530459e+00 -3.850000e+00
     vertex -1.060396e+00  1.392142e+00 -3.850000e+00
   endloop
 endfacet
 facet normal  0.000000e+00 -0.000000e+00 -1.000000e+00
   outer loop
     vertex -3.197395e-01  3.144170e+00 -3.850000e+00
     vertex -3.169438e-01  3.091938e+00 -3.850000e+00
     vertex -3.200343e-01  3.118787e+00 -3.850000e+00
   endloop
 endfacet
 facet normal  0.000000e+00  0.000000e+00 -1.000000e+00
   outer loop
     vertex -2.682568e+00  8.063219e-01 -3.850000e+00
     vertex -2.368062e+00  7.516934e-01 -3.850000e+00
     vertex -2.484503e+00  3.005685e-03 -3.850000e+00
   endloop
 endfacet
 facet normal  0.000000e+00 -0.000000e+00 -1.000000e+00
   outer loop
     vertex -2.682568e+00  8.063219e-01 -3.850000e+00
     vertex -2.484503e+00  3.005685e-03 -3.850000e+00
     vertex -2.949515e+00  7.137340e-02 -3.850000e+00
   endloop
 endfacet
 facet normal  0.000000e+00  0.000000e+00 -1.000000e+00
   outer loop
     vertex -3.146434e-01  3.177697e+00 -3.850000e+00
     vertex -3.169438e-01  3.091938e+00 -3.850000e+00
     vertex -3.197395e-01  3.144170e+00 -3.850000e+00
   endloop
 endfacet
 facet normal  0.000000e+00  0.000000e+00 -1.000000e+00
   outer loop
     vertex -1.747486e+00  1.766085e+00 -3.850000e+00
     vertex -1.408885e+00  2.046413e+00 -3.850000e+00
     vertex -1.060396e+00  1.392142e+00 -3.850000e+00
   endloop
 endfacet
 facet normal  0.000000e+00  0.000000e+00 -1.000000e+00
   outer loop
     vertex -1.747486e+00  1.766085e+00 -3.850000e+00
     vertex -1.060396e+00  1.392142e+00 -3.850000e+00
     vertex -1.250000e+00  1.224745e+00 -3.850000e+00
   endloop
 endfacet
 facet normal  0.000000e+00 -0.000000e+00 -1.000000e+00
   outer loop
     vertex -1.747486e+00  1.766085e+00 -3.850000e+00
     vertex -1.250000e+00  1.224745e+00 -3.850000e+00
     vertex -2.198521e+00  1.157267e+00 -3.850000e+00
   endloop
 endfacet
 facet normal  0.000000e+00 -0.000000e+00 -1.000000e+00
   outer loop
     vertex -8.602827e-01  2.665754e+00 -3.850000e+00
     vertex -7.265811e-01  2.375888e+00 -3.850000e+00
     vertex -1.408885e+00  2.046413e+00 -3.850000e+00
   endloop
 endfacet
 facet normal  0.000000e+00  0.000000e+00 -1.000000e+00
   outer loop
     vertex -2.932421e-01  3.243934e+00 -3.850000e+00
     vertex -3.169438e-01  3.091938e+00 -3.850000e+00
     vertex -3.146434e-01  3.177697e+00 -3.850000e+00
   endloop
 endfacet
 facet normal  0.000000e+00  0.000000e+00 -1.000000e+00
   outer loop
     vertex -2.932421e-01  3.243934e+00 -3.850000e+00
     vertex  5.251426e-01  3.073641e+00 -3.850000e+00
     vertex  4.817728e-01  2.920906e+00 -3.850000e+00
   endloop
 endfacet
 facet normal  0.000000e+00  0.000000e+00 -1.000000e+00
   outer loop
     vertex -2.932421e-01  3.243934e+00 -3.850000e+00
     vertex  4.774008e-01  3.308248e+00 -3.850000e+00
     vertex  5.251426e-01  3.073641e+00 -3.850000e+00
   endloop
 endfacet
 facet normal  0.000000e+00 -0.000000e+00 -1.000000e+00
   outer loop
     vertex -2.932421e-01  3.243934e+00 -3.850000e+00
     vertex  4.817728e-01  2.920906e+00 -3.850000e+00
     vertex -3.169438e-01  3.091938e+00 -3.850000e+00
   endloop
 endfacet
 facet normal  0.000000e+00  0.000000e+00 -1.000000e+00
   outer loop
     vertex  1.723665e-01  3.796089e+00 -3.850000e+00
     vertex  2.627767e-01  3.790903e+00 -3.850000e+00
     vertex  4.046211e-01  3.506610e+00 -3.850000e+00
   endloop
 endfacet
 facet normal  0.000000e+00 -0.000000e+00 -1.000000e+00
   outer loop
     vertex -2.841504e+00  8.303270e-01 -3.850000e+00
     vertex -2.682568e+00  8.063219e-01 -3.850000e+00
     vertex -2.949515e+00  7.137340e-02 -3.850000e+00
   endloop
 endfacet
 facet normal  0.000000e+00  0.000000e+00 -1.000000e+00
   outer loop
     vertex -2.841504e+00  8.303270e-01 -3.850000e+00
     vertex -3.107597e+00  5.805903e-02 -3.850000e+00
     vertex -3.255628e+00  9.990899e-02 -3.850000e+00
   endloop
 endfacet
 facet normal  0.000000e+00  0.000000e+00 -1.000000e+00
   outer loop
     vertex -2.841504e+00  8.303270e-01 -3.850000e+00
     vertex -2.949515e+00  7.137340e-02 -3.850000e+00
     vertex -3.107597e+00  5.805903e-02 -3.850000e+00
   endloop
 endfacet
 facet normal  0.000000e+00 -0.000000e+00 -1.000000e+00
   outer loop
     vertex -1.668623e-01  3.530494e+00 -3.850000e+00
     vertex  4.774008e-01  3.308248e+00 -3.850000e+00
     vertex -2.932421e-01  3.243934e+00 -3.850000e+00
   endloop
 endfacet
 facet normal  0.000000e+00  0.000000e+00 -1.000000e+00
   outer loop
     vertex -1.668623e-01  3.530494e+00 -3.850000e+00
     vertex  4.046211e-01  3.506610e+00 -3.850000e+00
     vertex  4.774008e-01  3.308248e+00 -3.850000e+00
   endloop
 endfacet
 facet normal  0.000000e+00  0.000000e+00 -1.000000e+00
   outer loop
     vertex -1.668623e-01  3.530494e+00 -3.850000e+00
     vertex  1.723665e-01  3.796089e+00 -3.850000e+00
     vertex  4.046211e-01  3.506610e+00 -3.850000e+00
   endloop
 endfacet
 facet normal  0.000000e+00 -0.000000e+00 -1.000000e+00
   outer loop
     vertex  8.185837e-02  3.799118e+00 -3.850000e+00
     vertex  1.723665e-01  3.796089e+00 -3.850000e+00
     vertex -1.668623e-01  3.530494e+00 -3.850000e+00
   endloop
 endfacet
 facet normal  0.000000e+00 -0.000000e+00 -1.000000e+00
   outer loop
     vertex -8.696213e-03  3.799990e+00 -3.850000e+00
     vertex  8.185837e-02  3.799118e+00 -3.850000e+00
     vertex -1.668623e-01  3.530494e+00 -3.850000e+00
   endloop
 endfacet
 facet normal  0.000000e+00 -0.000000e+00 -1.000000e+00
   outer loop
     vertex -2.987935e+00  8.918012e-01 -3.850000e+00
     vertex -2.841504e+00  8.303270e-01 -3.850000e+00
     vertex -3.255628e+00  9.990899e-02 -3.850000e+00
   endloop
 endfacet
 facet normal  0.000000e+00 -0.000000e+00 -1.000000e+00
   outer loop
     vertex -2.000580e+00  1.960614e+00 -3.850000e+00
     vertex -1.747486e+00  1.766085e+00 -3.850000e+00
     vertex -2.198521e+00  1.157267e+00 -3.850000e+00
   endloop
 endfacet
 facet normal  0.000000e+00  0.000000e+00 -1.000000e+00
   outer loop
     vertex -3.080914e+00  9.011629e-01 -3.850000e+00
     vertex -3.021372e+00  8.999381e-01 -3.850000e+00
     vertex -2.987935e+00  8.918012e-01 -3.850000e+00
   endloop
 endfacet
 facet normal  0.000000e+00  0.000000e+00 -1.000000e+00
   outer loop
     vertex -2.578497e+00  1.433906e+00 -3.850000e+00
     vertex -2.000580e+00  1.960614e+00 -3.850000e+00
     vertex -2.198521e+00  1.157267e+00 -3.850000e+00
   endloop
 endfacet
 facet normal  0.000000e+00  0.000000e+00 -1.000000e+00
   outer loop
     vertex -1.008517e+00  3.047462e+00 -3.850000e+00
     vertex -9.757007e-01  2.997764e+00 -3.850000e+00
     vertex -9.634026e-01  2.965624e+00 -3.850000e+00
   endloop
 endfacet
 facet normal  0.000000e+00  0.000000e+00 -1.000000e+00
   outer loop
     vertex -1.616776e+00  2.467948e+00 -3.850000e+00
     vertex -8.602827e-01  2.665754e+00 -3.850000e+00
     vertex -1.408885e+00  2.046413e+00 -3.850000e+00
   endloop
 endfacet
 facet normal  0.000000e+00  0.000000e+00 -1.000000e+00
   outer loop
     vertex -1.616776e+00  2.467948e+00 -3.850000e+00
     vertex -9.311281e-01  2.811112e+00 -3.850000e+00
     vertex -8.602827e-01  2.665754e+00 -3.850000e+00
   endloop
 endfacet
 facet normal  0.000000e+00  0.000000e+00 -1.000000e+00
   outer loop
     vertex -3.226581e+00  8.726858e-01 -3.850000e+00
     vertex -3.255628e+00  9.990899e-02 -3.850000e+00
     vertex -3.524866e+00  2.599084e-01 -3.850000e+00
   endloop
 endfacet
 facet normal  0.000000e+00 -0.000000e+00 -1.000000e+00
   outer loop
     vertex -3.226581e+00  8.726858e-01 -3.850000e+00
     vertex -2.987935e+00  8.918012e-01 -3.850000e+00
     vertex -3.255628e+00  9.990899e-02 -3.850000e+00
   endloop
 endfacet
 facet normal  0.000000e+00  0.000000e+00 -1.000000e+00
   outer loop
     vertex -3.226581e+00  8.726858e-01 -3.850000e+00
     vertex -3.080914e+00  9.011629e-01 -3.850000e+00
     vertex -2.987935e+00  8.918012e-01 -3.850000e+00
   endloop
 endfacet
 facet normal  0.000000e+00 -0.000000e+00 -1.000000e+00
   outer loop
     vertex -2.130862e+00  2.056400e+00 -3.850000e+00
     vertex -2.000580e+00  1.960614e+00 -3.850000e+00
     vertex -2.578497e+00  1.433906e+00 -3.850000e+00
   endloop
 endfacet
 facet normal  0.000000e+00  0.000000e+00 -1.000000e+00
   outer loop
     vertex -2.724659e+00  1.495581e+00 -3.850000e+00
     vertex -2.130862e+00  2.056400e+00 -3.850000e+00
     vertex -2.578497e+00  1.433906e+00 -3.850000e+00
   endloop
 endfacet
 facet normal  0.000000e+00 -0.000000e+00 -1.000000e+00
   outer loop
     vertex -3.432270e+00  8.243464e-01 -3.850000e+00
     vertex -3.226581e+00  8.726858e-01 -3.850000e+00
     vertex -3.524866e+00  2.599084e-01 -3.850000e+00
   endloop
 endfacet
 facet normal  0.000000e+00  0.000000e+00 -1.000000e+00
   outer loop
     vertex -1.114700e+00  3.151165e+00 -3.850000e+00
     vertex -9.634026e-01  2.965624e+00 -3.850000e+00
     vertex -9.311281e-01  2.811112e+00 -3.850000e+00
   endloop
 endfacet
 facet normal  0.000000e+00  0.000000e+00 -1.000000e+00
   outer loop
     vertex -1.114700e+00  3.151165e+00 -3.850000e+00
     vertex -1.008517e+00  3.047462e+00 -3.850000e+00
     vertex -9.634026e-01  2.965624e+00 -3.850000e+00
   endloop
 endfacet
 facet normal  0.000000e+00  0.000000e+00 -1.000000e+00
   outer loop
     vertex -2.769234e+00  1.522952e+00 -3.850000e+00
     vertex -2.724659e+00  1.495581e+00 -3.850000e+00
     vertex -2.748512e+00  1.508290e+00 -3.850000e+00
   endloop
 endfacet
 facet normal  0.000000e+00 -0.000000e+00 -1.000000e+00
   outer loop
     vertex -3.761551e+00  5.391946e-01 -3.850000e+00
     vertex -3.524866e+00  2.599084e-01 -3.850000e+00
     vertex -3.773332e+00  4.494054e-01 -3.850000e+00
   endloop
 endfacet
 facet normal  0.000000e+00  0.000000e+00 -1.000000e+00
   outer loop
     vertex -1.717535e+00  2.590484e+00 -3.850000e+00
     vertex -9.311281e-01  2.811112e+00 -3.850000e+00
     vertex -1.616776e+00  2.467948e+00 -3.850000e+00
   endloop
 endfacet
 facet normal  0.000000e+00  0.000000e+00 -1.000000e+00
   outer loop
     vertex -2.793931e+00  1.546191e+00 -3.850000e+00
     vertex -2.724659e+00  1.495581e+00 -3.850000e+00
     vertex -2.769234e+00  1.522952e+00 -3.850000e+00
   endloop
 endfacet
 facet normal  0.000000e+00  0.000000e+00 -1.000000e+00
   outer loop
     vertex -3.747635e+00  6.286776e-01 -3.850000e+00
     vertex -3.432270e+00  8.243464e-01 -3.850000e+00
     vertex -3.524866e+00  2.599084e-01 -3.850000e+00
   endloop
 endfacet
 facet normal  0.000000e+00 -0.000000e+00 -1.000000e+00
   outer loop
     vertex -3.747635e+00  6.286776e-01 -3.850000e+00
     vertex -3.524866e+00  2.599084e-01 -3.850000e+00
     vertex -3.761551e+00  5.391946e-01 -3.850000e+00
   endloop
 endfacet
 facet normal  0.000000e+00  0.000000e+00 -1.000000e+00
   outer loop
     vertex -1.744284e+00  2.635434e+00 -3.850000e+00
     vertex -1.717535e+00  2.590484e+00 -3.850000e+00
     vertex -1.732749e+00  2.612822e+00 -3.850000e+00
   endloop
 endfacet
 facet normal  0.000000e+00  0.000000e+00 -1.000000e+00
   outer loop
     vertex -1.755352e+00  2.667489e+00 -3.850000e+00
     vertex -1.717535e+00  2.590484e+00 -3.850000e+00
     vertex -1.744284e+00  2.635434e+00 -3.850000e+00
   endloop
 endfacet
 facet normal  0.000000e+00  0.000000e+00 -1.000000e+00
   outer loop
     vertex -2.836285e+00  1.601431e+00 -3.850000e+00
     vertex -2.724659e+00  1.495581e+00 -3.850000e+00
     vertex -2.793931e+00  1.546191e+00 -3.850000e+00
   endloop
 endfacet
 facet normal  0.000000e+00  0.000000e+00 -1.000000e+00
   outer loop
     vertex -2.836285e+00  1.601431e+00 -3.850000e+00
     vertex -2.130862e+00  2.056400e+00 -3.850000e+00
     vertex -2.724659e+00  1.495581e+00 -3.850000e+00
   endloop
 endfacet
 facet normal  0.000000e+00 -0.000000e+00 -1.000000e+00
   outer loop
     vertex -3.731589e+00  7.178036e-01 -3.850000e+00
     vertex -3.432270e+00  8.243464e-01 -3.850000e+00
     vertex -3.747635e+00  6.286776e-01 -3.850000e+00
   endloop
 endfacet
 facet normal  0.000000e+00  0.000000e+00 -1.000000e+00
   outer loop
     vertex -1.767184e+00  2.736084e+00 -3.850000e+00
     vertex -1.114700e+00  3.151165e+00 -3.850000e+00
     vertex -9.311281e-01  2.811112e+00 -3.850000e+00
   endloop
 endfacet
 facet normal  0.000000e+00  0.000000e+00 -1.000000e+00
   outer loop
     vertex -1.767184e+00  2.736084e+00 -3.850000e+00
     vertex -1.717535e+00  2.590484e+00 -3.850000e+00
     vertex -1.755352e+00  2.667489e+00 -3.850000e+00
   endloop
 endfacet
 facet normal  0.000000e+00  0.000000e+00 -1.000000e+00
   outer loop
     vertex -1.767184e+00  2.736084e+00 -3.850000e+00
     vertex -9.311281e-01  2.811112e+00 -3.850000e+00
     vertex -1.717535e+00  2.590484e+00 -3.850000e+00
   endloop
 endfacet
 facet normal  0.000000e+00  0.000000e+00 -1.000000e+00
   outer loop
     vertex -2.309223e+00  2.229713e+00 -3.850000e+00
     vertex -2.257071e+00  2.200958e+00 -3.850000e+00
     vertex -2.231245e+00  2.178214e+00 -3.850000e+00
   endloop
 endfacet
 facet normal  0.000000e+00 -0.000000e+00 -1.000000e+00
   outer loop
     vertex -2.451437e+00  2.272191e+00 -3.850000e+00
     vertex -2.130862e+00  2.056400e+00 -3.850000e+00
     vertex -2.836285e+00  1.601431e+00 -3.850000e+00
   endloop
 endfacet
 facet normal  0.000000e+00  0.000000e+00 -1.000000e+00
   outer loop
     vertex -2.451437e+00  2.272191e+00 -3.850000e+00
     vertex -2.309223e+00  2.229713e+00 -3.850000e+00
     vertex -2.231245e+00  2.178214e+00 -3.850000e+00
   endloop
 endfacet
 facet normal  0.000000e+00  0.000000e+00 -1.000000e+00
   outer loop
     vertex -2.451437e+00  2.272191e+00 -3.850000e+00
     vertex -2.231245e+00  2.178214e+00 -3.850000e+00
     vertex -2.130862e+00  2.056400e+00 -3.850000e+00
   endloop
 endfacet
 facet normal  0.000000e+00  0.000000e+00 -1.000000e+00
   outer loop
     vertex -1.788452e+00  3.048552e+00 -3.850000e+00
     vertex -1.271327e+00  3.292984e+00 -3.850000e+00
     vertex -1.114700e+00  3.151165e+00 -3.850000e+00
   endloop
 endfacet
 facet normal  0.000000e+00  0.000000e+00 -1.000000e+00
   outer loop
     vertex -1.788452e+00  3.048552e+00 -3.850000e+00
     vertex -1.114700e+00  3.151165e+00 -3.850000e+00
     vertex -1.767184e+00  2.736084e+00 -3.850000e+00
   endloop
 endfacet
 facet normal  0.000000e+00  0.000000e+00 -1.000000e+00
   outer loop
     vertex -3.000328e+00  1.868224e+00 -3.850000e+00
     vertex -2.451437e+00  2.272191e+00 -3.850000e+00
     vertex -2.836285e+00  1.601431e+00 -3.850000e+00
   endloop
 endfacet
 facet normal  0.000000e+00 -0.000000e+00 -1.000000e+00
   outer loop
     vertex -2.656031e+00  2.324978e+00 -3.850000e+00
     vertex -2.451437e+00  2.272191e+00 -3.850000e+00
     vertex -3.000328e+00  1.868224e+00 -3.850000e+00
   endloop
 endfacet
 facet normal  0.000000e+00 -0.000000e+00 -1.000000e+00
   outer loop
     vertex -1.611507e+00  3.441372e+00 -3.850000e+00
     vertex -1.271327e+00  3.292984e+00 -3.850000e+00
     vertex -1.788452e+00  3.048552e+00 -3.850000e+00
   endloop
 endfacet
 facet normal  0.000000e+00  0.000000e+00 -1.000000e+00
   outer loop
     vertex -1.611507e+00  3.441372e+00 -3.850000e+00
     vertex -1.529043e+00  3.478797e+00 -3.850000e+00
     vertex -1.271327e+00  3.292984e+00 -3.850000e+00
   endloop
 endfacet
 facet normal  0.000000e+00 -0.000000e+00 -1.000000e+00
   outer loop
     vertex -1.693056e+00  3.401994e+00 -3.850000e+00
     vertex -1.611507e+00  3.441372e+00 -3.850000e+00
     vertex -1.788452e+00  3.048552e+00 -3.850000e+00
   endloop
 endfacet
 facet normal  0.000000e+00 -0.000000e+00 -1.000000e+00
   outer loop
     vertex -1.773644e+00  3.360683e+00 -3.850000e+00
     vertex -1.693056e+00  3.401994e+00 -3.850000e+00
     vertex -1.788452e+00  3.048552e+00 -3.850000e+00
   endloop
 endfacet
 facet normal  0.000000e+00 -0.000000e+00 -1.000000e+00
   outer loop
     vertex -3.080112e+00  2.225513e+00 -3.850000e+00
     vertex -3.000328e+00  1.868224e+00 -3.850000e+00
     vertex -3.132271e+00  2.151484e+00 -3.850000e+00
   endloop
 endfacet
 facet normal  0.000000e+00  0.000000e+00 -1.000000e+00
   outer loop
     vertex -3.026204e+00  2.298279e+00 -3.850000e+00
     vertex -2.656031e+00  2.324978e+00 -3.850000e+00
     vertex -3.000328e+00  1.868224e+00 -3.850000e+00
   endloop
 endfacet
 facet normal  0.000000e+00 -0.000000e+00 -1.000000e+00
   outer loop
     vertex -3.026204e+00  2.298279e+00 -3.850000e+00
     vertex -3.000328e+00  1.868224e+00 -3.850000e+00
     vertex -3.080112e+00  2.225513e+00 -3.850000e+00
   endloop
 endfacet
 facet normal  0.000000e+00 -0.000000e+00 -1.000000e+00
   outer loop
     vertex -2.970578e+00  2.369740e+00 -3.850000e+00
     vertex -2.656031e+00  2.324978e+00 -3.850000e+00
     vertex -3.026204e+00  2.298279e+00 -3.850000e+00
   endloop
 endfacet
 facet normal -6.047566e-01 -7.929502e-01  7.415824e-02
   outer loop
     vertex -3.765252e+00  5.127164e-01 -3.107143e+00
     vertex -3.773332e+00  4.494054e-01 -3.850000e+00
     vertex -3.524866e+00  2.599084e-01 -3.850000e+00
   endloop
 endfacet
 facet normal -6.173973e-01 -7.837971e-01  6.695279e-02
   outer loop
     vertex -3.515398e+00  3.159061e-01 -3.107143e+00
     vertex -3.765252e+00  5.127164e-01 -3.107143e+00
     vertex -3.524866e+00  2.599084e-01 -3.850000e+00
   endloop
 endfacet
 facet normal -5.097699e-01 -8.578113e-01  6.553203e-02
   outer loop
     vertex -3.336208e+00  2.045453e-01 -3.107143e+00
     vertex -3.524866e+00  2.599084e-01 -3.850000e+00
     vertex -3.255628e+00  9.990899e-02 -3.850000e+00
   endloop
 endfacet
 facet normal -5.265243e-01 -8.472256e-01  7.057592e-02
   outer loop
     vertex -3.336208e+00  2.045453e-01 -3.107143e+00
     vertex -3.515398e+00  3.159061e-01 -3.107143e+00
     vertex -3.524866e+00  2.599084e-01 -3.850000e+00
   endloop
 endfacet
 facet normal -4.190179e-01 -9.056322e-01  6.522460e-02
   outer loop
     vertex -3.207238e+00  1.310213e-01 -3.107143e+00
     vertex -3.255628e+00  9.990899e-02 -3.850000e+00
     vertex -3.192454e+00  7.067976e-02 -3.850000e+00
   endloop
 endfacet
 facet normal -4.940968e-01 -8.667053e-01  6.848493e-02
   outer loop
     vertex -3.207238e+00  1.310213e-01 -3.107143e+00
     vertex -3.336208e+00  2.045453e-01 -3.107143e+00
     vertex -3.255628e+00  9.990899e-02 -3.850000e+00
   endloop
 endfacet
 facet normal -1.317297e-01 -9.887758e-01  7.049608e-02
   outer loop
     vertex -3.151555e+00  1.134460e-01 -3.107143e+00
     vertex -3.159786e+00  6.157964e-02 -3.850000e+00
     vertex -3.134624e+00  5.822734e-02 -3.850000e+00
   endloop
 endfacet
 facet normal -2.676874e-01 -9.609553e-01  7.006020e-02
   outer loop
     vertex -3.151555e+00  1.134460e-01 -3.107143e+00
     vertex -3.192454e+00  7.067976e-02 -3.850000e+00
     vertex -3.159786e+00  6.157964e-02 -3.850000e+00
   endloop
 endfacet
 facet normal -3.002270e-01 -9.512000e-01  7.129013e-02
   outer loop
     vertex -3.151555e+00  1.134460e-01 -3.107143e+00
     vertex -3.207238e+00  1.310213e-01 -3.107143e+00
     vertex -3.192454e+00  7.067976e-02 -3.850000e+00
   endloop
 endfacet
 facet normal  8.372400e-02 -9.940635e-01  6.948420e-02
   outer loop
     vertex -3.097498e+00  1.108347e-01 -3.107143e+00
     vertex -3.107597e+00  5.805903e-02 -3.850000e+00
     vertex -2.949515e+00  7.137340e-02 -3.850000e+00
   endloop
 endfacet
 facet normal -6.211874e-03 -9.974607e-01  7.094824e-02
   outer loop
     vertex -3.097498e+00  1.108347e-01 -3.107143e+00
     vertex -3.134624e+00  5.822734e-02 -3.850000e+00
     vertex -3.107597e+00  5.805903e-02 -3.850000e+00
   endloop
 endfacet
 facet normal -4.812087e-02 -9.961739e-01  7.295159e-02
   outer loop
     vertex -3.097498e+00  1.108347e-01 -3.107143e+00
     vertex -3.151555e+00  1.134460e-01 -3.107143e+00
     vertex -3.134624e+00  5.822734e-02 -3.850000e+00
   endloop
 endfacet
 facet normal  7.484061e-02 -9.948908e-01  6.775850e-02
   outer loop
     vertex -2.954772e+00  1.215713e-01 -3.107143e+00
     vertex -3.097498e+00  1.108347e-01 -3.107143e+00
     vertex -2.949515e+00  7.137340e-02 -3.850000e+00
   endloop
 endfacet
 facet normal -1.452113e-01 -9.876737e-01  5.843186e-02
   outer loop
     vertex -2.789984e+00  9.186688e-02 -3.107143e+00
     vertex -2.949515e+00  7.137340e-02 -3.850000e+00
     vertex -2.484503e+00  3.005685e-03 -3.850000e+00
   endloop
 endfacet
 facet normal -1.770228e-01 -9.820508e-01  6.510835e-02
   outer loop
     vertex -2.789984e+00  9.186688e-02 -3.107143e+00
     vertex -2.954772e+00  1.215713e-01 -3.107143e+00
     vertex -2.949515e+00  7.137340e-02 -3.850000e+00
   endloop
 endfacet
 facet normal -1.516694e-01 -9.868618e-01  5.567899e-02
   outer loop
     vertex -2.484336e+00  4.489234e-02 -3.107143e+00
     vertex -2.789984e+00  9.186688e-02 -3.107143e+00
     vertex -2.484503e+00  3.005685e-03 -3.850000e+00
   endloop
 endfacet
 facet normal -6.170559e-01 -7.833637e-01  7.472161e-02
   outer loop
     vertex -3.749295e+00  6.186978e-01 -1.864286e+00
     vertex -3.765252e+00  5.127164e-01 -3.107143e+00
     vertex -3.515398e+00  3.159061e-01 -3.107143e+00
   endloop
 endfacet
 facet normal -5.264761e-01 -8.471480e-01  7.185503e-02
   outer loop
     vertex -3.505091e+00  4.149195e-01 -1.864286e+00
     vertex -3.515398e+00  3.159061e-01 -3.107143e+00
     vertex -3.336208e+00  2.045453e-01 -3.107143e+00
   endloop
 endfacet
 facet normal -6.392824e-01 -7.661056e-01  6.633423e-02
   outer loop
     vertex -3.505091e+00  4.149195e-01 -1.864286e+00
     vertex -3.749295e+00  6.186978e-01 -1.864286e+00
     vertex -3.515398e+00  3.159061e-01 -3.107143e+00
   endloop
 endfacet
 facet normal -4.941006e-01 -8.667119e-01  6.837513e-02
   outer loop
     vertex -3.329113e+00  2.985496e-01 -1.864286e+00
     vertex -3.336208e+00  2.045453e-01 -3.107143e+00
     vertex -3.207238e+00  1.310213e-01 -3.107143e+00
   endloop
 endfacet
 facet normal -5.503772e-01 -8.322960e-01  6.609334e-02
   outer loop
     vertex -3.329113e+00  2.985496e-01 -1.864286e+00
     vertex -3.505091e+00  4.149195e-01 -1.864286e+00
     vertex -3.336208e+00  2.045453e-01 -3.107143e+00
   endloop
 endfacet
 facet normal -5.184943e-01 -8.526758e-01  6.409112e-02
   outer loop
     vertex -3.202268e+00  2.214178e-01 -1.864286e+00
     vertex -3.329113e+00  2.985496e-01 -1.864286e+00
     vertex -3.207238e+00  1.310213e-01 -3.107143e+00
   endloop
 endfacet
 facet normal -3.002739e-01 -9.513488e-01  6.907336e-02
   outer loop
     vertex -3.147102e+00  2.022791e-01 -1.864286e+00
     vertex -3.207238e+00  1.310213e-01 -3.107143e+00
     vertex -3.151555e+00  1.134460e-01 -3.107143e+00
   endloop
 endfacet
 facet normal -3.269660e-01 -9.424508e-01  6.985472e-02
   outer loop
     vertex -3.147102e+00  2.022791e-01 -1.864286e+00
     vertex -3.202268e+00  2.214178e-01 -1.864286e+00
     vertex -3.207238e+00  1.310213e-01 -3.107143e+00
   endloop
 endfacet
 facet normal -4.813052e-02 -9.963737e-01  7.016317e-02
   outer loop
     vertex -3.093140e+00  1.981444e-01 -1.864286e+00
     vertex -3.151555e+00  1.134460e-01 -3.107143e+00
     vertex -3.097498e+00  1.108347e-01 -3.107143e+00
   endloop
 endfacet
 facet normal -7.620402e-02 -9.945356e-01  7.135736e-02
   outer loop
     vertex -3.093140e+00  1.981444e-01 -1.864286e+00
     vertex -3.147102e+00  2.022791e-01 -1.864286e+00
     vertex -3.151555e+00  1.134460e-01 -3.107143e+00
   endloop
 endfacet
 facet normal  7.484749e-02 -9.949823e-01  6.639369e-02
   outer loop
     vertex -2.950168e+00  2.048516e-01 -1.864286e+00
     vertex -3.097498e+00  1.108347e-01 -3.107143e+00
     vertex -2.954772e+00  1.215713e-01 -3.107143e+00
   endloop
 endfacet
 facet normal  4.674682e-02 -9.964625e-01  6.983675e-02
   outer loop
     vertex -2.950168e+00  2.048516e-01 -1.864286e+00
     vertex -3.093140e+00  1.981444e-01 -1.864286e+00
     vertex -3.097498e+00  1.108347e-01 -3.107143e+00
   endloop
 endfacet
 facet normal -1.770504e-01 -9.822039e-01  6.267855e-02
   outer loop
     vertex -2.786284e+00  1.705118e-01 -1.864286e+00
     vertex -2.954772e+00  1.215713e-01 -3.107143e+00
     vertex -2.789984e+00  9.186688e-02 -3.107143e+00
   endloop
 endfacet
 facet normal -2.046329e-01 -9.765978e-01  6.619703e-02
   outer loop
     vertex -2.786284e+00  1.705118e-01 -1.864286e+00
     vertex -2.950168e+00  2.048516e-01 -1.864286e+00
     vertex -2.954772e+00  1.215713e-01 -3.107143e+00
   endloop
 endfacet
 facet normal -1.516676e-01 -9.868501e-01  5.589113e-02
   outer loop
     vertex -2.482082e+00  1.149362e-01 -1.864286e+00
     vertex -2.789984e+00  9.186688e-02 -3.107143e+00
     vertex -2.484336e+00  4.489234e-02 -3.107143e+00
   endloop
 endfacet
 facet normal -1.793656e-01 -9.817850e-01  6.265893e-02
   outer loop
     vertex -2.482082e+00  1.149362e-01 -1.864286e+00
     vertex -2.786284e+00  1.705118e-01 -1.864286e+00
     vertex -2.789984e+00  9.186688e-02 -3.107143e+00
   endloop
 endfacet
 facet normal -6.603009e-01 -7.473959e-01  7.349833e-02
   outer loop
     vertex -3.491995e+00  5.136029e-01 -6.214286e-01
     vertex -3.730356e+00  7.241870e-01 -6.214286e-01
     vertex -3.749295e+00  6.186978e-01 -1.864286e+00
   endloop
 endfacet
 facet normal -6.392297e-01 -7.660425e-01  6.755937e-02
   outer loop
     vertex -3.491995e+00  5.136029e-01 -6.214286e-01
     vertex -3.749295e+00  6.186978e-01 -1.864286e+00
     vertex -3.505091e+00  4.149195e-01 -1.864286e+00
   endloop
 endfacet
 facet normal -5.503400e-01 -8.322398e-01  6.710250e-02
   outer loop
     vertex -3.319369e+00  3.923164e-01 -6.214286e-01
     vertex -3.505091e+00  4.149195e-01 -1.864286e+00
     vertex -3.329113e+00  2.985496e-01 -1.864286e+00
   endloop
 endfacet
 facet normal -5.734426e-01 -8.161766e-01  7.084688e-02
   outer loop
     vertex -3.319369e+00  3.923164e-01 -6.214286e-01
     vertex -3.491995e+00  5.136029e-01 -6.214286e-01
     vertex -3.505091e+00  4.149195e-01 -1.864286e+00
   endloop
 endfacet
 facet normal -5.184627e-01 -8.526240e-01  6.502903e-02
   outer loop
     vertex -3.194750e+00  3.116381e-01 -6.214286e-01
     vertex -3.329113e+00  2.985496e-01 -1.864286e+00
     vertex -3.202268e+00  2.214178e-01 -1.864286e+00
   endloop
 endfacet
 facet normal -5.422148e-01 -8.375292e-01  6.743786e-02
   outer loop
     vertex -3.194750e+00  3.116381e-01 -6.214286e-01
     vertex -3.319369e+00  3.923164e-01 -6.214286e-01
     vertex -3.329113e+00  2.985496e-01 -1.864286e+00
   endloop
 endfacet
 facet normal -3.269838e-01 -9.425022e-01  6.907336e-02
   outer loop
     vertex -3.140146e+00  2.909512e-01 -6.214286e-01
     vertex -3.202268e+00  2.214178e-01 -1.864286e+00
     vertex -3.147102e+00  2.022791e-01 -1.864286e+00
   endloop
 endfacet
 facet normal -3.534144e-01 -9.328551e-01  6.985472e-02
   outer loop
     vertex -3.140146e+00  2.909512e-01 -6.214286e-01
     vertex -3.194750e+00  3.116381e-01 -6.214286e-01
     vertex -3.202268e+00  2.214178e-01 -1.864286e+00
   endloop
 endfacet
 facet normal -7.621050e-02 -9.946201e-01  7.016317e-02
   outer loop
     vertex -3.086322e+00  2.852964e-01 -6.214286e-01
     vertex -3.147102e+00  2.022791e-01 -1.864286e+00
     vertex -3.093140e+00  1.981444e-01 -1.864286e+00
   endloop
 endfacet
 facet normal -1.042210e-01 -9.919910e-01  7.135736e-02
   outer loop
     vertex -3.086322e+00  2.852964e-01 -6.214286e-01
     vertex -3.140146e+00  2.909512e-01 -6.214286e-01
     vertex -3.147102e+00  2.022791e-01 -1.864286e+00
   endloop
 endfacet
 facet normal  4.675784e-02 -9.966973e-01  6.639369e-02
   outer loop
     vertex -2.943218e+00  2.879690e-01 -6.214286e-01
     vertex -3.093140e+00  1.981444e-01 -1.864286e+00
     vertex -2.950168e+00  2.048516e-01 -1.864286e+00
   endloop
 endfacet
 facet normal  1.862660e-02 -9.973845e-01  6.983675e-02
   outer loop
     vertex -2.943218e+00  2.879690e-01 -6.214286e-01
     vertex -3.086322e+00  2.852964e-01 -6.214286e-01
     vertex -3.093140e+00  1.981444e-01 -1.864286e+00
   endloop
 endfacet
 facet normal -2.046795e-01 -9.768202e-01  6.267855e-02
   outer loop
     vertex -2.780367e+00  2.490210e-01 -6.214286e-01
     vertex -2.950168e+00  2.048516e-01 -1.864286e+00
     vertex -2.786284e+00  1.705118e-01 -1.864286e+00
   endloop
 endfacet
 facet normal -2.320929e-01 -9.704385e-01  6.619703e-02
   outer loop
     vertex -2.780367e+00  2.490210e-01 -6.214286e-01
     vertex -2.943218e+00  2.879690e-01 -6.214286e-01
     vertex -2.950168e+00  2.048516e-01 -1.864286e+00
   endloop
 endfacet
 facet normal -1.794378e-01 -9.821804e-01  5.589113e-02
   outer loop
     vertex -2.477854e+00  1.848887e-01 -6.214286e-01
     vertex -2.786284e+00  1.705118e-01 -1.864286e+00
     vertex -2.482082e+00  1.149362e-01 -1.864286e+00
   endloop
 endfacet
 facet normal -2.069820e-01 -9.763362e-01  6.265893e-02
   outer loop
     vertex -2.477854e+00  1.848887e-01 -6.214286e-01
     vertex -2.780367e+00  2.490210e-01 -6.214286e-01
     vertex -2.786284e+00  1.705118e-01 -1.864286e+00
   endloop
 endfacet
 facet normal -6.811159e-01 -7.284773e-01  7.349833e-02
   outer loop
     vertex -3.476122e+00  6.118778e-01  6.214286e-01
     vertex -3.708449e+00  8.291002e-01  6.214286e-01
     vertex -3.730356e+00  7.241870e-01 -6.214286e-01
   endloop
 endfacet
 facet normal -6.605790e-01 -7.477106e-01  6.755937e-02
   outer loop
     vertex -3.476122e+00  6.118778e-01  6.214286e-01
     vertex -3.730356e+00  7.241870e-01 -6.214286e-01
     vertex -3.491995e+00  5.136029e-01 -6.214286e-01
   endloop
 endfacet
 facet normal -5.735914e-01 -8.163885e-01  6.710250e-02
   outer loop
     vertex -3.306985e+00  4.857712e-01  6.214286e-01
     vertex -3.491995e+00  5.136029e-01 -6.214286e-01
     vertex -3.319369e+00  3.923164e-01 -6.214286e-01
   endloop
 endfacet
 facet normal -5.962319e-01 -7.996801e-01  7.084688e-02
   outer loop
     vertex -3.306985e+00  4.857712e-01  6.214286e-01
     vertex -3.476122e+00  6.118778e-01  6.214286e-01
     vertex -3.491995e+00  5.136029e-01 -6.214286e-01
   endloop
 endfacet
 facet normal -5.423017e-01 -8.376635e-01  6.502903e-02
   outer loop
     vertex -3.184690e+00  4.016105e-01  6.214286e-01
     vertex -3.319369e+00  3.923164e-01 -6.214286e-01
     vertex -3.194750e+00  3.116381e-01 -6.214286e-01
   endloop
 endfacet
 facet normal -5.656186e-01 -8.219049e-01  6.743786e-02
   outer loop
     vertex -3.184690e+00  4.016105e-01  6.214286e-01
     vertex -3.306985e+00  4.857712e-01  6.214286e-01
     vertex -3.319369e+00  3.923164e-01 -6.214286e-01
   endloop
 endfacet
 facet normal -3.534336e-01 -9.329060e-01  6.907336e-02
   outer loop
     vertex -3.130691e+00  3.793920e-01  6.214286e-01
     vertex -3.194750e+00  3.116381e-01 -6.214286e-01
     vertex -3.140146e+00  2.909512e-01 -6.214286e-01
   endloop
 endfacet
 facet normal -3.795816e-01 -9.225173e-01  6.985472e-02
   outer loop
     vertex -3.130691e+00  3.793920e-01  6.214286e-01
     vertex -3.184690e+00  4.016105e-01  6.214286e-01
     vertex -3.194750e+00  3.116381e-01 -6.214286e-01
   endloop
 endfacet
 facet normal -1.042299e-01 -9.920752e-01  7.016317e-02
   outer loop
     vertex -3.077049e+00  3.722215e-01  6.214286e-01
     vertex -3.140146e+00  2.909512e-01 -6.214286e-01
     vertex -3.086322e+00  2.852964e-01 -6.214286e-01
   endloop
 endfacet
 facet normal -1.321551e-01 -9.886573e-01  7.135736e-02
   outer loop
     vertex -3.077049e+00  3.722215e-01  6.214286e-01
     vertex -3.130691e+00  3.793920e-01  6.214286e-01
     vertex -3.140146e+00  2.909512e-01 -6.214286e-01
   endloop
 endfacet
 facet normal  1.863099e-02 -9.976195e-01  6.639369e-02
   outer loop
     vertex -2.933926e+00  3.708573e-01  6.214286e-01
     vertex -3.086322e+00  2.852964e-01 -6.214286e-01
     vertex -2.943218e+00  2.879690e-01 -6.214286e-01
   endloop
 endfacet
 facet normal -9.508433e-03 -9.975131e-01  6.983675e-02
   outer loop
     vertex -2.933926e+00  3.708573e-01  6.214286e-01
     vertex -3.077049e+00  3.722215e-01  6.214286e-01
     vertex -3.086322e+00  2.852964e-01 -6.214286e-01
   endloop
 endfacet
 facet normal -2.321458e-01 -9.706594e-01  6.267855e-02
   outer loop
     vertex -2.772238e+00  3.273322e-01  6.214286e-01
     vertex -2.943218e+00  2.879690e-01 -6.214286e-01
     vertex -2.780367e+00  2.490210e-01 -6.214286e-01
   endloop
 endfacet
 facet normal -2.593683e-01 -9.635071e-01  6.619703e-02
   outer loop
     vertex -2.772238e+00  3.273322e-01  6.214286e-01
     vertex -2.933926e+00  3.708573e-01  6.214286e-01
     vertex -2.943218e+00  2.879690e-01 -6.214286e-01
   endloop
 endfacet
 facet normal -2.070653e-01 -9.767293e-01  5.589113e-02
   outer loop
     vertex -2.471654e+00  2.546941e-01  6.214286e-01
     vertex -2.780367e+00  2.490210e-01 -6.214286e-01
     vertex -2.477854e+00  1.848887e-01 -6.214286e-01
   endloop
 endfacet
 facet normal -2.344337e-01 -9.701107e-01  6.265893e-02
   outer loop
     vertex -2.471654e+00  2.546941e-01  6.214286e-01
     vertex -2.772238e+00  3.273322e-01  6.214286e-01
     vertex -2.780367e+00  2.490210e-01 -6.214286e-01
   endloop
 endfacet
 facet normal -6.810538e-01 -7.284109e-01  7.472161e-02
   outer loop
     vertex -3.683592e+00  9.333538e-01  1.864286e+00
     vertex -3.708449e+00  8.291002e-01  6.214286e-01
     vertex -3.476122e+00  6.118778e-01  6.214286e-01
   endloop
 endfacet
 facet normal -5.961887e-01 -7.996223e-01  7.185503e-02
   outer loop
     vertex -3.457484e+00  7.096659e-01  1.864286e+00
     vertex -3.476122e+00  6.118778e-01  6.214286e-01
     vertex -3.306985e+00  4.857712e-01  6.214286e-01
   endloop
 endfacet
 facet normal -7.017422e-01 -7.093361e-01  6.633423e-02
   outer loop
     vertex -3.457484e+00  7.096659e-01  1.864286e+00
     vertex -3.683592e+00  9.333538e-01  1.864286e+00
     vertex -3.476122e+00  6.118778e-01  6.214286e-01
   endloop
 endfacet
 facet normal -5.655825e-01 -8.218524e-01  6.837513e-02
   outer loop
     vertex -3.291970e+00  5.788396e-01  1.864286e+00
     vertex -3.306985e+00  4.857712e-01  6.214286e-01
     vertex -3.184690e+00  4.016105e-01  6.214286e-01
   endloop
 endfacet
 facet normal -6.187491e-01 -7.828034e-01  6.609334e-02
   outer loop
     vertex -3.291970e+00  5.788396e-01  1.864286e+00
     vertex -3.457484e+00  7.096659e-01  1.864286e+00
     vertex -3.306985e+00  4.857712e-01  6.214286e-01
   endloop
 endfacet
 facet normal -3.795673e-01 -9.224826e-01  7.038865e-02
   outer loop
     vertex -3.172098e+00  4.912635e-01  1.864286e+00
     vertex -3.184690e+00  4.016105e-01  6.214286e-01
     vertex -3.130691e+00  3.793920e-01  6.214286e-01
   endloop
 endfacet
 facet normal -5.887026e-01 -8.058049e-01  6.409112e-02
   outer loop
     vertex -3.172098e+00  4.912635e-01  1.864286e+00
     vertex -3.291970e+00  5.788396e-01  1.864286e+00
     vertex -3.184690e+00  4.016105e-01  6.214286e-01
   endloop
 endfacet
 facet normal -1.321548e-01 -9.886555e-01  7.138197e-02
   outer loop
     vertex -3.118747e+00  4.675309e-01  1.864286e+00
     vertex -3.130691e+00  3.793920e-01  6.214286e-01
     vertex -3.077049e+00  3.722215e-01  6.214286e-01
   endloop
 endfacet
 facet normal -4.054840e-01 -9.115290e-01  6.853928e-02
   outer loop
     vertex -3.118747e+00  4.675309e-01  1.864286e+00
     vertex -3.172098e+00  4.912635e-01  1.864286e+00
     vertex -3.130691e+00  3.793920e-01  6.214286e-01
   endloop
 endfacet
 facet normal -9.508578e-03 -9.975283e-01  6.961889e-02
   outer loop
     vertex -3.065328e+00  4.588505e-01  1.864286e+00
     vertex -3.077049e+00  3.722215e-01  6.214286e-01
     vertex -2.933926e+00  3.708573e-01  6.214286e-01
   endloop
 endfacet
 facet normal -1.599979e-01 -9.846224e-01  7.013855e-02
   outer loop
     vertex -3.065328e+00  4.588505e-01  1.864286e+00
     vertex -3.118747e+00  4.675309e-01  1.864286e+00
     vertex -3.077049e+00  3.722215e-01  6.214286e-01
   endloop
 endfacet
 facet normal -2.593639e-01 -9.634906e-01  6.645424e-02
   outer loop
     vertex -2.922300e+00  4.534505e-01  1.864286e+00
     vertex -2.933926e+00  3.708573e-01  6.214286e-01
     vertex -2.772238e+00  3.273322e-01  6.214286e-01
   endloop
 endfacet
 facet normal -3.764423e-02 -9.970686e-01  6.661168e-02
   outer loop
     vertex -2.922300e+00  4.534505e-01  1.864286e+00
     vertex -3.065328e+00  4.588505e-01  1.864286e+00
     vertex -2.933926e+00  3.708573e-01  6.214286e-01
   endloop
 endfacet
 facet normal -2.344306e-01 -9.700977e-01  6.287082e-02
   outer loop
     vertex -2.761904e+00  4.053829e-01  1.864286e+00
     vertex -2.772238e+00  3.273322e-01  6.214286e-01
     vertex -2.471654e+00  2.546941e-01  6.214286e-01
   endloop
 endfacet
 facet normal -2.865073e-01 -9.560425e-01  6.242115e-02
   outer loop
     vertex -2.761904e+00  4.053829e-01  1.864286e+00
     vertex -2.922300e+00  4.534505e-01  1.864286e+00
     vertex -2.772238e+00  3.273322e-01  6.214286e-01
   endloop
 endfacet
 facet normal -2.618074e-01 -9.635127e-01  5.567899e-02
   outer loop
     vertex -2.463488e+00  3.242968e-01  1.864286e+00
     vertex -2.761904e+00  4.053829e-01  1.864286e+00
     vertex -2.471654e+00  2.546941e-01  6.214286e-01
   endloop
 endfacet
 facet normal -7.211043e-01 -6.889170e-01  7.349833e-02
   outer loop
     vertex -3.436095e+00  8.068894e-01  3.107143e+00
     vertex -3.655805e+00  1.036865e+00  3.107143e+00
     vertex -3.683592e+00  9.333538e-01  1.864286e+00
   endloop
 endfacet
 facet normal -7.016844e-01 -7.092776e-01  6.755937e-02
   outer loop
     vertex -3.436095e+00  8.068894e-01  3.107143e+00
     vertex -3.683592e+00  9.333538e-01  1.864286e+00
     vertex -3.457484e+00  7.096659e-01  1.864286e+00
   endloop
 endfacet
 facet normal -6.187073e-01 -7.827506e-01  6.710250e-02
   outer loop
     vertex -3.274337e+00  6.714475e-01  3.107143e+00
     vertex -3.457484e+00  7.096659e-01  1.864286e+00
     vertex -3.291970e+00  5.788396e-01  1.864286e+00
   endloop
 endfacet
 facet normal -6.403697e-01 -7.647924e-01  7.084688e-02
   outer loop
     vertex -3.274337e+00  6.714475e-01  3.107143e+00
     vertex -3.436095e+00  8.068894e-01  3.107143e+00
     vertex -3.457484e+00  7.096659e-01  1.864286e+00
   endloop
 endfacet
 facet normal -5.886669e-01 -8.057559e-01  6.502903e-02
   outer loop
     vertex -3.156982e+00  5.805256e-01  3.107143e+00
     vertex -3.291970e+00  5.788396e-01  1.864286e+00
     vertex -3.172098e+00  4.912635e-01  1.864286e+00
   endloop
 endfacet
 facet normal -6.110582e-01 -7.887078e-01  6.743786e-02
   outer loop
     vertex -3.156982e+00  5.805256e-01  3.107143e+00
     vertex -3.274337e+00  6.714475e-01  3.107143e+00
     vertex -3.291970e+00  5.788396e-01  1.864286e+00
   endloop
 endfacet
 facet normal -4.054690e-01 -9.114953e-01  6.907336e-02
   outer loop
     vertex -3.104321e+00  5.552980e-01  3.107143e+00
     vertex -3.172098e+00  4.912635e-01  1.864286e+00
     vertex -3.118747e+00  4.675309e-01  1.864286e+00
   endloop
 endfacet
 facet normal -4.309897e-01 -8.996489e-01  6.985472e-02
   outer loop
     vertex -3.104321e+00  5.552980e-01  3.107143e+00
     vertex -3.156982e+00  5.805256e-01  3.107143e+00
     vertex -3.172098e+00  4.912635e-01  1.864286e+00
   endloop
 endfacet
 facet normal -1.599976e-01 -9.846207e-01  7.016317e-02
   outer loop
     vertex -3.051168e+00  5.451145e-01  3.107143e+00
     vertex -3.118747e+00  4.675309e-01  1.864286e+00
     vertex -3.065328e+00  4.588505e-01  1.864286e+00
   endloop
 endfacet
 facet normal -1.876857e-01 -9.796337e-01  7.135736e-02
   outer loop
     vertex -3.051168e+00  5.451145e-01  3.107143e+00
     vertex -3.104321e+00  5.552980e-01  3.107143e+00
     vertex -3.118747e+00  4.675309e-01  1.864286e+00
   endloop
 endfacet
 facet normal -3.764478e-02 -9.970831e-01  6.639369e-02
   outer loop
     vertex -2.908350e+00  5.356831e-01  3.107143e+00
     vertex -3.065328e+00  4.588505e-01  1.864286e+00
     vertex -2.922300e+00  4.534505e-01  1.864286e+00
   endloop
 endfacet
 facet normal -6.573344e-02 -9.953903e-01  6.983675e-02
   outer loop
     vertex -2.908350e+00  5.356831e-01  3.107143e+00
     vertex -3.051168e+00  5.451145e-01  3.107143e+00
     vertex -3.065328e+00  4.588505e-01  1.864286e+00
   endloop
 endfacet
 facet normal -2.865026e-01 -9.560270e-01  6.267855e-02
   outer loop
     vertex -2.749373e+00  4.831112e-01  3.107143e+00
     vertex -2.922300e+00  4.534505e-01  1.864286e+00
     vertex -2.761904e+00  4.053829e-01  1.864286e+00
   endloop
 endfacet
 facet normal -3.132786e-01 -9.473513e-01  6.619703e-02
   outer loop
     vertex -2.749373e+00  4.831112e-01  3.107143e+00
     vertex -2.908350e+00  5.356831e-01  3.107143e+00
     vertex -2.922300e+00  4.534505e-01  1.864286e+00
   endloop
 endfacet
 facet normal -2.618043e-01 -9.635013e-01  5.589113e-02
   outer loop
     vertex -2.453363e+00  3.936416e-01  3.107143e+00
     vertex -2.761904e+00  4.053829e-01  1.864286e+00
     vertex -2.463488e+00  3.242968e-01  1.864286e+00
   endloop
 endfacet
 facet normal -2.887560e-01 -9.553501e-01  6.265893e-02
   outer loop
     vertex -2.453363e+00  3.936416e-01  3.107143e+00
     vertex -2.749373e+00  4.831112e-01  3.107143e+00
     vertex -2.761904e+00  4.053829e-01  1.864286e+00
   endloop
 endfacet
 facet normal -7.334153e-01 -6.757444e-01  7.396986e-02
   outer loop
     vertex -3.426000e+00  8.687642e-01  3.850000e+00
     vertex -3.637738e+00  1.098572e+00  3.850000e+00
     vertex -3.655805e+00  1.036865e+00  3.107143e+00
   endloop
 endfacet
 facet normal -7.214250e-01 -6.892233e-01  6.721048e-02
   outer loop
     vertex -3.426000e+00  8.687642e-01  3.850000e+00
     vertex -3.655805e+00  1.036865e+00  3.107143e+00
     vertex -3.436095e+00  8.068894e-01  3.107143e+00
   endloop
 endfacet
 facet normal -6.402983e-01 -7.647071e-01  7.239536e-02
   outer loop
     vertex -3.426000e+00  8.687642e-01  3.850000e+00
     vertex -3.436095e+00  8.068894e-01  3.107143e+00
     vertex -3.274337e+00  6.714475e-01  3.107143e+00
   endloop
 endfacet
 facet normal -6.112363e-01 -7.889377e-01  6.298835e-02
   outer loop
     vertex -3.188680e+00  6.643932e-01  3.850000e+00
     vertex -3.274337e+00  6.714475e-01  3.107143e+00
     vertex -3.156982e+00  5.805256e-01  3.107143e+00
   endloop
 endfacet
 facet normal -6.510383e-01 -7.560026e-01  6.789058e-02
   outer loop
     vertex -3.188680e+00  6.643932e-01  3.850000e+00
     vertex -3.426000e+00  8.687642e-01  3.850000e+00
     vertex -3.274337e+00  6.714475e-01  3.107143e+00
   endloop
 endfacet
 facet normal -4.310400e-01 -8.997539e-01  6.817163e-02
   outer loop
     vertex -3.131549e+00  6.246260e-01  3.850000e+00
     vertex -3.156982e+00  5.805256e-01  3.107143e+00
     vertex -3.104321e+00  5.552980e-01  3.107143e+00
   endloop
 endfacet
 facet normal -5.699743e-01 -8.188335e-01  6.812422e-02
   outer loop
     vertex -3.131549e+00  6.246260e-01  3.850000e+00
     vertex -3.188680e+00  6.643932e-01  3.850000e+00
     vertex -3.156982e+00  5.805256e-01  3.107143e+00
   endloop
 endfacet
 facet normal -4.307330e-01 -8.998991e-01  6.819642e-02
   outer loop
     vertex -3.100961e+00  6.099850e-01  3.850000e+00
     vertex -3.131549e+00  6.246260e-01  3.850000e+00
     vertex -3.104321e+00  5.552980e-01  3.107143e+00
   endloop
 endfacet
 facet normal -1.877173e-01 -9.797987e-01  6.896938e-02
   outer loop
     vertex -3.076764e+00  6.023091e-01  3.850000e+00
     vertex -3.104321e+00  5.552980e-01  3.107143e+00
     vertex -3.051168e+00  5.451145e-01  3.107143e+00
   endloop
 endfacet
 facet normal -3.016082e-01 -9.507580e-01  7.135643e-02
   outer loop
     vertex -3.076764e+00  6.023091e-01  3.850000e+00
     vertex -3.100961e+00  6.099850e-01  3.850000e+00
     vertex -3.104321e+00  5.552980e-01  3.107143e+00
   endloop
 endfacet
 facet normal -1.795503e-01 -9.813002e-01  6.936638e-02
   outer loop
     vertex -3.050179e+00  5.974448e-01  3.850000e+00
     vertex -3.076764e+00  6.023091e-01  3.850000e+00
     vertex -3.051168e+00  5.451145e-01  3.107143e+00
   endloop
 endfacet
 facet normal -6.575519e-02 -9.957196e-01  6.495148e-02
   outer loop
     vertex -2.892189e+00  5.830730e-01  3.850000e+00
     vertex -3.051168e+00  5.451145e-01  3.107143e+00
     vertex -2.908350e+00  5.356831e-01  3.107143e+00
   endloop
 endfacet
 facet normal -3.132566e-01 -9.472847e-01  6.724617e-02
   outer loop
     vertex -2.892189e+00  5.830730e-01  3.850000e+00
     vertex -2.908350e+00  5.356831e-01  3.107143e+00
     vertex -2.749373e+00  4.831112e-01  3.107143e+00
   endloop
 endfacet
 facet normal -9.036954e-02 -9.934380e-01  7.010264e-02
   outer loop
     vertex -2.892189e+00  5.830730e-01  3.850000e+00
     vertex -3.050179e+00  5.974448e-01  3.850000e+00
     vertex -3.051168e+00  5.451145e-01  3.107143e+00
   endloop
 endfacet
 facet normal -2.888722e-01 -9.557348e-01  5.589113e-02
   outer loop
     vertex -2.446144e+00  4.349019e-01  3.850000e+00
     vertex -2.749373e+00  4.831112e-01  3.107143e+00
     vertex -2.453363e+00  3.936416e-01  3.107143e+00
   endloop
 endfacet
 facet normal -3.145429e-01 -9.468797e-01  6.694438e-02
   outer loop
     vertex -2.446144e+00  4.349019e-01  3.850000e+00
     vertex -2.892189e+00  5.830730e-01  3.850000e+00
     vertex -2.749373e+00  4.831112e-01  3.107143e+00
   endloop
 endfacet
 facet normal -9.634411e-01 -2.575069e-01  7.396986e-02
   outer loop
     vertex -2.629838e+00  2.361394e+00  3.850000e+00
     vertex -2.710525e+00  2.663279e+00  3.850000e+00
     vertex -2.755199e+00  2.617036e+00  3.107143e+00
   endloop
 endfacet
 facet normal -9.590881e-01 -2.750140e-01  6.721048e-02
   outer loop
     vertex -2.629838e+00  2.361394e+00  3.850000e+00
     vertex -2.755199e+00  2.617036e+00  3.107143e+00
     vertex -2.667531e+00  2.311298e+00  3.107143e+00
   endloop
 endfacet
 facet normal -9.223331e-01 -3.795531e-01  7.239536e-02
   outer loop
     vertex -2.629838e+00  2.361394e+00  3.850000e+00
     vertex -2.667531e+00  2.311298e+00  3.107143e+00
     vertex -2.587244e+00  2.116197e+00  3.107143e+00
   endloop
 endfacet
 facet normal -9.078605e-01 -4.145139e-01  6.298835e-02
   outer loop
     vertex -2.514677e+00  2.070144e+00  3.850000e+00
     vertex -2.587244e+00  2.116197e+00  3.107143e+00
     vertex -2.525585e+00  1.981152e+00  3.107143e+00
   endloop
 endfacet
 facet normal -9.277977e-01 -3.668545e-01  6.789058e-02
   outer loop
     vertex -2.514677e+00  2.070144e+00  3.850000e+00
     vertex -2.629838e+00  2.361394e+00  3.850000e+00
     vertex -2.587244e+00  2.116197e+00  3.107143e+00
   endloop
 endfacet
 facet normal -7.998035e-01 -5.963783e-01  6.817163e-02
   outer loop
     vertex -2.482571e+00  2.008382e+00  3.850000e+00
     vertex -2.525585e+00  1.981152e+00  3.107143e+00
     vertex -2.490680e+00  1.934342e+00  3.107143e+00
   endloop
 endfacet
 facet normal -8.852181e-01 -4.601608e-01  6.812422e-02
   outer loop
     vertex -2.482571e+00  2.008382e+00  3.850000e+00
     vertex -2.514677e+00  2.070144e+00  3.850000e+00
     vertex -2.525585e+00  1.981152e+00  3.107143e+00
   endloop
 endfacet
 facet normal -7.995991e-01 -5.966494e-01  6.819642e-02
   outer loop
     vertex -2.462290e+00  1.981203e+00  3.850000e+00
     vertex -2.482571e+00  2.008382e+00  3.850000e+00
     vertex -2.490680e+00  1.934342e+00  3.107143e+00
   endloop
 endfacet
 facet normal -6.215506e-01 -7.803321e-01  6.896938e-02
   outer loop
     vertex -2.444433e+00  1.963162e+00  3.850000e+00
     vertex -2.490680e+00  1.934342e+00  3.107143e+00
     vertex -2.448348e+00  1.900624e+00  3.107143e+00
   endloop
 endfacet
 facet normal -7.089000e-01 -7.016901e-01  7.135643e-02
   outer loop
     vertex -2.444433e+00  1.963162e+00  3.850000e+00
     vertex -2.462290e+00  1.981203e+00  3.850000e+00
     vertex -2.490680e+00  1.934342e+00  3.107143e+00
   endloop
 endfacet
 facet normal -6.150168e-01 -7.854569e-01  6.936638e-02
   outer loop
     vertex -2.423153e+00  1.946500e+00  3.850000e+00
     vertex -2.444433e+00  1.963162e+00  3.850000e+00
     vertex -2.448348e+00  1.900624e+00  3.107143e+00
   endloop
 endfacet
 facet normal -5.209573e-01 -8.511080e-01  6.495148e-02
   outer loop
     vertex -2.289939e+00  1.860353e+00  3.850000e+00
     vertex -2.448348e+00  1.900624e+00  3.107143e+00
     vertex -2.326272e+00  1.825902e+00  3.107143e+00
   endloop
 endfacet
 facet normal -7.176001e-01 -6.932013e-01  6.724617e-02
   outer loop
     vertex -2.289939e+00  1.860353e+00  3.850000e+00
     vertex -2.326272e+00  1.825902e+00  3.107143e+00
     vertex -2.209936e+00  1.705471e+00  3.107143e+00
   endloop
 endfacet
 facet normal -5.416919e-01 -8.376488e-01  7.010264e-02
   outer loop
     vertex -2.289939e+00  1.860353e+00  3.850000e+00
     vertex -2.423153e+00  1.946500e+00  3.850000e+00
     vertex -2.448348e+00  1.900624e+00  3.107143e+00
   endloop
 endfacet
 facet normal -6.999358e-01 -7.120155e-01  5.589113e-02
   outer loop
     vertex -1.963844e+00  1.521867e+00  3.850000e+00
     vertex -2.209936e+00  1.705471e+00  3.107143e+00
     vertex -1.989411e+00  1.488687e+00  3.107143e+00
   endloop
 endfacet
 facet normal -7.185509e-01 -6.922450e-01  6.694438e-02
   outer loop
     vertex -1.963844e+00  1.521867e+00  3.850000e+00
     vertex -2.289939e+00  1.860353e+00  3.850000e+00
     vertex -2.209936e+00  1.705471e+00  3.107143e+00
   endloop
 endfacet
 facet normal -8.174768e-01  5.759615e-01 -3.022446e-04
   outer loop
     vertex -3.095694e+00  2.203788e+00 -3.107143e+00
     vertex -3.080112e+00  2.225513e+00 -3.850000e+00
     vertex -3.132271e+00  2.151484e+00 -3.850000e+00
   endloop
 endfacet
 facet normal -8.035196e-01  5.952780e-01  5.554424e-04
   outer loop
     vertex -3.026204e+00  2.298279e+00 -3.850000e+00
     vertex -3.080112e+00  2.225513e+00 -3.850000e+00
     vertex -3.095694e+00  2.203788e+00 -3.107143e+00
   endloop
 endfacet
 facet normal -7.891064e-01  6.142566e-01  6.749115e-05
   outer loop
     vertex -3.032313e+00  2.290214e+00 -1.864286e+00
     vertex -2.970578e+00  2.369740e+00 -3.850000e+00
     vertex -3.026204e+00  2.298279e+00 -3.850000e+00
   endloop
 endfacet
 facet normal -8.058874e-01  5.920689e-01 -7.424475e-05
   outer loop
     vertex -3.032313e+00  2.290214e+00 -1.864286e+00
     vertex -3.026204e+00  2.298279e+00 -3.850000e+00
     vertex -3.095694e+00  2.203788e+00 -3.107143e+00
   endloop
 endfacet
 facet normal -7.814552e-01  6.239610e-01  6.940145e-04
   outer loop
     vertex -2.930057e+00  2.419662e+00 -3.107143e+00
     vertex -2.970578e+00  2.369740e+00 -3.850000e+00
     vertex -3.032313e+00  2.290214e+00 -1.864286e+00
   endloop
 endfacet
 facet normal -7.865601e-01  6.175135e-01 -3.975251e-04
   outer loop
     vertex -2.966519e+00  2.374818e+00 -6.214286e-01
     vertex -2.930057e+00  2.419662e+00 -3.107143e+00
     vertex -3.032313e+00  2.290214e+00 -1.864286e+00
   endloop
 endfacet
 facet normal -7.649885e-01  6.440438e-01  3.975251e-04
   outer loop
     vertex -2.860654e+00  2.501331e+00 -1.864286e+00
     vertex -2.930057e+00  2.419662e+00 -3.107143e+00
     vertex -2.966519e+00  2.374818e+00 -6.214286e-01
   endloop
 endfacet
 facet normal -7.688326e-01  6.394500e-01 -3.975251e-04
   outer loop
     vertex -2.898366e+00  2.457534e+00  6.214286e-01
     vertex -2.860654e+00  2.501331e+00 -1.864286e+00
     vertex -2.966519e+00  2.374818e+00 -6.214286e-01
   endloop
 endfacet
 facet normal -7.465213e-01  6.653614e-01  3.975251e-04
   outer loop
     vertex -2.788975e+00  2.581011e+00 -6.214286e-01
     vertex -2.860654e+00  2.501331e+00 -1.864286e+00
     vertex -2.898366e+00  2.457534e+00  6.214286e-01
   endloop
 endfacet
 facet normal -7.504934e-01  6.608778e-01 -3.975251e-04
   outer loop
     vertex -2.827908e+00  2.538294e+00  1.864286e+00
     vertex -2.788975e+00  2.581011e+00 -6.214286e-01
     vertex -2.898366e+00  2.457534e+00  6.214286e-01
   endloop
 endfacet
 facet normal -7.274602e-01  6.861497e-01  3.975251e-04
   outer loop
     vertex -2.715078e+00  2.658637e+00  6.214286e-01
     vertex -2.788975e+00  2.581011e+00 -6.214286e-01
     vertex -2.827908e+00  2.538294e+00  1.864286e+00
   endloop
 endfacet
 facet normal -7.315572e-01  6.817799e-01 -3.975251e-04
   outer loop
     vertex -2.755199e+00  2.617036e+00  3.107143e+00
     vertex -2.715078e+00  2.658637e+00  6.214286e-01
     vertex -2.827908e+00  2.538294e+00  1.864286e+00
   endloop
 endfacet
 facet normal -7.078205e-01  7.063922e-01  3.975251e-04
   outer loop
     vertex -2.639021e+00  2.734149e+00  1.864286e+00
     vertex -2.715078e+00  2.658637e+00  6.214286e-01
     vertex -2.755199e+00  2.617036e+00  3.107143e+00
   endloop
 endfacet
 facet normal -7.136057e-01  7.005473e-01 -6.940145e-04
   outer loop
     vertex -2.710525e+00  2.663279e+00  3.850000e+00
     vertex -2.639021e+00  2.734149e+00  1.864286e+00
     vertex -2.755199e+00  2.617036e+00  3.107143e+00
   endloop
 endfacet
 facet normal -7.048942e-01  7.093124e-01 -6.749115e-05
   outer loop
     vertex -2.646291e+00  2.727113e+00  3.850000e+00
     vertex -2.639021e+00  2.734149e+00  1.864286e+00
     vertex -2.710525e+00  2.663279e+00  3.850000e+00
   endloop
 endfacet
 facet normal -6.848910e-01  7.286455e-01  7.424475e-05
   outer loop
     vertex -2.560864e+00  2.807485e+00  3.107143e+00
     vertex -2.639021e+00  2.734149e+00  1.864286e+00
     vertex -2.646291e+00  2.727113e+00  3.850000e+00
   endloop
 endfacet
 facet normal -6.877913e-01  7.259082e-01 -5.554424e-04
   outer loop
     vertex -2.580553e+00  2.789399e+00  3.850000e+00
     vertex -2.560864e+00  2.807485e+00  3.107143e+00
     vertex -2.646291e+00  2.727113e+00  3.850000e+00
   endloop
 endfacet
 facet normal -6.702980e-01  7.420920e-01  3.022446e-04
   outer loop
     vertex -2.513350e+00  2.850100e+00  3.850000e+00
     vertex -2.560864e+00  2.807485e+00  3.107143e+00
     vertex -2.580553e+00  2.789399e+00  3.850000e+00
   endloop
 endfacet
 facet normal  7.368116e-01  6.737912e-01 -5.580399e-02
   outer loop
     vertex -1.629252e+00  2.278567e+00  3.850000e+00
     vertex -1.413832e+00  2.042998e+00  3.850000e+00
     vertex -1.448210e+00  2.019067e+00  3.107143e+00
   endloop
 endfacet
 facet normal  7.183517e-01  6.924631e-01 -6.682547e-02
   outer loop
     vertex -1.629252e+00  2.278567e+00  3.850000e+00
     vertex -1.448210e+00  2.019067e+00  3.107143e+00
     vertex -1.774189e+00  2.357234e+00  3.107143e+00
   endloop
 endfacet
 facet normal  8.225884e-01  5.647950e-01 -6.599175e-02
   outer loop
     vertex -1.740898e+00  2.395544e+00  3.850000e+00
     vertex -1.774189e+00  2.357234e+00  3.107143e+00
     vertex -1.805695e+00  2.403120e+00  3.107143e+00
   endloop
 endfacet
 facet normal  7.217316e-01  6.888377e-01 -6.786884e-02
   outer loop
     vertex -1.740898e+00  2.395544e+00  3.850000e+00
     vertex -1.629252e+00  2.278567e+00  3.850000e+00
     vertex -1.774189e+00  2.357234e+00  3.107143e+00
   endloop
 endfacet
 facet normal  8.682186e-01  4.911072e-01 -7.078251e-02
   outer loop
     vertex -1.818574e+00  2.532955e+00  3.850000e+00
     vertex -1.805695e+00  2.403120e+00  3.107143e+00
     vertex -1.863759e+00  2.505770e+00  3.107143e+00
   endloop
 endfacet
 facet normal  8.683581e-01  4.908668e-01 -7.073808e-02
   outer loop
     vertex -1.818574e+00  2.532955e+00  3.850000e+00
     vertex -1.740898e+00  2.395544e+00  3.850000e+00
     vertex -1.805695e+00  2.403120e+00  3.107143e+00
   endloop
 endfacet
 facet normal  7.339359e-01  6.753298e-01 -7.257874e-02
   outer loop
     vertex -1.840052e+00  2.559842e+00  3.850000e+00
     vertex -1.863759e+00  2.505770e+00  3.107143e+00
     vertex -1.895395e+00  2.540152e+00  3.107143e+00
   endloop
 endfacet
 facet normal  7.793863e-01  6.225996e-01 -7.019104e-02
   outer loop
     vertex -1.840052e+00  2.559842e+00  3.850000e+00
     vertex -1.818574e+00  2.532955e+00  3.850000e+00
     vertex -1.863759e+00  2.505770e+00  3.107143e+00
   endloop
 endfacet
 facet normal  5.615330e-01  8.244766e-01 -7.013600e-02
   outer loop
     vertex -1.886411e+00  2.597226e+00  3.850000e+00
     vertex -1.895395e+00  2.540152e+00  3.107143e+00
     vertex -1.945866e+00  2.574527e+00  3.107143e+00
   endloop
 endfacet
 facet normal  6.263056e-01  7.766719e-01 -6.724646e-02
   outer loop
     vertex -1.886411e+00  2.597226e+00  3.850000e+00
     vertex -1.840052e+00  2.559842e+00  3.850000e+00
     vertex -1.895395e+00  2.540152e+00  3.107143e+00
   endloop
 endfacet
 facet normal  4.197828e-01  9.051199e-01 -6.738281e-02
   outer loop
     vertex -2.019074e+00  2.663783e+00  3.850000e+00
     vertex -1.945866e+00  2.574527e+00  3.107143e+00
     vertex -2.128695e+00  2.659320e+00  3.107143e+00
   endloop
 endfacet
 facet normal  4.475331e-01  8.920401e-01 -6.307647e-02
   outer loop
     vertex -2.019074e+00  2.663783e+00  3.850000e+00
     vertex -1.886411e+00  2.597226e+00  3.850000e+00
     vertex -1.945866e+00  2.574527e+00  3.107143e+00
   endloop
 endfacet
 facet normal  3.667794e-01  9.273566e-01 -7.404477e-02
   outer loop
     vertex -2.211375e+00  2.751334e+00  3.850000e+00
     vertex -2.128695e+00  2.659320e+00  3.107143e+00
     vertex -2.340647e+00  2.743149e+00  3.107143e+00
   endloop
 endfacet
 facet normal  4.134456e-01  9.080997e-01 -6.646556e-02
   outer loop
     vertex -2.211375e+00  2.751334e+00  3.850000e+00
     vertex -2.019074e+00  2.663783e+00  3.850000e+00
     vertex -2.128695e+00  2.659320e+00  3.107143e+00
   endloop
 endfacet
 facet normal  2.796817e-01  9.573282e-01 -7.280658e-02
   outer loop
     vertex -2.513350e+00  2.850100e+00  3.850000e+00
     vertex -2.340647e+00  2.743149e+00  3.107143e+00
     vertex -2.560864e+00  2.807485e+00  3.107143e+00
   endloop
 endfacet
 facet normal  3.102150e-01  9.484803e-01 -6.443417e-02
   outer loop
     vertex -2.513350e+00  2.850100e+00  3.850000e+00
     vertex -2.211375e+00  2.751334e+00  3.850000e+00
     vertex -2.340647e+00  2.743149e+00  3.107143e+00
   endloop
 endfacet
 facet normal -4.940785e-01  8.694039e-01  4.833370e-03
   outer loop
     vertex -1.413832e+00  2.042998e+00  3.850000e+00
     vertex -1.031651e+00  2.260190e+00  3.850000e+00
     vertex -1.069708e+00  2.242692e+00  3.107143e+00
   endloop
 endfacet
 facet normal -5.086658e-01  8.609538e-01 -4.195647e-03
   outer loop
     vertex -1.413832e+00  2.042998e+00  3.850000e+00
     vertex -1.069708e+00  2.242692e+00  3.107143e+00
     vertex -1.448210e+00  2.019067e+00  3.107143e+00
   endloop
 endfacet
 facet normal -9.727541e-01  2.197224e-01  7.396986e-02
   outer loop
     vertex -1.231211e+00  3.313057e+00  3.850000e+00
     vertex -1.162363e+00  3.617860e+00  3.850000e+00
     vertex -1.223411e+00  3.597675e+00  3.107143e+00
   endloop
 endfacet
 facet normal -9.770358e-01  2.021976e-01  6.721048e-02
   outer loop
     vertex -1.231211e+00  3.313057e+00  3.850000e+00
     vertex -1.223411e+00  3.597675e+00  3.107143e+00
     vertex -1.287867e+00  3.286216e+00  3.107143e+00
   endloop
 endfacet
 facet normal -9.930725e-01  9.255203e-02  7.239536e-02
   outer loop
     vertex -1.231211e+00  3.313057e+00  3.850000e+00
     vertex -1.287867e+00  3.286216e+00  3.107143e+00
     vertex -1.307445e+00  3.076152e+00  3.107143e+00
   endloop
 endfacet
 facet normal -9.965048e-01  5.486995e-02  6.298835e-02
   outer loop
     vertex -1.264592e+00  3.001650e+00  3.850000e+00
     vertex -1.307445e+00  3.076152e+00  3.107143e+00
     vertex -1.315607e+00  2.927921e+00  3.107143e+00
   endloop
 endfacet
 facet normal -9.920099e-01  1.063356e-01  6.789058e-02
   outer loop
     vertex -1.264592e+00  3.001650e+00  3.850000e+00
     vertex -1.231211e+00  3.313057e+00  3.850000e+00
     vertex -1.307445e+00  3.076152e+00  3.107143e+00
   endloop
 endfacet
 facet normal -9.853416e-01 -1.563795e-01  6.817163e-02
   outer loop
     vertex -1.264866e+00  2.932043e+00  3.850000e+00
     vertex -1.315607e+00  2.927921e+00  3.107143e+00
     vertex -1.306454e+00  2.870252e+00  3.107143e+00
   endloop
 endfacet
 facet normal -9.976691e-01  3.929214e-03  6.812422e-02
   outer loop
     vertex -1.264866e+00  2.932043e+00  3.850000e+00
     vertex -1.264592e+00  3.001650e+00  3.850000e+00
     vertex -1.315607e+00  2.927921e+00  3.107143e+00
   endloop
 endfacet
 facet normal -9.852866e-01 -1.567146e-01  6.819642e-02
   outer loop
     vertex -1.259539e+00  2.898552e+00  3.850000e+00
     vertex -1.264866e+00  2.932043e+00  3.850000e+00
     vertex -1.306454e+00  2.870252e+00  3.107143e+00
   endloop
 endfacet
 facet normal -9.129941e-01 -4.021008e-01  6.896938e-02
   outer loop
     vertex -1.252111e+00  2.874278e+00  3.850000e+00
     vertex -1.306454e+00  2.870252e+00  3.107143e+00
     vertex -1.284641e+00  2.820723e+00  3.107143e+00
   endloop
 endfacet
 facet normal -9.537915e-01 -2.918734e-01  7.135643e-02
   outer loop
     vertex -1.252111e+00  2.874278e+00  3.850000e+00
     vertex -1.259539e+00  2.898552e+00  3.850000e+00
     vertex -1.306454e+00  2.870252e+00  3.107143e+00
   endloop
 endfacet
 facet normal -9.095904e-01 -4.096750e-01  6.936638e-02
   outer loop
     vertex -1.241012e+00  2.849635e+00  3.850000e+00
     vertex -1.252111e+00  2.874278e+00  3.850000e+00
     vertex -1.284641e+00  2.820723e+00  3.107143e+00
   endloop
 endfacet
 facet normal -8.568144e-01 -5.115178e-01  6.495148e-02
   outer loop
     vertex -1.163091e+00  2.711448e+00  3.850000e+00
     vertex -1.284641e+00  2.820723e+00  3.107143e+00
     vertex -1.211273e+00  2.697828e+00  3.107143e+00
   endloop
 endfacet
 facet normal -9.575500e-01 -2.803139e-01  6.724617e-02
   outer loop
     vertex -1.163091e+00  2.711448e+00  3.850000e+00
     vertex -1.211273e+00  2.697828e+00  3.107143e+00
     vertex -1.164229e+00  2.537128e+00  3.107143e+00
   endloop
 endfacet
 facet normal -8.689192e-01 -4.899644e-01  7.010264e-02
   outer loop
     vertex -1.163091e+00  2.711448e+00  3.850000e+00
     vertex -1.241012e+00  2.849635e+00  3.850000e+00
     vertex -1.284641e+00  2.820723e+00  3.107143e+00
   endloop
 endfacet
 facet normal -9.506525e-01 -3.051821e-01  5.589113e-02
   outer loop
     vertex -1.031651e+00  2.260190e+00  3.850000e+00
     vertex -1.164229e+00  2.537128e+00  3.107143e+00
     vertex -1.069708e+00  2.242692e+00  3.107143e+00
   endloop
 endfacet
 facet normal -9.579475e-01 -2.790253e-01  6.694438e-02
   outer loop
     vertex -1.031651e+00  2.260190e+00  3.850000e+00
     vertex -1.163091e+00  2.711448e+00  3.850000e+00
     vertex -1.164229e+00  2.537128e+00  3.107143e+00
   endloop
 endfacet
 facet normal -4.561771e-01  8.898890e-01 -3.022446e-04
   outer loop
     vertex -1.716950e+00  3.389998e+00 -3.107143e+00
     vertex -1.693056e+00  3.401994e+00 -3.850000e+00
     vertex -1.773644e+00  3.360683e+00 -3.850000e+00
   endloop
 endfacet
 facet normal -4.348418e-01  9.005067e-01  5.554424e-04
   outer loop
     vertex -1.611507e+00  3.441372e+00 -3.850000e+00
     vertex -1.693056e+00  3.401994e+00 -3.850000e+00
     vertex -1.716950e+00  3.389998e+00 -3.107143e+00
   endloop
 endfacet
 facet normal -4.132597e-01  9.106132e-01  6.749115e-05
   outer loop
     vertex -1.620664e+00  3.437070e+00 -1.864286e+00
     vertex -1.529043e+00  3.478797e+00 -3.850000e+00
     vertex -1.611507e+00  3.441372e+00 -3.850000e+00
   endloop
 endfacet
 facet normal -4.384297e-01  8.987655e-01 -7.424475e-05
   outer loop
     vertex -1.620664e+00  3.437070e+00 -1.864286e+00
     vertex -1.611507e+00  3.441372e+00 -3.850000e+00
     vertex -1.716950e+00  3.389998e+00 -3.107143e+00
   endloop
 endfacet
 facet normal -4.019750e-01  9.156504e-01  6.940145e-04
   outer loop
     vertex -1.469964e+00  3.504170e+00 -3.107143e+00
     vertex -1.529043e+00  3.478797e+00 -3.850000e+00
     vertex -1.620664e+00  3.437070e+00 -1.864286e+00
   endloop
 endfacet
 facet normal -4.094916e-01  9.123138e-01 -3.975251e-04
   outer loop
     vertex -1.523089e+00  3.481408e+00 -6.214286e-01
     vertex -1.469964e+00  3.504170e+00 -3.107143e+00
     vertex -1.620664e+00  3.437070e+00 -1.864286e+00
   endloop
 endfacet
 facet normal -3.780616e-01  9.257804e-01  3.975251e-04
   outer loop
     vertex -1.370557e+00  3.544231e+00 -1.864286e+00
     vertex -1.469964e+00  3.504170e+00 -3.107143e+00
     vertex -1.523089e+00  3.481408e+00 -6.214286e-01
   endloop
 endfacet
 facet normal -3.836002e-01  9.234992e-01 -3.975251e-04
   outer loop
     vertex -1.424303e+00  3.522976e+00  6.214286e-01
     vertex -1.370557e+00  3.544231e+00 -1.864286e+00
     vertex -1.523089e+00  3.481408e+00 -6.214286e-01
   endloop
 endfacet
 facet normal -3.518029e-01  9.360740e-01  3.975251e-04
   outer loop
     vertex -1.270059e+00  3.581473e+00 -6.214286e-01
     vertex -1.370557e+00  3.544231e+00 -1.864286e+00
     vertex -1.424303e+00  3.522976e+00  6.214286e-01
   endloop
 endfacet
 facet normal -3.574036e-01  9.339499e-01 -3.975251e-04
   outer loop
     vertex -1.324384e+00  3.561742e+00  1.864286e+00
     vertex -1.270059e+00  3.581473e+00 -6.214286e-01
     vertex -1.424303e+00  3.522976e+00  6.214286e-01
   endloop
 endfacet
 facet normal -3.252644e-01  9.456230e-01  3.975251e-04
   outer loop
     vertex -1.168552e+00  3.615866e+00  6.214286e-01
     vertex -1.270059e+00  3.581473e+00 -6.214286e-01
     vertex -1.324384e+00  3.561742e+00  1.864286e+00
   endloop
 endfacet
 facet normal -3.309228e-01  9.436577e-01 -3.975251e-04
   outer loop
     vertex -1.223411e+00  3.597675e+00  3.107143e+00
     vertex -1.168552e+00  3.615866e+00  6.214286e-01
     vertex -1.324384e+00  3.561742e+00  1.864286e+00
   endloop
 endfacet
 facet normal -2.984671e-01  9.544198e-01  3.975251e-04
   outer loop
     vertex -1.066114e+00  3.647383e+00  1.864286e+00
     vertex -1.168552e+00  3.615866e+00  6.214286e-01
     vertex -1.223411e+00  3.597675e+00  3.107143e+00
   endloop
 endfacet
 facet normal -3.063059e-01  9.519329e-01 -6.940145e-04
   outer loop
     vertex -1.162363e+00  3.617860e+00  3.850000e+00
     vertex -1.066114e+00  3.647383e+00  1.864286e+00
     vertex -1.223411e+00  3.597675e+00  3.107143e+00
   endloop
 endfacet
 facet normal -2.945189e-01  9.556457e-01 -6.749115e-05
   outer loop
     vertex -1.075821e+00  3.644531e+00  3.850000e+00
     vertex -1.066114e+00  3.647383e+00  1.864286e+00
     vertex -1.162363e+00  3.617860e+00  3.850000e+00
   endloop
 endfacet
 facet normal -2.678224e-01  9.634683e-01  7.424475e-05
   outer loop
     vertex -9.628290e-01  3.675998e+00  3.107143e+00
     vertex -1.066114e+00  3.647383e+00  1.864286e+00
     vertex -1.075821e+00  3.644531e+00  3.850000e+00
   endloop
 endfacet
 facet normal -2.716626e-01  9.623924e-01 -5.554424e-04
   outer loop
     vertex -9.886682e-01  3.669133e+00  3.850000e+00
     vertex -9.628290e-01  3.675998e+00  3.107143e+00
     vertex -1.075821e+00  3.644531e+00  3.850000e+00
   endloop
 endfacet
 facet normal -2.486521e-01  9.685928e-01  3.022446e-04
   outer loop
     vertex -9.009536e-01  3.691650e+00  3.850000e+00
     vertex -9.628290e-01  3.675998e+00  3.107143e+00
     vertex -9.886682e-01  3.669133e+00  3.850000e+00
   endloop
 endfacet
 facet normal  9.655406e-01  2.541991e-01 -5.580399e-02
   outer loop
     vertex -3.837284e-01  2.774722e+00  3.850000e+00
     vertex -3.024575e-01  2.466025e+00  3.850000e+00
     vertex -3.440187e-01  2.460812e+00  3.107143e+00
   endloop
 endfacet
 facet normal  9.578725e-01  2.793110e-01 -6.682547e-02
   outer loop
     vertex -3.837284e-01  2.774722e+00  3.850000e+00
     vertex -3.440187e-01  2.460812e+00  3.107143e+00
     vertex -4.755053e-01  2.911733e+00  3.107143e+00
   endloop
 endfacet
 facet normal  9.908392e-01  1.178253e-01 -6.599175e-02
   outer loop
     vertex -4.282236e-01  2.930184e+00  3.850000e+00
     vertex -4.755053e-01  2.911733e+00  3.107143e+00
     vertex -4.820779e-01  2.967005e+00  3.107143e+00
   endloop
 endfacet
 facet normal  9.591804e-01  2.745301e-01 -6.786884e-02
   outer loop
     vertex -4.282236e-01  2.930184e+00  3.850000e+00
     vertex -3.837284e-01  2.774722e+00  3.850000e+00
     vertex -4.755053e-01  2.911733e+00  3.107143e+00
   endloop
 endfacet
 facet normal  9.969983e-01  3.137252e-02 -7.078251e-02
   outer loop
     vertex -4.331442e-01  3.087953e+00  3.850000e+00
     vertex -4.820779e-01  2.967005e+00  3.107143e+00
     vertex -4.857871e-01  3.084881e+00  3.107143e+00
   endloop
 endfacet
 facet normal  9.970101e-01  3.109486e-02 -7.073808e-02
   outer loop
     vertex -4.331442e-01  3.087953e+00  3.850000e+00
     vertex -4.282236e-01  2.930184e+00  3.850000e+00
     vertex -4.820779e-01  2.967005e+00  3.107143e+00
   endloop
 endfacet
 facet normal  9.637094e-01  2.568978e-01 -7.257874e-02
   outer loop
     vertex -4.396672e-01  3.121742e+00  3.850000e+00
     vertex -4.857871e-01  3.084881e+00  3.107143e+00
     vertex -4.978215e-01  3.130027e+00  3.107143e+00
   endloop
 endfacet
 facet normal  9.794487e-01  1.890857e-01 -7.019104e-02
   outer loop
     vertex -4.396672e-01  3.121742e+00  3.850000e+00
     vertex -4.331442e-01  3.087953e+00  3.850000e+00
     vertex -4.857871e-01  3.084881e+00  3.107143e+00
   endloop
 endfacet
 facet normal  8.803662e-01  4.690803e-01 -7.013600e-02
   outer loop
     vertex -4.633431e-01  3.176388e+00  3.850000e+00
     vertex -4.978215e-01  3.130027e+00  3.107143e+00
     vertex -5.265368e-01  3.183919e+00  3.107143e+00
   endloop
 endfacet
 facet normal  9.155035e-01  3.966501e-01 -6.724646e-02
   outer loop
     vertex -4.633431e-01  3.176388e+00  3.850000e+00
     vertex -4.396672e-01  3.121742e+00  3.850000e+00
     vertex -4.978215e-01  3.130027e+00  3.107143e+00
   endloop
 endfacet
 facet normal  7.923294e-01  6.063610e-01 -6.738281e-02
   outer loop
     vertex -5.498801e-01  3.296973e+00  3.850000e+00
     vertex -5.265368e-01  3.183919e+00  3.107143e+00
     vertex -6.490180e-01  3.343965e+00  3.107143e+00
   endloop
 endfacet
 facet normal  8.108225e-01  5.818833e-01 -6.307647e-02
   outer loop
     vertex -5.498801e-01  3.296973e+00  3.850000e+00
     vertex -4.633431e-01  3.176388e+00  3.850000e+00
     vertex -5.265368e-01  3.183919e+00  3.107143e+00
   endloop
 endfacet
 facet normal  7.557312e-01  6.506826e-01 -7.404477e-02
   outer loop
     vertex -6.794664e-01  3.463863e+00  3.850000e+00
     vertex -6.490180e-01  3.343965e+00  3.107143e+00
     vertex -7.977348e-01  3.516691e+00  3.107143e+00
   endloop
 endfacet
 facet normal  7.881029e-01  6.119446e-01 -6.646556e-02
   outer loop
     vertex -6.794664e-01  3.463863e+00  3.850000e+00
     vertex -5.498801e-01  3.296973e+00  3.850000e+00
     vertex -6.490180e-01  3.343965e+00  3.107143e+00
   endloop
 endfacet
 facet normal  6.925384e-01  7.176975e-01 -7.280658e-02
   outer loop
     vertex -9.009536e-01  3.691650e+00  3.850000e+00
     vertex -7.977348e-01  3.516691e+00  3.107143e+00
     vertex -9.628290e-01  3.675998e+00  3.107143e+00
   endloop
 endfacet
 facet normal  7.154625e-01  6.956735e-01 -6.443417e-02
   outer loop
     vertex -9.009536e-01  3.691650e+00  3.850000e+00
     vertex -6.794664e-01  3.463863e+00  3.850000e+00
     vertex -7.977348e-01  3.516691e+00  3.107143e+00
   endloop
 endfacet
 facet normal -3.345262e-02  9.994286e-01  4.833370e-03
   outer loop
     vertex -3.024575e-01  2.466025e+00  3.850000e+00
     vertex  1.368809e-01  2.480731e+00  3.850000e+00
     vertex  9.505133e-02  2.482923e+00  3.107143e+00
   endloop
 endfacet
 facet normal -5.029599e-02  9.987255e-01 -4.195647e-03
   outer loop
     vertex -3.024575e-01  2.466025e+00  3.850000e+00
     vertex  9.505133e-02  2.482923e+00  3.107143e+00
     vertex -3.440187e-01  2.460812e+00  3.107143e+00
   endloop
 endfacet
 facet normal -7.592209e-01  6.466159e-01  7.396986e-02
   outer loop
     vertex  4.494712e-01  3.505739e+00  3.850000e+00
     vertex  6.520817e-01  3.743633e+00  3.850000e+00
     vertex  5.886465e-01  3.754130e+00  3.107143e+00
   endloop
 endfacet
 facet normal -7.711563e-01  6.330883e-01  6.721048e-02
   outer loop
     vertex  4.494712e-01  3.505739e+00  3.850000e+00
     vertex  5.886465e-01  3.754130e+00  3.107143e+00
     vertex  3.868309e-01  3.508302e+00  3.107143e+00
   endloop
 endfacet
 facet normal -8.363110e-01  5.434546e-01  7.239536e-02
   outer loop
     vertex  4.494712e-01  3.505739e+00  3.850000e+00
     vertex  3.868309e-01  3.508302e+00  3.107143e+00
     vertex  2.718742e-01  3.331397e+00  3.107143e+00
   endloop
 endfacet
 facet normal -8.568618e-01  5.116838e-01  6.298835e-02
   outer loop
     vertex  2.751962e-01  3.245514e+00  3.850000e+00
     vertex  2.718742e-01  3.331397e+00  3.107143e+00
     vertex  1.957609e-01  3.203938e+00  3.107143e+00
   endloop
 endfacet
 facet normal -8.289645e-01  5.551655e-01  6.789058e-02
   outer loop
     vertex  2.751962e-01  3.245514e+00  3.850000e+00
     vertex  4.494712e-01  3.505739e+00  3.850000e+00
     vertex  2.718742e-01  3.331397e+00  3.107143e+00
   endloop
 endfacet
 facet normal -9.451499e-01  3.194439e-01  6.817163e-02
   outer loop
     vertex  2.426052e-01  3.184007e+00  3.850000e+00
     vertex  1.957609e-01  3.203938e+00  3.107143e+00
     vertex  1.770646e-01  3.148621e+00  3.107143e+00
   endloop
 endfacet
 facet normal -8.815661e-01  4.671191e-01  6.812422e-02
   outer loop
     vertex  2.426052e-01  3.184007e+00  3.850000e+00
     vertex  2.751962e-01  3.245514e+00  3.850000e+00
     vertex  1.957609e-01  3.203938e+00  3.107143e+00
   endloop
 endfacet
 facet normal -9.452569e-01  3.191216e-01  6.819642e-02
   outer loop
     vertex  2.317580e-01  3.151877e+00  3.850000e+00
     vertex  2.426052e-01  3.184007e+00  3.850000e+00
     vertex  1.770646e-01  3.148621e+00  3.107143e+00
   endloop
 endfacet
 facet normal -9.952817e-01  6.824695e-02  6.896938e-02
   outer loop
     vertex  2.270547e-01  3.126932e+00  3.850000e+00
     vertex  1.770646e-01  3.148621e+00  3.107143e+00
     vertex  1.733623e-01  3.094628e+00  3.107143e+00
   endloop
 endfacet
 facet normal -9.801807e-01  1.848079e-01  7.135643e-02
   outer loop
     vertex  2.270547e-01  3.126932e+00  3.850000e+00
     vertex  2.317580e-01  3.151877e+00  3.850000e+00
     vertex  1.770646e-01  3.148621e+00  3.107143e+00
   endloop
 endfacet
 facet normal -9.957878e-01  5.995854e-02  6.936638e-02
   outer loop
     vertex  2.254303e-01  3.099954e+00  3.850000e+00
     vertex  2.270547e-01  3.126932e+00  3.850000e+00
     vertex  1.733623e-01  3.094628e+00  3.107143e+00
   endloop
 endfacet
 facet normal -9.963856e-01 -5.474498e-02  6.495148e-02
   outer loop
     vertex  2.302069e-01  2.941383e+00  3.850000e+00
     vertex  1.733623e-01  3.094628e+00  3.107143e+00
     vertex  1.812145e-01  2.951714e+00  3.107143e+00
   endloop
 endfacet
 facet normal -9.781368e-01  1.967901e-01  6.724617e-02
   outer loop
     vertex  2.302069e-01  2.941383e+00  3.850000e+00
     vertex  1.812145e-01  2.951714e+00  3.107143e+00
     vertex  1.481885e-01  2.787560e+00  3.107143e+00
   endloop
 endfacet
 facet normal -9.970875e-01 -3.003507e-02  7.010264e-02
   outer loop
     vertex  2.302069e-01  2.941383e+00  3.850000e+00
     vertex  2.254303e-01  3.099954e+00  3.850000e+00
     vertex  1.733623e-01  3.094628e+00  3.107143e+00
   endloop
 endfacet
 facet normal -9.835861e-01  1.715649e-01  5.589113e-02
   outer loop
     vertex  1.368809e-01  2.480731e+00  3.850000e+00
     vertex  1.481885e-01  2.787560e+00  3.107143e+00
     vertex  9.505133e-02  2.482923e+00  3.107143e+00
   endloop
 endfacet
 facet normal -9.778899e-01  1.981158e-01  6.694438e-02
   outer loop
     vertex  1.368809e-01  2.480731e+00  3.850000e+00
     vertex  2.302069e-01  2.941383e+00  3.850000e+00
     vertex  1.481885e-01  2.787560e+00  3.107143e+00
   endloop
 endfacet
 facet normal  9.627282e-03  9.999536e-01 -3.022446e-04
   outer loop
     vertex  5.512711e-02  3.799600e+00 -3.107143e+00
     vertex  8.185837e-02  3.799118e+00 -3.850000e+00
     vertex -8.696213e-03  3.799990e+00 -3.850000e+00
   endloop
 endfacet
 facet normal  3.345301e-02  9.994401e-01  5.554424e-04
   outer loop
     vertex  1.723665e-01  3.796089e+00 -3.850000e+00
     vertex  8.185837e-02  3.799118e+00 -3.850000e+00
     vertex  5.512711e-02  3.799600e+00 -3.107143e+00
   endloop
 endfacet
 facet normal  5.725974e-02  9.983593e-01  6.749115e-05
   outer loop
     vertex  1.622592e-01  3.796534e+00 -1.864286e+00
     vertex  2.627767e-01  3.790903e+00 -3.850000e+00
     vertex  1.723665e-01  3.796089e+00 -3.850000e+00
   endloop
 endfacet
 facet normal  2.946692e-02  9.995658e-01 -7.424475e-05
   outer loop
     vertex  1.622592e-01  3.796534e+00 -1.864286e+00
     vertex  1.723665e-01  3.796089e+00 -3.850000e+00
     vertex  5.512711e-02  3.799600e+00 -3.107143e+00
   endloop
 endfacet
 facet normal  6.959273e-02  9.975752e-01  6.940145e-04
   outer loop
     vertex  3.268807e-01  3.785915e+00 -3.107143e+00
     vertex  2.627767e-01  3.790903e+00 -3.850000e+00
     vertex  1.622592e-01  3.796534e+00 -1.864286e+00
   endloop
 endfacet
 facet normal  6.138660e-02  9.981140e-01 -3.975251e-04
   outer loop
     vertex  2.692622e-01  3.790448e+00 -6.214286e-01
     vertex  3.268807e-01  3.785915e+00 -3.107143e+00
     vertex  1.622592e-01  3.796534e+00 -1.864286e+00
   endloop
 endfacet
 facet normal  9.547471e-02  9.954318e-01  3.975251e-04
   outer loop
     vertex  4.335188e-01  3.775190e+00 -1.864286e+00
     vertex  3.268807e-01  3.785915e+00 -3.107143e+00
     vertex  2.692622e-01  3.790448e+00 -6.214286e-01
   endloop
 endfacet
 facet normal  8.951038e-02  9.959858e-01 -3.975251e-04
   outer loop
     vertex  3.760510e-01  3.781347e+00  6.214286e-01
     vertex  4.335188e-01  3.775190e+00 -1.864286e+00
     vertex  2.692622e-01  3.790448e+00 -6.214286e-01
   endloop
 endfacet
 facet normal  1.235093e-01  9.923433e-01  3.975251e-04
   outer loop
     vertex  5.398119e-01  3.761463e+00 -6.214286e-01
     vertex  4.335188e-01  3.775190e+00 -1.864286e+00
     vertex  3.760510e-01  3.781347e+00  6.214286e-01
   endloop
 endfacet
 facet normal  1.175630e-01  9.930654e-01 -3.975251e-04
   outer loop
     vertex  4.825407e-01  3.769238e+00  1.864286e+00
     vertex  5.398119e-01  3.761463e+00 -6.214286e-01
     vertex  3.760510e-01  3.781347e+00  6.214286e-01
   endloop
 endfacet
 facet normal  1.514456e-01  9.884655e-01  3.975251e-04
   outer loop
     vertex  6.456757e-01  3.744743e+00  6.214286e-01
     vertex  5.398119e-01  3.761463e+00 -6.214286e-01
     vertex  4.825407e-01  3.769238e+00  1.864286e+00
   endloop
 endfacet
 facet normal  1.455220e-01  9.893549e-01 -3.975251e-04
   outer loop
     vertex  5.886465e-01  3.754130e+00  3.107143e+00
     vertex  6.456757e-01  3.744743e+00  6.214286e-01
     vertex  4.825407e-01  3.769238e+00  1.864286e+00
   endloop
 endfacet
 facet normal  1.792615e-01  9.838014e-01  3.975251e-04
   outer loop
     vertex  7.510259e-01  3.725045e+00  1.864286e+00
     vertex  6.456757e-01  3.744743e+00  6.214286e-01
     vertex  5.886465e-01  3.754130e+00  3.107143e+00
   endloop
 endfacet
 facet normal  1.711649e-01  9.852422e-01 -6.940145e-04
   outer loop
     vertex  6.520817e-01  3.743633e+00  3.850000e+00
     vertex  7.510259e-01  3.725045e+00  1.864286e+00
     vertex  5.886465e-01  3.754130e+00  3.107143e+00
   endloop
 endfacet
 facet normal  1.833271e-01  9.830520e-01 -6.749115e-05
   outer loop
     vertex  7.411057e-01  3.727031e+00  3.850000e+00
     vertex  7.510259e-01  3.725045e+00  1.864286e+00
     vertex  6.520817e-01  3.743633e+00  3.850000e+00
   endloop
 endfacet
 facet normal  2.106011e-01  9.775721e-01  7.424475e-05
   outer loop
     vertex  8.557786e-01  3.702383e+00  3.107143e+00
     vertex  7.510259e-01  3.725045e+00  1.864286e+00
     vertex  7.411057e-01  3.727031e+00  3.850000e+00
   endloop
 endfacet
 facet normal  2.067008e-01  9.784041e-01 -5.554424e-04
   outer loop
     vertex  8.297088e-01  3.708313e+00  3.850000e+00
     vertex  8.557786e-01  3.702383e+00  3.107143e+00
     vertex  7.411057e-01  3.727031e+00  3.850000e+00
   endloop
 endfacet
 facet normal  2.299570e-01  9.732007e-01  3.022446e-04
   outer loop
     vertex  9.178407e-01  3.687488e+00  3.850000e+00
     vertex  8.557786e-01  3.702383e+00  3.107143e+00
     vertex  8.297088e-01  3.708313e+00  3.850000e+00
   endloop
 endfacet
 facet normal  9.730760e-01 -2.236270e-01 -5.580399e-02
   outer loop
     vertex  9.497030e-01  2.635222e+00  3.850000e+00
     vertex  8.782064e-01  2.324116e+00  3.850000e+00
     vertex  8.389828e-01  2.338814e+00  3.107143e+00
   endloop
 endfacet
 facet normal  9.779563e-01 -1.978280e-01 -6.682547e-02
   outer loop
     vertex  9.497030e-01  2.635222e+00  3.850000e+00
     vertex  8.389828e-01  2.338814e+00  3.107143e+00
     vertex  9.321109e-01  2.799190e+00  3.107143e+00
   endloop
 endfacet
 facet normal  9.320977e-01 -3.561357e-01 -6.604053e-02
   outer loop
     vertex  9.822329e-01  2.792619e+00  3.850000e+00
     vertex  9.321109e-01  2.799190e+00  3.107143e+00
     vertex  9.519772e-01  2.851185e+00  3.107143e+00
   endloop
 endfacet
 facet normal  9.770562e-01 -2.019318e-01 -6.771000e-02
   outer loop
     vertex  9.822329e-01  2.792619e+00  3.850000e+00
     vertex  9.497030e-01  2.635222e+00  3.850000e+00
     vertex  9.321109e-01  2.799190e+00  3.107143e+00
   endloop
 endfacet
 facet normal  8.973777e-01 -4.355492e-01 -7.078255e-02
   outer loop
     vertex  1.051513e+00  2.935539e+00  3.850000e+00
     vertex  9.519772e-01  2.851185e+00  3.107143e+00
     vertex  1.003473e+00  2.957283e+00  3.107143e+00
   endloop
 endfacet
 facet normal  8.975865e-01 -4.351060e-01 -7.086085e-02
   outer loop
     vertex  1.051513e+00  2.935539e+00  3.850000e+00
     vertex  9.822329e-01  2.792619e+00  3.850000e+00
     vertex  9.519772e-01  2.851185e+00  3.107143e+00
   endloop
 endfacet
 facet normal  9.727087e-01 -2.203864e-01 -7.257875e-02
   outer loop
     vertex  1.061440e+00  2.968489e+00  3.850000e+00
     vertex  1.003473e+00  2.957283e+00  3.107143e+00
     vertex  1.013797e+00  3.002850e+00  3.107143e+00
   endloop
 endfacet
 facet normal  9.551308e-01 -2.877470e-01 -7.019102e-02
   outer loop
     vertex  1.061440e+00  2.968489e+00  3.850000e+00
     vertex  1.051513e+00  2.935539e+00  3.850000e+00
     vertex  1.003473e+00  2.957283e+00  3.107143e+00
   endloop
 endfacet
 facet normal  9.975180e-01  6.223468e-03 -7.013600e-02
   outer loop
     vertex  1.065871e+00  3.027878e+00  3.850000e+00
     vertex  1.013797e+00  3.002850e+00  3.107143e+00
     vertex  1.013416e+00  3.063914e+00  3.107143e+00
   endloop
 endfacet
 facet normal  9.949705e-01 -7.424047e-02 -6.724644e-02
   outer loop
     vertex  1.065871e+00  3.027878e+00  3.850000e+00
     vertex  1.061440e+00  2.968489e+00  3.850000e+00
     vertex  1.013797e+00  3.002850e+00  3.107143e+00
   endloop
 endfacet
 facet normal  9.833629e-01  1.686922e-01 -6.738281e-02
   outer loop
     vertex  1.045285e+00  3.174867e+00  3.850000e+00
     vertex  1.013416e+00  3.063914e+00  3.107143e+00
     vertex  9.793410e-01  3.262548e+00  3.107143e+00
   endloop
 endfacet
 facet normal  9.883624e-01  1.384240e-01 -6.307645e-02
   outer loop
     vertex  1.045285e+00  3.174867e+00  3.850000e+00
     vertex  1.065871e+00  3.027878e+00  3.850000e+00
     vertex  1.013416e+00  3.063914e+00  3.107143e+00
   endloop
 endfacet
 facet normal  9.715540e-01  2.249450e-01 -7.404477e-02
   outer loop
     vertex  1.008100e+00  3.382862e+00  3.850000e+00
     vertex  9.793410e-01  3.262548e+00  3.107143e+00
     vertex  9.279287e-01  3.484601e+00  3.107143e+00
   endloop
 endfacet
 facet normal  9.822153e-01  1.756004e-01 -6.646556e-02
   outer loop
     vertex  1.008100e+00  3.382862e+00  3.850000e+00
     vertex  1.045285e+00  3.174867e+00  3.850000e+00
     vertex  9.793410e-01  3.262548e+00  3.107143e+00
   endloop
 endfacet
 facet normal  9.467430e-01  3.136509e-01 -7.280658e-02
   outer loop
     vertex  9.178407e-01  3.687488e+00  3.850000e+00
     vertex  9.279287e-01  3.484601e+00  3.107143e+00
     vertex  8.557786e-01  3.702383e+00  3.107143e+00
   endloop
 endfacet
 facet normal  9.568062e-01  2.834963e-01 -6.443417e-02
   outer loop
     vertex  9.178407e-01  3.687488e+00  3.850000e+00
     vertex  1.008100e+00  3.382862e+00  3.850000e+00
     vertex  9.279287e-01  3.484601e+00  3.107143e+00
   endloop
 endfacet
 facet normal  4.348368e-01  9.004963e-01  4.833370e-03
   outer loop
     vertex  8.782064e-01  2.324116e+00  3.850000e+00
     vertex  1.274055e+00  2.132966e+00  3.850000e+00
     vertex  1.238036e+00  2.154347e+00  3.107143e+00
   endloop
 endfacet
 facet normal  4.195960e-01  9.077013e-01 -4.195647e-03
   outer loop
     vertex  8.782064e-01  2.324116e+00  3.850000e+00
     vertex  1.238036e+00  2.154347e+00  3.107143e+00
     vertex  8.389828e-01  2.338814e+00  3.107143e+00
   endloop
 endfacet
 facet normal -3.717593e-01  9.253775e-01  7.396986e-02
   outer loop
     vertex  2.027185e+00  2.895298e+00  3.850000e+00
     vertex  2.317143e+00  3.011785e+00  3.850000e+00
     vertex  2.265852e+00  3.050560e+00  3.107143e+00
   endloop
 endfacet
 facet normal -3.886142e-01  9.189460e-01  6.721048e-02
   outer loop
     vertex  2.027185e+00  2.895298e+00  3.850000e+00
     vertex  2.265852e+00  3.050560e+00  3.107143e+00
     vertex  1.972911e+00  2.926677e+00  3.107143e+00
   endloop
 endfacet
 facet normal -4.879607e-01  8.698582e-01  7.239536e-02
   outer loop
     vertex  2.027185e+00  2.895298e+00  3.850000e+00
     vertex  1.972911e+00  2.926677e+00  3.107143e+00
     vertex  1.788910e+00  2.823459e+00  3.107143e+00
   endloop
 endfacet
 facet normal -5.209221e-01  8.512770e-01  6.298835e-02
   outer loop
     vertex  1.751940e+00  2.745870e+00  3.850000e+00
     vertex  1.788910e+00  2.823459e+00  3.107143e+00
     vertex  1.662282e+00  2.745972e+00  3.107143e+00
   endloop
 endfacet
 facet normal -4.760134e-01  8.768136e-01  6.789058e-02
   outer loop
     vertex  1.751940e+00  2.745870e+00  3.850000e+00
     vertex  2.027185e+00  2.895298e+00  3.850000e+00
     vertex  1.788910e+00  2.823459e+00  3.107143e+00
   endloop
 endfacet
 facet normal -6.884357e-01  7.220865e-01  6.817163e-02
   outer loop
     vertex  1.694498e+00  2.706554e+00  3.850000e+00
     vertex  1.662282e+00  2.745972e+00  3.107143e+00
     vertex  1.620020e+00  2.705679e+00  3.107143e+00
   endloop
 endfacet
 facet normal -5.635070e-01  8.232976e-01  6.812422e-02
   outer loop
     vertex  1.694498e+00  2.706554e+00  3.850000e+00
     vertex  1.751940e+00  2.745870e+00  3.850000e+00
     vertex  1.662282e+00  2.745972e+00  3.107143e+00
   endloop
 endfacet
 facet normal -6.886802e-01  7.218510e-01  6.819642e-02
   outer loop
     vertex  1.669962e+00  2.683145e+00  3.850000e+00
     vertex  1.694498e+00  2.706554e+00  3.850000e+00
     vertex  1.620020e+00  2.705679e+00  3.107143e+00
   endloop
 endfacet
 facet normal -8.495622e-01  5.229601e-01  6.896938e-02
   outer loop
     vertex  1.654205e+00  2.663243e+00  3.850000e+00
     vertex  1.620020e+00  2.705679e+00  3.107143e+00
     vertex  1.591650e+00  2.659592e+00  3.107143e+00
   endloop
 endfacet
 facet normal -7.820224e-01  6.191520e-01  7.135643e-02
   outer loop
     vertex  1.654205e+00  2.663243e+00  3.850000e+00
     vertex  1.669962e+00  2.683145e+00  3.850000e+00
     vertex  1.620020e+00  2.705679e+00  3.107143e+00
   endloop
 endfacet
 facet normal -8.538622e-01  5.158563e-01  6.936638e-02
   outer loop
     vertex  1.640229e+00  2.640110e+00  3.850000e+00
     vertex  1.654205e+00  2.663243e+00  3.850000e+00
     vertex  1.591650e+00  2.659592e+00  3.107143e+00
   endloop
 endfacet
 facet normal -9.076969e-01  4.145692e-01  6.495148e-02
   outer loop
     vertex  1.570767e+00  2.497483e+00  3.850000e+00
     vertex  1.591650e+00  2.659592e+00  3.107143e+00
     vertex  1.532188e+00  2.529399e+00  3.107143e+00
   endloop
 endfacet
 facet normal -7.746442e-01  6.288118e-01  6.724617e-02
   outer loop
     vertex  1.570767e+00  2.497483e+00  3.850000e+00
     vertex  1.532188e+00  2.529399e+00  3.107143e+00
     vertex  1.426658e+00  2.399395e+00  3.107143e+00
   endloop
 endfacet
 facet normal -8.968351e-01  4.367749e-01  7.010264e-02
   outer loop
     vertex  1.570767e+00  2.497483e+00  3.850000e+00
     vertex  1.640229e+00  2.640110e+00  3.850000e+00
     vertex  1.591650e+00  2.659592e+00  3.107143e+00
   endloop
 endfacet
 facet normal -7.911921e-01  6.090085e-01  5.589113e-02
   outer loop
     vertex  1.274055e+00  2.132966e+00  3.850000e+00
     vertex  1.426658e+00  2.399395e+00  3.107143e+00
     vertex  1.238036e+00  2.154347e+00  3.107143e+00
   endloop
 endfacet
 facet normal -7.738095e-01  6.298709e-01  6.694438e-02
   outer loop
     vertex  1.274055e+00  2.132966e+00  3.850000e+00
     vertex  1.570767e+00  2.497483e+00  3.850000e+00
     vertex  1.426658e+00  2.399395e+00  3.107143e+00
   endloop
 endfacet
 facet normal  4.732261e-01  8.809409e-01 -3.022446e-04
   outer loop
     vertex  1.814575e+00  3.338760e+00 -3.107143e+00
     vertex  1.838020e+00  3.325911e+00 -3.850000e+00
     vertex  1.758243e+00  3.368765e+00 -3.850000e+00
   endloop
 endfacet
 facet normal  4.940842e-01  8.694139e-01  5.554424e-04
   outer loop
     vertex  1.916753e+00  3.281167e+00 -3.850000e+00
     vertex  1.838020e+00  3.325911e+00 -3.850000e+00
     vertex  1.814575e+00  3.338760e+00 -3.107143e+00
   endloop
 endfacet
 facet normal  5.146617e-01  8.573933e-01  6.749115e-05
   outer loop
     vertex  1.908011e+00  3.286258e+00 -1.864286e+00
     vertex  1.994398e+00  3.234560e+00 -3.850000e+00
     vertex  1.916753e+00  3.281167e+00 -3.850000e+00
   endloop
 endfacet
 facet normal  4.906130e-01  8.713776e-01 -7.424475e-05
   outer loop
     vertex  1.908011e+00  3.286258e+00 -1.864286e+00
     vertex  1.916753e+00  3.281167e+00 -3.850000e+00
     vertex  1.814575e+00  3.338760e+00 -3.107143e+00
   endloop
 endfacet
 facet normal  5.252176e-01  8.509677e-01  6.940145e-04
   outer loop
     vertex  2.048841e+00  3.200352e+00 -3.107143e+00
     vertex  1.994398e+00  3.234560e+00 -3.850000e+00
     vertex  1.908011e+00  3.286258e+00 -1.864286e+00
   endloop
 endfacet
 facet normal  5.182018e-01  8.552583e-01 -3.975251e-04
   outer loop
     vertex  1.999929e+00  3.231143e+00 -6.214286e-01
     vertex  2.048841e+00  3.200352e+00 -3.107143e+00
     vertex  1.908011e+00  3.286258e+00 -1.864286e+00
   endloop
 endfacet
 facet normal  5.471389e-01  8.370418e-01  3.975251e-04
   outer loop
     vertex  2.138280e+00  3.141299e+00 -1.864286e+00
     vertex  2.048841e+00  3.200352e+00 -3.107143e+00
     vertex  1.999929e+00  3.231143e+00 -6.214286e-01
   endloop
 endfacet
 facet normal  5.421152e-01  8.403041e-01 -3.975251e-04
   outer loop
     vertex  2.090256e+00  3.173457e+00  6.214286e-01
     vertex  2.138280e+00  3.141299e+00 -1.864286e+00
     vertex  1.999929e+00  3.231143e+00 -6.214286e-01
   endloop
 endfacet
 facet normal  5.705270e-01  8.212788e-01  3.975251e-04
   outer loop
     vertex  2.226019e+00  3.079747e+00 -6.214286e-01
     vertex  2.138280e+00  3.141299e+00 -1.864286e+00
     vertex  2.090256e+00  3.173457e+00  6.214286e-01
   endloop
 endfacet
 facet normal  5.655973e-01  8.246815e-01 -3.975251e-04
   outer loop
     vertex  2.178921e+00  3.113247e+00  1.864286e+00
     vertex  2.226019e+00  3.079747e+00 -6.214286e-01
     vertex  2.090256e+00  3.173457e+00  6.214286e-01
   endloop
 endfacet
 facet normal  5.934613e-01  8.048624e-01  3.975251e-04
   outer loop
     vertex  2.311986e+00  3.015745e+00  6.214286e-01
     vertex  2.226019e+00  3.079747e+00 -6.214286e-01
     vertex  2.178921e+00  3.113247e+00  1.864286e+00
   endloop
 endfacet
 facet normal  5.886295e-01  8.084028e-01 -3.975251e-04
   outer loop
     vertex  2.265852e+00  3.050560e+00  3.107143e+00
     vertex  2.311986e+00  3.015745e+00  6.214286e-01
     vertex  2.178921e+00  3.113247e+00  1.864286e+00
   endloop
 endfacet
 facet normal  6.159235e-01  7.878059e-01  3.975251e-04
   outer loop
     vertex  2.396115e+00  2.949344e+00  1.864286e+00
     vertex  2.311986e+00  3.015745e+00  6.214286e-01
     vertex  2.265852e+00  3.050560e+00  3.107143e+00
   endloop
 endfacet
 facet normal  6.094238e-01  7.928443e-01 -6.940145e-04
   outer loop
     vertex  2.317143e+00  3.011785e+00  3.850000e+00
     vertex  2.396115e+00  2.949344e+00  1.864286e+00
     vertex  2.265852e+00  3.050560e+00  3.107143e+00
   endloop
 endfacet
 facet normal  6.191752e-01  7.852529e-01 -6.749115e-05
   outer loop
     vertex  2.388254e+00  2.955713e+00  3.850000e+00
     vertex  2.396115e+00  2.949344e+00  1.864286e+00
     vertex  2.317143e+00  3.011785e+00  3.850000e+00
   endloop
 endfacet
 facet normal  6.407784e-01  7.677259e-01  7.424475e-05
   outer loop
     vertex  2.478338e+00  2.880598e+00  3.107143e+00
     vertex  2.396115e+00  2.949344e+00  1.864286e+00
     vertex  2.388254e+00  2.955713e+00  3.850000e+00
   endloop
 endfacet
 facet normal  6.377115e-01  7.702751e-01 -5.554424e-04
   outer loop
     vertex  2.458010e+00  2.897963e+00  3.850000e+00
     vertex  2.478338e+00  2.880598e+00  3.107143e+00
     vertex  2.388254e+00  2.955713e+00  3.850000e+00
   endloop
 endfacet
 facet normal  6.558858e-01  7.548601e-01  3.022446e-04
   outer loop
     vertex  2.526369e+00  2.838567e+00  3.850000e+00
     vertex  2.478338e+00  2.880598e+00  3.107143e+00
     vertex  2.458010e+00  2.897963e+00  3.850000e+00
   endloop
 endfacet
 facet normal  7.576913e-01 -6.502228e-01 -5.580399e-02
   outer loop
     vertex  2.065569e+00  1.892024e+00  3.850000e+00
     vertex  1.857684e+00  1.649780e+00  3.850000e+00
     vertex  1.829783e+00  1.681022e+00  3.107143e+00
   endloop
 endfacet
 facet normal  7.740020e-01 -6.296469e-01 -6.682547e-02
   outer loop
     vertex  2.065569e+00  1.892024e+00  3.850000e+00
     vertex  1.829783e+00  1.681022e+00  3.107143e+00
     vertex  2.126192e+00  2.045386e+00  3.107143e+00
   endloop
 endfacet
 facet normal  6.598291e-01 -7.485123e-01 -6.599175e-02
   outer loop
     vertex  2.168235e+00  2.016955e+00  3.850000e+00
     vertex  2.126192e+00  2.045386e+00  3.107143e+00
     vertex  2.167946e+00  2.082193e+00  3.107143e+00
   endloop
 endfacet
 facet normal  7.708104e-01 -6.334391e-01 -6.786884e-02
   outer loop
     vertex  2.168235e+00  2.016955e+00  3.850000e+00
     vertex  2.065569e+00  1.892024e+00  3.850000e+00
     vertex  2.126192e+00  2.045386e+00  3.107143e+00
   endloop
 endfacet
 facet normal  5.921787e-01 -8.026919e-01 -7.078251e-02
   outer loop
     vertex  2.295282e+00  2.110628e+00  3.850000e+00
     vertex  2.167946e+00  2.082193e+00  3.107143e+00
     vertex  2.262849e+00  2.152207e+00  3.107143e+00
   endloop
 endfacet
 facet normal  5.919569e-01 -8.028594e-01 -7.073808e-02
   outer loop
     vertex  2.295282e+00  2.110628e+00  3.850000e+00
     vertex  2.168235e+00  2.016955e+00  3.850000e+00
     vertex  2.167946e+00  2.082193e+00  3.107143e+00
   endloop
 endfacet
 facet normal  7.588721e-01 -6.471827e-01 -7.257874e-02
   outer loop
     vertex  2.319384e+00  2.135191e+00  3.850000e+00
     vertex  2.262849e+00  2.152207e+00  3.107143e+00
     vertex  2.293167e+00  2.187757e+00  3.107143e+00
   endloop
 endfacet
 facet normal  7.120048e-01 -6.986576e-01 -7.019104e-02
   outer loop
     vertex  2.319384e+00  2.135191e+00  3.850000e+00
     vertex  2.295282e+00  2.110628e+00  3.850000e+00
     vertex  2.262849e+00  2.152207e+00  3.107143e+00
   endloop
 endfacet
 facet normal  8.861505e-01 -4.580591e-01 -7.013600e-02
   outer loop
     vertex  2.350907e+00  2.185718e+00  3.850000e+00
     vertex  2.293167e+00  2.187757e+00  3.107143e+00
     vertex  2.321207e+00  2.242004e+00  3.107143e+00
   endloop
 endfacet
 facet normal  8.465019e-01 -5.281216e-01 -6.724646e-02
   outer loop
     vertex  2.350907e+00  2.185718e+00  3.850000e+00
     vertex  2.319384e+00  2.135191e+00  3.850000e+00
     vertex  2.293167e+00  2.187757e+00  3.107143e+00
   endloop
 endfacet
 facet normal  9.491197e-01 -3.076220e-01 -6.738281e-02
   outer loop
     vertex  2.400988e+00  2.325437e+00  3.850000e+00
     vertex  2.321207e+00  2.242004e+00  3.107143e+00
     vertex  2.383345e+00  2.433720e+00  3.107143e+00
   endloop
 endfacet
 facet normal  9.394803e-01 -3.367465e-01 -6.307647e-02
   outer loop
     vertex  2.400988e+00  2.325437e+00  3.850000e+00
     vertex  2.350907e+00  2.185718e+00  3.850000e+00
     vertex  2.321207e+00  2.242004e+00  3.107143e+00
   endloop
 endfacet
 facet normal  9.648055e-01 -2.523247e-01 -7.404477e-02
   outer loop
     vertex  2.464722e+00  2.526888e+00  3.850000e+00
     vertex  2.383345e+00  2.433720e+00  3.107143e+00
     vertex  2.441015e+00  2.654231e+00  3.107143e+00
   endloop
 endfacet
 facet normal  9.513140e-01 -3.009718e-01 -6.646556e-02
   outer loop
     vertex  2.464722e+00  2.526888e+00  3.850000e+00
     vertex  2.400988e+00  2.325437e+00  3.850000e+00
     vertex  2.383345e+00  2.433720e+00  3.107143e+00
   endloop
 endfacet
 facet normal  9.840601e-01 -1.622493e-01 -7.280658e-02
   outer loop
     vertex  2.526369e+00  2.838567e+00  3.850000e+00
     vertex  2.441015e+00  2.654231e+00  3.107143e+00
     vertex  2.478338e+00  2.880598e+00  3.107143e+00
   endloop
 endfacet
 facet normal  9.789571e-01 -1.936265e-01 -6.443417e-02
   outer loop
     vertex  2.526369e+00  2.838567e+00  3.850000e+00
     vertex  2.464722e+00  2.526888e+00  3.850000e+00
     vertex  2.441015e+00  2.654231e+00  3.107143e+00
   endloop
 endfacet
 facet normal  8.035104e-01  5.952711e-01  4.833370e-03
   outer loop
     vertex  1.857684e+00  1.649780e+00  3.850000e+00
     vertex  2.119359e+00  1.296565e+00  3.850000e+00
     vertex  2.097401e+00  1.332235e+00  3.107143e+00
   endloop
 endfacet
 facet normal  7.933636e-01  6.087336e-01 -4.195647e-03
   outer loop
     vertex  1.857684e+00  1.649780e+00  3.850000e+00
     vertex  2.097401e+00  1.332235e+00  3.107143e+00
     vertex  1.829783e+00  1.681022e+00  3.107143e+00
   endloop
 endfacet
 facet normal  1.008678e-01  9.921462e-01  7.396986e-02
   outer loop
     vertex  3.140495e+00  1.621579e+00  3.850000e+00
     vertex  3.451374e+00  1.589973e+00  3.850000e+00
     vertex  3.423978e+00  1.648143e+00  3.107143e+00
   endloop
 endfacet
 facet normal  8.295474e-02  9.942843e-01  6.721048e-02
   outer loop
     vertex  3.140495e+00  1.621579e+00  3.850000e+00
     vertex  3.423978e+00  1.648143e+00  3.107143e+00
     vertex  3.107021e+00  1.674587e+00  3.107143e+00
   endloop
 endfacet
 facet normal -2.782444e-02  9.969878e-01  7.239536e-02
   outer loop
     vertex  3.140495e+00  1.621579e+00  3.850000e+00
     vertex  3.107021e+00  1.674587e+00  3.107143e+00
     vertex  2.896128e+00  1.668701e+00  3.107143e+00
   endloop
 endfacet
 facet normal -6.564549e-02  9.958530e-01  6.298835e-02
   outer loop
     vertex  2.827335e+00  1.617180e+00  3.850000e+00
     vertex  2.896128e+00  1.668701e+00  3.107143e+00
     vertex  2.747994e+00  1.658936e+00  3.107143e+00
   endloop
 endfacet
 facet normal -1.401332e-02  9.975944e-01  6.789058e-02
   outer loop
     vertex  2.827335e+00  1.617180e+00  3.850000e+00
     vertex  3.140495e+00  1.621579e+00  3.850000e+00
     vertex  2.896128e+00  1.668701e+00  3.107143e+00
   endloop
 endfacet
 facet normal -2.740092e-01  9.593079e-01  6.817163e-02
   outer loop
     vertex  2.758202e+00  1.609062e+00  3.850000e+00
     vertex  2.747994e+00  1.658936e+00  3.107143e+00
     vertex  2.691849e+00  1.642899e+00  3.107143e+00
   endloop
 endfacet
 facet normal -1.163552e-01  9.908686e-01  6.812422e-02
   outer loop
     vertex  2.758202e+00  1.609062e+00  3.850000e+00
     vertex  2.827335e+00  1.617180e+00  3.850000e+00
     vertex  2.747994e+00  1.658936e+00  3.107143e+00
   endloop
 endfacet
 facet normal -2.743352e-01  9.592129e-01  6.819642e-02
   outer loop
     vertex  2.725598e+00  1.599737e+00  3.850000e+00
     vertex  2.758202e+00  1.609062e+00  3.850000e+00
     vertex  2.691849e+00  1.642899e+00  3.107143e+00
   endloop
 endfacet
 facet normal -5.092183e-01  8.578694e-01  6.896938e-02
   outer loop
     vertex  2.702396e+00  1.589437e+00  3.850000e+00
     vertex  2.691849e+00  1.642899e+00  3.107143e+00
     vertex  2.645310e+00  1.615275e+00  3.107143e+00
   endloop
 endfacet
 facet normal -4.047122e-01  9.116558e-01  7.135643e-02
   outer loop
     vertex  2.702396e+00  1.589437e+00  3.850000e+00
     vertex  2.725598e+00  1.599737e+00  3.850000e+00
     vertex  2.691849e+00  1.642899e+00  3.107143e+00
   endloop
 endfacet
 facet normal -5.163270e-01  8.535776e-01  6.936638e-02
   outer loop
     vertex  2.679271e+00  1.575449e+00  3.850000e+00
     vertex  2.702396e+00  1.589437e+00  3.850000e+00
     vertex  2.645310e+00  1.615275e+00  3.107143e+00
   endloop
 endfacet
 facet normal -6.110658e-01  7.889106e-01  6.495148e-02
   outer loop
     vertex  2.551483e+00  1.481440e+00  3.850000e+00
     vertex  2.645310e+00  1.615275e+00  3.107143e+00
     vertex  2.532155e+00  1.527628e+00  3.107143e+00
   endloop
 endfacet
 facet normal -3.936900e-01  9.167803e-01  6.724617e-02
   outer loop
     vertex  2.551483e+00  1.481440e+00  3.850000e+00
     vertex  2.532155e+00  1.527628e+00  3.107143e+00
     vertex  2.378297e+00  1.461558e+00  3.107143e+00
   endloop
 endfacet
 facet normal -5.911286e-01  8.035251e-01  7.010264e-02
   outer loop
     vertex  2.551483e+00  1.481440e+00  3.850000e+00
     vertex  2.679271e+00  1.575449e+00  3.850000e+00
     vertex  2.645310e+00  1.615275e+00  3.107143e+00
   endloop
 endfacet
 facet normal -4.175454e-01  9.069355e-01  5.589113e-02
   outer loop
     vertex  2.119359e+00  1.296565e+00  3.850000e+00
     vertex  2.378297e+00  1.461558e+00  3.107143e+00
     vertex  2.097401e+00  1.332235e+00  3.107143e+00
   endloop
 endfacet
 facet normal -3.924587e-01  9.173302e-01  6.694438e-02
   outer loop
     vertex  2.119359e+00  1.296565e+00  3.850000e+00
     vertex  2.551483e+00  1.481440e+00  3.850000e+00
     vertex  2.378297e+00  1.461558e+00  3.107143e+00
   endloop
 endfacet
 facet normal  8.284146e-01  5.601153e-01 -3.022446e-04
   outer loop
     vertex  3.158325e+00  2.113050e+00 -3.107143e+00
     vertex  3.173114e+00  2.090777e+00 -3.850000e+00
     vertex  3.122390e+00  2.165797e+00 -3.850000e+00
   endloop
 endfacet
 facet normal  8.415266e-01  5.402154e-01  5.554424e-04
   outer loop
     vertex  3.222035e+00  2.014569e+00 -3.850000e+00
     vertex  3.173114e+00  2.090777e+00 -3.850000e+00
     vertex  3.158325e+00  2.113050e+00 -3.107143e+00
   endloop
 endfacet
 facet normal  8.541608e-01  5.200089e-01  6.749115e-05
   outer loop
     vertex  3.216660e+00  2.023141e+00 -1.864286e+00
     vertex  3.269126e+00  1.937218e+00 -3.850000e+00
     vertex  3.222035e+00  2.014569e+00 -3.850000e+00
   endloop
 endfacet
 facet normal  8.393656e-01  5.435673e-01 -7.424475e-05
   outer loop
     vertex  3.216660e+00  2.023141e+00 -1.864286e+00
     vertex  3.222035e+00  2.014569e+00 -3.850000e+00
     vertex  3.158325e+00  2.113050e+00 -3.107143e+00
   endloop
 endfacet
 facet normal  8.605215e-01  5.094136e-01  6.940145e-04
   outer loop
     vertex  3.301436e+00  1.881627e+00 -3.107143e+00
     vertex  3.269126e+00  1.937218e+00 -3.850000e+00
     vertex  3.216660e+00  2.023141e+00 -1.864286e+00
   endloop
 endfacet
 facet normal  8.563033e-01  5.164732e-01 -3.975251e-04
   outer loop
     vertex  3.272436e+00  1.931622e+00 -6.214286e-01
     vertex  3.301436e+00  1.881627e+00 -3.107143e+00
     vertex  3.216660e+00  2.023141e+00 -1.864286e+00
   endloop
 endfacet
 facet normal  8.734601e-01  4.868956e-01  3.975251e-04
   outer loop
     vertex  3.353187e+00  1.787774e+00 -1.864286e+00
     vertex  3.301436e+00  1.881627e+00 -3.107143e+00
     vertex  3.272436e+00  1.931622e+00 -6.214286e-01
   endloop
 endfacet
 facet normal  8.705279e-01  4.921188e-01 -3.975251e-04
   outer loop
     vertex  3.325609e+00  1.838566e+00  6.214286e-01
     vertex  3.353187e+00  1.787774e+00 -1.864286e+00
     vertex  3.272436e+00  1.931622e+00 -6.214286e-01
   endloop
 endfacet
 facet normal  8.868438e-01  4.620691e-01  3.975251e-04
   outer loop
     vertex  3.402271e+00  1.692498e+00 -6.214286e-01
     vertex  3.353187e+00  1.787774e+00 -1.864286e+00
     vertex  3.325609e+00  1.838566e+00  6.214286e-01
   endloop
 endfacet
 facet normal  8.840601e-01  4.673730e-01 -3.975251e-04
   outer loop
     vertex  3.376136e+00  1.744048e+00  1.864286e+00
     vertex  3.402271e+00  1.692498e+00 -6.214286e-01
     vertex  3.325609e+00  1.838566e+00  6.214286e-01
   endloop
 endfacet
 facet normal  8.995221e-01  4.368751e-01  3.975251e-04
   outer loop
     vertex  3.448649e+00  1.595876e+00  6.214286e-01
     vertex  3.402271e+00  1.692498e+00 -6.214286e-01
     vertex  3.376136e+00  1.744048e+00  1.864286e+00
   endloop
 endfacet
 facet normal  8.968891e-01  4.422554e-01 -3.975251e-04
   outer loop
     vertex  3.423978e+00  1.648143e+00  3.107143e+00
     vertex  3.448649e+00  1.595876e+00  6.214286e-01
     vertex  3.376136e+00  1.744048e+00  1.864286e+00
   endloop
 endfacet
 facet normal  9.114848e-01  4.113336e-01  3.975251e-04
   outer loop
     vertex  3.492283e+00  1.497985e+00  1.864286e+00
     vertex  3.448649e+00  1.595876e+00  6.214286e-01
     vertex  3.423978e+00  1.648143e+00  3.107143e+00
   endloop
 endfacet
 facet normal  9.080711e-01  4.188154e-01 -6.940145e-04
   outer loop
     vertex  3.451374e+00  1.589973e+00  3.850000e+00
     vertex  3.492283e+00  1.497985e+00  1.864286e+00
     vertex  3.423978e+00  1.648143e+00  3.107143e+00
   endloop
 endfacet
 facet normal  9.131776e-01  4.075619e-01 -6.749115e-05
   outer loop
     vertex  3.488283e+00  1.507277e+00  3.850000e+00
     vertex  3.492283e+00  1.497985e+00  1.864286e+00
     vertex  3.451374e+00  1.589973e+00  3.850000e+00
   endloop
 endfacet
 facet normal  9.241611e-01  3.820029e-01  7.424475e-05
   outer loop
     vertex  3.533139e+00  1.398902e+00  3.107143e+00
     vertex  3.492283e+00  1.497985e+00  1.864286e+00
     vertex  3.488283e+00  1.507277e+00  3.850000e+00
   endloop
 endfacet
 facet normal  9.226302e-01  3.856855e-01 -5.554424e-04
   outer loop
     vertex  3.523210e+00  1.423725e+00  3.850000e+00
     vertex  3.533139e+00  1.398902e+00  3.107143e+00
     vertex  3.488283e+00  1.507277e+00  3.850000e+00
   endloop
 endfacet
 facet normal  9.315590e-01  3.635901e-01  3.022446e-04
   outer loop
     vertex  3.556136e+00  1.339364e+00  3.850000e+00
     vertex  3.533139e+00  1.398902e+00  3.107143e+00
     vertex  3.523210e+00  1.423725e+00  3.850000e+00
   endloop
 endfacet
 facet normal  3.687288e-01 -9.278605e-01 -5.580399e-02
   outer loop
     vertex  2.708238e+00  7.153863e-01  3.850000e+00
     vertex  2.411588e+00  5.974987e-01  3.850000e+00
     vertex  2.401403e+00  6.381285e-01  3.107143e+00
   endloop
 endfacet
 facet normal  3.927333e-01 -9.172213e-01 -6.682547e-02
   outer loop
     vertex  2.708238e+00  7.153863e-01  3.850000e+00
     vertex  2.401403e+00  6.381285e-01  3.107143e+00
     vertex  2.833188e+00  8.230090e-01  3.107143e+00
   endloop
 endfacet
 facet normal  2.363987e-01 -9.694126e-01 -6.599175e-02
   outer loop
     vertex  2.857203e+00  7.782960e-01  3.850000e+00
     vertex  2.833188e+00  8.230090e-01  3.107143e+00
     vertex  2.887264e+00  8.361959e-01  3.107143e+00
   endloop
 endfacet
 facet normal  3.881449e-01 -9.190960e-01 -6.786884e-02
   outer loop
     vertex  2.857203e+00  7.782960e-01  3.850000e+00
     vertex  2.708238e+00  7.153863e-01  3.850000e+00
     vertex  2.833188e+00  8.230090e-01  3.107143e+00
   endloop
 endfacet
 facet normal  1.513186e-01 -9.859475e-01 -7.078251e-02
   outer loop
     vertex  3.013229e+00  8.021977e-01  3.850000e+00
     vertex  2.887264e+00  8.361959e-01  3.107143e+00
     vertex  3.003834e+00  8.540865e-01  3.107143e+00
   endloop
 endfacet
 facet normal  1.510444e-01 -9.859927e-01 -7.073808e-02
   outer loop
     vertex  3.013229e+00  8.021977e-01  3.850000e+00
     vertex  2.857203e+00  7.782960e-01  3.850000e+00
     vertex  2.887264e+00  8.361959e-01  3.107143e+00
   endloop
 endfacet
 facet normal  3.711871e-01 -9.257173e-01 -7.257874e-02
   outer loop
     vertex  3.045985e+00  8.127460e-01  3.850000e+00
     vertex  3.003834e+00  8.540865e-01  3.107143e+00
     vertex  3.047199e+00  8.714748e-01  3.107143e+00
   endloop
 endfacet
 facet normal  3.057665e-01 -9.495157e-01 -7.019104e-02
   outer loop
     vertex  3.045985e+00  8.127460e-01  3.850000e+00
     vertex  3.013229e+00  8.021977e-01  3.850000e+00
     vertex  3.003834e+00  8.540865e-01  3.107143e+00
   endloop
 endfacet
 facet normal  5.717766e-01 -8.174059e-01 -7.013600e-02
   outer loop
     vertex  3.097379e+00  8.428361e-01  3.850000e+00
     vertex  3.047199e+00  8.714748e-01  3.107143e+00
     vertex  3.097238e+00  9.064768e-01  3.107143e+00
   endloop
 endfacet
 facet normal  5.041098e-01 -8.610175e-01 -6.724646e-02
   outer loop
     vertex  3.097379e+00  8.428361e-01  3.850000e+00
     vertex  3.045985e+00  8.127460e-01  3.850000e+00
     vertex  3.047199e+00  8.714748e-01  3.107143e+00
   endloop
 endfacet
 facet normal  6.974447e-01 -7.134637e-01 -6.738281e-02
   outer loop
     vertex  3.206654e+00  9.432770e-01  3.850000e+00
     vertex  3.097238e+00  9.064768e-01  3.107143e+00
     vertex  3.241353e+00  1.047356e+00  3.107143e+00
   endloop
 endfacet
 facet normal  6.753746e-01 -7.347725e-01 -6.307647e-02
   outer loop
     vertex  3.206654e+00  9.432770e-01  3.850000e+00
     vertex  3.097379e+00  8.428361e-01  3.850000e+00
     vertex  3.097238e+00  9.064768e-01  3.107143e+00
   endloop
 endfacet
 facet normal  7.370317e-01 -6.717899e-01 -7.404477e-02
   outer loop
     vertex  3.356707e+00  1.092035e+00  3.850000e+00
     vertex  3.241353e+00  1.047356e+00  3.107143e+00
     vertex  3.394894e+00  1.215809e+00  3.107143e+00
   endloop
 endfacet
 facet normal  7.024781e-01 -7.085950e-01 -6.646556e-02
   outer loop
     vertex  3.356707e+00  1.092035e+00  3.850000e+00
     vertex  3.206654e+00  9.432770e-01  3.850000e+00
     vertex  3.241353e+00  1.047356e+00  3.107143e+00
   endloop
 endfacet
 facet normal  7.959410e-01 -6.009802e-01 -7.280658e-02
   outer loop
     vertex  3.556136e+00  1.339364e+00  3.850000e+00
     vertex  3.394894e+00  1.215809e+00  3.107143e+00
     vertex  3.533139e+00  1.398902e+00  3.107143e+00
   endloop
 endfacet
 facet normal  7.768407e-01 -6.263918e-01 -6.443417e-02
   outer loop
     vertex  3.556136e+00  1.339364e+00  3.850000e+00
     vertex  3.356707e+00  1.092035e+00  3.850000e+00
     vertex  3.394894e+00  1.215809e+00  3.107143e+00
   endloop
 endfacet
 facet normal  9.881094e-01  1.536765e-01  4.833370e-03
   outer loop
     vertex  2.411588e+00  5.974987e-01  3.850000e+00
     vertex  2.479143e+00  1.631362e-01  3.850000e+00
     vertex  2.476277e+00  2.049250e-01  3.107143e+00
   endloop
 endfacet
 facet normal  9.853812e-01  1.703123e-01 -4.195647e-03
   outer loop
     vertex  2.411588e+00  5.974987e-01  3.850000e+00
     vertex  2.476277e+00  2.049250e-01  3.107143e+00
     vertex  2.401403e+00  6.381285e-01  3.107143e+00
   endloop
 endfacet
 facet normal  5.503873e-01  8.316263e-01  7.396986e-02
   outer loop
     vertex  3.534356e+00 -2.362388e-02  3.850000e+00
     vertex  3.794938e+00 -1.960822e-01  3.850000e+00
     vertex  3.797712e+00 -1.318442e-01  3.107143e+00
   endloop
 endfacet
 facet normal  5.355197e-01  8.418440e-01  6.721048e-02
   outer loop
     vertex  3.534356e+00 -2.362388e-02  3.850000e+00
     vertex  3.797712e+00 -1.318442e-01  3.107143e+00
     vertex  3.529349e+00  3.886860e-02  3.107143e+00
   endloop
 endfacet
 facet normal  4.386860e-01  8.957195e-01  7.239536e-02
   outer loop
     vertex  3.534356e+00 -2.362388e-02  3.850000e+00
     vertex  3.529349e+00  3.886860e-02  3.107143e+00
     vertex  3.339878e+00  1.316636e-01  3.107143e+00
   endloop
 endfacet
 facet normal  4.046698e-01  9.122910e-01  6.298835e-02
   outer loop
     vertex  3.255022e+00  1.180138e-01  3.850000e+00
     vertex  3.339878e+00  1.316636e-01  3.107143e+00
     vertex  3.204174e+00  1.918585e-01  3.107143e+00
   endloop
 endfacet
 facet normal  4.511970e-01  8.898382e-01  6.789058e-02
   outer loop
     vertex  3.255022e+00  1.180138e-01  3.850000e+00
     vertex  3.534356e+00 -2.362388e-02  3.850000e+00
     vertex  3.339878e+00  1.316636e-01  3.107143e+00
   endloop
 endfacet
 facet normal  2.031895e-01  9.767634e-01  6.817163e-02
   outer loop
     vertex  3.190035e+00  1.429533e-01  3.850000e+00
     vertex  3.204174e+00  1.918585e-01  3.107143e+00
     vertex  3.147007e+00  2.037507e-01  3.107143e+00
   endloop
 endfacet
 facet normal  3.574522e-01  9.314435e-01  6.812421e-02
   outer loop
     vertex  3.190035e+00  1.429533e-01  3.850000e+00
     vertex  3.255022e+00  1.180138e-01  3.850000e+00
     vertex  3.204174e+00  1.918585e-01  3.107143e+00
   endloop
 endfacet
 facet normal  2.028568e-01  9.768308e-01  6.819642e-02
   outer loop
     vertex  3.156832e+00  1.498486e-01  3.850000e+00
     vertex  3.190035e+00  1.429533e-01  3.850000e+00
     vertex  3.147007e+00  2.037507e-01  3.107143e+00
   endloop
 endfacet
 facet normal -5.221859e-02  9.962512e-01  6.896938e-02
   outer loop
     vertex  3.131501e+00  1.515108e-01  3.850000e+00
     vertex  3.147007e+00  2.037507e-01  3.107143e+00
     vertex  3.092962e+00  2.009179e-01  3.107143e+00
   endloop
 endfacet
 facet normal  6.531273e-02  9.953103e-01  7.135643e-02
   outer loop
     vertex  3.131501e+00  1.515108e-01  3.850000e+00
     vertex  3.156832e+00  1.498486e-01  3.850000e+00
     vertex  3.147007e+00  2.037507e-01  3.107143e+00
   endloop
 endfacet
 facet normal -6.050757e-02  9.957546e-01  6.936638e-02
   outer loop
     vertex  3.104524e+00  1.498715e-01  3.850000e+00
     vertex  3.131501e+00  1.515108e-01  3.850000e+00
     vertex  3.092962e+00  2.009179e-01  3.107143e+00
   endloop
 endfacet
 facet normal -1.744468e-01  9.825221e-01  6.495148e-02
   outer loop
     vertex  2.947686e+00  1.260162e-01  3.850000e+00
     vertex  3.092962e+00  2.009179e-01  3.107143e+00
     vertex  2.952036e+00  1.758966e-01  3.107143e+00
   endloop
 endfacet
 facet normal  7.745388e-02  9.947255e-01  6.724617e-02
   outer loop
     vertex  2.947686e+00  1.260162e-01  3.850000e+00
     vertex  2.952036e+00  1.758966e-01  3.107143e+00
     vertex  2.785098e+00  1.888952e-01  3.107143e+00
   endloop
 endfacet
 facet normal -1.500017e-01  9.861973e-01  7.010264e-02
   outer loop
     vertex  2.947686e+00  1.260162e-01  3.850000e+00
     vertex  3.104524e+00  1.498715e-01  3.850000e+00
     vertex  3.092962e+00  2.009179e-01  3.107143e+00
   endloop
 endfacet
 facet normal  5.175582e-02  9.970945e-01  5.589113e-02
   outer loop
     vertex  2.479143e+00  1.631362e-01  3.850000e+00
     vertex  2.785098e+00  1.888952e-01  3.107143e+00
     vertex  2.476277e+00  2.049250e-01  3.107143e+00
   endloop
 endfacet
 facet normal  7.879971e-02  9.946402e-01  6.694438e-02
   outer loop
     vertex  2.479143e+00  1.631362e-01  3.850000e+00
     vertex  2.947686e+00  1.260162e-01  3.850000e+00
     vertex  2.785098e+00  1.888952e-01  3.107143e+00
   endloop
 endfacet
 facet normal  9.938233e-01  1.109740e-01 -3.022446e-04
   outer loop
     vertex  3.778542e+00  4.032660e-01 -3.107143e+00
     vertex  3.781285e+00  3.766716e-01 -3.850000e+00
     vertex  3.771236e+00  4.666710e-01 -3.850000e+00
   endloop
 endfacet
 facet normal  9.961854e-01  8.726010e-02  5.554424e-04
   outer loop
     vertex  3.789187e+00  2.864582e-01 -3.850000e+00
     vertex  3.781285e+00  3.766716e-01 -3.850000e+00
     vertex  3.778542e+00  4.032660e-01 -3.107143e+00
   endloop
 endfacet
 facet normal  9.979820e-01  6.349667e-02  6.749115e-05
   outer loop
     vertex  3.788411e+00  2.965455e-01 -1.864286e+00
     vertex  3.794938e+00  1.960822e-01 -3.850000e+00
     vertex  3.789187e+00  2.864582e-01 -3.850000e+00
   endloop
 endfacet
 facet normal  9.958296e-01  9.123227e-02 -7.424475e-05
   outer loop
     vertex  3.788411e+00  2.965455e-01 -1.864286e+00
     vertex  3.789187e+00  2.864582e-01 -3.850000e+00
     vertex  3.778542e+00  4.032660e-01 -3.107143e+00
   endloop
 endfacet
 facet normal  9.986903e-01  5.115909e-02  6.940145e-04
   outer loop
     vertex  3.797712e+00  1.318442e-01 -3.107143e+00
     vertex  3.794938e+00  1.960822e-01 -3.850000e+00
     vertex  3.788411e+00  2.965455e-01 -1.864286e+00
   endloop
 endfacet
 facet normal  9.982359e-01  5.937033e-02 -3.975251e-04
   outer loop
     vertex  3.795268e+00  1.895891e-01 -6.214286e-01
     vertex  3.797712e+00  1.318442e-01 -3.107143e+00
     vertex  3.788411e+00  2.965455e-01 -1.864286e+00
   endloop
 endfacet
 facet normal  9.996822e-01  2.520745e-02  3.975251e-04
   outer loop
     vertex  3.799920e+00  2.469097e-02 -1.864286e+00
     vertex  3.797712e+00  1.318442e-01 -3.107143e+00
     vertex  3.795268e+00  1.895891e-01 -6.214286e-01
   endloop
 endfacet
 facet normal  9.995132e-01  3.119507e-02 -3.975251e-04
   outer loop
     vertex  3.799105e+00  8.248186e-02  6.214286e-01
     vertex  3.799920e+00  2.469097e-02 -1.864286e+00
     vertex  3.795268e+00  1.895891e-01 -6.214286e-01
   endloop
 endfacet
 facet normal  9.999954e-01 -2.995004e-03  3.975251e-04
   outer loop
     vertex  3.799105e+00 -8.248186e-02 -6.214286e-01
     vertex  3.799920e+00  2.469097e-02 -1.864286e+00
     vertex  3.799105e+00  8.248186e-02  6.214286e-01
   endloop
 endfacet
 facet normal  9.999954e-01  2.995004e-03 -3.975251e-04
   outer loop
     vertex  3.799920e+00 -2.469097e-02  1.864286e+00
     vertex  3.799105e+00 -8.248186e-02 -6.214286e-01
     vertex  3.799105e+00  8.248186e-02  6.214286e-01
   endloop
 endfacet
 facet normal  9.995132e-01 -3.119507e-02  3.975251e-04
   outer loop
     vertex  3.795268e+00 -1.895891e-01  6.214286e-01
     vertex  3.799105e+00 -8.248186e-02 -6.214286e-01
     vertex  3.799920e+00 -2.469097e-02  1.864286e+00
   endloop
 endfacet
 facet normal  9.996822e-01 -2.520745e-02 -3.975251e-04
   outer loop
     vertex  3.797712e+00 -1.318442e-01  3.107143e+00
     vertex  3.795268e+00 -1.895891e-01  6.214286e-01
     vertex  3.799920e+00 -2.469097e-02  1.864286e+00
   endloop
 endfacet
 facet normal  9.982359e-01 -5.937033e-02  3.975251e-04
   outer loop
     vertex  3.788411e+00 -2.965455e-01  1.864286e+00
     vertex  3.795268e+00 -1.895891e-01  6.214286e-01
     vertex  3.797712e+00 -1.318442e-01  3.107143e+00
   endloop
 endfacet
 facet normal  9.986903e-01 -5.115909e-02 -6.940145e-04
   outer loop
     vertex  3.794938e+00 -1.960822e-01  3.850000e+00
     vertex  3.788411e+00 -2.965455e-01  1.864286e+00
     vertex  3.797712e+00 -1.318442e-01  3.107143e+00
   endloop
 endfacet
 facet normal  9.979820e-01 -6.349667e-02 -6.749115e-05
   outer loop
     vertex  3.789187e+00 -2.864582e-01  3.850000e+00
     vertex  3.788411e+00 -2.965455e-01  1.864286e+00
     vertex  3.794938e+00 -1.960822e-01  3.850000e+00
   endloop
 endfacet
 facet normal  9.958296e-01 -9.123227e-02  7.424475e-05
   outer loop
     vertex  3.778542e+00 -4.032660e-01  3.107143e+00
     vertex  3.788411e+00 -2.965455e-01  1.864286e+00
     vertex  3.789187e+00 -2.864582e-01  3.850000e+00
   endloop
 endfacet
 facet normal  9.961854e-01 -8.726010e-02 -5.554424e-04
   outer loop
     vertex  3.781285e+00 -3.766716e-01  3.850000e+00
     vertex  3.778542e+00 -4.032660e-01  3.107143e+00
     vertex  3.789187e+00 -2.864582e-01  3.850000e+00
   endloop
 endfacet
 facet normal  9.938233e-01 -1.109740e-01  3.022446e-04
   outer loop
     vertex  3.771236e+00 -4.666710e-01  3.850000e+00
     vertex  3.778542e+00 -4.032660e-01  3.107143e+00
     vertex  3.781285e+00 -3.766716e-01  3.850000e+00
   endloop
 endfacet
 facet normal -1.047053e-01 -9.929364e-01 -5.580399e-02
   outer loop
     vertex  2.730481e+00 -6.251376e-01  3.850000e+00
     vertex  2.413027e+00 -5.916620e-01  3.850000e+00
     vertex  2.422890e+00 -5.509528e-01  3.107143e+00
   endloop
 endfacet
 facet normal -7.850596e-02 -9.946714e-01 -6.682548e-02
   outer loop
     vertex  2.730481e+00 -6.251376e-01  3.850000e+00
     vertex  2.422890e+00 -5.509528e-01  3.107143e+00
     vertex  2.891134e+00 -5.879097e-01  3.107143e+00
   endloop
 endfacet
 facet normal -2.411871e-01 -9.682291e-01 -6.603883e-02
   outer loop
     vertex  2.890686e+00 -6.384651e-01  3.850000e+00
     vertex  2.891134e+00 -5.879097e-01  3.107143e+00
     vertex  2.945145e+00 -6.013638e-01  3.107143e+00
   endloop
 endfacet
 facet normal -8.271354e-02 -9.942701e-01 -6.771532e-02
   outer loop
     vertex  2.890686e+00 -6.384651e-01  3.850000e+00
     vertex  2.730481e+00 -6.251376e-01  3.850000e+00
     vertex  2.891134e+00 -5.879097e-01  3.107143e+00
   endloop
 endfacet
 facet normal -3.242066e-01 -9.433344e-01 -7.078279e-02
   outer loop
     vertex  3.040879e+00 -6.900059e-01  3.850000e+00
     vertex  2.945145e+00 -6.013638e-01  3.107143e+00
     vertex  3.056677e+00 -6.396952e-01  3.107143e+00
   endloop
 endfacet
 facet normal -3.237673e-01 -9.434798e-01 -7.085675e-02
   outer loop
     vertex  3.040879e+00 -6.900059e-01  3.850000e+00
     vertex  2.890686e+00 -6.384651e-01  3.850000e+00
     vertex  2.945145e+00 -6.013638e-01  3.107143e+00
   endloop
 endfacet
 facet normal -1.015324e-01 -9.921812e-01 -7.257880e-02
   outer loop
     vertex  3.074785e+00 -6.958889e-01  3.850000e+00
     vertex  3.056677e+00 -6.396952e-01  3.107143e+00
     vertex  3.103156e+00 -6.444515e-01  3.107143e+00
   endloop
 endfacet
 facet normal -1.705316e-01 -9.828490e-01 -7.019088e-02
   outer loop
     vertex  3.074785e+00 -6.958889e-01  3.850000e+00
     vertex  3.040879e+00 -6.900059e-01  3.850000e+00
     vertex  3.056677e+00 -6.396952e-01  3.107143e+00
   endloop
 endfacet
 facet normal  1.264156e-01 -9.894948e-01 -7.013605e-02
   outer loop
     vertex  3.134277e+00 -6.931297e-01  3.850000e+00
     vertex  3.103156e+00 -6.444515e-01  3.107143e+00
     vertex  3.163729e+00 -6.367128e-01  3.107143e+00
   endloop
 endfacet
 facet normal  4.622418e-02 -9.966651e-01 -6.724634e-02
   outer loop
     vertex  3.134277e+00 -6.931297e-01  3.850000e+00
     vertex  3.074785e+00 -6.958889e-01  3.850000e+00
     vertex  3.103156e+00 -6.444515e-01  3.107143e+00
   endloop
 endfacet
 facet normal  2.859935e-01 -9.558594e-01 -6.738283e-02
   outer loop
     vertex  3.277715e+00 -6.549754e-01  3.850000e+00
     vertex  3.163729e+00 -6.367128e-01  3.107143e+00
     vertex  3.356806e+00 -5.789439e-01  3.107143e+00
   endloop
 endfacet
 facet normal  2.565480e-01 -9.644711e-01 -6.307632e-02
   outer loop
     vertex  3.277715e+00 -6.549754e-01  3.850000e+00
     vertex  3.134277e+00 -6.931297e-01  3.850000e+00
     vertex  3.163729e+00 -6.367128e-01  3.107143e+00
   endloop
 endfacet
 facet normal  3.404128e-01 -9.373561e-01 -7.404477e-02
   outer loop
     vertex  3.479711e+00 -5.929902e-01  3.850000e+00
     vertex  3.356806e+00 -5.789439e-01  3.107143e+00
     vertex  3.571044e+00 -5.011408e-01  3.107143e+00
   endloop
 endfacet
 facet normal  2.927134e-01 -9.538874e-01 -6.646555e-02
   outer loop
     vertex  3.479711e+00 -5.929902e-01  3.850000e+00
     vertex  3.277715e+00 -6.549754e-01  3.850000e+00
     vertex  3.356806e+00 -5.789439e-01  3.107143e+00
   endloop
 endfacet
 facet normal  4.254813e-01 -9.020337e-01 -7.280658e-02
   outer loop
     vertex  3.771236e+00 -4.666710e-01  3.850000e+00
     vertex  3.571044e+00 -5.011408e-01  3.107143e+00
     vertex  3.778542e+00 -4.032660e-01  3.107143e+00
   endloop
 endfacet
 facet normal  3.967597e-01 -9.156582e-01 -6.443422e-02
   outer loop
     vertex  3.771236e+00 -4.666710e-01  3.850000e+00
     vertex  3.479711e+00 -5.929902e-01  3.850000e+00
     vertex  3.571044e+00 -5.011408e-01  3.107143e+00
   endloop
 endfacet
 facet normal  9.463445e-01 -3.231235e-01  4.833370e-03
   outer loop
     vertex  2.413027e+00 -5.916620e-01  3.850000e+00
     vertex  2.270985e+00 -1.007665e+00  3.850000e+00
     vertex  2.287868e+00 -9.693313e-01  3.107143e+00
   endloop
 endfacet
 facet normal  9.516598e-01 -3.071254e-01 -4.195647e-03
   outer loop
     vertex  2.413027e+00 -5.916620e-01  3.850000e+00
     vertex  2.287868e+00 -9.693313e-01  3.107143e+00
     vertex  2.422890e+00 -5.509528e-01  3.107143e+00
   endloop
 endfacet
 facet normal  8.738198e-01  4.805907e-01  7.396986e-02
   outer loop
     vertex  3.118538e+00 -1.663415e+00  3.850000e+00
     vertex  3.269126e+00 -1.937218e+00  3.850000e+00
     vertex  3.301436e+00 -1.881627e+00  3.107143e+00
   endloop
 endfacet
 facet normal  8.654036e-01  4.965474e-01  6.721048e-02
   outer loop
     vertex  3.118538e+00 -1.663415e+00  3.850000e+00
     vertex  3.301436e+00 -1.881627e+00  3.107143e+00
     vertex  3.143147e+00 -1.605754e+00  3.107143e+00
   endloop
 endfacet
 facet normal  8.046988e-01  5.892527e-01  7.239536e-02
   outer loop
     vertex  3.118538e+00 -1.663415e+00  3.850000e+00
     vertex  3.143147e+00 -1.605754e+00  3.107143e+00
     vertex  3.018503e+00 -1.435536e+00  3.107143e+00
   endloop
 endfacet
 facet normal  7.822800e-01  6.197341e-01  6.298835e-02
   outer loop
     vertex  2.937023e+00 -1.408188e+00  3.850000e+00
     vertex  3.018503e+00 -1.435536e+00  3.107143e+00
     vertex  2.926317e+00 -1.319172e+00  3.107143e+00
   endloop
 endfacet
 facet normal  8.130436e-01  5.782309e-01  6.789058e-02
   outer loop
     vertex  2.937023e+00 -1.408188e+00  3.850000e+00
     vertex  3.118538e+00 -1.663415e+00  3.850000e+00
     vertex  3.018503e+00 -1.435536e+00  3.107143e+00
   endloop
 endfacet
 facet normal  6.338400e-01  7.704541e-01  6.817163e-02
   outer loop
     vertex  2.891070e+00 -1.355904e+00  3.850000e+00
     vertex  2.926317e+00 -1.319172e+00  3.107143e+00
     vertex  2.881224e+00 -1.282075e+00  3.107143e+00
   endloop
 endfacet
 facet normal  7.493716e-01  6.586359e-01  6.812422e-02
   outer loop
     vertex  2.891070e+00 -1.355904e+00  3.850000e+00
     vertex  2.937023e+00 -1.408188e+00  3.850000e+00
     vertex  2.926317e+00 -1.319172e+00  3.107143e+00
   endloop
 endfacet
 facet normal  6.335766e-01  7.706685e-01  6.819642e-02
   outer loop
     vertex  2.864874e+00 -1.334369e+00  3.850000e+00
     vertex  2.891070e+00 -1.355904e+00  3.850000e+00
     vertex  2.881224e+00 -1.282075e+00  3.107143e+00
   endloop
 endfacet
 facet normal  4.167437e-01  9.064038e-01  6.896938e-02
   outer loop
     vertex  2.843217e+00 -1.321125e+00  3.850000e+00
     vertex  2.881224e+00 -1.282075e+00  3.107143e+00
     vertex  2.832053e+00 -1.259467e+00  3.107143e+00
   endloop
 endfacet
 facet normal  5.203753e-01  8.509511e-01  7.135643e-02
   outer loop
     vertex  2.843217e+00 -1.321125e+00  3.850000e+00
     vertex  2.864874e+00 -1.334369e+00  3.850000e+00
     vertex  2.881224e+00 -1.282075e+00  3.107143e+00
   endloop
 endfacet
 facet normal  4.091734e-01  9.098161e-01  6.936638e-02
   outer loop
     vertex  2.818568e+00 -1.310040e+00  3.850000e+00
     vertex  2.843217e+00 -1.321125e+00  3.850000e+00
     vertex  2.832053e+00 -1.259467e+00  3.107143e+00
   endloop
 endfacet
 facet normal  3.021358e-01  9.510496e-01  6.495148e-02
   outer loop
     vertex  2.668609e+00 -1.258276e+00  3.850000e+00
     vertex  2.832053e+00 -1.259467e+00  3.107143e+00
     vertex  2.695641e+00 -1.216131e+00  3.107143e+00
   endloop
 endfacet
 facet normal  5.308540e-01  8.447911e-01  6.724617e-02
   outer loop
     vertex  2.668609e+00 -1.258276e+00  3.850000e+00
     vertex  2.695641e+00 -1.216131e+00  3.107143e+00
     vertex  2.553865e+00 -1.127041e+00  3.107143e+00
   endloop
 endfacet
 facet normal  3.254888e-01  9.429436e-01  7.010264e-02
   outer loop
     vertex  2.668609e+00 -1.258276e+00  3.850000e+00
     vertex  2.818568e+00 -1.310040e+00  3.850000e+00
     vertex  2.832053e+00 -1.259467e+00  3.107143e+00
   endloop
 endfacet
 facet normal  5.092004e-01  8.588312e-01  5.589113e-02
   outer loop
     vertex  2.270985e+00 -1.007665e+00  3.850000e+00
     vertex  2.553865e+00 -1.127041e+00  3.107143e+00
     vertex  2.287868e+00 -9.693313e-01  3.107143e+00
   endloop
 endfacet
 facet normal  5.320060e-01  8.440901e-01  6.694438e-02
   outer loop
     vertex  2.270985e+00 -1.007665e+00  3.850000e+00
     vertex  2.668609e+00 -1.258276e+00  3.850000e+00
     vertex  2.553865e+00 -1.127041e+00  3.107143e+00
   endloop
 endfacet
 facet normal  9.315590e-01 -3.635901e-01 -3.022446e-04
   outer loop
     vertex  3.533139e+00 -1.398902e+00 -3.107143e+00
     vertex  3.523210e+00 -1.423725e+00 -3.850000e+00
     vertex  3.556136e+00 -1.339364e+00 -3.850000e+00
   endloop
 endfacet
 facet normal  9.226302e-01 -3.856855e-01  5.554424e-04
   outer loop
     vertex  3.488283e+00 -1.507277e+00 -3.850000e+00
     vertex  3.523210e+00 -1.423725e+00 -3.850000e+00
     vertex  3.533139e+00 -1.398902e+00 -3.107143e+00
   endloop
 endfacet
 facet normal  9.131776e-01 -4.075619e-01  6.749115e-05
   outer loop
     vertex  3.492283e+00 -1.497985e+00 -1.864286e+00
     vertex  3.451374e+00 -1.589973e+00 -3.850000e+00
     vertex  3.488283e+00 -1.507277e+00 -3.850000e+00
   endloop
 endfacet
 facet normal  9.241611e-01 -3.820029e-01 -7.424475e-05
   outer loop
     vertex  3.492283e+00 -1.497985e+00 -1.864286e+00
     vertex  3.488283e+00 -1.507277e+00 -3.850000e+00
     vertex  3.533139e+00 -1.398902e+00 -3.107143e+00
   endloop
 endfacet
 facet normal  9.080711e-01 -4.188154e-01  6.940145e-04
   outer loop
     vertex  3.423978e+00 -1.648143e+00 -3.107143e+00
     vertex  3.451374e+00 -1.589973e+00 -3.850000e+00
     vertex  3.492283e+00 -1.497985e+00 -1.864286e+00
   endloop
 endfacet
 facet normal  9.114848e-01 -4.113336e-01 -3.975251e-04
   outer loop
     vertex  3.448649e+00 -1.595876e+00 -6.214286e-01
     vertex  3.423978e+00 -1.648143e+00 -3.107143e+00
     vertex  3.492283e+00 -1.497985e+00 -1.864286e+00
   endloop
 endfacet
 facet normal  8.968891e-01 -4.422554e-01  3.975251e-04
   outer loop
     vertex  3.376136e+00 -1.744048e+00 -1.864286e+00
     vertex  3.423978e+00 -1.648143e+00 -3.107143e+00
     vertex  3.448649e+00 -1.595876e+00 -6.214286e-01
   endloop
 endfacet
 facet normal  8.995221e-01 -4.368751e-01 -3.975251e-04
   outer loop
     vertex  3.402271e+00 -1.692498e+00  6.214286e-01
     vertex  3.376136e+00 -1.744048e+00 -1.864286e+00
     vertex  3.448649e+00 -1.595876e+00 -6.214286e-01
   endloop
 endfacet
 facet normal  8.840601e-01 -4.673730e-01  3.975251e-04
   outer loop
     vertex  3.325609e+00 -1.838566e+00 -6.214286e-01
     vertex  3.376136e+00 -1.744048e+00 -1.864286e+00
     vertex  3.402271e+00 -1.692498e+00  6.214286e-01
   endloop
 endfacet
 facet normal  8.868438e-01 -4.620691e-01 -3.975251e-04
   outer loop
     vertex  3.353187e+00 -1.787774e+00  1.864286e+00
     vertex  3.325609e+00 -1.838566e+00 -6.214286e-01
     vertex  3.402271e+00 -1.692498e+00  6.214286e-01
   endloop
 endfacet
 facet normal  8.705279e-01 -4.921188e-01  3.975251e-04
   outer loop
     vertex  3.272436e+00 -1.931622e+00  6.214286e-01
     vertex  3.325609e+00 -1.838566e+00 -6.214286e-01
     vertex  3.353187e+00 -1.787774e+00  1.864286e+00
   endloop
 endfacet
 facet normal  8.734601e-01 -4.868956e-01 -3.975251e-04
   outer loop
     vertex  3.301436e+00 -1.881627e+00  3.107143e+00
     vertex  3.272436e+00 -1.931622e+00  6.214286e-01
     vertex  3.353187e+00 -1.787774e+00  1.864286e+00
   endloop
 endfacet
 facet normal  8.563033e-01 -5.164732e-01  3.975251e-04
   outer loop
     vertex  3.216660e+00 -2.023141e+00  1.864286e+00
     vertex  3.272436e+00 -1.931622e+00  6.214286e-01
     vertex  3.301436e+00 -1.881627e+00  3.107143e+00
   endloop
 endfacet
 facet normal  8.605215e-01 -5.094136e-01 -6.940145e-04
   outer loop
     vertex  3.269126e+00 -1.937218e+00  3.850000e+00
     vertex  3.216660e+00 -2.023141e+00  1.864286e+00
     vertex  3.301436e+00 -1.881627e+00  3.107143e+00
   endloop
 endfacet
 facet normal  8.541608e-01 -5.200089e-01 -6.749115e-05
   outer loop
     vertex  3.222035e+00 -2.014569e+00  3.850000e+00
     vertex  3.216660e+00 -2.023141e+00  1.864286e+00
     vertex  3.269126e+00 -1.937218e+00  3.850000e+00
   endloop
 endfacet
 facet normal  8.393656e-01 -5.435673e-01  7.424475e-05
   outer loop
     vertex  3.158325e+00 -2.113050e+00  3.107143e+00
     vertex  3.216660e+00 -2.023141e+00  1.864286e+00
     vertex  3.222035e+00 -2.014569e+00  3.850000e+00
   endloop
 endfacet
 facet normal  8.415266e-01 -5.402154e-01 -5.554424e-04
   outer loop
     vertex  3.173114e+00 -2.090777e+00  3.850000e+00
     vertex  3.158325e+00 -2.113050e+00  3.107143e+00
     vertex  3.222035e+00 -2.014569e+00  3.850000e+00
   endloop
 endfacet
 facet normal  8.284146e-01 -5.601153e-01  3.022446e-04
   outer loop
     vertex  3.122390e+00 -2.165797e+00  3.850000e+00
     vertex  3.158325e+00 -2.113050e+00  3.107143e+00
     vertex  3.173114e+00 -2.090777e+00  3.850000e+00
   endloop
 endfacet
 facet normal -5.541524e-01 -8.305426e-01 -5.580399e-02
   outer loop
     vertex  2.127206e+00 -1.822450e+00  3.850000e+00
     vertex  1.861670e+00 -1.645280e+00  3.850000e+00
     vertex  1.889322e+00 -1.613817e+00  3.107143e+00
   endloop
 endfacet
 facet normal -5.317604e-01 -8.442542e-01 -6.682547e-02
   outer loop
     vertex  2.127206e+00 -1.822450e+00  3.850000e+00
     vertex  1.889322e+00 -1.613817e+00  3.107143e+00
     vertex  2.286757e+00 -1.864145e+00  3.107143e+00
   endloop
 endfacet
 facet normal -6.635212e-01 -7.452414e-01 -6.599175e-02
   outer loop
     vertex  2.263601e+00 -1.909309e+00  3.850000e+00
     vertex  2.286757e+00 -1.864145e+00  3.107143e+00
     vertex  2.328329e+00 -1.901158e+00  3.107143e+00
   endloop
 endfacet
 facet normal -5.359097e-01 -8.415430e-01 -6.786884e-02
   outer loop
     vertex  2.263601e+00 -1.909309e+00  3.850000e+00
     vertex  2.127206e+00 -1.822450e+00  3.850000e+00
     vertex  2.286757e+00 -1.864145e+00  3.107143e+00
   endloop
 endfacet
 facet normal -7.254601e-01 -6.846148e-01 -7.078251e-02
   outer loop
     vertex  2.371905e+00 -2.024139e+00  3.850000e+00
     vertex  2.328329e+00 -1.901158e+00  3.107143e+00
     vertex  2.409272e+00 -1.986930e+00  3.107143e+00
   endloop
 endfacet
 facet normal -7.256531e-01 -6.844149e-01 -7.073808e-02
   outer loop
     vertex  2.371905e+00 -2.024139e+00  3.850000e+00
     vertex  2.263601e+00 -1.909309e+00  3.850000e+00
     vertex  2.328329e+00 -1.901158e+00  3.107143e+00
   endloop
 endfacet
 facet normal -5.509921e-01 -8.313483e-01 -7.257874e-02
   outer loop
     vertex  2.399194e+00 -2.045104e+00  3.850000e+00
     vertex  2.409272e+00 -1.986930e+00  3.107143e+00
     vertex  2.448216e+00 -2.012742e+00  3.107143e+00
   endloop
 endfacet
 facet normal -6.077409e-01 -7.910273e-01 -7.019104e-02
   outer loop
     vertex  2.399194e+00 -2.045104e+00  3.850000e+00
     vertex  2.371905e+00 -2.024139e+00  3.850000e+00
     vertex  2.409272e+00 -1.986930e+00  3.107143e+00
   endloop
 endfacet
 facet normal -3.479057e-01 -9.349024e-01 -7.013600e-02
   outer loop
     vertex  2.453152e+00 -2.070308e+00  3.850000e+00
     vertex  2.448216e+00 -2.012742e+00  3.107143e+00
     vertex  2.505447e+00 -2.034039e+00  3.107143e+00
   endloop
 endfacet
 facet normal -4.222365e-01 -9.039880e-01 -6.724646e-02
   outer loop
     vertex  2.453152e+00 -2.070308e+00  3.850000e+00
     vertex  2.399194e+00 -2.045104e+00  3.850000e+00
     vertex  2.448216e+00 -2.012742e+00  3.107143e+00
   endloop
 endfacet
 facet normal -1.909753e-01 -9.792793e-01 -6.738281e-02
   outer loop
     vertex  2.597889e+00 -2.103182e+00  3.850000e+00
     vertex  2.505447e+00 -2.034039e+00  3.107143e+00
     vertex  2.703256e+00 -2.072615e+00  3.107143e+00
   endloop
 endfacet
 facet normal -2.210494e-01 -9.732207e-01 -6.307647e-02
   outer loop
     vertex  2.597889e+00 -2.103182e+00  3.850000e+00
     vertex  2.453152e+00 -2.070308e+00  3.850000e+00
     vertex  2.505447e+00 -2.034039e+00  3.107143e+00
   endloop
 endfacet
 facet normal -1.341905e-01 -9.881853e-01 -7.404477e-02
   outer loop
     vertex  2.805554e+00 -2.142169e+00  3.850000e+00
     vertex  2.703256e+00 -2.072615e+00  3.107143e+00
     vertex  2.929111e+00 -2.103285e+00  3.107143e+00
   endloop
 endfacet
 facet normal -1.841092e-01 -9.806560e-01 -6.646556e-02
   outer loop
     vertex  2.805554e+00 -2.142169e+00  3.850000e+00
     vertex  2.597889e+00 -2.103182e+00  3.850000e+00
     vertex  2.703256e+00 -2.072615e+00  3.107143e+00
   endloop
 endfacet
 facet normal -4.245098e-02 -9.964422e-01 -7.280658e-02
   outer loop
     vertex  3.122390e+00 -2.165797e+00  3.850000e+00
     vertex  2.929111e+00 -2.103285e+00  3.107143e+00
     vertex  3.158325e+00 -2.113050e+00  3.107143e+00
   endloop
 endfacet
 facet normal -7.421455e-02 -9.951585e-01 -6.443417e-02
   outer loop
     vertex  3.122390e+00 -2.165797e+00  3.850000e+00
     vertex  2.805554e+00 -2.142169e+00  3.850000e+00
     vertex  2.929111e+00 -2.103285e+00  3.107143e+00
   endloop
 endfacet
 facet normal  6.877834e-01 -7.258999e-01  4.833370e-03
   outer loop
     vertex  1.861670e+00 -1.645280e+00  3.850000e+00
     vertex  1.542572e+00 -1.947623e+00  3.850000e+00
     vertex  1.575336e+00 -1.921525e+00  3.107143e+00
   endloop
 endfacet
 facet normal  6.999246e-01 -7.142044e-01 -4.195647e-03
   outer loop
     vertex  1.861670e+00 -1.645280e+00  3.850000e+00
     vertex  1.575336e+00 -1.921525e+00  3.107143e+00
     vertex  1.889322e+00 -1.613817e+00  3.107143e+00
   endloop
 endfacet
 facet normal  9.970706e-01  1.945765e-02  7.396986e-02
   outer loop
     vertex  1.988301e+00 -2.922138e+00  3.850000e+00
     vertex  1.994398e+00 -3.234560e+00  3.850000e+00
     vertex  2.048841e+00 -3.200352e+00  3.107143e+00
   endloop
 endfacet
 facet normal  9.970339e-01  3.749783e-02  6.721048e-02
   outer loop
     vertex  1.988301e+00 -2.922138e+00  3.850000e+00
     vertex  2.048841e+00 -3.200352e+00  3.107143e+00
     vertex  2.036887e+00 -2.882518e+00  3.107143e+00
   endloop
 endfacet
 facet normal  9.863648e-01  1.477952e-01  7.239536e-02
   outer loop
     vertex  1.988301e+00 -2.922138e+00  3.850000e+00
     vertex  2.036887e+00 -2.882518e+00  3.107143e+00
     vertex  2.005624e+00 -2.673872e+00  3.107143e+00
   endloop
 endfacet
 facet normal  9.806794e-01  1.852037e-01  6.298835e-02
   outer loop
     vertex  1.946187e+00 -2.611791e+00  3.850000e+00
     vertex  2.005624e+00 -2.673872e+00  3.107143e+00
     vertex  1.978075e+00 -2.527996e+00  3.107143e+00
   endloop
 endfacet
 facet normal  9.886316e-01  1.341579e-01  6.789058e-02
   outer loop
     vertex  1.946187e+00 -2.611791e+00  3.850000e+00
     vertex  1.988301e+00 -2.922138e+00  3.850000e+00
     vertex  2.005624e+00 -2.673872e+00  3.107143e+00
   endloop
 endfacet
 facet normal  9.192853e-01  3.876431e-01  6.817163e-02
   outer loop
     vertex  1.929795e+00 -2.544141e+00  3.850000e+00
     vertex  1.978075e+00 -2.527996e+00  3.107143e+00
     vertex  1.955387e+00 -2.474192e+00  3.107143e+00
   endloop
 endfacet
 facet normal  9.696190e-01  2.349428e-01  6.812422e-02
   outer loop
     vertex  1.929795e+00 -2.544141e+00  3.850000e+00
     vertex  1.946187e+00 -2.611791e+00  3.850000e+00
     vertex  1.978075e+00 -2.527996e+00  3.107143e+00
   endloop
 endfacet
 facet normal  9.191517e-01  3.879553e-01  6.819642e-02
   outer loop
     vertex  1.916608e+00 -2.512898e+00  3.850000e+00
     vertex  1.929795e+00 -2.544141e+00  3.850000e+00
     vertex  1.955387e+00 -2.474192e+00  3.107143e+00
   endloop
 endfacet
 facet normal  7.902351e-01  6.089102e-01  6.896938e-02
   outer loop
     vertex  1.903586e+00 -2.491107e+00  3.850000e+00
     vertex  1.955387e+00 -2.474192e+00  3.107143e+00
     vertex  1.922355e+00 -2.431323e+00  3.107143e+00
   endloop
 endfacet
 facet normal  8.562261e-01  5.116494e-01  7.135643e-02
   outer loop
     vertex  1.903586e+00 -2.491107e+00  3.850000e+00
     vertex  1.916608e+00 -2.512898e+00  3.850000e+00
     vertex  1.955387e+00 -2.474192e+00  3.107143e+00
   endloop
 endfacet
 facet normal  7.851177e-01  6.154498e-01  6.936638e-02
   outer loop
     vertex  1.886913e+00 -2.469837e+00  3.850000e+00
     vertex  1.903586e+00 -2.491107e+00  3.850000e+00
     vertex  1.922355e+00 -2.431323e+00  3.107143e+00
   endloop
 endfacet
 facet normal  7.095027e-01  7.017031e-01  6.495148e-02
   outer loop
     vertex  1.778186e+00 -2.354312e+00  3.850000e+00
     vertex  1.922355e+00 -2.431323e+00  3.107143e+00
     vertex  1.821708e+00 -2.329557e+00  3.107143e+00
   endloop
 endfacet
 facet normal  8.626419e-01  5.013252e-01  6.724617e-02
   outer loop
     vertex  1.778186e+00 -2.354312e+00  3.850000e+00
     vertex  1.821708e+00 -2.329557e+00  3.107143e+00
     vertex  1.737573e+00 -2.184786e+00  3.107143e+00
   endloop
 endfacet
 facet normal  7.264138e-01  6.836729e-01  7.010264e-02
   outer loop
     vertex  1.778186e+00 -2.354312e+00  3.850000e+00
     vertex  1.886913e+00 -2.469837e+00  3.850000e+00
     vertex  1.922355e+00 -2.431323e+00  3.107143e+00
   endloop
 endfacet
 facet normal  8.499934e-01  5.238200e-01  5.589113e-02
   outer loop
     vertex  1.542572e+00 -1.947623e+00  3.850000e+00
     vertex  1.737573e+00 -2.184786e+00  3.107143e+00
     vertex  1.575336e+00 -1.921525e+00  3.107143e+00
   endloop
 endfacet
 facet normal  8.633361e-01  5.001691e-01  6.694438e-02
   outer loop
     vertex  1.542572e+00 -1.947623e+00  3.850000e+00
     vertex  1.778186e+00 -2.354312e+00  3.850000e+00
     vertex  1.737573e+00 -2.184786e+00  3.107143e+00
   endloop
 endfacet
 facet normal  6.558858e-01 -7.548601e-01 -3.022446e-04
   outer loop
     vertex  2.478338e+00 -2.880598e+00 -3.107143e+00
     vertex  2.458010e+00 -2.897963e+00 -3.850000e+00
     vertex  2.526369e+00 -2.838567e+00 -3.850000e+00
   endloop
 endfacet
 facet normal  6.377115e-01 -7.702751e-01  5.554424e-04
   outer loop
     vertex  2.388254e+00 -2.955713e+00 -3.850000e+00
     vertex  2.458010e+00 -2.897963e+00 -3.850000e+00
     vertex  2.478338e+00 -2.880598e+00 -3.107143e+00
   endloop
 endfacet
 facet normal  6.191752e-01 -7.852529e-01  6.749115e-05
   outer loop
     vertex  2.396115e+00 -2.949344e+00 -1.864286e+00
     vertex  2.317143e+00 -3.011785e+00 -3.850000e+00
     vertex  2.388254e+00 -2.955713e+00 -3.850000e+00
   endloop
 endfacet
 facet normal  6.407784e-01 -7.677259e-01 -7.424475e-05
   outer loop
     vertex  2.396115e+00 -2.949344e+00 -1.864286e+00
     vertex  2.388254e+00 -2.955713e+00 -3.850000e+00
     vertex  2.478338e+00 -2.880598e+00 -3.107143e+00
   endloop
 endfacet
 facet normal  6.094238e-01 -7.928443e-01  6.940145e-04
   outer loop
     vertex  2.265852e+00 -3.050560e+00 -3.107143e+00
     vertex  2.317143e+00 -3.011785e+00 -3.850000e+00
     vertex  2.396115e+00 -2.949344e+00 -1.864286e+00
   endloop
 endfacet
 facet normal  6.159235e-01 -7.878059e-01 -3.975251e-04
   outer loop
     vertex  2.311986e+00 -3.015745e+00 -6.214286e-01
     vertex  2.265852e+00 -3.050560e+00 -3.107143e+00
     vertex  2.396115e+00 -2.949344e+00 -1.864286e+00
   endloop
 endfacet
 facet normal  5.886295e-01 -8.084028e-01  3.975251e-04
   outer loop
     vertex  2.178921e+00 -3.113247e+00 -1.864286e+00
     vertex  2.265852e+00 -3.050560e+00 -3.107143e+00
     vertex  2.311986e+00 -3.015745e+00 -6.214286e-01
   endloop
 endfacet
 facet normal  5.934613e-01 -8.048624e-01 -3.975251e-04
   outer loop
     vertex  2.226019e+00 -3.079747e+00  6.214286e-01
     vertex  2.178921e+00 -3.113247e+00 -1.864286e+00
     vertex  2.311986e+00 -3.015745e+00 -6.214286e-01
   endloop
 endfacet
 facet normal  5.655973e-01 -8.246815e-01  3.975251e-04
   outer loop
     vertex  2.090256e+00 -3.173457e+00 -6.214286e-01
     vertex  2.178921e+00 -3.113247e+00 -1.864286e+00
     vertex  2.226019e+00 -3.079747e+00  6.214286e-01
   endloop
 endfacet
 facet normal  5.705270e-01 -8.212788e-01 -3.975251e-04
   outer loop
     vertex  2.138280e+00 -3.141299e+00  1.864286e+00
     vertex  2.090256e+00 -3.173457e+00 -6.214286e-01
     vertex  2.226019e+00 -3.079747e+00  6.214286e-01
   endloop
 endfacet
 facet normal  5.421152e-01 -8.403041e-01  3.975251e-04
   outer loop
     vertex  1.999929e+00 -3.231143e+00  6.214286e-01
     vertex  2.090256e+00 -3.173457e+00 -6.214286e-01
     vertex  2.138280e+00 -3.141299e+00  1.864286e+00
   endloop
 endfacet
 facet normal  5.471389e-01 -8.370418e-01 -3.975251e-04
   outer loop
     vertex  2.048841e+00 -3.200352e+00  3.107143e+00
     vertex  1.999929e+00 -3.231143e+00  6.214286e-01
     vertex  2.138280e+00 -3.141299e+00  1.864286e+00
   endloop
 endfacet
 facet normal  5.182018e-01 -8.552583e-01  3.975251e-04
   outer loop
     vertex  1.908011e+00 -3.286258e+00  1.864286e+00
     vertex  1.999929e+00 -3.231143e+00  6.214286e-01
     vertex  2.048841e+00 -3.200352e+00  3.107143e+00
   endloop
 endfacet
 facet normal  5.252176e-01 -8.509677e-01 -6.940145e-04
   outer loop
     vertex  1.994398e+00 -3.234560e+00  3.850000e+00
     vertex  1.908011e+00 -3.286258e+00  1.864286e+00
     vertex  2.048841e+00 -3.200352e+00  3.107143e+00
   endloop
 endfacet
 facet normal  5.146617e-01 -8.573933e-01 -6.749115e-05
   outer loop
     vertex  1.916753e+00 -3.281167e+00  3.850000e+00
     vertex  1.908011e+00 -3.286258e+00  1.864286e+00
     vertex  1.994398e+00 -3.234560e+00  3.850000e+00
   endloop
 endfacet
 facet normal  4.906130e-01 -8.713776e-01  7.424475e-05
   outer loop
     vertex  1.814575e+00 -3.338760e+00  3.107143e+00
     vertex  1.908011e+00 -3.286258e+00  1.864286e+00
     vertex  1.916753e+00 -3.281167e+00  3.850000e+00
   endloop
 endfacet
 facet normal  4.940842e-01 -8.694139e-01 -5.554424e-04
   outer loop
     vertex  1.838020e+00 -3.325911e+00  3.850000e+00
     vertex  1.814575e+00 -3.338760e+00  3.107143e+00
     vertex  1.916753e+00 -3.281167e+00  3.850000e+00
   endloop
 endfacet
 facet normal  4.732261e-01 -8.809409e-01  3.022446e-04
   outer loop
     vertex  1.758243e+00 -3.368765e+00  3.850000e+00
     vertex  1.814575e+00 -3.338760e+00  3.107143e+00
     vertex  1.838020e+00 -3.325911e+00  3.850000e+00
   endloop
 endfacet
 facet normal -8.766500e-01 -4.778815e-01 -5.580399e-02
   outer loop
     vertex  1.036612e+00 -2.602261e+00  3.850000e+00
     vertex  8.838271e-01 -2.321984e+00  3.850000e+00
     vertex  9.229329e-01 -2.306976e+00  3.107143e+00
   endloop
 endfacet
 facet normal -8.631950e-01 -5.004286e-01 -6.682547e-02
   outer loop
     vertex  1.036612e+00 -2.602261e+00  3.850000e+00
     vertex  9.229329e-01 -2.306976e+00  3.107143e+00
     vertex  1.158511e+00 -2.713328e+00  3.107143e+00
   endloop
 endfacet
 facet normal -9.338498e-01 -3.515248e-01 -6.599175e-02
   outer loop
     vertex  1.117019e+00 -2.742557e+00  3.850000e+00
     vertex  1.158511e+00 -2.713328e+00  3.107143e+00
     vertex  1.178120e+00 -2.765420e+00  3.107143e+00
   endloop
 endfacet
 facet normal -8.656090e-01 -4.960996e-01 -6.786884e-02
   outer loop
     vertex  1.117019e+00 -2.742557e+00  3.850000e+00
     vertex  1.036612e+00 -2.602261e+00  3.850000e+00
     vertex  1.158511e+00 -2.713328e+00  3.107143e+00
   endloop
 endfacet
 facet normal -9.605194e-01 -2.690582e-01 -7.078251e-02
   outer loop
     vertex  1.159553e+00 -2.894565e+00  3.850000e+00
     vertex  1.178120e+00 -2.765420e+00  3.107143e+00
     vertex  1.209931e+00 -2.878984e+00  3.107143e+00
   endloop
 endfacet
 facet normal -9.605974e-01 -2.687914e-01 -7.073808e-02
   outer loop
     vertex  1.159553e+00 -2.894565e+00  3.850000e+00
     vertex  1.117019e+00 -2.742557e+00  3.850000e+00
     vertex  1.178120e+00 -2.765420e+00  3.107143e+00
   endloop
 endfacet
 facet normal -8.742261e-01 -4.800636e-01 -7.257874e-02
   outer loop
     vertex  1.173973e+00 -2.925811e+00  3.850000e+00
     vertex  1.209931e+00 -2.878984e+00  3.107143e+00
     vertex  1.232420e+00 -2.919937e+00  3.107143e+00
   endloop
 endfacet
 facet normal -9.057366e-01 -4.179886e-01 -7.019104e-02
   outer loop
     vertex  1.173973e+00 -2.925811e+00  3.850000e+00
     vertex  1.159553e+00 -2.894565e+00  3.850000e+00
     vertex  1.209931e+00 -2.878984e+00  3.107143e+00
   endloop
 endfacet
 facet normal -7.425260e-01 -6.661351e-01 -7.013600e-02
   outer loop
     vertex  1.210039e+00 -2.973203e+00  3.850000e+00
     vertex  1.232420e+00 -2.919937e+00  3.107143e+00
     vertex  1.273198e+00 -2.965392e+00  3.107143e+00
   endloop
 endfacet
 facet normal -7.939760e-01 -6.042185e-01 -6.724646e-02
   outer loop
     vertex  1.210039e+00 -2.973203e+00  3.850000e+00
     vertex  1.173973e+00 -2.925811e+00  3.850000e+00
     vertex  1.232420e+00 -2.919937e+00  3.107143e+00
   endloop
 endfacet
 facet normal -6.241940e-01 -7.783581e-01 -6.738281e-02
   outer loop
     vertex  1.322919e+00 -3.069574e+00  3.850000e+00
     vertex  1.273198e+00 -2.965392e+00  3.107143e+00
     vertex  1.430422e+00 -3.091475e+00  3.107143e+00
   endloop
 endfacet
 facet normal -6.480077e-01 -7.590174e-01 -6.307647e-02
   outer loop
     vertex  1.322919e+00 -3.069574e+00  3.850000e+00
     vertex  1.210039e+00 -2.973203e+00  3.850000e+00
     vertex  1.273198e+00 -2.965392e+00  3.107143e+00
   endloop
 endfacet
 facet normal -5.780525e-01 -8.126332e-01 -7.404477e-02
   outer loop
     vertex  1.488679e+00 -3.200602e+00  3.850000e+00
     vertex  1.430422e+00 -3.091475e+00  3.107143e+00
     vertex  1.616153e+00 -3.223592e+00  3.107143e+00
   endloop
 endfacet
 facet normal -6.187541e-01 -7.827679e-01 -6.646556e-02
   outer loop
     vertex  1.488679e+00 -3.200602e+00  3.850000e+00
     vertex  1.322919e+00 -3.069574e+00  3.850000e+00
     vertex  1.430422e+00 -3.091475e+00  3.107143e+00
   endloop
 endfacet
 facet normal -5.006583e-01 -8.625778e-01 -7.280658e-02
   outer loop
     vertex  1.758243e+00 -3.368765e+00  3.850000e+00
     vertex  1.616153e+00 -3.223592e+00  3.107143e+00
     vertex  1.814575e+00 -3.338760e+00  3.107143e+00
   endloop
 endfacet
 facet normal -5.281869e-01 -8.466799e-01 -6.443417e-02
   outer loop
     vertex  1.758243e+00 -3.368765e+00  3.850000e+00
     vertex  1.488679e+00 -3.200602e+00  3.850000e+00
     vertex  1.616153e+00 -3.223592e+00  3.107143e+00
   endloop
 endfacet
 facet normal  2.716595e-01 -9.623813e-01  4.833370e-03
   outer loop
     vertex  8.838271e-01 -2.321984e+00  3.850000e+00
     vertex  4.607744e-01 -2.441403e+00  3.850000e+00
     vertex  5.019131e-01 -2.433521e+00  3.107143e+00
   endloop
 endfacet
 facet normal  2.878451e-01 -9.576678e-01 -4.195647e-03
   outer loop
     vertex  8.838271e-01 -2.321984e+00  3.850000e+00
     vertex  5.019131e-01 -2.433521e+00  3.107143e+00
     vertex  9.229329e-01 -2.306976e+00  3.107143e+00
   endloop
 endfacet
 facet normal  8.919046e-01 -4.461329e-01  7.396986e-02
   outer loop
     vertex  4.025679e-01 -3.511434e+00  3.850000e+00
     vertex  2.627767e-01 -3.790903e+00  3.850000e+00
     vertex  3.268807e-01 -3.785915e+00  3.107143e+00
   endloop
 endfacet
 facet normal  9.002558e-01 -4.301421e-01  6.721048e-02
   outer loop
     vertex  4.025679e-01 -3.511434e+00  3.850000e+00
     vertex  3.268807e-01 -3.785915e+00  3.107143e+00
     vertex  4.640013e-01 -3.498931e+00  3.107143e+00
   endloop
 endfacet
 facet normal  9.420665e-01 -3.275205e-01  7.239536e-02
   outer loop
     vertex  4.025679e-01 -3.511434e+00  3.850000e+00
     vertex  4.640013e-01 -3.498931e+00  3.107143e+00
     vertex  5.332815e-01 -3.299657e+00  3.107143e+00
   endloop
 endfacet
 facet normal  9.544169e-01 -2.917547e-01  6.298835e-02
   outer loop
     vertex  5.095029e-01 -3.217064e+00  3.850000e+00
     vertex  5.332815e-01 -3.299657e+00  3.107143e+00
     vertex  5.766802e-01 -3.157686e+00  3.107143e+00
   endloop
 endfacet
 facet normal  9.377361e-01 -3.406492e-01  6.789058e-02
   outer loop
     vertex  5.095029e-01 -3.217064e+00  3.850000e+00
     vertex  4.025679e-01 -3.511434e+00  3.850000e+00
     vertex  5.332815e-01 -3.299657e+00  3.107143e+00
   endloop
 endfacet
 facet normal  9.941334e-01 -8.397224e-02  6.817163e-02
   outer loop
     vertex  5.264273e-01 -3.149545e+00  3.850000e+00
     vertex  5.766802e-01 -3.157686e+00  3.107143e+00
     vertex  5.815949e-01 -3.099502e+00  3.107143e+00
   endloop
 endfacet
 facet normal  9.677383e-01 -2.425729e-01  6.812421e-02
   outer loop
     vertex  5.264273e-01 -3.149545e+00  3.850000e+00
     vertex  5.095029e-01 -3.217064e+00  3.850000e+00
     vertex  5.766802e-01 -3.157686e+00  3.107143e+00
   endloop
 endfacet
 facet normal  9.941603e-01 -8.363379e-02  6.819642e-02
   outer loop
     vertex  5.292700e-01 -3.115753e+00  3.850000e+00
     vertex  5.264273e-01 -3.149545e+00  3.850000e+00
     vertex  5.815949e-01 -3.099502e+00  3.107143e+00
   endloop
 endfacet
 facet normal  9.826931e-01  1.719227e-01  6.896938e-02
   outer loop
     vertex  5.278669e-01 -3.090407e+00  3.850000e+00
     vertex  5.815949e-01 -3.099502e+00  3.107143e+00
     vertex  5.722683e-01 -3.046192e+00  3.107143e+00
   endloop
 endfacet
 facet normal  9.959259e-01  5.513486e-02  7.135643e-02
   outer loop
     vertex  5.278669e-01 -3.090407e+00  3.850000e+00
     vertex  5.292700e-01 -3.115753e+00  3.850000e+00
     vertex  5.815949e-01 -3.099502e+00  3.107143e+00
   endloop
 endfacet
 facet normal  9.812010e-01  1.800913e-01  6.936638e-02
   outer loop
     vertex  5.229878e-01 -3.063824e+00  3.850000e+00
     vertex  5.278669e-01 -3.090407e+00  3.850000e+00
     vertex  5.722683e-01 -3.046192e+00  3.107143e+00
   endloop
 endfacet
 facet normal  9.543311e-01  2.916049e-01  6.495148e-02
   outer loop
     vertex  4.804016e-01 -2.911004e+00  3.850000e+00
     vertex  5.722683e-01 -3.046192e+00  3.107143e+00
     vertex  5.304428e-01 -2.909310e+00  3.107143e+00
   endloop
 endfacet
 facet normal  9.968089e-01  4.301176e-02  6.724617e-02
   outer loop
     vertex  4.804016e-01 -2.911004e+00  3.850000e+00
     vertex  5.304428e-01 -2.909310e+00  3.107143e+00
     vertex  5.232244e-01 -2.742022e+00  3.107143e+00
   endloop
 endfacet
 facet normal  9.609261e-01  2.677810e-01  7.010264e-02
   outer loop
     vertex  4.804016e-01 -2.911004e+00  3.850000e+00
     vertex  5.229878e-01 -3.063824e+00  3.850000e+00
     vertex  5.722683e-01 -3.046192e+00  3.107143e+00
   endloop
 endfacet
 facet normal  9.960631e-01  6.880800e-02  5.589113e-02
   outer loop
     vertex  4.607744e-01 -2.441403e+00  3.850000e+00
     vertex  5.232244e-01 -2.742022e+00  3.107143e+00
     vertex  5.019131e-01 -2.433521e+00  3.107143e+00
   endloop
 endfacet
 facet normal  9.968864e-01  4.166546e-02  6.694438e-02
   outer loop
     vertex  4.607744e-01 -2.441403e+00  3.850000e+00
     vertex  4.804016e-01 -2.911004e+00  3.850000e+00
     vertex  5.232244e-01 -2.742022e+00  3.107143e+00
   endloop
 endfacet
 facet normal  2.299570e-01 -9.732007e-01 -3.022446e-04
   outer loop
     vertex  8.557786e-01 -3.702383e+00 -3.107143e+00
     vertex  8.297088e-01 -3.708313e+00 -3.850000e+00
     vertex  9.178407e-01 -3.687488e+00 -3.850000e+00
   endloop
 endfacet
 facet normal  2.067008e-01 -9.784041e-01  5.554424e-04
   outer loop
     vertex  7.411057e-01 -3.727031e+00 -3.850000e+00
     vertex  8.297088e-01 -3.708313e+00 -3.850000e+00
     vertex  8.557786e-01 -3.702383e+00 -3.107143e+00
   endloop
 endfacet
 facet normal  1.833271e-01 -9.830520e-01  6.749115e-05
   outer loop
     vertex  7.510259e-01 -3.725045e+00 -1.864286e+00
     vertex  6.520817e-01 -3.743633e+00 -3.850000e+00
     vertex  7.411057e-01 -3.727031e+00 -3.850000e+00
   endloop
 endfacet
 facet normal  2.106011e-01 -9.775721e-01 -7.424475e-05
   outer loop
     vertex  7.510259e-01 -3.725045e+00 -1.864286e+00
     vertex  7.411057e-01 -3.727031e+00 -3.850000e+00
     vertex  8.557786e-01 -3.702383e+00 -3.107143e+00
   endloop
 endfacet
 facet normal  1.711649e-01 -9.852422e-01  6.940145e-04
   outer loop
     vertex  5.886465e-01 -3.754130e+00 -3.107143e+00
     vertex  6.520817e-01 -3.743633e+00 -3.850000e+00
     vertex  7.510259e-01 -3.725045e+00 -1.864286e+00
   endloop
 endfacet
 facet normal  1.792615e-01 -9.838014e-01 -3.975251e-04
   outer loop
     vertex  6.456757e-01 -3.744743e+00 -6.214286e-01
     vertex  5.886465e-01 -3.754130e+00 -3.107143e+00
     vertex  7.510259e-01 -3.725045e+00 -1.864286e+00
   endloop
 endfacet
 facet normal  1.455220e-01 -9.893549e-01  3.975251e-04
   outer loop
     vertex  4.825407e-01 -3.769238e+00 -1.864286e+00
     vertex  5.886465e-01 -3.754130e+00 -3.107143e+00
     vertex  6.456757e-01 -3.744743e+00 -6.214286e-01
   endloop
 endfacet
 facet normal  1.514456e-01 -9.884655e-01 -3.975251e-04
   outer loop
     vertex  5.398119e-01 -3.761463e+00  6.214286e-01
     vertex  4.825407e-01 -3.769238e+00 -1.864286e+00
     vertex  6.456757e-01 -3.744743e+00 -6.214286e-01
   endloop
 endfacet
 facet normal  1.175630e-01 -9.930654e-01  3.975251e-04
   outer loop
     vertex  3.760510e-01 -3.781347e+00 -6.214286e-01
     vertex  4.825407e-01 -3.769238e+00 -1.864286e+00
     vertex  5.398119e-01 -3.761463e+00  6.214286e-01
   endloop
 endfacet
 facet normal  1.235093e-01 -9.923433e-01 -3.975251e-04
   outer loop
     vertex  4.335188e-01 -3.775190e+00  1.864286e+00
     vertex  3.760510e-01 -3.781347e+00 -6.214286e-01
     vertex  5.398119e-01 -3.761463e+00  6.214286e-01
   endloop
 endfacet
 facet normal  8.951038e-02 -9.959858e-01  3.975251e-04
   outer loop
     vertex  2.692622e-01 -3.790448e+00  6.214286e-01
     vertex  3.760510e-01 -3.781347e+00 -6.214286e-01
     vertex  4.335188e-01 -3.775190e+00  1.864286e+00
   endloop
 endfacet
 facet normal  9.547471e-02 -9.954318e-01 -3.975251e-04
   outer loop
     vertex  3.268807e-01 -3.785915e+00  3.107143e+00
     vertex  2.692622e-01 -3.790448e+00  6.214286e-01
     vertex  4.335188e-01 -3.775190e+00  1.864286e+00
   endloop
 endfacet
 facet normal  6.138660e-02 -9.981140e-01  3.975251e-04
   outer loop
     vertex  1.622592e-01 -3.796534e+00  1.864286e+00
     vertex  2.692622e-01 -3.790448e+00  6.214286e-01
     vertex  3.268807e-01 -3.785915e+00  3.107143e+00
   endloop
 endfacet
 facet normal  6.959273e-02 -9.975752e-01 -6.940145e-04
   outer loop
     vertex  2.627767e-01 -3.790903e+00  3.850000e+00
     vertex  1.622592e-01 -3.796534e+00  1.864286e+00
     vertex  3.268807e-01 -3.785915e+00  3.107143e+00
   endloop
 endfacet
 facet normal  5.725974e-02 -9.983593e-01 -6.749115e-05
   outer loop
     vertex  1.723665e-01 -3.796089e+00  3.850000e+00
     vertex  1.622592e-01 -3.796534e+00  1.864286e+00
     vertex  2.627767e-01 -3.790903e+00  3.850000e+00
   endloop
 endfacet
 facet normal  2.946692e-02 -9.995658e-01  7.424475e-05
   outer loop
     vertex  5.512711e-02 -3.799600e+00  3.107143e+00
     vertex  1.622592e-01 -3.796534e+00  1.864286e+00
     vertex  1.723665e-01 -3.796089e+00  3.850000e+00
   endloop
 endfacet
 facet normal  3.345301e-02 -9.994401e-01 -5.554424e-04
   outer loop
     vertex  8.185837e-02 -3.799118e+00  3.850000e+00
     vertex  5.512711e-02 -3.799600e+00  3.107143e+00
     vertex  1.723665e-01 -3.796089e+00  3.850000e+00
   endloop
 endfacet
 facet normal  9.627282e-03 -9.999536e-01  3.022446e-04
   outer loop
     vertex -8.696213e-03 -3.799990e+00  3.850000e+00
     vertex  5.512711e-02 -3.799600e+00  3.107143e+00
     vertex  8.185837e-02 -3.799118e+00  3.850000e+00
   endloop
 endfacet
 facet normal -9.983176e-01 -1.574318e-02 -5.580399e-02
   outer loop
     vertex -2.914567e-01 -2.785923e+00  3.850000e+00
     vertex -2.964899e-01 -2.466750e+00  3.850000e+00
     vertex -2.548886e-01 -2.471634e+00  3.107143e+00
   endloop
 endfacet
 facet normal -9.968820e-01 -4.196082e-02 -6.682550e-02
   outer loop
     vertex -2.914567e-01 -2.785923e+00  3.850000e+00
     vertex -2.548886e-01 -2.471634e+00  3.107143e+00
     vertex -2.351354e-01 -2.940920e+00  3.107143e+00
   endloop
 endfacet
 facet normal -9.902416e-01  1.227215e-01 -6.603746e-02
   outer loop
     vertex -2.853786e-01 -2.946594e+00  3.850000e+00
     vertex -2.351354e-01 -2.940920e+00  3.107143e+00
     vertex -2.419812e-01 -2.996158e+00  3.107143e+00
   endloop
 endfacet
 facet normal -9.969913e-01 -3.771541e-02 -6.771959e-02
   outer loop
     vertex -2.853786e-01 -2.946594e+00  3.850000e+00
     vertex -2.914567e-01 -2.785923e+00  3.850000e+00
     vertex -2.351354e-01 -2.940920e+00  3.107143e+00
   endloop
 endfacet
 facet normal -9.755352e-01  2.081364e-01 -7.078319e-02
   outer loop
     vertex -3.184370e-01 -3.101875e+00  3.850000e+00
     vertex -2.419812e-01 -2.996158e+00  3.107143e+00
     vertex -2.665894e-01 -3.111497e+00  3.107143e+00
   endloop
 endfacet
 facet normal -9.756221e-01  2.077050e-01 -7.085352e-02
   outer loop
     vertex -3.184370e-01 -3.101875e+00  3.850000e+00
     vertex -2.853786e-01 -2.946594e+00  3.850000e+00
     vertex -2.419812e-01 -2.996158e+00  3.107143e+00
   endloop
 endfacet
 facet normal -9.971854e-01 -1.880208e-02 -7.257889e-02
   outer loop
     vertex -3.201908e-01 -3.136243e+00  3.850000e+00
     vertex -2.665894e-01 -3.111497e+00  3.107143e+00
     vertex -2.657087e-01 -3.158210e+00  3.107143e+00
   endloop
 endfacet
 facet normal -9.962374e-01  5.083703e-02 -7.019065e-02
   outer loop
     vertex -3.201908e-01 -3.136243e+00  3.850000e+00
     vertex -3.184370e-01 -3.101875e+00  3.850000e+00
     vertex -2.665894e-01 -3.111497e+00  3.107143e+00
   endloop
 endfacet
 facet normal -9.670426e-01 -2.447643e-01 -7.013612e-02
   outer loop
     vertex -3.102812e-01 -3.194970e+00  3.850000e+00
     vertex -2.657087e-01 -3.158210e+00  3.107143e+00
     vertex -2.507251e-01 -3.217409e+00  3.107143e+00
   endloop
 endfacet
 facet normal -9.838285e-01 -1.660104e-01 -6.724617e-02
   outer loop
     vertex -3.102812e-01 -3.194970e+00  3.850000e+00
     vertex -3.201908e-01 -3.136243e+00  3.850000e+00
     vertex -2.657087e-01 -3.158210e+00  3.107143e+00
   endloop
 endfacet
 facet normal -9.144174e-01 -3.991245e-01 -6.738286e-02
   outer loop
     vertex -2.551140e-01 -3.332768e+00  3.850000e+00
     vertex -2.507251e-01 -3.217409e+00  3.107143e+00
     vertex -1.701044e-01 -3.402116e+00  3.107143e+00
   endloop
 endfacet
 facet normal -9.265160e-01 -3.709307e-01 -6.307611e-02
   outer loop
     vertex -2.551140e-01 -3.332768e+00  3.850000e+00
     vertex -3.102812e-01 -3.194970e+00  3.850000e+00
     vertex -2.507251e-01 -3.217409e+00  3.107143e+00
   endloop
 endfacet
 facet normal -8.894895e-01 -4.509166e-01 -7.404477e-02
   outer loop
     vertex -1.692331e-01 -3.525818e+00  3.850000e+00
     vertex -1.701044e-01 -3.402116e+00  3.107143e+00
     vertex -6.704515e-02 -3.605413e+00  3.107143e+00
   endloop
 endfacet
 facet normal -9.116496e-01 -4.055581e-01 -6.646553e-02
   outer loop
     vertex -1.692331e-01 -3.525818e+00  3.850000e+00
     vertex -2.551140e-01 -3.332768e+00  3.850000e+00
     vertex -1.701044e-01 -3.402116e+00  3.107143e+00
   endloop
 endfacet
 facet normal -8.441708e-01 -5.311072e-01 -7.280658e-02
   outer loop
     vertex -8.696213e-03 -3.799990e+00  3.850000e+00
     vertex -6.704515e-02 -3.605413e+00  3.107143e+00
     vertex  5.512711e-02 -3.799600e+00  3.107143e+00
   endloop
 endfacet
 facet normal -8.611578e-01 -5.042375e-01 -6.443430e-02
   outer loop
     vertex -8.696213e-03 -3.799990e+00  3.850000e+00
     vertex -1.692331e-01 -3.525818e+00  3.850000e+00
     vertex -6.704515e-02 -3.605413e+00  3.107143e+00
   endloop
 endfacet
 facet normal -2.066984e-01 -9.783928e-01  4.833370e-03
   outer loop
     vertex -2.964899e-01 -2.466750e+00  3.850000e+00
     vertex -7.265811e-01 -2.375888e+00  3.850000e+00
     vertex -6.864918e-01 -2.388027e+00  3.107143e+00
   endloop
 endfacet
 facet normal -1.901762e-01 -9.817410e-01 -4.195647e-03
   outer loop
     vertex -2.964899e-01 -2.466750e+00  3.850000e+00
     vertex -6.864918e-01 -2.388027e+00  3.107143e+00
     vertex -2.548886e-01 -2.471634e+00  3.107143e+00
   endloop
 endfacet
 facet normal  5.824140e-01 -8.095198e-01  7.396986e-02
   outer loop
     vertex -1.275389e+00 -3.296303e+00  3.850000e+00
     vertex -1.529043e+00 -3.478797e+00  3.850000e+00
     vertex -1.469964e+00 -3.504170e+00  3.107143e+00
   endloop
 endfacet
 facet normal  5.972399e-01 -7.992416e-01  6.721048e-02
   outer loop
     vertex -1.275389e+00 -3.296303e+00  3.850000e+00
     vertex -1.469964e+00 -3.504170e+00  3.107143e+00
     vertex -1.215182e+00 -3.313782e+00  3.107143e+00
   endloop
 endfacet
 facet normal  6.819521e-01 -7.278051e-01  7.239536e-02
   outer loop
     vertex -1.275389e+00 -3.296303e+00  3.850000e+00
     vertex -1.215182e+00 -3.313782e+00  3.107143e+00
     vertex -1.061230e+00 -3.169529e+00  3.107143e+00
   endloop
 endfacet
 facet normal  7.095090e-01 -7.018756e-01  6.298835e-02
   outer loop
     vertex -1.043902e+00 -3.085347e+00  3.850000e+00
     vertex -1.061230e+00 -3.169529e+00  3.107143e+00
     vertex -9.568250e-01 -3.063989e+00  3.107143e+00
   endloop
 endfacet
 facet normal  6.720165e-01 -7.374175e-01  6.789058e-02
   outer loop
     vertex -1.043902e+00 -3.085347e+00  3.850000e+00
     vertex -1.275389e+00 -3.296303e+00  3.850000e+00
     vertex -1.061230e+00 -3.169529e+00  3.107143e+00
   endloop
 endfacet
 facet normal  8.412376e-01 -5.363506e-01  6.817163e-02
   outer loop
     vertex -9.975384e-01 -3.033427e+00  3.850000e+00
     vertex -9.568250e-01 -3.063989e+00  3.107143e+00
     vertex -9.254338e-01 -3.014754e+00  3.107143e+00
   endloop
 endfacet
 facet normal  7.441605e-01 -6.645181e-01  6.812422e-02
   outer loop
     vertex -9.975384e-01 -3.033427e+00  3.850000e+00
     vertex -1.043902e+00 -3.085347e+00  3.850000e+00
     vertex -9.568250e-01 -3.063989e+00  3.107143e+00
   endloop
 endfacet
 facet normal  8.414187e-01 -5.360633e-01  6.819642e-02
   outer loop
     vertex -9.793171e-01 -3.004826e+00  3.850000e+00
     vertex -9.975384e-01 -3.033427e+00  3.850000e+00
     vertex -9.254338e-01 -3.014754e+00  3.107143e+00
   endloop
 endfacet
 facet normal  9.500280e-01 -3.044503e-01  6.896938e-02
   outer loop
     vertex -9.687806e-01 -2.981731e+00  3.850000e+00
     vertex -9.254338e-01 -3.014754e+00  3.107143e+00
     vertex -9.089178e-01 -2.963216e+00  3.107143e+00
   endloop
 endfacet
 facet normal  9.074711e-01 -4.140103e-01  7.135643e-02
   outer loop
     vertex -9.687806e-01 -2.981731e+00  3.850000e+00
     vertex -9.793171e-01 -3.004826e+00  3.850000e+00
     vertex -9.254338e-01 -3.014754e+00  3.107143e+00
   endloop
 endfacet
 facet normal  9.525030e-01 -2.965239e-01  6.936638e-02
   outer loop
     vertex -9.607472e-01 -2.955926e+00  3.850000e+00
     vertex -9.687806e-01 -2.981731e+00  3.850000e+00
     vertex -9.089178e-01 -2.963216e+00  3.107143e+00
   endloop
 endfacet
 facet normal  9.805338e-01 -1.852965e-01  6.495148e-02
   outer loop
     vertex -9.274365e-01 -2.800820e+00  3.850000e+00
     vertex -9.089178e-01 -2.963216e+00  3.107143e+00
     vertex -8.823403e-01 -2.822576e+00  3.107143e+00
   endloop
 endfacet
 facet normal  9.026190e-01 -4.251552e-01  6.724617e-02
   outer loop
     vertex -9.274365e-01 -2.800820e+00  3.850000e+00
     vertex -8.823403e-01 -2.822576e+00  3.107143e+00
     vertex -8.109891e-01 -2.671095e+00  3.107143e+00
   endloop
 endfacet
 facet normal  9.753018e-01 -2.094564e-01  7.010264e-02
   outer loop
     vertex -9.274365e-01 -2.800820e+00  3.850000e+00
     vertex -9.607472e-01 -2.955926e+00  3.850000e+00
     vertex -9.089178e-01 -2.963216e+00  3.107143e+00
   endloop
 endfacet
 facet normal  9.139467e-01 -4.019671e-01  5.589113e-02
   outer loop
     vertex -7.265811e-01 -2.375888e+00  3.850000e+00
     vertex -8.109891e-01 -2.671095e+00  3.107143e+00
     vertex -6.864918e-01 -2.388027e+00  3.107143e+00
   endloop
 endfacet
 facet normal  9.020619e-01 -4.263833e-01  6.694438e-02
   outer loop
     vertex -7.265811e-01 -2.375888e+00  3.850000e+00
     vertex -9.274365e-01 -2.800820e+00  3.850000e+00
     vertex -8.109891e-01 -2.671095e+00  3.107143e+00
   endloop
 endfacet
 facet normal -2.486521e-01 -9.685928e-01 -3.022446e-04
   outer loop
     vertex -9.628290e-01 -3.675998e+00 -3.107143e+00
     vertex -9.886682e-01 -3.669133e+00 -3.850000e+00
     vertex -9.009536e-01 -3.691650e+00 -3.850000e+00
   endloop
 endfacet
 facet normal -2.716626e-01 -9.623924e-01  5.554424e-04
   outer loop
     vertex -1.075821e+00 -3.644531e+00 -3.850000e+00
     vertex -9.886682e-01 -3.669133e+00 -3.850000e+00
     vertex -9.628290e-01 -3.675998e+00 -3.107143e+00
   endloop
 endfacet
 facet normal -2.945189e-01 -9.556457e-01  6.749115e-05
   outer loop
     vertex -1.066114e+00 -3.647383e+00 -1.864286e+00
     vertex -1.162363e+00 -3.617860e+00 -3.850000e+00
     vertex -1.075821e+00 -3.644531e+00 -3.850000e+00
   endloop
 endfacet
 facet normal -2.678224e-01 -9.634683e-01 -7.424475e-05
   outer loop
     vertex -1.066114e+00 -3.647383e+00 -1.864286e+00
     vertex -1.075821e+00 -3.644531e+00 -3.850000e+00
     vertex -9.628290e-01 -3.675998e+00 -3.107143e+00
   endloop
 endfacet
 facet normal -3.063059e-01 -9.519329e-01  6.940145e-04
   outer loop
     vertex -1.223411e+00 -3.597675e+00 -3.107143e+00
     vertex -1.162363e+00 -3.617860e+00 -3.850000e+00
     vertex -1.066114e+00 -3.647383e+00 -1.864286e+00
   endloop
 endfacet
 facet normal -2.984671e-01 -9.544198e-01 -3.975251e-04
   outer loop
     vertex -1.168552e+00 -3.615866e+00 -6.214286e-01
     vertex -1.223411e+00 -3.597675e+00 -3.107143e+00
     vertex -1.066114e+00 -3.647383e+00 -1.864286e+00
   endloop
 endfacet
 facet normal -3.309228e-01 -9.436577e-01  3.975251e-04
   outer loop
     vertex -1.324384e+00 -3.561742e+00 -1.864286e+00
     vertex -1.223411e+00 -3.597675e+00 -3.107143e+00
     vertex -1.168552e+00 -3.615866e+00 -6.214286e-01
   endloop
 endfacet
 facet normal -3.252644e-01 -9.456230e-01 -3.975251e-04
   outer loop
     vertex -1.270059e+00 -3.581473e+00  6.214286e-01
     vertex -1.324384e+00 -3.561742e+00 -1.864286e+00
     vertex -1.168552e+00 -3.615866e+00 -6.214286e-01
   endloop
 endfacet
 facet normal -3.574036e-01 -9.339499e-01  3.975251e-04
   outer loop
     vertex -1.424303e+00 -3.522976e+00 -6.214286e-01
     vertex -1.324384e+00 -3.561742e+00 -1.864286e+00
     vertex -1.270059e+00 -3.581473e+00  6.214286e-01
   endloop
 endfacet
 facet normal -3.518029e-01 -9.360740e-01 -3.975251e-04
   outer loop
     vertex -1.370557e+00 -3.544231e+00  1.864286e+00
     vertex -1.424303e+00 -3.522976e+00 -6.214286e-01
     vertex -1.270059e+00 -3.581473e+00  6.214286e-01
   endloop
 endfacet
 facet normal -3.836002e-01 -9.234992e-01  3.975251e-04
   outer loop
     vertex -1.523089e+00 -3.481408e+00  6.214286e-01
     vertex -1.424303e+00 -3.522976e+00 -6.214286e-01
     vertex -1.370557e+00 -3.544231e+00  1.864286e+00
   endloop
 endfacet
 facet normal -3.780616e-01 -9.257804e-01 -3.975251e-04
   outer loop
     vertex -1.469964e+00 -3.504170e+00  3.107143e+00
     vertex -1.523089e+00 -3.481408e+00  6.214286e-01
     vertex -1.370557e+00 -3.544231e+00  1.864286e+00
   endloop
 endfacet
 facet normal -4.094916e-01 -9.123138e-01  3.975251e-04
   outer loop
     vertex -1.620664e+00 -3.437070e+00  1.864286e+00
     vertex -1.523089e+00 -3.481408e+00  6.214286e-01
     vertex -1.469964e+00 -3.504170e+00  3.107143e+00
   endloop
 endfacet
 facet normal -4.019750e-01 -9.156504e-01 -6.940145e-04
   outer loop
     vertex -1.529043e+00 -3.478797e+00  3.850000e+00
     vertex -1.620664e+00 -3.437070e+00  1.864286e+00
     vertex -1.469964e+00 -3.504170e+00  3.107143e+00
   endloop
 endfacet
 facet normal -4.132597e-01 -9.106132e-01 -6.749115e-05
   outer loop
     vertex -1.611507e+00 -3.441372e+00  3.850000e+00
     vertex -1.620664e+00 -3.437070e+00  1.864286e+00
     vertex -1.529043e+00 -3.478797e+00  3.850000e+00
   endloop
 endfacet
 facet normal -4.384297e-01 -8.987655e-01  7.424475e-05
   outer loop
     vertex -1.716950e+00 -3.389998e+00  3.107143e+00
     vertex -1.620664e+00 -3.437070e+00  1.864286e+00
     vertex -1.611507e+00 -3.441372e+00  3.850000e+00
   endloop
 endfacet
 facet normal -4.348418e-01 -9.005067e-01 -5.554424e-04
   outer loop
     vertex -1.693056e+00 -3.401994e+00  3.850000e+00
     vertex -1.716950e+00 -3.389998e+00  3.107143e+00
     vertex -1.611507e+00 -3.441372e+00  3.850000e+00
   endloop
 endfacet
 facet normal -4.561771e-01 -8.898890e-01  3.022446e-04
   outer loop
     vertex -1.773644e+00 -3.360683e+00  3.850000e+00
     vertex -1.716950e+00 -3.389998e+00  3.107143e+00
     vertex -1.693056e+00 -3.401994e+00  3.850000e+00
   endloop
 endfacet
 facet normal -8.912827e-01  4.500011e-01 -5.580399e-02
   outer loop
     vertex -1.552756e+00 -2.331368e+00  3.850000e+00
     vertex -1.408885e+00 -2.046413e+00  3.850000e+00
     vertex -1.374318e+00 -2.070071e+00  3.107143e+00
   endloop
 endfacet
 facet normal -9.021953e-01  4.261197e-01 -6.682547e-02
   outer loop
     vertex -1.552756e+00 -2.331368e+00  3.850000e+00
     vertex -1.374318e+00 -2.070071e+00  3.107143e+00
     vertex -1.574916e+00 -2.494782e+00  3.107143e+00
   endloop
 endfacet
 facet normal -8.197864e-01  5.688544e-01 -6.599175e-02
   outer loop
     vertex -1.622541e+00 -2.477239e+00  3.850000e+00
     vertex -1.574916e+00 -2.494782e+00  3.107143e+00
     vertex -1.606648e+00 -2.540512e+00  3.107143e+00
   endloop
 endfacet
 facet normal -9.000040e-01  4.305655e-01 -6.786884e-02
   outer loop
     vertex -1.622541e+00 -2.477239e+00  3.850000e+00
     vertex -1.552756e+00 -2.331368e+00  3.850000e+00
     vertex -1.574916e+00 -2.494782e+00  3.107143e+00
   endloop
 endfacet
 facet normal -7.670678e-01  6.376495e-01 -7.078251e-02
   outer loop
     vertex -1.723479e+00 -2.598594e+00  3.850000e+00
     vertex -1.606648e+00 -2.540512e+00  3.107143e+00
     vertex -1.682038e+00 -2.631203e+00  3.107143e+00
   endloop
 endfacet
 facet normal -7.668925e-01  6.378652e-01 -7.073808e-02
   outer loop
     vertex -1.723479e+00 -2.598594e+00  3.850000e+00
     vertex -1.622541e+00 -2.477239e+00  3.850000e+00
     vertex -1.606648e+00 -2.540512e+00  3.107143e+00
   endloop
 endfacet
 facet normal -8.917016e-01  4.467668e-01 -7.257874e-02
   outer loop
     vertex -1.741002e+00 -2.628211e+00  3.850000e+00
     vertex -1.682038e+00 -2.631203e+00  3.107143e+00
     vertex -1.702967e+00 -2.672975e+00  3.107143e+00
   endloop
 endfacet
 facet normal -8.585149e-01  5.079620e-01 -7.019104e-02
   outer loop
     vertex -1.741002e+00 -2.628211e+00  3.850000e+00
     vertex -1.723479e+00 -2.598594e+00  3.850000e+00
     vertex -1.682038e+00 -2.631203e+00  3.107143e+00
   endloop
 endfacet
 facet normal -9.700213e-01  2.326791e-01 -7.013600e-02
   outer loop
     vertex -1.759518e+00 -2.684814e+00  3.850000e+00
     vertex -1.702967e+00 -2.672975e+00  3.107143e+00
     vertex -1.717210e+00 -2.732356e+00  3.107143e+00
   endloop
 endfacet
 facet normal -9.482919e-01  3.101942e-01 -6.724646e-02
   outer loop
     vertex -1.759518e+00 -2.684814e+00  3.850000e+00
     vertex -1.741002e+00 -2.628211e+00  3.850000e+00
     vertex -1.702967e+00 -2.672975e+00  3.107143e+00
   endloop
 endfacet
 facet normal -9.951588e-01  7.154381e-02 -6.738281e-02
   outer loop
     vertex -1.774706e+00 -2.832458e+00  3.850000e+00
     vertex -1.717210e+00 -2.732356e+00  3.107143e+00
     vertex -1.731662e+00 -2.933372e+00  3.107143e+00
   endloop
 endfacet
 facet normal -9.927694e-01  1.021289e-01 -6.307647e-02
   outer loop
     vertex -1.774706e+00 -2.832458e+00  3.850000e+00
     vertex -1.759518e+00 -2.684814e+00  3.850000e+00
     vertex -1.717210e+00 -2.732356e+00  3.107143e+00
   endloop
 endfacet
 facet normal -9.971552e-01  1.409956e-02 -7.404477e-02
   outer loop
     vertex -1.788378e+00 -3.043308e+00  3.850000e+00
     vertex -1.731662e+00 -2.933372e+00  3.107143e+00
     vertex -1.734884e+00 -3.161277e+00  3.107143e+00
   endloop
 endfacet
 facet normal -9.956978e-01  6.456179e-02 -6.646556e-02
   outer loop
     vertex -1.788378e+00 -3.043308e+00  3.850000e+00
     vertex -1.774706e+00 -2.832458e+00  3.850000e+00
     vertex -1.731662e+00 -2.933372e+00  3.107143e+00
   endloop
 endfacet
 facet normal -9.942939e-01 -7.796637e-02 -7.280658e-02
   outer loop
     vertex -1.773644e+00 -3.360683e+00  3.850000e+00
     vertex -1.734884e+00 -3.161277e+00  3.107143e+00
     vertex -1.716950e+00 -3.389998e+00  3.107143e+00
   endloop
 endfacet
 facet normal -9.968482e-01 -4.627966e-02 -6.443417e-02
   outer loop
     vertex -1.773644e+00 -3.360683e+00  3.850000e+00
     vertex -1.788378e+00 -3.043308e+00  3.850000e+00
     vertex -1.734884e+00 -3.161277e+00  3.107143e+00
   endloop
 endfacet
 facet normal -6.377041e-01 -7.702663e-01  4.833370e-03
   outer loop
     vertex -1.408885e+00 -2.046413e+00  3.850000e+00
     vertex -1.747486e+00 -1.766085e+00  3.850000e+00
     vertex -1.717630e+00 -1.795464e+00  3.107143e+00
   endloop
 endfacet
 facet normal -6.246304e-01 -7.809092e-01 -4.195647e-03
   outer loop
     vertex -1.408885e+00 -2.046413e+00  3.850000e+00
     vertex -1.717630e+00 -1.795464e+00  3.107143e+00
     vertex -1.374318e+00 -2.070071e+00  3.107143e+00
   endloop
 endfacet
 facet normal  1.394994e-01 -9.874555e-01  7.396986e-02
   outer loop
     vertex -2.661169e+00 -2.326029e+00  3.850000e+00
     vertex -2.970578e+00 -2.369740e+00  3.850000e+00
     vertex -2.930057e+00 -2.419662e+00  3.107143e+00
   endloop
 endfacet
 facet normal  1.574036e-01 -9.852446e-01  6.721048e-02
   outer loop
     vertex -2.661169e+00 -2.326029e+00  3.850000e+00
     vertex -2.930057e+00 -2.419662e+00  3.107143e+00
     vertex -2.615981e+00 -2.369485e+00  3.107143e+00
   endloop
 endfacet
 facet normal  2.656107e-01 -9.613583e-01  7.239536e-02
   outer loop
     vertex -2.661169e+00 -2.326029e+00  3.850000e+00
     vertex -2.615981e+00 -2.369485e+00  3.107143e+00
     vertex -2.412626e+00 -2.313301e+00  3.107143e+00
   endloop
 endfacet
 facet normal  3.020612e-01 -9.512053e-01  6.298835e-02
   outer loop
     vertex -2.358161e+00 -2.246813e+00  3.850000e+00
     vertex -2.412626e+00 -2.313301e+00  3.107143e+00
     vertex -2.271133e+00 -2.268369e+00  3.107143e+00
   endloop
 endfacet
 facet normal  2.523461e-01 -9.652525e-01  6.789058e-02
   outer loop
     vertex -2.358161e+00 -2.246813e+00  3.850000e+00
     vertex -2.661169e+00 -2.326029e+00  3.850000e+00
     vertex -2.412626e+00 -2.313301e+00  3.107143e+00
   endloop
 endfacet
 facet normal  4.956244e-01 -8.658574e-01  6.817163e-02
   outer loop
     vertex -2.292980e+00 -2.222387e+00  3.850000e+00
     vertex -2.271133e+00 -2.268369e+00  3.107143e+00
     vertex -2.220457e+00 -2.239361e+00  3.107143e+00
   endloop
 endfacet
 facet normal  3.501045e-01 -9.342301e-01  6.812422e-02
   outer loop
     vertex -2.292980e+00 -2.222387e+00  3.850000e+00
     vertex -2.358161e+00 -2.246813e+00  3.850000e+00
     vertex -2.271133e+00 -2.268369e+00  3.107143e+00
   endloop
 endfacet
 facet normal  4.959182e-01 -8.656872e-01  6.819642e-02
   outer loop
     vertex -2.263554e+00 -2.205530e+00  3.850000e+00
     vertex -2.292980e+00 -2.222387e+00  3.850000e+00
     vertex -2.220457e+00 -2.239361e+00  3.107143e+00
   endloop
 endfacet
 facet normal  6.997229e-01 -7.110774e-01  6.896938e-02
   outer loop
     vertex -2.243492e+00 -2.189977e+00  3.850000e+00
     vertex -2.220457e+00 -2.239361e+00  3.107143e+00
     vertex -2.181882e+00 -2.201402e+00  3.107143e+00
   endloop
 endfacet
 facet normal  6.111255e-01 -7.883108e-01  7.135643e-02
   outer loop
     vertex -2.243492e+00 -2.189977e+00  3.850000e+00
     vertex -2.263554e+00 -2.205530e+00  3.850000e+00
     vertex -2.220457e+00 -2.239361e+00  3.107143e+00
   endloop
 endfacet
 facet normal  7.055980e-01 -7.052090e-01  6.936638e-02
   outer loop
     vertex -2.224387e+00 -2.170861e+00  3.850000e+00
     vertex -2.243492e+00 -2.189977e+00  3.850000e+00
     vertex -2.181882e+00 -2.201402e+00  3.107143e+00
   endloop
 endfacet
 facet normal  7.821080e-01 -6.197487e-01  6.495148e-02
   outer loop
     vertex -2.122810e+00 -2.049002e+00  3.850000e+00
     vertex -2.181882e+00 -2.201402e+00  3.107143e+00
     vertex -2.092990e+00 -2.089223e+00  3.107143e+00
   endloop
 endfacet
 facet normal  6.016500e-01 -7.959242e-01  6.724617e-02
   outer loop
     vertex -2.122810e+00 -2.049002e+00  3.850000e+00
     vertex -2.092990e+00 -2.089223e+00  3.107143e+00
     vertex -1.959415e+00 -1.988251e+00  3.107143e+00
   endloop
 endfacet
 facet normal  7.662477e-01 -6.387098e-01  7.010264e-02
   outer loop
     vertex -2.122810e+00 -2.049002e+00  3.850000e+00
     vertex -2.224387e+00 -2.170861e+00  3.850000e+00
     vertex -2.181882e+00 -2.201402e+00  3.107143e+00
   endloop
 endfacet
 facet normal  6.224562e-01 -7.806564e-01  5.589113e-02
   outer loop
     vertex -1.747486e+00 -1.766085e+00  3.850000e+00
     vertex -1.959415e+00 -1.988251e+00  3.107143e+00
     vertex -1.717630e+00 -1.795464e+00  3.107143e+00
   endloop
 endfacet
 facet normal  6.005860e-01 -7.967527e-01  6.694438e-02
   outer loop
     vertex -1.747486e+00 -1.766085e+00  3.850000e+00
     vertex -2.122810e+00 -2.049002e+00  3.850000e+00
     vertex -1.959415e+00 -1.988251e+00  3.107143e+00
   endloop
 endfacet
 facet normal -6.702980e-01 -7.420920e-01 -3.022446e-04
   outer loop
     vertex -2.560864e+00 -2.807485e+00 -3.107143e+00
     vertex -2.580553e+00 -2.789399e+00 -3.850000e+00
     vertex -2.513350e+00 -2.850100e+00 -3.850000e+00
   endloop
 endfacet
 facet normal -6.877913e-01 -7.259082e-01  5.554424e-04
   outer loop
     vertex -2.646291e+00 -2.727113e+00 -3.850000e+00
     vertex -2.580553e+00 -2.789399e+00 -3.850000e+00
     vertex -2.560864e+00 -2.807485e+00 -3.107143e+00
   endloop
 endfacet
 facet normal -7.048942e-01 -7.093124e-01  6.749115e-05
   outer loop
     vertex -2.639021e+00 -2.734149e+00 -1.864286e+00
     vertex -2.710525e+00 -2.663279e+00 -3.850000e+00
     vertex -2.646291e+00 -2.727113e+00 -3.850000e+00
   endloop
 endfacet
 facet normal -6.848910e-01 -7.286455e-01 -7.424475e-05
   outer loop
     vertex -2.639021e+00 -2.734149e+00 -1.864286e+00
     vertex -2.646291e+00 -2.727113e+00 -3.850000e+00
     vertex -2.560864e+00 -2.807485e+00 -3.107143e+00
   endloop
 endfacet
 facet normal -7.136057e-01 -7.005473e-01  6.940145e-04
   outer loop
     vertex -2.755199e+00 -2.617036e+00 -3.107143e+00
     vertex -2.710525e+00 -2.663279e+00 -3.850000e+00
     vertex -2.639021e+00 -2.734149e+00 -1.864286e+00
   endloop
 endfacet
 facet normal -7.078205e-01 -7.063922e-01 -3.975251e-04
   outer loop
     vertex -2.715078e+00 -2.658637e+00 -6.214286e-01
     vertex -2.755199e+00 -2.617036e+00 -3.107143e+00
     vertex -2.639021e+00 -2.734149e+00 -1.864286e+00
   endloop
 endfacet
 facet normal -7.315572e-01 -6.817799e-01  3.975251e-04
   outer loop
     vertex -2.827908e+00 -2.538294e+00 -1.864286e+00
     vertex -2.755199e+00 -2.617036e+00 -3.107143e+00
     vertex -2.715078e+00 -2.658637e+00 -6.214286e-01
   endloop
 endfacet
 facet normal -7.274602e-01 -6.861497e-01 -3.975251e-04
   outer loop
     vertex -2.788975e+00 -2.581011e+00  6.214286e-01
     vertex -2.827908e+00 -2.538294e+00 -1.864286e+00
     vertex -2.715078e+00 -2.658637e+00 -6.214286e-01
   endloop
 endfacet
 facet normal -7.504934e-01 -6.608778e-01  3.975251e-04
   outer loop
     vertex -2.898366e+00 -2.457534e+00 -6.214286e-01
     vertex -2.827908e+00 -2.538294e+00 -1.864286e+00
     vertex -2.788975e+00 -2.581011e+00  6.214286e-01
   endloop
 endfacet
 facet normal -7.465213e-01 -6.653614e-01 -3.975251e-04
   outer loop
     vertex -2.860654e+00 -2.501331e+00  1.864286e+00
     vertex -2.898366e+00 -2.457534e+00 -6.214286e-01
     vertex -2.788975e+00 -2.581011e+00  6.214286e-01
   endloop
 endfacet
 facet normal -7.688326e-01 -6.394500e-01  3.975251e-04
   outer loop
     vertex -2.966519e+00 -2.374818e+00  6.214286e-01
     vertex -2.898366e+00 -2.457534e+00 -6.214286e-01
     vertex -2.860654e+00 -2.501331e+00  1.864286e+00
   endloop
 endfacet
 facet normal -7.649885e-01 -6.440438e-01 -3.975251e-04
   outer loop
     vertex -2.930057e+00 -2.419662e+00  3.107143e+00
     vertex -2.966519e+00 -2.374818e+00  6.214286e-01
     vertex -2.860654e+00 -2.501331e+00  1.864286e+00
   endloop
 endfacet
 facet normal -7.865601e-01 -6.175135e-01  3.975251e-04
   outer loop
     vertex -3.032313e+00 -2.290214e+00  1.864286e+00
     vertex -2.966519e+00 -2.374818e+00  6.214286e-01
     vertex -2.930057e+00 -2.419662e+00  3.107143e+00
   endloop
 endfacet
 facet normal -7.814552e-01 -6.239610e-01 -6.940145e-04
   outer loop
     vertex -2.970578e+00 -2.369740e+00  3.850000e+00
     vertex -3.032313e+00 -2.290214e+00  1.864286e+00
     vertex -2.930057e+00 -2.419662e+00  3.107143e+00
   endloop
 endfacet
 facet normal -7.891064e-01 -6.142566e-01 -6.749115e-05
   outer loop
     vertex -3.026204e+00 -2.298279e+00  3.850000e+00
     vertex -3.032313e+00 -2.290214e+00  1.864286e+00
     vertex -2.970578e+00 -2.369740e+00  3.850000e+00
   endloop
 endfacet
 facet normal -8.058874e-01 -5.920689e-01  7.424475e-05
   outer loop
     vertex -3.095694e+00 -2.203788e+00  3.107143e+00
     vertex -3.032313e+00 -2.290214e+00  1.864286e+00
     vertex -3.026204e+00 -2.298279e+00  3.850000e+00
   endloop
 endfacet
 facet normal -8.035196e-01 -5.952780e-01 -5.554424e-04
   outer loop
     vertex -3.080112e+00 -2.225513e+00  3.850000e+00
     vertex -3.095694e+00 -2.203788e+00  3.107143e+00
     vertex -3.026204e+00 -2.298279e+00  3.850000e+00
   endloop
 endfacet
 facet normal -8.174768e-01 -5.759615e-01  3.022446e-04
   outer loop
     vertex -3.132271e+00 -2.151484e+00  3.850000e+00
     vertex -3.095694e+00 -2.203788e+00  3.107143e+00
     vertex -3.080112e+00 -2.225513e+00  3.850000e+00
   endloop
 endfacet
 facet normal -5.800657e-01  8.126559e-01 -5.580399e-02
   outer loop
     vertex -2.458338e+00 -1.342722e+00  3.850000e+00
     vertex -2.198521e+00 -1.157267e+00  3.850000e+00
     vertex -2.178908e+00 -1.194279e+00  3.107143e+00
   endloop
 endfacet
 facet normal -6.008266e-01  7.965813e-01 -6.682547e-02
   outer loop
     vertex -2.458338e+00 -1.342722e+00  3.850000e+00
     vertex -2.178908e+00 -1.194279e+00  3.107143e+00
     vertex -2.553901e+00 -1.477120e+00  3.107143e+00
   endloop
 endfacet
 facet normal -4.615250e-01  8.846693e-01 -6.599175e-02
   outer loop
     vertex -2.587919e+00 -1.439454e+00  3.850000e+00
     vertex -2.553901e+00 -1.477120e+00  3.107143e+00
     vertex -2.603251e+00 -1.502865e+00  3.107143e+00
   endloop
 endfacet
 facet normal -5.968201e-01  7.994996e-01 -6.786884e-02
   outer loop
     vertex -2.587919e+00 -1.439454e+00  3.850000e+00
     vertex -2.458338e+00 -1.342722e+00  3.850000e+00
     vertex -2.553901e+00 -1.477120e+00  3.107143e+00
   endloop
 endfacet
 facet normal -3.828743e-01  9.210848e-01 -7.078251e-02
   outer loop
     vertex -2.733691e+00 -1.500000e+00  3.850000e+00
     vertex -2.603251e+00 -1.502865e+00  3.107143e+00
     vertex -2.712152e+00 -1.548133e+00  3.107143e+00
   endloop
 endfacet
 facet normal -3.826189e-01  9.211943e-01 -7.073808e-02
   outer loop
     vertex -2.733691e+00 -1.500000e+00  3.850000e+00
     vertex -2.587919e+00 -1.439454e+00  3.850000e+00
     vertex -2.603251e+00 -1.502865e+00  3.107143e+00
   endloop
 endfacet
 facet normal -5.819397e-01  8.099867e-01 -7.257874e-02
   outer loop
     vertex -2.762972e+00 -1.518081e+00  3.850000e+00
     vertex -2.712152e+00 -1.548133e+00  3.107143e+00
     vertex -2.750096e+00 -1.575394e+00  3.107143e+00
   endloop
 endfacet
 facet normal -5.241155e-01  8.487498e-01 -7.019104e-02
   outer loop
     vertex -2.762972e+00 -1.518081e+00  3.850000e+00
     vertex -2.733691e+00 -1.500000e+00  3.850000e+00
     vertex -2.712152e+00 -1.548133e+00  3.107143e+00
   endloop
 endfacet
 facet normal -7.507799e-01  6.568185e-01 -7.013600e-02
   outer loop
     vertex -2.805671e+00 -1.559596e+00  3.850000e+00
     vertex -2.750096e+00 -1.575394e+00  3.107143e+00
     vertex -2.790304e+00 -1.621354e+00  3.107143e+00
   endloop
 endfacet
 facet normal -6.955163e-01  7.153565e-01 -6.724646e-02
   outer loop
     vertex -2.805671e+00 -1.559596e+00  3.850000e+00
     vertex -2.762972e+00 -1.518081e+00  3.850000e+00
     vertex -2.750096e+00 -1.575394e+00  3.107143e+00
   endloop
 endfacet
 facet normal -8.479213e-01  5.258223e-01 -6.738281e-02
   outer loop
     vertex -2.887733e+00 -1.683270e+00  3.850000e+00
     vertex -2.790304e+00 -1.621354e+00  3.107143e+00
     vertex -2.896517e+00 -1.792629e+00  3.107143e+00
   endloop
 endfacet
 facet normal -8.315920e-01  5.517936e-01 -6.307647e-02
   outer loop
     vertex -2.887733e+00 -1.683270e+00  3.850000e+00
     vertex -2.805671e+00 -1.559596e+00  3.850000e+00
     vertex -2.790304e+00 -1.621354e+00  3.107143e+00
   endloop
 endfacet
 facet normal -8.763847e-01  4.758857e-01 -7.404477e-02
   outer loop
     vertex -2.997826e+00 -1.863615e+00  3.850000e+00
     vertex -2.896517e+00 -1.792629e+00  3.107143e+00
     vertex -3.005283e+00 -1.992931e+00  3.107143e+00
   endloop
 endfacet
 facet normal -8.516433e-01  5.198905e-01 -6.646556e-02
   outer loop
     vertex -2.997826e+00 -1.863615e+00  3.850000e+00
     vertex -2.887733e+00 -1.683270e+00  3.850000e+00
     vertex -2.896517e+00 -1.792629e+00  3.107143e+00
   endloop
 endfacet
 facet normal -9.166363e-01  3.930356e-01 -7.280658e-02
   outer loop
     vertex -3.132271e+00 -2.151484e+00  3.850000e+00
     vertex -3.005283e+00 -1.992931e+00  3.107143e+00
     vertex -3.095694e+00 -2.203788e+00  3.107143e+00
   endloop
 endfacet
 facet normal -9.041725e-01  4.222799e-01 -6.443417e-02
   outer loop
     vertex -3.132271e+00 -2.151484e+00  3.850000e+00
     vertex -2.997826e+00 -1.863615e+00  3.850000e+00
     vertex -3.005283e+00 -1.992931e+00  3.107143e+00
   endloop
 endfacet
 facet normal -9.226195e-01 -3.856810e-01  4.833370e-03
   outer loop
     vertex -2.198521e+00 -1.157267e+00  3.850000e+00
     vertex -2.368062e+00 -7.516934e-01  3.850000e+00
     vertex -2.355279e+00 -7.915822e-01  3.107143e+00
   endloop
 endfacet
 facet normal -9.159894e-01 -4.011805e-01 -4.195647e-03
   outer loop
     vertex -2.198521e+00 -1.157267e+00  3.850000e+00
     vertex -2.355279e+00 -7.915822e-01  3.107143e+00
     vertex -2.178908e+00 -1.194279e+00  3.107143e+00
   endloop
 endfacet
 facet normal -3.353729e-01 -9.391770e-01  7.396986e-02
   outer loop
     vertex -3.437308e+00 -8.228893e-01  3.850000e+00
     vertex -3.731589e+00 -7.178036e-01  3.850000e+00
     vertex -3.718910e+00 -7.808390e-01  3.107143e+00
   endloop
 endfacet
 facet normal -3.184920e-01 -9.455398e-01  6.721048e-02
   outer loop
     vertex -3.437308e+00 -8.228893e-01  3.850000e+00
     vertex -3.718910e+00 -7.808390e-01  3.107143e+00
     vertex -3.417491e+00 -8.823677e-01  3.107143e+00
   endloop
 endfacet
 facet normal -2.115789e-01 -9.746760e-01  7.239536e-02
   outer loop
     vertex -3.437308e+00 -8.228893e-01  3.850000e+00
     vertex -3.417491e+00 -8.823677e-01  3.107143e+00
     vertex -3.211318e+00 -9.271229e-01  3.107143e+00
   endloop
 endfacet
 facet normal -1.745853e-01 -9.826253e-01  6.298835e-02
   outer loop
     vertex -3.132194e+00 -8.935623e-01  3.850000e+00
     vertex -3.211318e+00 -9.271229e-01  3.107143e+00
     vertex -3.065152e+00 -9.530926e-01  3.107143e+00
   endloop
 endfacet
 facet normal -2.251338e-01 -9.719597e-01  6.789058e-02
   outer loop
     vertex -3.132194e+00 -8.935623e-01  3.850000e+00
     vertex -3.437308e+00 -8.228893e-01  3.850000e+00
     vertex -3.211318e+00 -9.271229e-01  3.107143e+00
   endloop
 endfacet
 facet normal  3.646956e-02 -9.970068e-01  6.817163e-02
   outer loop
     vertex -3.063128e+00 -9.022247e-01  3.850000e+00
     vertex -3.065152e+00 -9.530926e-01  3.107143e+00
     vertex -3.006800e+00 -9.509581e-01  3.107143e+00
   endloop
 endfacet
 facet normal -1.241563e-01 -9.899214e-01  6.812421e-02
   outer loop
     vertex -3.063128e+00 -9.022247e-01  3.850000e+00
     vertex -3.132194e+00 -8.935623e-01  3.850000e+00
     vertex -3.065152e+00 -9.530926e-01  3.107143e+00
   endloop
 endfacet
 facet normal  3.680878e-02 -9.969927e-01  6.819642e-02
   outer loop
     vertex -3.029239e+00 -9.009736e-01  3.850000e+00
     vertex -3.063128e+00 -9.022247e-01  3.850000e+00
     vertex -3.006800e+00 -9.509581e-01  3.107143e+00
   endloop
 endfacet
 facet normal  2.891197e-01 -9.548052e-01  6.896938e-02
   outer loop
     vertex -3.004247e+00 -8.965255e-01  3.850000e+00
     vertex -3.006800e+00 -9.509581e-01  3.107143e+00
     vertex -2.955003e+00 -9.352737e-01  3.107143e+00
   endloop
 endfacet
 facet normal  1.747785e-01 -9.820187e-01  7.135643e-02
   outer loop
     vertex -3.004247e+00 -8.965255e-01  3.850000e+00
     vertex -3.029239e+00 -9.009736e-01  3.850000e+00
     vertex -3.006800e+00 -9.509581e-01  3.107143e+00
   endloop
 endfacet
 facet normal  2.970490e-01 -9.523393e-01  6.936638e-02
   outer loop
     vertex -2.978446e+00 -8.884778e-01  3.850000e+00
     vertex -3.004247e+00 -8.965255e-01  3.850000e+00
     vertex -2.955003e+00 -9.352737e-01  3.107143e+00
   endloop
 endfacet
 facet normal  4.045107e-01 -9.122239e-01  6.495148e-02
   outer loop
     vertex -2.831874e+00 -8.277817e-01  3.850000e+00
     vertex -2.955003e+00 -9.352737e-01  3.107143e+00
     vertex -2.824161e+00 -8.772539e-01  3.107143e+00
   endloop
 endfacet
 facet normal  1.628502e-01 -9.843565e-01  6.724617e-02
   outer loop
     vertex -2.831874e+00 -8.277817e-01  3.850000e+00
     vertex -2.824161e+00 -8.772539e-01  3.107143e+00
     vertex -2.658962e+00 -8.499237e-01  3.107143e+00
   endloop
 endfacet
 facet normal  3.816554e-01 -9.216424e-01  7.010264e-02
   outer loop
     vertex -2.831874e+00 -8.277817e-01  3.850000e+00
     vertex -2.978446e+00 -8.884778e-01  3.850000e+00
     vertex -2.955003e+00 -9.352737e-01  3.107143e+00
   endloop
 endfacet
 facet normal  1.883684e-01 -9.805068e-01  5.589113e-02
   outer loop
     vertex -2.368062e+00 -7.516934e-01  3.850000e+00
     vertex -2.658962e+00 -8.499237e-01  3.107143e+00
     vertex -2.355279e+00 -7.915822e-01  3.107143e+00
   endloop
 endfacet
 facet normal  1.615230e-01 -9.845957e-01  6.694438e-02
   outer loop
     vertex -2.368062e+00 -7.516934e-01  3.850000e+00
     vertex -2.831874e+00 -8.277817e-01  3.850000e+00
     vertex -2.658962e+00 -8.499237e-01  3.107143e+00
   endloop
 endfacet
 facet normal -9.383867e-01 -3.455868e-01 -3.022446e-04
   outer loop
     vertex -3.572236e+00 -1.295812e+00 -3.107143e+00
     vertex -3.581265e+00 -1.270647e+00 -3.850000e+00
     vertex -3.549969e+00 -1.355626e+00 -3.850000e+00
   endloop
 endfacet
 facet normal -9.463554e-01 -3.231273e-01  5.554424e-04
   outer loop
     vertex -3.610527e+00 -1.184946e+00 -3.850000e+00
     vertex -3.581265e+00 -1.270647e+00 -3.850000e+00
     vertex -3.572236e+00 -1.295812e+00 -3.107143e+00
   endloop
 endfacet
 facet normal -9.537868e-01 -3.004843e-01  6.749115e-05
   outer loop
     vertex -3.607359e+00 -1.194555e+00 -1.864286e+00
     vertex -3.637738e+00 -1.098572e+00 -3.850000e+00
     vertex -3.610527e+00 -1.184946e+00 -3.850000e+00
   endloop
 endfacet
 facet normal -9.450593e-01 -3.268989e-01 -7.424475e-05
   outer loop
     vertex -3.607359e+00 -1.194555e+00 -1.864286e+00
     vertex -3.610527e+00 -1.184946e+00 -3.850000e+00
     vertex -3.572236e+00 -1.295812e+00 -3.107143e+00
   endloop
 endfacet
 facet normal -9.574270e-01 -2.886747e-01  6.940145e-04
   outer loop
     vertex -3.655805e+00 -1.036865e+00 -3.107143e+00
     vertex -3.637738e+00 -1.098572e+00 -3.850000e+00
     vertex -3.607359e+00 -1.194555e+00 -1.864286e+00
   endloop
 endfacet
 facet normal -9.550208e-01 -2.965386e-01 -3.975251e-04
   outer loop
     vertex -3.639612e+00 -1.092347e+00 -6.214286e-01
     vertex -3.655805e+00 -1.036865e+00 -3.107143e+00
     vertex -3.607359e+00 -1.194555e+00 -1.864286e+00
   endloop
 endfacet
 facet normal -9.646007e-01 -2.637146e-01  3.975251e-04
   outer loop
     vertex -3.683592e+00 -9.333538e-01 -1.864286e+00
     vertex -3.655805e+00 -1.036865e+00 -3.107143e+00
     vertex -3.639612e+00 -1.092347e+00 -6.214286e-01
   endloop
 endfacet
 facet normal -9.630037e-01 -2.694878e-01 -3.975251e-04
   outer loop
     vertex -3.668970e+00 -9.892704e-01  6.214286e-01
     vertex -3.683592e+00 -9.333538e-01 -1.864286e+00
     vertex -3.639612e+00 -1.092347e+00 -6.214286e-01
   endloop
 endfacet
 facet normal -9.716541e-01 -2.364066e-01  3.975251e-04
   outer loop
     vertex -3.708449e+00 -8.291002e-01 -6.214286e-01
     vertex -3.683592e+00 -9.333538e-01 -1.864286e+00
     vertex -3.668970e+00 -9.892704e-01  6.214286e-01
   endloop
 endfacet
 facet normal -9.702206e-01 -2.422225e-01 -3.975251e-04
   outer loop
     vertex -3.695410e+00 -8.854068e-01  1.864286e+00
     vertex -3.708449e+00 -8.291002e-01 -6.214286e-01
     vertex -3.668970e+00 -9.892704e-01  6.214286e-01
   endloop
 endfacet
 facet normal -9.779347e-01 -2.089106e-01  3.975251e-04
   outer loop
     vertex -3.730356e+00 -7.241870e-01  6.214286e-01
     vertex -3.708449e+00 -8.291002e-01 -6.214286e-01
     vertex -3.695410e+00 -8.854068e-01  1.864286e+00
   endloop
 endfacet
 facet normal -9.766658e-01 -2.147646e-01 -3.975251e-04
   outer loop
     vertex -3.718910e+00 -7.808390e-01  3.107143e+00
     vertex -3.730356e+00 -7.241870e-01  6.214286e-01
     vertex -3.695410e+00 -8.854068e-01  1.864286e+00
   endloop
 endfacet
 facet normal -9.834373e-01 -1.812484e-01  3.975251e-04
   outer loop
     vertex -3.749295e+00 -6.186978e-01  1.864286e+00
     vertex -3.730356e+00 -7.241870e-01  6.214286e-01
     vertex -3.718910e+00 -7.808390e-01  3.107143e+00
   endloop
 endfacet
 facet normal -9.819133e-01 -1.893297e-01 -6.940145e-04
   outer loop
     vertex -3.731589e+00 -7.178036e-01  3.850000e+00
     vertex -3.749295e+00 -6.186978e-01  1.864286e+00
     vertex -3.718910e+00 -7.808390e-01  3.107143e+00
   endloop
 endfacet
 facet normal -9.841783e-01 -1.771812e-01 -6.749115e-05
   outer loop
     vertex -3.747635e+00 -6.286776e-01  3.850000e+00
     vertex -3.749295e+00 -6.186978e-01  1.864286e+00
     vertex -3.731589e+00 -7.178036e-01  3.850000e+00
   endloop
 endfacet
 facet normal -9.887259e-01 -1.497364e-01  7.424475e-05
   outer loop
     vertex -3.765252e+00 -5.127164e-01  3.107143e+00
     vertex -3.749295e+00 -6.186978e-01  1.864286e+00
     vertex -3.747635e+00 -6.286776e-01  3.850000e+00
   endloop
 endfacet
 facet normal -9.881208e-01 -1.536783e-01 -5.554424e-04
   outer loop
     vertex -3.761551e+00 -5.391946e-01  3.850000e+00
     vertex -3.765252e+00 -5.127164e-01  3.107143e+00
     vertex -3.747635e+00 -6.286776e-01  3.850000e+00
   endloop
 endfacet
 facet normal -9.915024e-01 -1.300882e-01  3.022446e-04
   outer loop
     vertex -3.773332e+00 -4.494054e-01  3.850000e+00
     vertex -3.765252e+00 -5.127164e-01  3.107143e+00
     vertex -3.761551e+00 -5.391946e-01  3.850000e+00
   endloop
 endfacet
 facet normal -1.359625e-01  9.891411e-01 -5.580399e-02
   outer loop
     vertex -2.800743e+00 -4.647461e-02  3.850000e+00
     vertex -2.484503e+00 -3.005685e-03  3.850000e+00
     vertex -2.484336e+00 -4.489234e-02  3.107143e+00
   endloop
 endfacet
 facet normal -1.618157e-01  9.845558e-01 -6.682548e-02
   outer loop
     vertex -2.800743e+00 -4.647461e-02  3.850000e+00
     vertex -2.484336e+00 -4.489234e-02  3.107143e+00
     vertex -2.947819e+00 -1.210676e-01  3.107143e+00
   endloop
 endfacet
 facet normal  2.466241e-03  9.978140e-01 -6.603926e-02
   outer loop
     vertex -2.959474e+00 -7.187361e-02  3.850000e+00
     vertex -2.947819e+00 -1.210676e-01  3.107143e+00
     vertex -3.003480e+00 -1.209301e-01  3.107143e+00
   endloop
 endfacet
 facet normal -1.576408e-01  9.851722e-01 -6.771397e-02
   outer loop
     vertex -2.959474e+00 -7.187361e-02  3.850000e+00
     vertex -2.800743e+00 -4.647461e-02  3.850000e+00
     vertex -2.947819e+00 -1.210676e-01  3.107143e+00
   endloop
 endfacet
 facet normal  8.903108e-02  9.935106e-01 -7.078274e-02
   outer loop
     vertex -3.117646e+00 -5.777442e-02  3.850000e+00
     vertex -3.003480e+00 -1.209301e-01  3.107143e+00
     vertex -3.120944e+00 -1.104038e-01  3.107143e+00
   endloop
 endfacet
 facet normal  8.856291e-02  9.935471e-01 -7.085780e-02
   outer loop
     vertex -3.117646e+00 -5.777442e-02  3.850000e+00
     vertex -2.959474e+00 -7.187361e-02  3.850000e+00
     vertex -3.003480e+00 -1.209301e-01  3.107143e+00
   endloop
 endfacet
 facet normal -1.388624e-01  9.876485e-01 -7.257879e-02
   outer loop
     vertex -3.151975e+00 -6.017675e-02  3.850000e+00
     vertex -3.120944e+00 -1.104038e-01  3.107143e+00
     vertex -3.167211e+00 -1.169088e-01  3.107143e+00
   endloop
 endfacet
 facet normal -6.963691e-02  9.951000e-01 -7.019090e-02
   outer loop
     vertex -3.151975e+00 -6.017675e-02  3.850000e+00
     vertex -3.117646e+00 -5.777442e-02  3.850000e+00
     vertex -3.120944e+00 -1.104038e-01  3.107143e+00
   endloop
 endfacet
 facet normal -3.595438e-01  9.304887e-01 -7.013604e-02
   outer loop
     vertex -3.209078e+00 -7.709306e-02  3.850000e+00
     vertex -3.167211e+00 -1.169088e-01  3.107143e+00
     vertex -3.224172e+00 -1.389187e-01  3.107143e+00
   endloop
 endfacet
 facet normal -2.833998e-01  9.566412e-01 -6.724636e-02
   outer loop
     vertex -3.209078e+00 -7.709306e-02  3.850000e+00
     vertex -3.151975e+00 -6.017675e-02  3.850000e+00
     vertex -3.167211e+00 -1.169088e-01  3.107143e+00
   endloop
 endfacet
 facet normal -5.064352e-01  8.596412e-01 -6.738283e-02
   outer loop
     vertex -3.339216e+00 -1.484655e-01  3.850000e+00
     vertex -3.224172e+00 -1.389187e-01  3.107143e+00
     vertex -3.397814e+00 -2.412155e-01  3.107143e+00
   endloop
 endfacet
 facet normal -4.799063e-01  8.750493e-01 -6.307635e-02
   outer loop
     vertex -3.339216e+00 -1.484655e-01  3.850000e+00
     vertex -3.209078e+00 -7.709306e-02  3.850000e+00
     vertex -3.224172e+00 -1.389187e-01  3.107143e+00
   endloop
 endfacet
 facet normal -5.548450e-01  8.286521e-01 -7.404477e-02
   outer loop
     vertex -3.520509e+00 -2.569903e-01  3.850000e+00
     vertex -3.397814e+00 -2.412155e-01  3.107143e+00
     vertex -3.587207e+00 -3.680282e-01  3.107143e+00
   endloop
 endfacet
 facet normal -5.124878e-01  8.561183e-01 -6.646555e-02
   outer loop
     vertex -3.520509e+00 -2.569903e-01  3.850000e+00
     vertex -3.339216e+00 -1.484655e-01  3.850000e+00
     vertex -3.397814e+00 -2.412155e-01  3.107143e+00
   endloop
 endfacet
 facet normal -6.289884e-01  7.739979e-01 -7.280658e-02
   outer loop
     vertex -3.773332e+00 -4.494054e-01  3.850000e+00
     vertex -3.587207e+00 -3.680282e-01  3.107143e+00
     vertex -3.765252e+00 -5.127164e-01  3.107143e+00
   endloop
 endfacet
 facet normal -6.043619e-01  7.941001e-01 -6.443421e-02
   outer loop
     vertex -3.773332e+00 -4.494054e-01  3.850000e+00
     vertex -3.520509e+00 -2.569903e-01  3.850000e+00
     vertex -3.587207e+00 -3.680282e-01  3.107143e+00
   endloop
 endfacet
 facet normal -9.961739e-01  8.725910e-02  4.833370e-03
   outer loop
     vertex -2.484503e+00 -3.005685e-03  3.850000e+00
     vertex -2.446144e+00  4.349019e-01  3.850000e+00
     vertex -2.453363e+00  3.936416e-01  3.107143e+00
   endloop
 endfacet
 facet normal -9.975062e-01  7.045378e-02 -4.195647e-03
   outer loop
     vertex -2.484503e+00 -3.005685e-03  3.850000e+00
     vertex -2.453363e+00  3.936416e-01  3.107143e+00
     vertex -2.484336e+00 -4.489234e-02  3.107143e+00
   endloop
 endfacet
 facet normal -8.415169e-01  5.402092e-01  4.833370e-03
   outer loop
     vertex -2.201315e+00  1.151945e+00  3.850000e+00
     vertex -1.963844e+00  1.521867e+00  3.850000e+00
     vertex -1.989411e+00  1.488687e+00  3.107143e+00
   endloop
 endfacet
 facet normal -8.505064e-01  5.259480e-01 -4.195647e-03
   outer loop
     vertex -2.201315e+00  1.151945e+00  3.850000e+00
     vertex -1.989411e+00  1.488687e+00  3.107143e+00
     vertex -2.220633e+00  1.114779e+00  3.107143e+00
   endloop
 endfacet
 facet normal  6.618436e-01 -7.496419e-01  0.000000e+00
   outer loop
     vertex -1.060396e+00  1.392142e+00  3.850000e+00
     vertex -1.250000e+00  1.224745e+00  3.850000e+00
     vertex -1.250000e+00  1.224745e+00 -3.850000e+00
   endloop
 endfacet
 facet normal  6.618436e-01 -7.496419e-01  0.000000e+00
   outer loop
     vertex -1.060396e+00  1.392142e+00  3.850000e+00
     vertex -1.250000e+00  1.224745e+00 -3.850000e+00
     vertex -1.060396e+00  1.392142e+00 -3.850000e+00
   endloop
 endfacet
 facet normal  5.468694e-01 -8.372179e-01  0.000000e+00
   outer loop
     vertex -8.486423e-01  1.530459e+00  3.850000e+00
     vertex -1.060396e+00  1.392142e+00 -3.850000e+00
     vertex -8.486423e-01  1.530459e+00 -3.850000e+00
   endloop
 endfacet
 facet normal  4.204718e-01 -9.073056e-01  0.000000e+00
   outer loop
     vertex -8.486423e-01  1.530459e+00  3.850000e+00
     vertex -8.486423e-01  1.530459e+00 -3.850000e+00
     vertex -6.191613e-01  1.636808e+00 -3.850000e+00
   endloop
 endfacet
 facet normal  5.468694e-01 -8.372179e-01  0.000000e+00
   outer loop
     vertex -8.486423e-01  1.530459e+00  3.850000e+00
     vertex -1.060396e+00  1.392142e+00  3.850000e+00
     vertex -1.060396e+00  1.392142e+00 -3.850000e+00
   endloop
 endfacet
 facet normal  4.204718e-01 -9.073056e-01  0.000000e+00
   outer loop
     vertex -6.191613e-01  1.636808e+00  3.850000e+00
     vertex -8.486423e-01  1.530459e+00  3.850000e+00
     vertex -6.191613e-01  1.636808e+00 -3.850000e+00
   endloop
 endfacet
 facet normal  2.852911e-01 -9.584409e-01  0.000000e+00
   outer loop
     vertex -3.767470e-01  1.708965e+00  3.850000e+00
     vertex -6.191613e-01  1.636808e+00 -3.850000e+00
     vertex -3.767470e-01  1.708965e+00 -3.850000e+00
   endloop
 endfacet
 facet normal  2.852911e-01 -9.584409e-01  0.000000e+00
   outer loop
     vertex -3.767470e-01  1.708965e+00  3.850000e+00
     vertex -6.191613e-01  1.636808e+00  3.850000e+00
     vertex -6.191613e-01  1.636808e+00 -3.850000e+00
   endloop
 endfacet
 facet normal  1.441511e-01 -9.895557e-01  0.000000e+00
   outer loop
     vertex -1.264629e-01  1.745425e+00  3.850000e+00
     vertex -3.767470e-01  1.708965e+00 -3.850000e+00
     vertex -1.264629e-01  1.745425e+00 -3.850000e+00
   endloop
 endfacet
 facet normal  0.000000e+00 -1.000000e+00  0.000000e+00
   outer loop
     vertex -1.264629e-01  1.745425e+00  3.850000e+00
     vertex -1.264629e-01  1.745425e+00 -3.850000e+00
     vertex  1.264629e-01  1.745425e+00 -3.850000e+00
   endloop
 endfacet
 facet normal  1.441511e-01 -9.895557e-01  0.000000e+00
   outer loop
     vertex -1.264629e-01  1.745425e+00  3.850000e+00
     vertex -3.767470e-01  1.708965e+00  3.850000e+00
     vertex -3.767470e-01  1.708965e+00 -3.850000e+00
   endloop
 endfacet
 facet normal -0.000000e+00 -1.000000e+00 -0.000000e+00
   outer loop
     vertex  1.264629e-01  1.745425e+00  3.850000e+00
     vertex -1.264629e-01  1.745425e+00  3.850000e+00
     vertex  1.264629e-01  1.745425e+00 -3.850000e+00
   endloop
 endfacet
 facet normal -1.441511e-01 -9.895557e-01 -0.000000e+00
   outer loop
     vertex  3.767470e-01  1.708965e+00  3.850000e+00
     vertex  1.264629e-01  1.745425e+00 -3.850000e+00
     vertex  3.767470e-01  1.708965e+00 -3.850000e+00
   endloop
 endfacet
 facet normal -1.441511e-01 -9.895557e-01  0.000000e+00
   outer loop
     vertex  3.767470e-01  1.708965e+00  3.850000e+00
     vertex  1.264629e-01  1.745425e+00  3.850000e+00
     vertex  1.264629e-01  1.745425e+00 -3.850000e+00
   endloop
 endfacet
 facet normal -2.852911e-01 -9.584409e-01 -0.000000e+00
   outer loop
     vertex  6.191613e-01  1.636808e+00  3.850000e+00
     vertex  3.767470e-01  1.708965e+00 -3.850000e+00
     vertex  6.191613e-01  1.636808e+00 -3.850000e+00
   endloop
 endfacet
 facet normal -2.852911e-01 -9.584409e-01  0.000000e+00
   outer loop
     vertex  6.191613e-01  1.636808e+00  3.850000e+00
     vertex  3.767470e-01  1.708965e+00  3.850000e+00
     vertex  3.767470e-01  1.708965e+00 -3.850000e+00
   endloop
 endfacet
 facet normal -4.204718e-01 -9.073056e-01 -0.000000e+00
   outer loop
     vertex  8.486423e-01  1.530459e+00  3.850000e+00
     vertex  6.191613e-01  1.636808e+00 -3.850000e+00
     vertex  8.486423e-01  1.530459e+00 -3.850000e+00
   endloop
 endfacet
 facet normal -5.468694e-01 -8.372179e-01 -0.000000e+00
   outer loop
     vertex  8.486423e-01  1.530459e+00  3.850000e+00
     vertex  8.486423e-01  1.530459e+00 -3.850000e+00
     vertex  1.060396e+00  1.392142e+00 -3.850000e+00
   endloop
 endfacet
 facet normal -4.204718e-01 -9.073056e-01  0.000000e+00
   outer loop
     vertex  8.486423e-01  1.530459e+00  3.850000e+00
     vertex  6.191613e-01  1.636808e+00  3.850000e+00
     vertex  6.191613e-01  1.636808e+00 -3.850000e+00
   endloop
 endfacet
 facet normal -5.468694e-01 -8.372179e-01 -0.000000e+00
   outer loop
     vertex  1.060396e+00  1.392142e+00  3.850000e+00
     vertex  8.486423e-01  1.530459e+00  3.850000e+00
     vertex  1.060396e+00  1.392142e+00 -3.850000e+00
   endloop
 endfacet
 facet normal -6.618436e-01 -7.496419e-01 -0.000000e+00
   outer loop
     vertex  1.250000e+00  1.224745e+00  3.850000e+00
     vertex  1.060396e+00  1.392142e+00 -3.850000e+00
     vertex  1.250000e+00  1.224745e+00 -3.850000e+00
   endloop
 endfacet
 facet normal -6.618436e-01 -7.496419e-01  0.000000e+00
   outer loop
     vertex  1.250000e+00  1.224745e+00  3.850000e+00
     vertex  1.060396e+00  1.392142e+00  3.850000e+00
     vertex  1.060396e+00  1.392142e+00 -3.850000e+00
   endloop
 endfacet
 facet normal -6.618436e-01  7.496419e-01  0.000000e+00
   outer loop
     vertex  1.060396e+00 -1.392142e+00  3.850000e+00
     vertex  1.250000e+00 -1.224745e+00  3.850000e+00
     vertex  1.250000e+00 -1.224745e+00 -3.850000e+00
   endloop
 endfacet
 facet normal -6.618436e-01  7.496419e-01  0.000000e+00
   outer loop
     vertex  1.060396e+00 -1.392142e+00  3.850000e+00
     vertex  1.250000e+00 -1.224745e+00 -3.850000e+00
     vertex  1.060396e+00 -1.392142e+00 -3.850000e+00
   endloop
 endfacet
 facet normal -5.468694e-01  8.372179e-01  0.000000e+00
   outer loop
     vertex  8.486423e-01 -1.530459e+00  3.850000e+00
     vertex  1.060396e+00 -1.392142e+00 -3.850000e+00
     vertex  8.486423e-01 -1.530459e+00 -3.850000e+00
   endloop
 endfacet
 facet normal -5.468694e-01  8.372179e-01  0.000000e+00
   outer loop
     vertex  8.486423e-01 -1.530459e+00  3.850000e+00
     vertex  1.060396e+00 -1.392142e+00  3.850000e+00
     vertex  1.060396e+00 -1.392142e+00 -3.850000e+00
   endloop
 endfacet
 facet normal -4.204718e-01  9.073056e-01  0.000000e+00
   outer loop
     vertex  6.191613e-01 -1.636808e+00  3.850000e+00
     vertex  8.486423e-01 -1.530459e+00 -3.850000e+00
     vertex  6.191613e-01 -1.636808e+00 -3.850000e+00
   endloop
 endfacet
 facet normal -2.852911e-01  9.584409e-01  0.000000e+00
   outer loop
     vertex  6.191613e-01 -1.636808e+00  3.850000e+00
     vertex  6.191613e-01 -1.636808e+00 -3.850000e+00
     vertex  3.767470e-01 -1.708965e+00 -3.850000e+00
   endloop
 endfacet
 facet normal -4.204718e-01  9.073056e-01  0.000000e+00
   outer loop
     vertex  6.191613e-01 -1.636808e+00  3.850000e+00
     vertex  8.486423e-01 -1.530459e+00  3.850000e+00
     vertex  8.486423e-01 -1.530459e+00 -3.850000e+00
   endloop
 endfacet
 facet normal -2.852911e-01  9.584409e-01  0.000000e+00
   outer loop
     vertex  3.767470e-01 -1.708965e+00  3.850000e+00
     vertex  6.191613e-01 -1.636808e+00  3.850000e+00
     vertex  3.767470e-01 -1.708965e+00 -3.850000e+00
   endloop
 endfacet
 facet normal -1.441511e-01  9.895557e-01  0.000000e+00
   outer loop
     vertex  1.264629e-01 -1.745425e+00  3.850000e+00
     vertex  3.767470e-01 -1.708965e+00 -3.850000e+00
     vertex  1.264629e-01 -1.745425e+00 -3.850000e+00
   endloop
 endfacet
 facet normal -1.441511e-01  9.895557e-01  0.000000e+00
   outer loop
     vertex  1.264629e-01 -1.745425e+00  3.850000e+00
     vertex  3.767470e-01 -1.708965e+00  3.850000e+00
     vertex  3.767470e-01 -1.708965e+00 -3.850000e+00
   endloop
 endfacet
 facet normal  8.779043e-16  1.000000e+00  0.000000e+00
   outer loop
     vertex -1.264629e-01 -1.745425e+00  3.850000e+00
     vertex  1.264629e-01 -1.745425e+00 -3.850000e+00
     vertex -1.264629e-01 -1.745425e+00 -3.850000e+00
   endloop
 endfacet
 facet normal  8.779043e-16  1.000000e+00  0.000000e+00
   outer loop
     vertex -1.264629e-01 -1.745425e+00  3.850000e+00
     vertex  1.264629e-01 -1.745425e+00  3.850000e+00
     vertex  1.264629e-01 -1.745425e+00 -3.850000e+00
   endloop
 endfacet
 facet normal  1.441511e-01  9.895557e-01  0.000000e+00
   outer loop
     vertex -3.767470e-01 -1.708965e+00  3.850000e+00
     vertex -1.264629e-01 -1.745425e+00 -3.850000e+00
     vertex -3.767470e-01 -1.708965e+00 -3.850000e+00
   endloop
 endfacet
 facet normal  2.852911e-01  9.584409e-01  0.000000e+00
   outer loop
     vertex -3.767470e-01 -1.708965e+00  3.850000e+00
     vertex -3.767470e-01 -1.708965e+00 -3.850000e+00
     vertex -6.191613e-01 -1.636808e+00 -3.850000e+00
   endloop
 endfacet
 facet normal  1.441511e-01  9.895557e-01  0.000000e+00
   outer loop
     vertex -3.767470e-01 -1.708965e+00  3.850000e+00
     vertex -1.264629e-01 -1.745425e+00  3.850000e+00
     vertex -1.264629e-01 -1.745425e+00 -3.850000e+00
   endloop
 endfacet
 facet normal  2.852911e-01  9.584409e-01  0.000000e+00
   outer loop
     vertex -6.191613e-01 -1.636808e+00  3.850000e+00
     vertex -3.767470e-01 -1.708965e+00  3.850000e+00
     vertex -6.191613e-01 -1.636808e+00 -3.850000e+00
   endloop
 endfacet
 facet normal  4.204718e-01  9.073056e-01  0.000000e+00
   outer loop
     vertex -8.486423e-01 -1.530459e+00  3.850000e+00
     vertex -6.191613e-01 -1.636808e+00 -3.850000e+00
     vertex -8.486423e-01 -1.530459e+00 -3.850000e+00
   endloop
 endfacet
 facet normal  5.468694e-01  8.372179e-01  0.000000e+00
   outer loop
     vertex -8.486423e-01 -1.530459e+00  3.850000e+00
     vertex -8.486423e-01 -1.530459e+00 -3.850000e+00
     vertex -1.060396e+00 -1.392142e+00 -3.850000e+00
   endloop
 endfacet
 facet normal  4.204718e-01  9.073056e-01  0.000000e+00
   outer loop
     vertex -8.486423e-01 -1.530459e+00  3.850000e+00
     vertex -6.191613e-01 -1.636808e+00  3.850000e+00
     vertex -6.191613e-01 -1.636808e+00 -3.850000e+00
   endloop
 endfacet
 facet normal  5.468694e-01  8.372179e-01  0.000000e+00
   outer loop
     vertex -1.060396e+00 -1.392142e+00  3.850000e+00
     vertex -8.486423e-01 -1.530459e+00  3.850000e+00
     vertex -1.060396e+00 -1.392142e+00 -3.850000e+00
   endloop
 endfacet
 facet normal  6.618436e-01  7.496419e-01  0.000000e+00
   outer loop
     vertex -1.250000e+00 -1.224745e+00  3.850000e+00
     vertex -1.060396e+00 -1.392142e+00 -3.850000e+00
     vertex -1.250000e+00 -1.224745e+00 -3.850000e+00
   endloop
 endfacet
 facet normal  6.618436e-01  7.496419e-01  0.000000e+00
   outer loop
     vertex -1.250000e+00 -1.224745e+00  3.850000e+00
     vertex -1.060396e+00 -1.392142e+00  3.850000e+00
     vertex -1.060396e+00 -1.392142e+00 -3.850000e+00
   endloop
 endfacet
 facet normal  1.000000e+00  0.000000e+00  0.000000e+00
   outer loop
     vertex -1.250000e+00 -1.224745e+00  3.850000e+00
     vertex -1.250000e+00 -1.224745e+00 -3.850000e+00
     vertex -1.250000e+00  1.224745e+00 -3.850000e+00
   endloop
 endfacet
 facet normal  1.000000e+00 -0.000000e+00  0.000000e+00
   outer loop
     vertex -1.250000e+00 -1.224745e+00  3.850000e+00
     vertex -1.250000e+00  1.224745e+00 -3.850000e+00
     vertex -1.250000e+00  1.224745e+00  3.850000e+00
   endloop
 endfacet
 facet normal -8.650006e-01  5.017533e-01 -4.195647e-03
   outer loop
     vertex -2.220633e+00  1.114779e+00  3.107143e+00
     vertex -2.030602e+00  1.431991e+00  1.864286e+00
     vertex -2.251188e+00  1.051710e+00  1.864286e+00
   endloop
 endfacet
 facet normal -8.505064e-01  5.259480e-01  4.195647e-03
   outer loop
     vertex -2.220633e+00  1.114779e+00  3.107143e+00
     vertex -1.989411e+00  1.488687e+00  3.107143e+00
     vertex -2.030602e+00  1.431991e+00  1.864286e+00
   endloop
 endfacet
 facet normal -8.788067e-01  4.771595e-01 -4.195647e-03
   outer loop
     vertex -2.251188e+00  1.051710e+00  1.864286e+00
     vertex -2.070179e+00  1.374155e+00  6.214286e-01
     vertex -2.279953e+00  9.878052e-01  6.214286e-01
   endloop
 endfacet
 facet normal -8.650006e-01  5.017533e-01  4.195647e-03
   outer loop
     vertex -2.251188e+00  1.051710e+00  1.864286e+00
     vertex -2.030602e+00  1.431991e+00  1.864286e+00
     vertex -2.070179e+00  1.374155e+00  6.214286e-01
   endloop
 endfacet
 facet normal -8.919137e-01  4.521862e-01 -4.195647e-03
   outer loop
     vertex -2.279953e+00  9.878052e-01  6.214286e-01
     vertex -2.108108e+00  1.315227e+00 -6.214286e-01
     vertex -2.306903e+00  9.231145e-01 -6.214286e-01
   endloop
 endfacet
 facet normal -8.788067e-01  4.771595e-01  4.195647e-03
   outer loop
     vertex -2.279953e+00  9.878052e-01  6.214286e-01
     vertex -2.070179e+00  1.374155e+00  6.214286e-01
     vertex -2.108108e+00  1.315227e+00 -6.214286e-01
   endloop
 endfacet
 facet normal -9.043041e-01  4.268498e-01  5.779683e-03
   outer loop
     vertex -2.108108e+00  1.315227e+00 -6.214286e-01
     vertex -2.144361e+00  1.255252e+00 -1.864286e+00
     vertex -2.332019e+00  8.576895e-01 -1.864286e+00
   endloop
 endfacet
 facet normal -8.919067e-01  4.521826e-01 -5.779683e-03
   outer loop
     vertex -2.306903e+00  9.231145e-01 -6.214286e-01
     vertex -2.108108e+00  1.315227e+00 -6.214286e-01
     vertex -2.332019e+00  8.576895e-01 -1.864286e+00
   endloop
 endfacet
 facet normal -9.159894e-01  4.011805e-01 -4.195647e-03
   outer loop
     vertex -2.332019e+00  8.576895e-01 -1.864286e+00
     vertex -2.178908e+00  1.194279e+00 -3.107143e+00
     vertex -2.355279e+00  7.915822e-01 -3.107143e+00
   endloop
 endfacet
 facet normal -9.043112e-01  4.268531e-01  4.195647e-03
   outer loop
     vertex -2.332019e+00  8.576895e-01 -1.864286e+00
     vertex -2.144361e+00  1.255252e+00 -1.864286e+00
     vertex -2.178908e+00  1.194279e+00 -3.107143e+00
   endloop
 endfacet
 facet normal -9.159894e-01  4.011805e-01  4.195647e-03
   outer loop
     vertex -2.355279e+00  7.915822e-01 -3.107143e+00
     vertex -2.178908e+00  1.194279e+00 -3.107143e+00
     vertex -2.198521e+00  1.157267e+00 -3.850000e+00
   endloop
 endfacet
 facet normal -9.226195e-01  3.856810e-01 -4.833370e-03
   outer loop
     vertex -2.355279e+00  7.915822e-01 -3.107143e+00
     vertex -2.198521e+00  1.157267e+00 -3.850000e+00
     vertex -2.368062e+00  7.516934e-01 -3.850000e+00
   endloop
 endfacet
 facet normal -9.039877e-01 -4.210781e-01  7.415824e-02
   outer loop
     vertex -3.095694e+00  2.203788e+00 -3.107143e+00
     vertex -3.132271e+00  2.151484e+00 -3.850000e+00
     vertex -3.000328e+00  1.868224e+00 -3.850000e+00
   endloop
 endfacet
 facet normal -9.109269e-01 -4.070990e-01  6.695279e-02
   outer loop
     vertex -2.965921e+00  1.913408e+00 -3.107143e+00
     vertex -3.095694e+00  2.203788e+00 -3.107143e+00
     vertex -3.000328e+00  1.868224e+00 -3.850000e+00
   endloop
 endfacet
 facet normal -8.500236e-01 -5.226522e-01  6.553203e-02
   outer loop
     vertex -2.859009e+00  1.731529e+00 -3.107143e+00
     vertex -3.000328e+00  1.868224e+00 -3.850000e+00
     vertex -2.836285e+00  1.601431e+00 -3.850000e+00
   endloop
 endfacet
 facet normal -8.599395e-01 -5.054930e-01  7.057593e-02
   outer loop
     vertex -2.859009e+00  1.731529e+00 -3.107143e+00
     vertex -2.965921e+00  1.913408e+00 -3.107143e+00
     vertex -3.000328e+00  1.868224e+00 -3.850000e+00
   endloop
 endfacet
 facet normal -7.918902e-01 -6.071703e-01  6.522460e-02
   outer loop
     vertex -2.778980e+00  1.606491e+00 -3.107143e+00
     vertex -2.836285e+00  1.601431e+00 -3.850000e+00
     vertex -2.793931e+00  1.546191e+00 -3.850000e+00
   endloop
 endfacet
 facet normal -8.402791e-01 -5.378112e-01  6.848493e-02
   outer loop
     vertex -2.778980e+00  1.606491e+00 -3.107143e+00
     vertex -2.859009e+00  1.731529e+00 -3.107143e+00
     vertex -2.836285e+00  1.601431e+00 -3.850000e+00
   endloop
 endfacet
 facet normal -5.761478e-01 -8.142997e-01  7.049608e-02
   outer loop
     vertex -2.737842e+00  1.565052e+00 -3.107143e+00
     vertex -2.769234e+00  1.522952e+00 -3.850000e+00
     vertex -2.748512e+00  1.508290e+00 -3.850000e+00
   endloop
 endfacet
 facet normal -6.836035e-01 -7.264831e-01  7.006020e-02
   outer loop
     vertex -2.737842e+00  1.565052e+00 -3.107143e+00
     vertex -2.793931e+00  1.546191e+00 -3.850000e+00
     vertex -2.769234e+00  1.522952e+00 -3.850000e+00
   endloop
 endfacet
 facet normal -7.078825e-01 -7.027234e-01  7.129013e-02
   outer loop
     vertex -2.737842e+00  1.565052e+00 -3.107143e+00
     vertex -2.778980e+00  1.606491e+00 -3.107143e+00
     vertex -2.793931e+00  1.546191e+00 -3.850000e+00
   endloop
 endfacet
 facet normal -3.878304e-01 -9.191080e-01  6.948420e-02
   outer loop
     vertex -2.691191e+00  1.537618e+00 -3.107143e+00
     vertex -2.724659e+00  1.495581e+00 -3.850000e+00
     vertex -2.578497e+00  1.433906e+00 -3.850000e+00
   endloop
 endfacet
 facet normal -4.690434e-01 -8.803208e-01  7.094824e-02
   outer loop
     vertex -2.691191e+00  1.537618e+00 -3.107143e+00
     vertex -2.748512e+00  1.508290e+00 -3.850000e+00
     vertex -2.724659e+00  1.495581e+00 -3.850000e+00
   endloop
 endfacet
 facet normal -5.055540e-01 -8.597053e-01  7.295159e-02
   outer loop
     vertex -2.691191e+00  1.537618e+00 -3.107143e+00
     vertex -2.737842e+00  1.565052e+00 -3.107143e+00
     vertex -2.748512e+00  1.508290e+00 -3.850000e+00
   endloop
 endfacet
 facet normal -3.960807e-01 -9.157122e-01  6.775850e-02
   outer loop
     vertex -2.559824e+00  1.480797e+00 -3.107143e+00
     vertex -2.691191e+00  1.537618e+00 -3.107143e+00
     vertex -2.578497e+00  1.433906e+00 -3.850000e+00
   endloop
 endfacet
 facet normal -5.875731e-01 -8.070586e-01  5.843186e-02
   outer loop
     vertex -2.427715e+00  1.377914e+00 -3.107143e+00
     vertex -2.578497e+00  1.433906e+00 -3.850000e+00
     vertex -2.198521e+00  1.157267e+00 -3.850000e+00
   endloop
 endfacet
 facet normal -6.131277e-01 -7.872962e-01  6.510835e-02
   outer loop
     vertex -2.427715e+00  1.377914e+00 -3.107143e+00
     vertex -2.559824e+00  1.480797e+00 -3.107143e+00
     vertex -2.578497e+00  1.433906e+00 -3.850000e+00
   endloop
 endfacet
 facet normal -5.929142e-01 -8.033384e-01  5.567899e-02
   outer loop
     vertex -2.178908e+00  1.194279e+00 -3.107143e+00
     vertex -2.427715e+00  1.377914e+00 -3.107143e+00
     vertex -2.198521e+00  1.157267e+00 -3.850000e+00
   endloop
 endfacet
 facet normal  6.084507e-01  7.916302e-01 -5.576224e-02
   outer loop
     vertex -1.717630e+00  1.795464e+00 -3.107143e+00
     vertex -1.747486e+00  1.766085e+00 -3.850000e+00
     vertex -2.000580e+00  1.960614e+00 -3.850000e+00
   endloop
 endfacet
 facet normal  5.911136e-01  8.040016e-01 -6.454586e-02
   outer loop
     vertex -2.087905e+00  2.084454e+00 -3.107143e+00
     vertex -2.000580e+00  1.960614e+00 -3.850000e+00
     vertex -2.130862e+00  2.056400e+00 -3.850000e+00
   endloop
 endfacet
 facet normal  6.141923e-01  7.869485e-01 -5.899002e-02
   outer loop
     vertex -2.087905e+00  2.084454e+00 -3.107143e+00
     vertex -1.717630e+00  1.795464e+00 -3.107143e+00
     vertex -2.000580e+00  1.960614e+00 -3.850000e+00
   endloop
 endfacet
 facet normal  7.701208e-01  6.346283e-01 -6.450507e-02
   outer loop
     vertex -2.125548e+00  2.125456e+00 -3.107143e+00
     vertex -2.130862e+00  2.056400e+00 -3.850000e+00
     vertex -2.231245e+00  2.178214e+00 -3.850000e+00
   endloop
 endfacet
 facet normal  7.349368e-01  6.747196e-01 -6.798029e-02
   outer loop
     vertex -2.125548e+00  2.125456e+00 -3.107143e+00
     vertex -2.087905e+00  2.084454e+00 -3.107143e+00
     vertex -2.130862e+00  2.056400e+00 -3.850000e+00
   endloop
 endfacet
 facet normal  6.592375e-01  7.485749e-01 -7.100417e-02
   outer loop
     vertex -2.197464e+00  2.218926e+00 -3.107143e+00
     vertex -2.231245e+00  2.178214e+00 -3.850000e+00
     vertex -2.257071e+00  2.200958e+00 -3.850000e+00
   endloop
 endfacet
 facet normal  7.906527e-01  6.083310e-01 -6.929407e-02
   outer loop
     vertex -2.197464e+00  2.218926e+00 -3.107143e+00
     vertex -2.125548e+00  2.125456e+00 -3.107143e+00
     vertex -2.231245e+00  2.178214e+00 -3.850000e+00
   endloop
 endfacet
 facet normal  4.816098e-01  8.734944e-01 -7.113086e-02
   outer loop
     vertex -2.233618e+00  2.248520e+00 -3.107143e+00
     vertex -2.257071e+00  2.200958e+00 -3.850000e+00
     vertex -2.309223e+00  2.229713e+00 -3.850000e+00
   endloop
 endfacet
 facet normal  6.318707e-01  7.719629e-01 -6.937399e-02
   outer loop
     vertex -2.233618e+00  2.248520e+00 -3.107143e+00
     vertex -2.197464e+00  2.218926e+00 -3.107143e+00
     vertex -2.257071e+00  2.200958e+00 -3.850000e+00
   endloop
 endfacet
 facet normal  2.855618e-01  9.560244e-01 -6.687088e-02
   outer loop
     vertex -2.288420e+00  2.275459e+00 -3.107143e+00
     vertex -2.309223e+00  2.229713e+00 -3.850000e+00
     vertex -2.451437e+00  2.272191e+00 -3.850000e+00
   endloop
 endfacet
 facet normal  4.401522e-01  8.953850e-01 -6.746571e-02
   outer loop
     vertex -2.288420e+00  2.275459e+00 -3.107143e+00
     vertex -2.233618e+00  2.248520e+00 -3.107143e+00
     vertex -2.309223e+00  2.229713e+00 -3.850000e+00
   endloop
 endfacet
 facet normal  2.492125e-01  9.659187e-01 -6.995887e-02
   outer loop
     vertex -2.481352e+00  2.333713e+00 -3.107143e+00
     vertex -2.451437e+00  2.272191e+00 -3.850000e+00
     vertex -2.656031e+00  2.324978e+00 -3.850000e+00
   endloop
 endfacet
 facet normal  2.883909e-01  9.551315e-01 -6.748778e-02
   outer loop
     vertex -2.481352e+00  2.333713e+00 -3.107143e+00
     vertex -2.288420e+00  2.275459e+00 -3.107143e+00
     vertex -2.451437e+00  2.272191e+00 -3.850000e+00
   endloop
 endfacet
 facet normal  1.405055e-01  9.873519e-01 -7.344618e-02
   outer loop
     vertex -2.702983e+00  2.386918e+00 -3.107143e+00
     vertex -2.656031e+00  2.324978e+00 -3.850000e+00
     vertex -2.970578e+00  2.369740e+00 -3.850000e+00
   endloop
 endfacet
 facet normal  2.329193e-01  9.702417e-01 -6.617846e-02
   outer loop
     vertex -2.702983e+00  2.386918e+00 -3.107143e+00
     vertex -2.481352e+00  2.333713e+00 -3.107143e+00
     vertex -2.656031e+00  2.324978e+00 -3.850000e+00
   endloop
 endfacet
 facet normal  1.423308e-01  9.870419e-01 -7.409651e-02
   outer loop
     vertex -2.930057e+00  2.419662e+00 -3.107143e+00
     vertex -2.702983e+00  2.386918e+00 -3.107143e+00
     vertex -2.970578e+00  2.369740e+00 -3.850000e+00
   endloop
 endfacet
 facet normal -6.246304e-01  7.809092e-01  4.195647e-03
   outer loop
     vertex -1.717630e+00  1.795464e+00 -3.107143e+00
     vertex -1.374318e+00  2.070071e+00 -3.107143e+00
     vertex -1.408885e+00  2.046413e+00 -3.850000e+00
   endloop
 endfacet
 facet normal -6.377041e-01  7.702663e-01 -4.833370e-03
   outer loop
     vertex -1.717630e+00  1.795464e+00 -3.107143e+00
     vertex -1.408885e+00  2.046413e+00 -3.850000e+00
     vertex -1.747486e+00  1.766085e+00 -3.850000e+00
   endloop
 endfacet
 facet normal -9.961261e-01  4.725792e-02  7.415824e-02
   outer loop
     vertex -1.716950e+00  3.389998e+00 -3.107143e+00
     vertex -1.773644e+00  3.360683e+00 -3.850000e+00
     vertex -1.788452e+00  3.048552e+00 -3.850000e+00
   endloop
 endfacet
 facet normal -9.957740e-01  6.286055e-02  6.695279e-02
   outer loop
     vertex -1.736988e+00  3.072571e+00 -3.107143e+00
     vertex -1.716950e+00  3.389998e+00 -3.107143e+00
     vertex -1.788452e+00  3.048552e+00 -3.850000e+00
   endloop
 endfacet
 facet normal -9.955472e-01 -6.775990e-02  6.553203e-02
   outer loop
     vertex -1.726845e+00  2.861840e+00 -3.107143e+00
     vertex -1.788452e+00  3.048552e+00 -3.850000e+00
     vertex -1.767184e+00  2.736084e+00 -3.850000e+00
   endloop
 endfacet
 facet normal -9.963529e-01 -4.795799e-02  7.057593e-02
   outer loop
     vertex -1.726845e+00  2.861840e+00 -3.107143e+00
     vertex -1.736988e+00  3.072571e+00 -3.107143e+00
     vertex -1.788452e+00  3.048552e+00 -3.850000e+00
   endloop
 endfacet
 facet normal -9.833500e-01 -1.696129e-01  6.522460e-02
   outer loop
     vertex -1.714090e+00  2.713934e+00 -3.107143e+00
     vertex -1.767184e+00  2.736084e+00 -3.850000e+00
     vertex -1.755352e+00  2.667489e+00 -3.850000e+00
   endloop
 endfacet
 facet normal -9.939635e-01 -8.571103e-02  6.848493e-02
   outer loop
     vertex -1.714090e+00  2.713934e+00 -3.107143e+00
     vertex -1.726845e+00  2.861840e+00 -3.107143e+00
     vertex -1.767184e+00  2.736084e+00 -3.850000e+00
   endloop
 endfacet
 facet normal -8.885775e-01 -4.532774e-01  7.049608e-02
   outer loop
     vertex -1.696923e+00  2.658123e+00 -3.107143e+00
     vertex -1.744284e+00  2.635434e+00 -3.850000e+00
     vertex -1.732749e+00  2.612822e+00 -3.850000e+00
   endloop
 endfacet
 facet normal -9.429144e-01 -3.255825e-01  7.006020e-02
   outer loop
     vertex -1.696923e+00  2.658123e+00 -3.107143e+00
     vertex -1.755352e+00  2.667489e+00 -3.850000e+00
     vertex -1.744284e+00  2.635434e+00 -3.850000e+00
   endloop
 endfacet
 facet normal -9.533706e-01 -2.932613e-01  7.129013e-02
   outer loop
     vertex -1.696923e+00  2.658123e+00 -3.107143e+00
     vertex -1.714090e+00  2.713934e+00 -3.107143e+00
     vertex -1.755352e+00  2.667489e+00 -3.850000e+00
   endloop
 endfacet
 facet normal -7.705376e-01 -6.335959e-01  6.948420e-02
   outer loop
     vertex -1.668364e+00  2.612152e+00 -3.107143e+00
     vertex -1.717535e+00  2.590484e+00 -3.850000e+00
     vertex -1.616776e+00  2.467948e+00 -3.850000e+00
   endloop
 endfacet
 facet normal -8.244228e-01 -5.615100e-01  7.094824e-02
   outer loop
     vertex -1.668364e+00  2.612152e+00 -3.107143e+00
     vertex -1.732749e+00  2.612822e+00 -3.850000e+00
     vertex -1.717535e+00  2.590484e+00 -3.850000e+00
   endloop
 endfacet
 facet normal -8.471708e-01 -5.262886e-01  7.295159e-02
   outer loop
     vertex -1.668364e+00  2.612152e+00 -3.107143e+00
     vertex -1.696923e+00  2.658123e+00 -3.107143e+00
     vertex -1.732749e+00  2.612822e+00 -3.850000e+00
   endloop
 endfacet
 facet normal -7.762648e-01 -6.267550e-01  6.775850e-02
   outer loop
     vertex -1.578451e+00  2.500790e+00 -3.107143e+00
     vertex -1.668364e+00  2.612152e+00 -3.107143e+00
     vertex -1.616776e+00  2.467948e+00 -3.850000e+00
   endloop
 endfacet
 facet normal -8.953290e-01 -4.415561e-01  5.843186e-02
   outer loop
     vertex -1.509287e+00  2.348298e+00 -3.107143e+00
     vertex -1.616776e+00  2.467948e+00 -3.850000e+00
     vertex -1.408885e+00  2.046413e+00 -3.850000e+00
   endloop
 endfacet
 facet normal -9.087724e-01 -4.121815e-01  6.510835e-02
   outer loop
     vertex -1.509287e+00  2.348298e+00 -3.107143e+00
     vertex -1.578451e+00  2.500790e+00 -3.107143e+00
     vertex -1.616776e+00  2.467948e+00 -3.850000e+00
   endloop
 endfacet
 facet normal -8.983294e-01 -4.357799e-01  5.567899e-02
   outer loop
     vertex -1.374318e+00  2.070071e+00 -3.107143e+00
     vertex -1.509287e+00  2.348298e+00 -3.107143e+00
     vertex -1.408885e+00  2.046413e+00 -3.850000e+00
   endloop
 endfacet
 facet normal  9.066452e-01  4.181926e-01 -5.576224e-02
   outer loop
     vertex -6.864918e-01  2.388027e+00 -3.107143e+00
     vertex -7.265811e-01  2.375888e+00 -3.850000e+00
     vertex -8.602827e-01  2.665754e+00 -3.850000e+00
   endloop
 endfacet
 facet normal  8.970433e-01  4.372038e-01 -6.454586e-02
   outer loop
     vertex -8.800539e-01  2.815990e+00 -3.107143e+00
     vertex -8.602827e-01  2.665754e+00 -3.850000e+00
     vertex -9.311281e-01  2.811112e+00 -3.850000e+00
   endloop
 endfacet
 facet normal  9.095535e-01  4.113789e-01 -5.899002e-02
   outer loop
     vertex -8.800539e-01  2.815990e+00 -3.107143e+00
     vertex -6.864918e-01  2.388027e+00 -3.107143e+00
     vertex -8.602827e-01  2.665754e+00 -3.850000e+00
   endloop
 endfacet
 facet normal  9.768346e-01  2.040424e-01 -6.450507e-02
   outer loop
     vertex -8.943302e-01  2.869789e+00 -3.107143e+00
     vertex -9.311281e-01  2.811112e+00 -3.850000e+00
     vertex -9.634026e-01  2.965624e+00 -3.850000e+00
   endloop
 endfacet
 facet normal  9.643121e-01  2.558923e-01 -6.798029e-02
   outer loop
     vertex -8.943302e-01  2.869789e+00 -3.107143e+00
     vertex -8.800539e-01  2.815990e+00 -3.107143e+00
     vertex -9.311281e-01  2.811112e+00 -3.850000e+00
   endloop
 endfacet
 facet normal  9.316059e-01  3.564672e-01 -7.100417e-02
   outer loop
     vertex -9.145711e-01  2.985974e+00 -3.107143e+00
     vertex -9.634026e-01  2.965624e+00 -3.850000e+00
     vertex -9.757007e-01  2.997764e+00 -3.850000e+00
   endloop
 endfacet
 facet normal  9.827937e-01  1.712157e-01 -6.929407e-02
   outer loop
     vertex -9.145711e-01  2.985974e+00 -3.107143e+00
     vertex -8.943302e-01  2.869789e+00 -3.107143e+00
     vertex -9.634026e-01  2.965624e+00 -3.850000e+00
   endloop
 endfacet
 facet normal  8.323773e-01  5.496256e-01 -7.113086e-02
   outer loop
     vertex -9.328316e-01  3.028980e+00 -3.107143e+00
     vertex -9.757007e-01  2.997764e+00 -3.850000e+00
     vertex -1.008517e+00  3.047462e+00 -3.850000e+00
   endloop
 endfacet
 facet normal  9.182427e-01  3.898942e-01 -6.937399e-02
   outer loop
     vertex -9.328316e-01  3.028980e+00 -3.107143e+00
     vertex -9.145711e-01  2.985974e+00 -3.107143e+00
     vertex -9.757007e-01  2.997764e+00 -3.850000e+00
   endloop
 endfacet
 facet normal  6.971391e-01  7.138104e-01 -6.687088e-02
   outer loop
     vertex -9.688369e-01  3.078301e+00 -3.107143e+00
     vertex -1.008517e+00  3.047462e+00 -3.850000e+00
     vertex -1.114700e+00  3.151165e+00 -3.850000e+00
   endloop
 endfacet
 facet normal  8.058416e-01  5.882751e-01 -6.746571e-02
   outer loop
     vertex -9.688369e-01  3.078301e+00 -3.107143e+00
     vertex -9.328316e-01  3.028980e+00 -3.107143e+00
     vertex -1.008517e+00  3.047462e+00 -3.850000e+00
   endloop
 endfacet
 facet normal  6.695515e-01  7.394637e-01 -6.995887e-02
   outer loop
     vertex -1.112598e+00  3.219542e+00 -3.107143e+00
     vertex -1.114700e+00  3.151165e+00 -3.850000e+00
     vertex -1.271327e+00  3.292984e+00 -3.850000e+00
   endloop
 endfacet
 facet normal  6.992292e-01  7.117050e-01 -6.748778e-02
   outer loop
     vertex -1.112598e+00  3.219542e+00 -3.107143e+00
     vertex -9.688369e-01  3.078301e+00 -3.107143e+00
     vertex -1.114700e+00  3.151165e+00 -3.850000e+00
   endloop
 endfacet
 facet normal  5.832568e-01  8.089606e-01 -7.344618e-02
   outer loop
     vertex -1.284117e+00  3.369650e+00 -3.107143e+00
     vertex -1.271327e+00  3.292984e+00 -3.850000e+00
     vertex -1.529043e+00  3.478797e+00 -3.850000e+00
   endloop
 endfacet
 facet normal  6.571336e-01  7.508634e-01 -6.617846e-02
   outer loop
     vertex -1.284117e+00  3.369650e+00 -3.107143e+00
     vertex -1.112598e+00  3.219542e+00 -3.107143e+00
     vertex -1.271327e+00  3.292984e+00 -3.850000e+00
   endloop
 endfacet
 facet normal  5.847289e-01  8.078378e-01 -7.409651e-02
   outer loop
     vertex -1.469964e+00  3.504170e+00 -3.107143e+00
     vertex -1.284117e+00  3.369650e+00 -3.107143e+00
     vertex -1.529043e+00  3.478797e+00 -3.850000e+00
   endloop
 endfacet
 facet normal -1.901762e-01  9.817410e-01  4.195647e-03
   outer loop
     vertex -6.864918e-01  2.388027e+00 -3.107143e+00
     vertex -2.548886e-01  2.471634e+00 -3.107143e+00
     vertex -2.964899e-01  2.466750e+00 -3.850000e+00
   endloop
 endfacet
 facet normal -2.066984e-01  9.783928e-01 -4.833370e-03
   outer loop
     vertex -6.864918e-01  2.388027e+00 -3.107143e+00
     vertex -2.964899e-01  2.466750e+00 -3.850000e+00
     vertex -7.265811e-01  2.375888e+00 -3.850000e+00
   endloop
 endfacet
 facet normal -8.600640e-01  5.047677e-01  7.415824e-02
   outer loop
     vertex  5.512711e-02  3.799600e+00 -3.107143e+00
     vertex -8.696213e-03  3.799990e+00 -3.850000e+00
     vertex -1.668623e-01  3.530494e+00 -3.850000e+00
   endloop
 endfacet
 facet normal -8.525013e-01  5.184195e-01  6.695279e-02
   outer loop
     vertex -1.101316e-01  3.527845e+00 -3.107143e+00
     vertex  5.512711e-02  3.799600e+00 -3.107143e+00
     vertex -1.668623e-01  3.530494e+00 -3.850000e+00
   endloop
 endfacet
 facet normal -9.130028e-01  4.026554e-01  6.553203e-02
   outer loop
     vertex -1.990815e-01  3.336538e+00 -3.107143e+00
     vertex -1.668623e-01  3.530494e+00 -3.850000e+00
     vertex -2.932421e-01  3.243934e+00 -3.850000e+00
   endloop
 endfacet
 facet normal -9.045139e-01  4.205636e-01  7.057592e-02
   outer loop
     vertex -1.990815e-01  3.336538e+00 -3.107143e+00
     vertex -1.101316e-01  3.527845e+00 -3.107143e+00
     vertex -1.668623e-01  3.530494e+00 -3.850000e+00
   endloop
 endfacet
 facet normal -9.495362e-01  3.068009e-01  6.522460e-02
   outer loop
     vertex -2.565238e-01  3.199647e+00 -3.107143e+00
     vertex -2.932421e-01  3.243934e+00 -3.850000e+00
     vertex -3.146434e-01  3.177697e+00 -3.850000e+00
   endloop
 endfacet
 facet normal -9.199429e-01  3.860245e-01  6.848493e-02
   outer loop
     vertex -2.565238e-01  3.199647e+00 -3.107143e+00
     vertex -1.990815e-01  3.336538e+00 -3.107143e+00
     vertex -2.932421e-01  3.243934e+00 -3.850000e+00
   endloop
 endfacet
 facet normal -9.974448e-01  1.158543e-02  7.049608e-02
   outer loop
     vertex -2.672591e-01  3.142251e+00 -3.107143e+00
     vertex -3.197395e-01  3.144170e+00 -3.850000e+00
     vertex -3.200343e-01  3.118787e+00 -3.850000e+00
   endloop
 endfacet
 facet normal -9.862150e-01  1.499053e-01  7.006020e-02
   outer loop
     vertex -2.672591e-01  3.142251e+00 -3.107143e+00
     vertex -3.146434e-01  3.177697e+00 -3.850000e+00
     vertex -3.197395e-01  3.144170e+00 -3.850000e+00
   endloop
 endfacet
 facet normal -9.804531e-01  1.833835e-01  7.129013e-02
   outer loop
     vertex -2.672591e-01  3.142251e+00 -3.107143e+00
     vertex -2.565238e-01  3.199647e+00 -3.107143e+00
     vertex -3.146434e-01  3.177697e+00 -3.850000e+00
   endloop
 endfacet
 facet normal -9.767238e-01 -2.029347e-01  6.948420e-02
   outer loop
     vertex -2.633355e-01  3.088274e+00 -3.107143e+00
     vertex -3.169438e-01  3.091938e+00 -3.850000e+00
     vertex -2.846717e-01  2.936612e+00 -3.850000e+00
   endloop
 endfacet
 facet normal -9.909368e-01 -1.140640e-01  7.094824e-02
   outer loop
     vertex -2.633355e-01  3.088274e+00 -3.107143e+00
     vertex -3.200343e-01  3.118787e+00 -3.850000e+00
     vertex -3.169438e-01  3.091938e+00 -3.850000e+00
   endloop
 endfacet
 facet normal -9.947110e-01 -7.230549e-02  7.295159e-02
   outer loop
     vertex -2.633355e-01  3.088274e+00 -3.107143e+00
     vertex -2.672591e-01  3.142251e+00 -3.107143e+00
     vertex -3.200343e-01  3.118787e+00 -3.850000e+00
   endloop
 endfacet
 facet normal -9.786159e-01 -1.942158e-01  6.775850e-02
   outer loop
     vertex -2.354735e-01  2.947882e+00 -3.107143e+00
     vertex -2.633355e-01  3.088274e+00 -3.107143e+00
     vertex -2.846717e-01  2.936612e+00 -3.850000e+00
   endloop
 endfacet
 facet normal -9.979758e-01  2.510161e-02  5.843186e-02
   outer loop
     vertex -2.450983e-01  2.780715e+00 -3.107143e+00
     vertex -2.846717e-01  2.936612e+00 -3.850000e+00
     vertex -2.964899e-01  2.466750e+00 -3.850000e+00
   endloop
 endfacet
 facet normal -9.962283e-01  5.735896e-02  6.510835e-02
   outer loop
     vertex -2.450983e-01  2.780715e+00 -3.107143e+00
     vertex -2.354735e-01  2.947882e+00 -3.107143e+00
     vertex -2.846717e-01  2.936612e+00 -3.850000e+00
   endloop
 endfacet
 facet normal -9.979482e-01  3.161054e-02  5.567899e-02
   outer loop
     vertex -2.548886e-01  2.471634e+00 -3.107143e+00
     vertex -2.450983e-01  2.780715e+00 -3.107143e+00
     vertex -2.964899e-01  2.466750e+00 -3.850000e+00
   endloop
 endfacet
 facet normal  9.971382e-01 -5.104814e-02 -5.576224e-02
   outer loop
     vertex  5.019131e-01  2.433521e+00 -3.107143e+00
     vertex  4.607744e-01  2.441403e+00 -3.850000e+00
     vertex  4.770950e-01  2.760199e+00 -3.850000e+00
   endloop
 endfacet
 facet normal  9.974833e-01 -2.903430e-02 -6.468409e-02
   outer loop
     vertex  5.294069e-01  2.902417e+00 -3.107143e+00
     vertex  4.770950e-01  2.760199e+00 -3.850000e+00
     vertex  4.817728e-01  2.920906e+00 -3.850000e+00
   endloop
 endfacet
 facet normal  9.965469e-01 -5.843269e-02 -5.898990e-02
   outer loop
     vertex  5.294069e-01  2.902417e+00 -3.107143e+00
     vertex  5.019131e-01  2.433521e+00 -3.107143e+00
     vertex  4.770950e-01  2.760199e+00 -3.850000e+00
   endloop
 endfacet
 facet normal  9.599728e-01 -2.725892e-01 -6.439934e-02
   outer loop
     vertex  5.417676e-01  2.956688e+00 -3.107143e+00
     vertex  4.817728e-01  2.920906e+00 -3.850000e+00
     vertex  5.251426e-01  3.073641e+00 -3.850000e+00
   endloop
 endfacet
 facet normal  9.727809e-01 -2.215581e-01 -6.789183e-02
   outer loop
     vertex  5.417676e-01  2.956688e+00 -3.107143e+00
     vertex  5.294069e-01  2.902417e+00 -3.107143e+00
     vertex  4.817728e-01  2.920906e+00 -3.850000e+00
   endloop
 endfacet
 facet normal  9.905521e-01 -1.173241e-01 -7.100459e-02
   outer loop
     vertex  5.778389e-01  3.068971e+00 -3.107143e+00
     vertex  5.251426e-01  3.073641e+00 -3.850000e+00
     vertex  5.291903e-01  3.107815e+00 -3.850000e+00
   endloop
 endfacet
 facet normal  9.497886e-01 -3.051230e-01 -6.929340e-02
   outer loop
     vertex  5.778389e-01  3.068971e+00 -3.107143e+00
     vertex  5.417676e-01  2.956688e+00 -3.107143e+00
     vertex  5.251426e-01  3.073641e+00 -3.850000e+00
   endloop
 endfacet
 facet normal  9.924586e-01  9.983066e-02 -7.113158e-02
   outer loop
     vertex  5.816557e-01  3.115537e+00 -3.107143e+00
     vertex  5.291903e-01  3.107815e+00 -3.850000e+00
     vertex  5.232296e-01  3.167072e+00 -3.850000e+00
   endloop
 endfacet
 facet normal  9.942565e-01 -8.149447e-02 -6.937368e-02
   outer loop
     vertex  5.816557e-01  3.115537e+00 -3.107143e+00
     vertex  5.778389e-01  3.068971e+00 -3.107143e+00
     vertex  5.291903e-01  3.107815e+00 -3.850000e+00
   endloop
 endfacet
 facet normal  9.490106e-01  3.080699e-01 -6.687121e-02
   outer loop
     vertex  5.726954e-01  3.175941e+00 -3.107143e+00
     vertex  5.232296e-01  3.167072e+00 -3.850000e+00
     vertex  4.774008e-01  3.308248e+00 -3.850000e+00
   endloop
 endfacet
 facet normal  9.869224e-01  1.463985e-01 -6.746552e-02
   outer loop
     vertex  5.726954e-01  3.175941e+00 -3.107143e+00
     vertex  5.816557e-01  3.115537e+00 -3.107143e+00
     vertex  5.232296e-01  3.167072e+00 -3.850000e+00
   endloop
 endfacet
 facet normal  9.365041e-01  3.436071e-01 -6.995885e-02
   outer loop
     vertex  5.110392e-01  3.367813e+00 -3.107143e+00
     vertex  4.774008e-01  3.308248e+00 -3.850000e+00
     vertex  4.046211e-01  3.506610e+00 -3.850000e+00
   endloop
 endfacet
 facet normal  9.498825e-01  3.052355e-01 -6.748788e-02
   outer loop
     vertex  5.110392e-01  3.367813e+00 -3.107143e+00
     vertex  5.726954e-01  3.175941e+00 -3.107143e+00
     vertex  4.774008e-01  3.308248e+00 -3.850000e+00
   endloop
 endfacet
 facet normal  8.923908e-01  4.452464e-01 -7.344606e-02
   outer loop
     vertex  4.289257e-01  3.580436e+00 -3.107143e+00
     vertex  4.046211e-01  3.506610e+00 -3.850000e+00
     vertex  2.627767e-01  3.790903e+00 -3.850000e+00
   endloop
 endfacet
 facet normal  9.308065e-01  3.594713e-01 -6.617854e-02
   outer loop
     vertex  4.289257e-01  3.580436e+00 -3.107143e+00
     vertex  5.110392e-01  3.367813e+00 -3.107143e+00
     vertex  4.046211e-01  3.506610e+00 -3.850000e+00
   endloop
 endfacet
 facet normal  8.931726e-01  4.435678e-01 -7.409651e-02
   outer loop
     vertex  3.268807e-01  3.785915e+00 -3.107143e+00
     vertex  4.289257e-01  3.580436e+00 -3.107143e+00
     vertex  2.627767e-01  3.790903e+00 -3.850000e+00
   endloop
 endfacet
 facet normal  2.878451e-01  9.576678e-01  4.195647e-03
   outer loop
     vertex  5.019131e-01  2.433521e+00 -3.107143e+00
     vertex  9.229329e-01  2.306976e+00 -3.107143e+00
     vertex  8.838271e-01  2.321984e+00 -3.850000e+00
   endloop
 endfacet
 facet normal  2.716595e-01  9.623813e-01 -4.833370e-03
   outer loop
     vertex  5.019131e-01  2.433521e+00 -3.107143e+00
     vertex  8.838271e-01  2.321984e+00 -3.850000e+00
     vertex  4.607744e-01  2.441403e+00 -3.850000e+00
   endloop
 endfacet
 facet normal -5.269716e-01  8.466413e-01  7.415824e-02
   outer loop
     vertex  1.814575e+00  3.338760e+00 -3.107143e+00
     vertex  1.758243e+00  3.368765e+00 -3.850000e+00
     vertex  1.492953e+00  3.203642e+00 -3.850000e+00
   endloop
 endfacet
 facet normal -5.139309e-01  8.552148e-01  6.695279e-02
   outer loop
     vertex  1.541955e+00  3.174932e+00 -3.107143e+00
     vertex  1.814575e+00  3.338760e+00 -3.107143e+00
     vertex  1.492953e+00  3.203642e+00 -3.850000e+00
   endloop
 endfacet
 facet normal -6.213006e-01  7.808272e-01  6.553203e-02
   outer loop
     vertex  1.374289e+00  3.046876e+00 -3.107143e+00
     vertex  1.492953e+00  3.203642e+00 -3.850000e+00
     vertex  1.247878e+00  3.008637e+00 -3.850000e+00
   endloop
 endfacet
 facet normal -6.054616e-01  7.927391e-01  7.057593e-02
   outer loop
     vertex  1.374289e+00  3.046876e+00 -3.107143e+00
     vertex  1.541955e+00  3.174932e+00 -3.107143e+00
     vertex  1.492953e+00  3.203642e+00 -3.850000e+00
   endloop
 endfacet
 facet normal -6.981951e-01  7.129301e-01  6.522460e-02
   outer loop
     vertex  1.259809e+00  2.952359e+00 -3.107143e+00
     vertex  1.247878e+00  3.008637e+00 -3.850000e+00
     vertex  1.198147e+00  2.959933e+00 -3.850000e+00
   endloop
 endfacet
 facet normal -6.351744e-01  7.693265e-01  6.848493e-02
   outer loop
     vertex  1.259809e+00  2.952359e+00 -3.107143e+00
     vertex  1.374289e+00  3.046876e+00 -3.107143e+00
     vertex  1.247878e+00  3.008637e+00 -3.850000e+00
   endloop
 endfacet
 facet normal -8.778095e-01  4.737940e-01  7.049608e-02
   outer loop
     vertex  1.223630e+00  2.906526e+00 -3.107143e+00
     vertex  1.178054e+00  2.932615e+00 -3.850000e+00
     vertex  1.165996e+00  2.910276e+00 -3.850000e+00
   endloop
 endfacet
 facet normal -8.035856e-01  5.910514e-01  7.006020e-02
   outer loop
     vertex  1.223630e+00  2.906526e+00 -3.107143e+00
     vertex  1.198147e+00  2.959933e+00 -3.850000e+00
     vertex  1.178054e+00  2.932615e+00 -3.850000e+00
   endloop
 endfacet
 facet normal -7.829255e-01  6.180173e-01  7.129013e-02
   outer loop
     vertex  1.223630e+00  2.906526e+00 -3.107143e+00
     vertex  1.259809e+00  2.952359e+00 -3.107143e+00
     vertex  1.198147e+00  2.959933e+00 -3.850000e+00
   endloop
 endfacet
 facet normal -9.591545e-01  2.742165e-01  6.948420e-02
   outer loop
     vertex  1.202020e+00  2.856909e+00 -3.107143e+00
     vertex  1.156255e+00  2.885066e+00 -3.850000e+00
     vertex  1.112648e+00  2.732535e+00 -3.850000e+00
   endloop
 endfacet
 facet normal -9.304392e-01  3.595126e-01  7.094824e-02
   outer loop
     vertex  1.202020e+00  2.856909e+00 -3.107143e+00
     vertex  1.165996e+00  2.910276e+00 -3.850000e+00
     vertex  1.156255e+00  2.885066e+00 -3.850000e+00
   endloop
 endfacet
 facet normal -9.143749e-01  3.982419e-01  7.295159e-02
   outer loop
     vertex  1.202020e+00  2.856909e+00 -3.107143e+00
     vertex  1.223630e+00  2.906526e+00 -3.107143e+00
     vertex  1.165996e+00  2.910276e+00 -3.850000e+00
   endloop
 endfacet
 facet normal -9.567779e-01  2.828159e-01  6.775850e-02
   outer loop
     vertex  1.161448e+00  2.719650e+00 -3.107143e+00
     vertex  1.202020e+00  2.856909e+00 -3.107143e+00
     vertex  1.112648e+00  2.732535e+00 -3.850000e+00
   endloop
 endfacet
 facet normal -8.719984e-01  4.860088e-01  5.843186e-02
   outer loop
     vertex  1.075239e+00  2.576104e+00 -3.107143e+00
     vertex  1.112648e+00  2.732535e+00 -3.850000e+00
     vertex  8.838271e-01  2.321984e+00 -3.850000e+00
   endloop
 endfacet
 facet normal -8.554603e-01  5.137592e-01  6.510835e-02
   outer loop
     vertex  1.075239e+00  2.576104e+00 -3.107143e+00
     vertex  1.161448e+00  2.719650e+00 -3.107143e+00
     vertex  1.112648e+00  2.732535e+00 -3.850000e+00
   endloop
 endfacet
 facet normal -8.689491e-01  4.917594e-01  5.567899e-02
   outer loop
     vertex  9.229329e-01  2.306976e+00 -3.107143e+00
     vertex  1.075239e+00  2.576104e+00 -3.107143e+00
     vertex  8.838271e-01  2.321984e+00 -3.850000e+00
   endloop
 endfacet
 facet normal  8.591989e-01 -5.085939e-01 -5.576224e-02
   outer loop
     vertex  1.575336e+00  1.921525e+00 -3.107143e+00
     vertex  1.542572e+00  1.947623e+00 -3.850000e+00
     vertex  1.705176e+00  2.222320e+00 -3.850000e+00
   endloop
 endfacet
 facet normal  8.693904e-01 -4.898921e-01 -6.454586e-02
   outer loop
     vertex  1.817587e+00  2.323935e+00 -3.107143e+00
     vertex  1.705176e+00  2.222320e+00 -3.850000e+00
     vertex  1.784559e+00  2.363197e+00 -3.850000e+00
   endloop
 endfacet
 facet normal  8.552435e-01 -5.148580e-01 -5.899002e-02
   outer loop
     vertex  1.817587e+00  2.323935e+00 -3.107143e+00
     vertex  1.575336e+00  1.921525e+00 -3.107143e+00
     vertex  1.705176e+00  2.222320e+00 -3.850000e+00
   endloop
 endfacet
 facet normal  7.228289e-01 -6.880098e-01 -6.450507e-02
   outer loop
     vertex  1.853753e+00  2.366246e+00 -3.107143e+00
     vertex  1.784559e+00  2.363197e+00 -3.850000e+00
     vertex  1.893386e+00  2.477531e+00 -3.850000e+00
   endloop
 endfacet
 facet normal  7.583870e-01 -6.482499e-01 -6.798029e-02
   outer loop
     vertex  1.853753e+00  2.366246e+00 -3.107143e+00
     vertex  1.817587e+00  2.323935e+00 -3.107143e+00
     vertex  1.784559e+00  2.363197e+00 -3.850000e+00
   endloop
 endfacet
 facet normal  8.225792e-01 -5.642002e-01 -7.100417e-02
   outer loop
     vertex  1.937873e+00  2.448904e+00 -3.107143e+00
     vertex  1.893386e+00  2.477531e+00 -3.850000e+00
     vertex  1.912850e+00  2.505910e+00 -3.850000e+00
   endloop
 endfacet
 facet normal  6.991983e-01 -7.115618e-01 -6.929407e-02
   outer loop
     vertex  1.937873e+00  2.448904e+00 -3.107143e+00
     vertex  1.853753e+00  2.366246e+00 -3.107143e+00
     vertex  1.893386e+00  2.477531e+00 -3.850000e+00
   endloop
 endfacet
 facet normal  9.251773e-01 -3.728102e-01 -7.113086e-02
   outer loop
     vertex  1.962893e+00  2.488362e+00 -3.107143e+00
     vertex  1.912850e+00  2.505910e+00 -3.850000e+00
     vertex  1.935109e+00  2.561149e+00 -3.850000e+00
   endloop
 endfacet
 facet normal  8.424980e-01 -5.342138e-01 -6.937399e-02
   outer loop
     vertex  1.962893e+00  2.488362e+00 -3.107143e+00
     vertex  1.937873e+00  2.448904e+00 -3.107143e+00
     vertex  1.912850e+00  2.505910e+00 -3.850000e+00
   endloop
 endfacet
 facet normal  9.834746e-01 -1.682437e-01 -6.687088e-02
   outer loop
     vertex  1.983030e+00  2.546011e+00 -3.107143e+00
     vertex  1.935109e+00  2.561149e+00 -3.850000e+00
     vertex  1.960137e+00  2.707446e+00 -3.850000e+00
   endloop
 endfacet
 facet normal  9.419112e-01 -3.290163e-01 -6.746571e-02
   outer loop
     vertex  1.983030e+00  2.546011e+00 -3.107143e+00
     vertex  1.962893e+00  2.488362e+00 -3.107143e+00
     vertex  1.935109e+00  2.561149e+00 -3.850000e+00
   endloop
 endfacet
 facet normal  9.889153e-01 -1.309668e-01 -6.995887e-02
   outer loop
     vertex  2.017603e+00  2.744559e+00 -3.107143e+00
     vertex  1.960137e+00  2.707446e+00 -3.850000e+00
     vertex  1.987877e+00  2.916910e+00 -3.850000e+00
   endloop
 endfacet
 facet normal  9.829292e-01 -1.711598e-01 -6.748778e-02
   outer loop
     vertex  2.017603e+00  2.744559e+00 -3.107143e+00
     vertex  1.983030e+00  2.546011e+00 -3.107143e+00
     vertex  1.960137e+00  2.707446e+00 -3.850000e+00
   endloop
 endfacet
 facet normal  9.970891e-01 -2.046896e-02 -7.344618e-02
   outer loop
     vertex  2.043706e+00  2.970987e+00 -3.107143e+00
     vertex  1.987877e+00  2.916910e+00 -3.850000e+00
     vertex  1.994398e+00  3.234560e+00 -3.850000e+00
   endloop
 endfacet
 facet normal  9.912429e-01 -1.142713e-01 -6.617846e-02
   outer loop
     vertex  2.043706e+00  2.970987e+00 -3.107143e+00
     vertex  2.017603e+00  2.744559e+00 -3.107143e+00
     vertex  1.987877e+00  2.916910e+00 -3.850000e+00
   endloop
 endfacet
 facet normal  9.970013e-01 -2.231826e-02 -7.409651e-02
   outer loop
     vertex  2.048841e+00  3.200352e+00 -3.107143e+00
     vertex  2.043706e+00  2.970987e+00 -3.107143e+00
     vertex  1.994398e+00  3.234560e+00 -3.850000e+00
   endloop
 endfacet
 facet normal  6.999246e-01  7.142044e-01  4.195647e-03
   outer loop
     vertex  1.575336e+00  1.921525e+00 -3.107143e+00
     vertex  1.889322e+00  1.613817e+00 -3.107143e+00
     vertex  1.861670e+00  1.645280e+00 -3.850000e+00
   endloop
 endfacet
 facet normal  6.877834e-01  7.258999e-01 -4.833370e-03
   outer loop
     vertex  1.575336e+00  1.921525e+00 -3.107143e+00
     vertex  1.861670e+00  1.645280e+00 -3.850000e+00
     vertex  1.542572e+00  1.947623e+00 -3.850000e+00
   endloop
 endfacet
 facet normal -7.315637e-02  9.945596e-01  7.415824e-02
   outer loop
     vertex  3.158325e+00  2.113050e+00 -3.107143e+00
     vertex  3.122390e+00  2.165797e+00 -3.850000e+00
     vertex  2.810751e+00  2.142874e+00 -3.850000e+00
   endloop
 endfacet
 facet normal -5.762507e-02  9.960907e-01  6.695279e-02
   outer loop
     vertex  2.840797e+00  2.094681e+00 -3.107143e+00
     vertex  3.158325e+00  2.113050e+00 -3.107143e+00
     vertex  2.810751e+00  2.142874e+00 -3.850000e+00
   endloop
 endfacet
 facet normal -1.872658e-01  9.801209e-01  6.553203e-02
   outer loop
     vertex  2.632826e+00  2.059211e+00 -3.107143e+00
     vertex  2.810751e+00  2.142874e+00 -3.850000e+00
     vertex  2.503124e+00  2.084098e+00 -3.850000e+00
   endloop
 endfacet
 facet normal -1.677054e-01  9.833077e-01  7.057593e-02
   outer loop
     vertex  2.632826e+00  2.059211e+00 -3.107143e+00
     vertex  2.840797e+00  2.094681e+00 -3.107143e+00
     vertex  2.810751e+00  2.142874e+00 -3.850000e+00
   endloop
 endfacet
 facet normal -2.869059e-01  9.557357e-01  6.522460e-02
   outer loop
     vertex  2.487535e+00  2.028721e+00 -3.107143e+00
     vertex  2.503124e+00  2.084098e+00 -3.850000e+00
     vertex  2.436456e+00  2.064084e+00 -3.850000e+00
   endloop
 endfacet
 facet normal -2.048952e-01  9.763851e-01  6.848493e-02
   outer loop
     vertex  2.487535e+00  2.028721e+00 -3.107143e+00
     vertex  2.632826e+00  2.059211e+00 -3.107143e+00
     vertex  2.503124e+00  2.084098e+00 -3.850000e+00
   endloop
 endfacet
 facet normal -5.570786e-01  8.274622e-01  7.049608e-02
   outer loop
     vertex  2.434201e+00  2.004952e+00 -3.107143e+00
     vertex  2.405969e+00  2.049233e+00 -3.850000e+00
     vertex  2.384911e+00  2.035056e+00 -3.850000e+00
   endloop
 endfacet
 facet normal -4.368644e-01  8.967949e-01  7.006020e-02
   outer loop
     vertex  2.434201e+00  2.004952e+00 -3.107143e+00
     vertex  2.436456e+00  2.064084e+00 -3.850000e+00
     vertex  2.405969e+00  2.049233e+00 -3.850000e+00
   endloop
 endfacet
 facet normal -4.060392e-01  9.110707e-01  7.129013e-02
   outer loop
     vertex  2.434201e+00  2.004952e+00 -3.107143e+00
     vertex  2.487535e+00  2.028721e+00 -3.107143e+00
     vertex  2.436456e+00  2.064084e+00 -3.850000e+00
   endloop
 endfacet
 facet normal -7.218543e-01  6.885479e-01  6.948420e-02
   outer loop
     vertex  2.392008e+00  1.971060e+00 -3.107143e+00
     vertex  2.364570e+00  2.017260e+00 -3.850000e+00
     vertex  2.255073e+00  1.902466e+00 -3.850000e+00
   endloop
 endfacet
 facet normal -6.567891e-01  7.507292e-01  7.094824e-02
   outer loop
     vertex  2.392008e+00  1.971060e+00 -3.107143e+00
     vertex  2.384911e+00  2.035056e+00 -3.850000e+00
     vertex  2.364570e+00  2.017260e+00 -3.850000e+00
   endloop
 endfacet
 facet normal -6.245665e-01  7.775569e-01  7.295159e-02
   outer loop
     vertex  2.392008e+00  1.971060e+00 -3.107143e+00
     vertex  2.434201e+00  2.004952e+00 -3.107143e+00
     vertex  2.384911e+00  2.035056e+00 -3.850000e+00
   endloop
 endfacet
 facet normal -7.157536e-01  6.950579e-01  6.775850e-02
   outer loop
     vertex  2.292295e+00  1.868379e+00 -3.107143e+00
     vertex  2.392008e+00  1.971060e+00 -3.107143e+00
     vertex  2.255073e+00  1.902466e+00 -3.850000e+00
   endloop
 endfacet
 facet normal -5.462566e-01  8.355773e-01  5.843186e-02
   outer loop
     vertex  2.149252e+00  1.781338e+00 -3.107143e+00
     vertex  2.255073e+00  1.902466e+00 -3.850000e+00
     vertex  1.861670e+00  1.645280e+00 -3.850000e+00
   endloop
 endfacet
 facet normal -5.187167e-01  8.524634e-01  6.510835e-02
   outer loop
     vertex  2.149252e+00  1.781338e+00 -3.107143e+00
     vertex  2.292295e+00  1.868379e+00 -3.107143e+00
     vertex  2.255073e+00  1.902466e+00 -3.850000e+00
   endloop
 endfacet
 facet normal -5.408842e-01  8.392521e-01  5.567899e-02
   outer loop
     vertex  1.889322e+00  1.613817e+00 -3.107143e+00
     vertex  2.149252e+00  1.781338e+00 -3.107143e+00
     vertex  1.861670e+00  1.645280e+00 -3.850000e+00
   endloop
 endfacet
 facet normal  5.244275e-01 -8.496272e-01 -5.576224e-02
   outer loop
     vertex  2.287868e+00  9.693313e-01 -3.107143e+00
     vertex  2.270985e+00  1.007665e+00 -3.850000e+00
     vertex  2.542622e+00  1.175331e+00 -3.850000e+00
   endloop
 endfacet
 facet normal  5.421427e-01 -8.378037e-01 -6.454586e-02
   outer loop
     vertex  2.689380e+00  1.213067e+00 -3.107143e+00
     vertex  2.542622e+00  1.175331e+00 -3.850000e+00
     vertex  2.678381e+00  1.263181e+00 -3.850000e+00
   endloop
 endfacet
 facet normal  5.180140e-01 -8.533356e-01 -5.899002e-02
   outer loop
     vertex  2.689380e+00  1.213067e+00 -3.107143e+00
     vertex  2.287868e+00  9.693313e-01 -3.107143e+00
     vertex  2.542622e+00  1.175331e+00 -3.850000e+00
   endloop
 endfacet
 facet normal  3.202991e-01 -9.451177e-01 -6.450507e-02
   outer loop
     vertex  2.741066e+00  1.233724e+00 -3.107143e+00
     vertex  2.678381e+00  1.263181e+00 -3.850000e+00
     vertex  2.827876e+00  1.313845e+00 -3.850000e+00
   endloop
 endfacet
 facet normal  3.702616e-01 -9.264367e-01 -6.798029e-02
   outer loop
     vertex  2.741066e+00  1.233724e+00 -3.107143e+00
     vertex  2.689380e+00  1.213067e+00 -3.107143e+00
     vertex  2.678381e+00  1.263181e+00 -3.850000e+00
   endloop
 endfacet
 facet normal  4.661608e-01 -8.818461e-01 -7.100417e-02
   outer loop
     vertex  2.853964e+00  1.267822e+00 -3.107143e+00
     vertex  2.827876e+00  1.313845e+00 -3.850000e+00
     vertex  2.858299e+00  1.329927e+00 -3.850000e+00
   endloop
 endfacet
 facet normal  2.884301e-01 -9.549903e-01 -6.929407e-02
   outer loop
     vertex  2.853964e+00  1.267822e+00 -3.107143e+00
     vertex  2.741066e+00  1.233724e+00 -3.107143e+00
     vertex  2.827876e+00  1.313845e+00 -3.850000e+00
   endloop
 endfacet
 facet normal  6.459503e-01 -7.600583e-01 -7.113086e-02
   outer loop
     vertex  2.894455e+00  1.291133e+00 -3.107143e+00
     vertex  2.858299e+00  1.329927e+00 -3.850000e+00
     vertex  2.903679e+00  1.368494e+00 -3.850000e+00
   endloop
 endfacet
 facet normal  4.977334e-01 -8.645512e-01 -6.937399e-02
   outer loop
     vertex  2.894455e+00  1.291133e+00 -3.107143e+00
     vertex  2.853964e+00  1.267822e+00 -3.107143e+00
     vertex  2.858299e+00  1.329927e+00 -3.850000e+00
   endloop
 endfacet
 facet normal  7.926368e-01 -6.060159e-01 -6.687088e-02
   outer loop
     vertex  2.939076e+00  1.332821e+00 -3.107143e+00
     vertex  2.903679e+00  1.368494e+00 -3.850000e+00
     vertex  2.993828e+00  1.486403e+00 -3.850000e+00
   endloop
 endfacet
 facet normal  6.811194e-01 -7.290574e-01 -6.746571e-02
   outer loop
     vertex  2.939076e+00  1.332821e+00 -3.107143e+00
     vertex  2.894455e+00  1.291133e+00 -3.107143e+00
     vertex  2.903679e+00  1.368494e+00 -3.850000e+00
   endloop
 endfacet
 facet normal  8.147777e-01 -5.755372e-01 -6.995887e-02
   outer loop
     vertex  3.061959e+00  1.492559e+00 -3.107143e+00
     vertex  2.993828e+00  1.486403e+00 -3.850000e+00
     vertex  3.115733e+00  1.658983e+00 -3.850000e+00
   endloop
 endfacet
 facet normal  7.907986e-01 -6.083444e-01 -6.748778e-02
   outer loop
     vertex  3.061959e+00  1.492559e+00 -3.107143e+00
     vertex  2.939076e+00  1.332821e+00 -3.107143e+00
     vertex  2.993828e+00  1.486403e+00 -3.850000e+00
   endloop
 endfacet
 facet normal  8.733662e-01 -4.814948e-01 -7.344618e-02
   outer loop
     vertex  3.190298e+00  1.680920e+00 -3.107143e+00
     vertex  3.115733e+00  1.658983e+00 -3.850000e+00
     vertex  3.269126e+00  1.937218e+00 -3.850000e+00
   endloop
 endfacet
 facet normal  8.245975e-01 -5.618358e-01 -6.617846e-02
   outer loop
     vertex  3.190298e+00  1.680920e+00 -3.107143e+00
     vertex  3.061959e+00  1.492559e+00 -3.107143e+00
     vertex  3.115733e+00  1.658983e+00 -3.850000e+00
   endloop
 endfacet
 facet normal  8.724290e-01 -4.830914e-01 -7.409651e-02
   outer loop
     vertex  3.301436e+00  1.881627e+00 -3.107143e+00
     vertex  3.190298e+00  1.680920e+00 -3.107143e+00
     vertex  3.269126e+00  1.937218e+00 -3.850000e+00
   endloop
 endfacet
 facet normal  9.516598e-01  3.071254e-01  4.195647e-03
   outer loop
     vertex  2.287868e+00  9.693313e-01 -3.107143e+00
     vertex  2.422890e+00  5.509528e-01 -3.107143e+00
     vertex  2.413027e+00  5.916620e-01 -3.850000e+00
   endloop
 endfacet
 facet normal  9.463445e-01  3.231235e-01 -4.833370e-03
   outer loop
     vertex  2.287868e+00  9.693313e-01 -3.107143e+00
     vertex  2.413027e+00  5.916620e-01 -3.850000e+00
     vertex  2.270985e+00  1.007665e+00 -3.850000e+00
   endloop
 endfacet
 facet normal  3.974181e-01  9.146362e-01  7.415824e-02
   outer loop
     vertex  3.778542e+00  4.032660e-01 -3.107143e+00
     vertex  3.771236e+00  4.666710e-01 -3.850000e+00
     vertex  3.484640e+00  5.911997e-01 -3.850000e+00
   endloop
 endfacet
 facet normal  4.118820e-01  9.087742e-01  6.695279e-02
   outer loop
     vertex  3.488848e+00  5.345633e-01 -3.107143e+00
     vertex  3.778542e+00  4.032660e-01 -3.107143e+00
     vertex  3.484640e+00  5.911997e-01 -3.850000e+00
   endloop
 endfacet
 facet normal  2.896693e-01  9.548808e-01  6.553203e-02
   outer loop
     vertex  3.288215e+00  5.998053e-01 -3.107143e+00
     vertex  3.484640e+00  5.911997e-01 -3.850000e+00
     vertex  3.184935e+00  6.821170e-01 -3.850000e+00
   endloop
 endfacet
 facet normal  3.084701e-01  9.486123e-01  7.057593e-02
   outer loop
     vertex  3.288215e+00  5.998053e-01 -3.107143e+00
     vertex  3.488848e+00  5.345633e-01 -3.107143e+00
     vertex  3.484640e+00  5.911997e-01 -3.850000e+00
   endloop
 endfacet
 facet normal  1.901100e-01  9.795938e-01  6.522460e-02
   outer loop
     vertex  3.145397e+00  6.403282e-01 -3.107143e+00
     vertex  3.184935e+00  6.821170e-01 -3.850000e+00
     vertex  3.116602e+00  6.953784e-01 -3.850000e+00
   endloop
 endfacet
 facet normal  2.723231e-01  9.597656e-01  6.848493e-02
   outer loop
     vertex  3.145397e+00  6.403282e-01 -3.107143e+00
     vertex  3.288215e+00  5.998053e-01 -3.107143e+00
     vertex  3.184935e+00  6.821170e-01 -3.850000e+00
   endloop
 endfacet
 facet normal -1.087278e-01  9.915687e-01  7.049608e-02
   outer loop
     vertex  3.087126e+00  6.440670e-01 -3.107143e+00
     vertex  3.082706e+00  6.963961e-01 -3.850000e+00
     vertex  3.057472e+00  6.936292e-01 -3.850000e+00
   endloop
 endfacet
 facet normal  2.993719e-02  9.970934e-01  7.006020e-02
   outer loop
     vertex  3.087126e+00  6.440670e-01 -3.107143e+00
     vertex  3.116602e+00  6.953784e-01 -3.850000e+00
     vertex  3.082706e+00  6.963961e-01 -3.850000e+00
   endloop
 endfacet
 facet normal  6.386584e-02  9.954089e-01  7.129013e-02
   outer loop
     vertex  3.087126e+00  6.440670e-01 -3.107143e+00
     vertex  3.145397e+00  6.403282e-01 -3.107143e+00
     vertex  3.116602e+00  6.953784e-01 -3.850000e+00
   endloop
 endfacet
 facet normal -3.191861e-01  9.451414e-01  6.948420e-02
   outer loop
     vertex  3.034015e+00  6.336658e-01 -3.107143e+00
     vertex  3.031191e+00  6.873248e-01 -3.850000e+00
     vertex  2.880888e+00  6.365656e-01 -3.850000e+00
   endloop
 endfacet
 facet normal -2.326766e-01  9.699629e-01  7.094824e-02
   outer loop
     vertex  3.034015e+00  6.336658e-01 -3.107143e+00
     vertex  3.057472e+00  6.936292e-01 -3.850000e+00
     vertex  3.031191e+00  6.873248e-01 -3.850000e+00
   endloop
 endfacet
 facet normal -1.916775e-01  9.787430e-01  7.295159e-02
   outer loop
     vertex  3.034015e+00  6.336658e-01 -3.107143e+00
     vertex  3.087126e+00  6.440670e-01 -3.107143e+00
     vertex  3.057472e+00  6.936292e-01 -3.850000e+00
   endloop
 endfacet
 facet normal -3.107588e-01  9.480705e-01  6.775850e-02
   outer loop
     vertex  2.898006e+00  5.890846e-01 -3.107143e+00
     vertex  3.034015e+00  6.336658e-01 -3.107143e+00
     vertex  2.880888e+00  6.365656e-01 -3.850000e+00
   endloop
 endfacet
 facet normal -9.537409e-02  9.937251e-01  5.843186e-02
   outer loop
     vertex  2.730897e+00  5.784895e-01 -3.107143e+00
     vertex  2.880888e+00  6.365656e-01 -3.850000e+00
     vertex  2.413027e+00  5.916620e-01 -3.850000e+00
   endloop
 endfacet
 facet normal -6.314130e-02  9.958785e-01  6.510835e-02
   outer loop
     vertex  2.730897e+00  5.784895e-01 -3.107143e+00
     vertex  2.898006e+00  5.890846e-01 -3.107143e+00
     vertex  2.880888e+00  6.365656e-01 -3.850000e+00
   endloop
 endfacet
 facet normal -8.890930e-02  9.944823e-01  5.567899e-02
   outer loop
     vertex  2.422890e+00  5.509528e-01 -3.107143e+00
     vertex  2.730897e+00  5.784895e-01 -3.107143e+00
     vertex  2.413027e+00  5.916620e-01 -3.850000e+00
   endloop
 endfacet
 facet normal  6.951576e-02 -9.960212e-01 -5.576224e-02
   outer loop
     vertex  2.476277e+00 -2.049250e-01 -3.107143e+00
     vertex  2.479143e+00 -1.631362e-01 -3.850000e+00
     vertex  2.797581e+00 -1.409113e-01 -3.850000e+00
   endloop
 endfacet
 facet normal  9.140757e-02 -9.937106e-01 -6.468347e-02
   outer loop
     vertex  2.945068e+00 -1.756992e-01 -3.107143e+00
     vertex  2.797581e+00 -1.409113e-01 -3.850000e+00
     vertex  2.957685e+00 -1.261839e-01 -3.850000e+00
   endloop
 endfacet
 facet normal  6.211381e-02 -9.963243e-01 -5.898989e-02
   outer loop
     vertex  2.945068e+00 -1.756992e-01 -3.107143e+00
     vertex  2.476277e+00 -2.049250e-01 -3.107143e+00
     vertex  2.797581e+00 -1.409113e-01 -3.850000e+00
   endloop
 endfacet
 facet normal -1.548933e-01 -9.858300e-01 -6.439979e-02
   outer loop
     vertex  3.000434e+00 -1.814281e-01 -3.107143e+00
     vertex  2.957685e+00 -1.261839e-01 -3.850000e+00
     vertex  3.114529e+00 -1.508272e-01 -3.850000e+00
   endloop
 endfacet
 facet normal -1.026869e-01 -9.923941e-01 -6.789224e-02
   outer loop
     vertex  3.000434e+00 -1.814281e-01 -3.107143e+00
     vertex  2.945068e+00 -1.756992e-01 -3.107143e+00
     vertex  2.957685e+00 -1.261839e-01 -3.850000e+00
   endloop
 endfacet
 facet normal  2.926658e-03 -9.974717e-01 -7.100464e-02
   outer loop
     vertex  3.116246e+00 -2.037022e-01 -3.107143e+00
     vertex  3.114529e+00 -1.508272e-01 -3.850000e+00
     vertex  3.148942e+00 -1.507263e-01 -3.850000e+00
   endloop
 endfacet
 facet normal -1.884140e-01 -9.796421e-01 -6.929333e-02
   outer loop
     vertex  3.116246e+00 -2.037022e-01 -3.107143e+00
     vertex  3.000434e+00 -1.814281e-01 -3.107143e+00
     vertex  3.114529e+00 -1.508272e-01 -3.850000e+00
   endloop
 endfacet
 facet normal  2.187289e-01 -9.731896e-01 -7.113167e-02
   outer loop
     vertex  3.162932e+00 -2.018783e-01 -3.107143e+00
     vertex  3.148942e+00 -1.507263e-01 -3.850000e+00
     vertex  3.207049e+00 -1.376664e-01 -3.850000e+00
   endloop
 endfacet
 facet normal  3.894409e-02 -9.968303e-01 -6.937365e-02
   outer loop
     vertex  3.162932e+00 -2.018783e-01 -3.107143e+00
     vertex  3.116246e+00 -2.037022e-01 -3.107143e+00
     vertex  3.148942e+00 -1.507263e-01 -3.850000e+00
   endloop
 endfacet
 facet normal  4.202142e-01 -9.049576e-01 -6.687125e-02
   outer loop
     vertex  3.221816e+00 -1.857024e-01 -3.107143e+00
     vertex  3.207049e+00 -1.376664e-01 -3.850000e+00
     vertex  3.341672e+00 -7.515464e-02 -3.850000e+00
   endloop
 endfacet
 facet normal  2.642914e-01 -9.620803e-01 -6.746550e-02
   outer loop
     vertex  3.221816e+00 -1.857024e-01 -3.107143e+00
     vertex  3.162932e+00 -2.018783e-01 -3.107143e+00
     vertex  3.207049e+00 -1.376664e-01 -3.850000e+00
   endloop
 endfacet
 facet normal  4.539850e-01 -8.882586e-01 -6.995884e-02
   outer loop
     vertex  3.404857e+00 -1.013682e-01 -3.107143e+00
     vertex  3.341672e+00 -7.515464e-02 -3.850000e+00
     vertex  3.529815e+00  2.100427e-02 -3.850000e+00
   endloop
 endfacet
 facet normal  4.175056e-01 -9.061647e-01 -6.748789e-02
   outer loop
     vertex  3.404857e+00 -1.013682e-01 -3.107143e+00
     vertex  3.221816e+00 -1.857024e-01 -3.107143e+00
     vertex  3.341672e+00 -7.515464e-02 -3.850000e+00
   endloop
 endfacet
 facet normal  5.495659e-01 -8.322157e-01 -7.344605e-02
   outer loop
     vertex  3.606032e+00  5.775445e-03 -3.107143e+00
     vertex  3.529815e+00  2.100427e-02 -3.850000e+00
     vertex  3.794938e+00  1.960822e-01 -3.850000e+00
   endloop
 endfacet
 facet normal  4.690467e-01 -8.806904e-01 -6.617854e-02
   outer loop
     vertex  3.606032e+00  5.775445e-03 -3.107143e+00
     vertex  3.404857e+00 -1.013682e-01 -3.107143e+00
     vertex  3.529815e+00  2.100427e-02 -3.850000e+00
   endloop
 endfacet
 facet normal  5.479937e-01 -8.331942e-01 -7.409651e-02
   outer loop
     vertex  3.797712e+00  1.318442e-01 -3.107143e+00
     vertex  3.606032e+00  5.775445e-03 -3.107143e+00
     vertex  3.794938e+00  1.960822e-01 -3.850000e+00
   endloop
 endfacet
 facet normal  9.853812e-01 -1.703123e-01  4.195647e-03
   outer loop
     vertex  2.476277e+00 -2.049250e-01 -3.107143e+00
     vertex  2.401403e+00 -6.381285e-01 -3.107143e+00
     vertex  2.411588e+00 -5.974987e-01 -3.850000e+00
   endloop
 endfacet
 facet normal  9.881094e-01 -1.536765e-01 -4.833370e-03
   outer loop
     vertex  2.476277e+00 -2.049250e-01 -3.107143e+00
     vertex  2.411588e+00 -5.974987e-01 -3.850000e+00
     vertex  2.479143e+00 -1.631362e-01 -3.850000e+00
   endloop
 endfacet
 facet normal  7.769489e-01  6.251807e-01  7.415824e-02
   outer loop
     vertex  3.533139e+00 -1.398902e+00 -3.107143e+00
     vertex  3.556136e+00 -1.339364e+00 -3.850000e+00
     vertex  3.360239e+00 -1.095911e+00 -3.850000e+00
   endloop
 endfacet
 facet normal  7.870318e-01  6.132685e-01  6.695279e-02
   outer loop
     vertex  3.337645e+00 -1.148016e+00 -3.107143e+00
     vertex  3.533139e+00 -1.398902e+00 -3.107143e+00
     vertex  3.360239e+00 -1.095911e+00 -3.850000e+00
   endloop
 endfacet
 facet normal  7.002446e-01  7.108889e-01  6.553203e-02
   outer loop
     vertex  3.190313e+00 -9.970084e-01 -3.107143e+00
     vertex  3.360239e+00 -1.095911e+00 -3.850000e+00
     vertex  3.137116e+00 -8.761286e-01 -3.850000e+00
   endloop
 endfacet
 facet normal  7.139788e-01  6.966012e-01  7.057593e-02
   outer loop
     vertex  3.190313e+00 -9.970084e-01 -3.107143e+00
     vertex  3.337645e+00 -1.148016e+00 -3.107143e+00
     vertex  3.360239e+00 -1.095911e+00 -3.850000e+00
   endloop
 endfacet
 facet normal  6.235739e-01  7.790387e-01  6.522460e-02
   outer loop
     vertex  3.082686e+00 -8.947564e-01 -3.107143e+00
     vertex  3.137116e+00 -8.761286e-01 -3.850000e+00
     vertex  3.082773e+00 -8.326302e-01 -3.850000e+00
   endloop
 endfacet
 facet normal  6.871554e-01  7.232753e-01  6.848493e-02
   outer loop
     vertex  3.082686e+00 -8.947564e-01 -3.107143e+00
     vertex  3.190313e+00 -9.970084e-01 -3.107143e+00
     vertex  3.137116e+00 -8.761286e-01 -3.850000e+00
   endloop
 endfacet
 facet normal  3.645313e-01  9.285188e-01  7.049608e-02
   outer loop
     vertex  3.032827e+00 -8.643658e-01 -3.107143e+00
     vertex  3.053232e+00 -8.159766e-01 -3.850000e+00
     vertex  3.029602e+00 -8.066999e-01 -3.850000e+00
   endloop
 endfacet
 facet normal  4.898805e-01  8.689699e-01  7.006020e-02
   outer loop
     vertex  3.032827e+00 -8.643658e-01 -3.107143e+00
     vertex  3.082773e+00 -8.326302e-01 -3.850000e+00
     vertex  3.053232e+00 -8.159766e-01 -3.850000e+00
   endloop
 endfacet
 facet normal  5.191400e-01  8.517109e-01  7.129013e-02
   outer loop
     vertex  3.032827e+00 -8.643658e-01 -3.107143e+00
     vertex  3.082686e+00 -8.947564e-01 -3.107143e+00
     vertex  3.082773e+00 -8.326302e-01 -3.850000e+00
   endloop
 endfacet
 facet normal  1.566038e-01  9.852143e-01  6.948420e-02
   outer loop
     vertex  2.980966e+00 -8.488939e-01 -3.107143e+00
     vertex  3.003402e+00 -8.000687e-01 -3.850000e+00
     vertex  2.846726e+00 -7.751645e-01 -3.850000e+00
   endloop
 endfacet
 facet normal  2.447393e-01  9.669897e-01  7.094824e-02
   outer loop
     vertex  2.980966e+00 -8.488939e-01 -3.107143e+00
     vertex  3.029602e+00 -8.066999e-01 -3.850000e+00
     vertex  3.003402e+00 -8.000687e-01 -3.850000e+00
   endloop
 endfacet
 facet normal  2.851226e-01  9.557108e-01  7.295159e-02
   outer loop
     vertex  2.980966e+00 -8.488939e-01 -3.107143e+00
     vertex  3.032827e+00 -8.643658e-01 -3.107143e+00
     vertex  3.029602e+00 -8.066999e-01 -3.850000e+00
   endloop
 endfacet
 facet normal  1.654271e-01  9.838916e-01  6.775850e-02
   outer loop
     vertex  2.839818e+00 -8.251619e-01 -3.107143e+00
     vertex  2.980966e+00 -8.488939e-01 -3.107143e+00
     vertex  2.846726e+00 -7.751645e-01 -3.850000e+00
   endloop
 endfacet
 facet normal  3.773575e-01  9.242224e-01  5.843186e-02
   outer loop
     vertex  2.686927e+00 -7.568843e-01 -3.107143e+00
     vertex  2.846726e+00 -7.751645e-01 -3.850000e+00
     vertex  2.411588e+00 -5.974987e-01 -3.850000e+00
   endloop
 endfacet
 facet normal  4.068990e-01  9.111499e-01  6.510835e-02
   outer loop
     vertex  2.686927e+00 -7.568843e-01 -3.107143e+00
     vertex  2.839818e+00 -8.251619e-01 -3.107143e+00
     vertex  2.846726e+00 -7.751645e-01 -3.850000e+00
   endloop
 endfacet
 facet normal  3.834337e-01  9.218885e-01  5.567899e-02
   outer loop
     vertex  2.401403e+00 -6.381285e-01 -3.107143e+00
     vertex  2.686927e+00 -7.568843e-01 -3.107143e+00
     vertex  2.411588e+00 -5.974987e-01 -3.850000e+00
   endloop
 endfacet
 facet normal -4.013207e-01 -9.142386e-01 -5.576224e-02
   outer loop
     vertex  2.097401e+00 -1.332235e+00 -3.107143e+00
     vertex  2.119359e+00 -1.296565e+00 -3.850000e+00
     vertex  2.411653e+00 -1.424872e+00 -3.850000e+00
   endloop
 endfacet
 facet normal -3.815268e-01 -9.221015e-01 -6.454586e-02
   outer loop
     vertex  2.526077e+00 -1.524215e+00 -3.107143e+00
     vertex  2.411653e+00 -1.424872e+00 -3.850000e+00
     vertex  2.561072e+00 -1.486696e+00 -3.850000e+00
   endloop
 endfacet
 facet normal -4.080159e-01 -9.110671e-01 -5.899002e-02
   outer loop
     vertex  2.526077e+00 -1.524215e+00 -3.107143e+00
     vertex  2.097401e+00 -1.332235e+00 -3.107143e+00
     vertex  2.411653e+00 -1.424872e+00 -3.850000e+00
   endloop
 endfacet
 facet normal -5.958660e-01 -8.004891e-01 -6.450507e-02
   outer loop
     vertex  2.572438e+00 -1.555018e+00 -3.107143e+00
     vertex  2.561072e+00 -1.486696e+00 -3.850000e+00
     vertex  2.687690e+00 -1.580947e+00 -3.850000e+00
   endloop
 endfacet
 facet normal -5.521099e-01 -8.309954e-01 -6.798029e-02
   outer loop
     vertex  2.572438e+00 -1.555018e+00 -3.107143e+00
     vertex  2.526077e+00 -1.524215e+00 -3.107143e+00
     vertex  2.561072e+00 -1.486696e+00 -3.850000e+00
   endloop
 endfacet
 facet normal -4.609356e-01 -8.845885e-01 -7.100417e-02
   outer loop
     vertex  2.664633e+00 -1.628561e+00 -3.107143e+00
     vertex  2.687690e+00 -1.580947e+00 -3.850000e+00
     vertex  2.718208e+00 -1.596849e+00 -3.850000e+00
   endloop
 endfacet
 facet normal -6.220946e-01 -7.798696e-01 -6.929407e-02
   outer loop
     vertex  2.664633e+00 -1.628561e+00 -3.107143e+00
     vertex  2.572438e+00 -1.555018e+00 -3.107143e+00
     vertex  2.687690e+00 -1.580947e+00 -3.850000e+00
   endloop
 endfacet
 facet normal -2.585742e-01 -9.633690e-01 -7.113086e-02
   outer loop
     vertex  2.706820e+00 -1.648642e+00 -3.107143e+00
     vertex  2.718208e+00 -1.596849e+00 -3.850000e+00
     vertex  2.775727e+00 -1.612288e+00 -3.850000e+00
   endloop
 endfacet
 facet normal -4.287669e-01 -9.007476e-01 -6.937399e-02
   outer loop
     vertex  2.706820e+00 -1.648642e+00 -3.107143e+00
     vertex  2.664633e+00 -1.628561e+00 -3.107143e+00
     vertex  2.718208e+00 -1.596849e+00 -3.850000e+00
   endloop
 endfacet
 facet normal -4.847227e-02 -9.965835e-01 -6.687088e-02
   outer loop
     vertex  2.766476e+00 -1.661684e+00 -3.107143e+00
     vertex  2.775727e+00 -1.612288e+00 -3.850000e+00
     vertex  2.923974e+00 -1.619498e+00 -3.850000e+00
   endloop
 endfacet
 facet normal -2.130825e-01 -9.747021e-01 -6.746571e-02
   outer loop
     vertex  2.766476e+00 -1.661684e+00 -3.107143e+00
     vertex  2.706820e+00 -1.648642e+00 -3.107143e+00
     vertex  2.775727e+00 -1.612288e+00 -3.850000e+00
   endloop
 endfacet
 facet normal -1.081136e-02 -9.974913e-01 -6.995887e-02
   outer loop
     vertex  2.967743e+00 -1.672073e+00 -3.107143e+00
     vertex  2.923974e+00 -1.619498e+00 -3.850000e+00
     vertex  3.135255e+00 -1.621788e+00 -3.850000e+00
   endloop
 endfacet
 facet normal -5.143284e-02 -9.963935e-01 -6.748778e-02
   outer loop
     vertex  2.967743e+00 -1.672073e+00 -3.107143e+00
     vertex  2.766476e+00 -1.661684e+00 -3.107143e+00
     vertex  2.923974e+00 -1.619498e+00 -3.850000e+00
   endloop
 endfacet
 facet normal  9.986609e-02 -9.922865e-01 -7.344618e-02
   outer loop
     vertex  3.195666e+00 -1.670693e+00 -3.107143e+00
     vertex  3.135255e+00 -1.621788e+00 -3.850000e+00
     vertex  3.451374e+00 -1.589973e+00 -3.850000e+00
   endloop
 endfacet
 facet normal  6.042998e-03 -9.977895e-01 -6.617846e-02
   outer loop
     vertex  3.195666e+00 -1.670693e+00 -3.107143e+00
     vertex  2.967743e+00 -1.672073e+00 -3.107143e+00
     vertex  3.135255e+00 -1.621788e+00 -3.850000e+00
   endloop
 endfacet
 facet normal  9.801969e-02 -9.924222e-01 -7.409651e-02
   outer loop
     vertex  3.423978e+00 -1.648143e+00 -3.107143e+00
     vertex  3.195666e+00 -1.670693e+00 -3.107143e+00
     vertex  3.451374e+00 -1.589973e+00 -3.850000e+00
   endloop
 endfacet
 facet normal  7.933636e-01 -6.087336e-01  4.195647e-03
   outer loop
     vertex  2.097401e+00 -1.332235e+00 -3.107143e+00
     vertex  1.829783e+00 -1.681022e+00 -3.107143e+00
     vertex  1.857684e+00 -1.649780e+00 -3.850000e+00
   endloop
 endfacet
 facet normal  8.035104e-01 -5.952711e-01 -4.833370e-03
   outer loop
     vertex  2.097401e+00 -1.332235e+00 -3.107143e+00
     vertex  1.857684e+00 -1.649780e+00 -3.850000e+00
     vertex  2.119359e+00 -1.296565e+00 -3.850000e+00
   endloop
 endfacet
 facet normal  9.784901e-01  1.925039e-01  7.415824e-02
   outer loop
     vertex  2.478338e+00 -2.880598e+00 -3.107143e+00
     vertex  2.526369e+00 -2.838567e+00 -3.850000e+00
     vertex  2.466049e+00 -2.531962e+00 -3.850000e+00
   endloop
 endfacet
 facet normal  9.818821e-01  1.772704e-01  6.695279e-02
   outer loop
     vertex  2.421828e+00 -2.567599e+00 -3.107143e+00
     vertex  2.478338e+00 -2.880598e+00 -3.107143e+00
     vertex  2.466049e+00 -2.531962e+00 -3.850000e+00
   endloop
 endfacet
 facet normal  9.504024e-01  3.040410e-01  6.553203e-02
   outer loop
     vertex  2.361549e+00 -2.365419e+00 -3.107143e+00
     vertex  2.466049e+00 -2.531962e+00 -3.850000e+00
     vertex  2.370621e+00 -2.233664e+00 -3.850000e+00
   endloop
 endfacet
 facet normal  9.559236e-01  2.850073e-01  7.057593e-02
   outer loop
     vertex  2.361549e+00 -2.365419e+00 -3.107143e+00
     vertex  2.421828e+00 -2.567599e+00 -3.107143e+00
     vertex  2.466049e+00 -2.531962e+00 -3.850000e+00
   endloop
 endfacet
 facet normal  9.141846e-01  4.000153e-01  6.522460e-02
   outer loop
     vertex  2.313769e+00 -2.224863e+00 -3.107143e+00
     vertex  2.370621e+00 -2.233664e+00 -3.850000e+00
     vertex  2.342717e+00 -2.169893e+00 -3.850000e+00
   endloop
 endfacet
 facet normal  9.445687e-01  3.210915e-01  6.848493e-02
   outer loop
     vertex  2.313769e+00 -2.224863e+00 -3.107143e+00
     vertex  2.361549e+00 -2.365419e+00 -3.107143e+00
     vertex  2.370621e+00 -2.233664e+00 -3.850000e+00
   endloop
 endfacet
 facet normal  7.542807e-01  6.527565e-01  7.049608e-02
   outer loop
     vertex  2.283744e+00 -2.174783e+00 -3.107143e+00
     vertex  2.324299e+00 -2.141419e+00 -3.850000e+00
     vertex  2.307688e+00 -2.122224e+00 -3.850000e+00
   endloop
 endfacet
 facet normal  8.375981e-01  5.417758e-01  7.006020e-02
   outer loop
     vertex  2.283744e+00 -2.174783e+00 -3.107143e+00
     vertex  2.342717e+00 -2.169893e+00 -3.850000e+00
     vertex  2.324299e+00 -2.141419e+00 -3.850000e+00
   endloop
 endfacet
 facet normal  8.554854e-01  5.128961e-01  7.129013e-02
   outer loop
     vertex  2.283744e+00 -2.174783e+00 -3.107143e+00
     vertex  2.313769e+00 -2.224863e+00 -3.107143e+00
     vertex  2.342717e+00 -2.169893e+00 -3.850000e+00
   endloop
 endfacet
 facet normal  5.965177e-01  7.995865e-01  6.948420e-02
   outer loop
     vertex  2.245014e+00 -2.136982e+00 -3.107143e+00
     vertex  2.287570e+00 -2.104176e+00 -3.850000e+00
     vertex  2.160414e+00 -2.009314e+00 -3.850000e+00
   endloop
 endfacet
 facet normal  6.660884e-01  7.424908e-01  7.094824e-02
   outer loop
     vertex  2.245014e+00 -2.136982e+00 -3.107143e+00
     vertex  2.307688e+00 -2.122224e+00 -3.850000e+00
     vertex  2.287570e+00 -2.104176e+00 -3.850000e+00
   endloop
 endfacet
 facet normal  6.966045e-01  7.137368e-01  7.295159e-02
   outer loop
     vertex  2.245014e+00 -2.136982e+00 -3.107143e+00
     vertex  2.283744e+00 -2.174783e+00 -3.107143e+00
     vertex  2.307688e+00 -2.122224e+00 -3.850000e+00
   endloop
 endfacet
 facet normal  6.037156e-01  7.943149e-01  6.775850e-02
   outer loop
     vertex  2.131062e+00 -2.050374e+00 -3.107143e+00
     vertex  2.245014e+00 -2.136982e+00 -3.107143e+00
     vertex  2.160414e+00 -2.009314e+00 -3.850000e+00
   endloop
 endfacet
 facet normal  7.636410e-01  6.429915e-01  5.843186e-02
   outer loop
     vertex  2.027414e+00 -1.918865e+00 -3.107143e+00
     vertex  2.160414e+00 -2.009314e+00 -3.850000e+00
     vertex  1.857684e+00 -1.649780e+00 -3.850000e+00
   endloop
 endfacet
 facet normal  7.837236e-01  6.176878e-01  6.510835e-02
   outer loop
     vertex  2.027414e+00 -1.918865e+00 -3.107143e+00
     vertex  2.131062e+00 -2.050374e+00 -3.107143e+00
     vertex  2.160414e+00 -2.009314e+00 -3.850000e+00
   endloop
 endfacet
 facet normal  7.679366e-01  6.381012e-01  5.567899e-02
   outer loop
     vertex  1.829783e+00 -1.681022e+00 -3.107143e+00
     vertex  2.027414e+00 -1.918865e+00 -3.107143e+00
     vertex  1.857684e+00 -1.649780e+00 -3.850000e+00
   endloop
 endfacet
 facet normal -7.802197e-01 -6.230151e-01 -5.576224e-02
   outer loop
     vertex  1.238036e+00 -2.154347e+00 -3.107143e+00
     vertex  1.274055e+00 -2.132966e+00 -3.850000e+00
     vertex  1.473241e+00 -2.382413e+00 -3.850000e+00
   endloop
 endfacet
 facet normal -7.663471e-01 -6.391760e-01 -6.454586e-02
   outer loop
     vertex  1.528392e+00 -2.523552e+00 -3.107143e+00
     vertex  1.473241e+00 -2.382413e+00 -3.850000e+00
     vertex  1.576814e+00 -2.506593e+00 -3.850000e+00
   endloop
 endfacet
 facet normal -7.846741e-01 -6.170954e-01 -5.899002e-02
   outer loop
     vertex  1.528392e+00 -2.523552e+00 -3.107143e+00
     vertex  1.238036e+00 -2.154347e+00 -3.107143e+00
     vertex  1.473241e+00 -2.382413e+00 -3.850000e+00
   endloop
 endfacet
 facet normal -8.996190e-01 -4.318852e-01 -6.450507e-02
   outer loop
     vertex  1.555128e+00 -2.572371e+00 -3.107143e+00
     vertex  1.576814e+00 -2.506593e+00 -3.850000e+00
     vertex  1.645128e+00 -2.648891e+00 -3.850000e+00
   endloop
 endfacet
 facet normal -8.750519e-01 -4.792316e-01 -6.798029e-02
   outer loop
     vertex  1.555128e+00 -2.572371e+00 -3.107143e+00
     vertex  1.528392e+00 -2.523552e+00 -3.107143e+00
     vertex  1.576814e+00 -2.506593e+00 -3.850000e+00
   endloop
 endfacet
 facet normal -8.192269e-01 -5.690568e-01 -7.100417e-02
   outer loop
     vertex  1.602586e+00 -2.680336e+00 -3.107143e+00
     vertex  1.645128e+00 -2.648891e+00 -3.850000e+00
     vertex  1.664761e+00 -2.677154e+00 -3.850000e+00
   endloop
 endfacet
 facet normal -9.132609e-01 -4.014384e-01 -6.929407e-02
   outer loop
     vertex  1.602586e+00 -2.680336e+00 -3.107143e+00
     vertex  1.555128e+00 -2.572371e+00 -3.107143e+00
     vertex  1.645128e+00 -2.648891e+00 -3.850000e+00
   endloop
 endfacet
 facet normal -6.766559e-01 -7.328555e-01 -7.113086e-02
   outer loop
     vertex  1.630607e+00 -2.717722e+00 -3.107143e+00
     vertex  1.664761e+00 -2.677154e+00 -3.850000e+00
     vertex  1.708516e+00 -2.717554e+00 -3.850000e+00
   endloop
 endfacet
 facet normal -7.982525e-01 -5.983145e-01 -6.937399e-02
   outer loop
     vertex  1.630607e+00 -2.717722e+00 -3.107143e+00
     vertex  1.602586e+00 -2.680336e+00 -3.107143e+00
     vertex  1.664761e+00 -2.677154e+00 -3.850000e+00
   endloop
 endfacet
 facet normal -5.060555e-01 -8.599047e-01 -6.687088e-02
   outer loop
     vertex  1.677370e+00 -2.756993e+00 -3.107143e+00
     vertex  1.708516e+00 -2.717554e+00 -3.850000e+00
     vertex  1.836432e+00 -2.792833e+00 -3.850000e+00
   endloop
 endfacet
 facet normal -6.416419e-01 -7.640315e-01 -6.746571e-02
   outer loop
     vertex  1.677370e+00 -2.756993e+00 -3.107143e+00
     vertex  1.630607e+00 -2.717722e+00 -3.107143e+00
     vertex  1.708516e+00 -2.717554e+00 -3.850000e+00
   endloop
 endfacet
 facet normal -4.731303e-01 -8.782104e-01 -6.995887e-02
   outer loop
     vertex  1.850755e+00 -2.859726e+00 -3.107143e+00
     vertex  1.836432e+00 -2.792833e+00 -3.850000e+00
     vertex  2.022448e+00 -2.893048e+00 -3.850000e+00
   endloop
 endfacet
 facet normal -5.085887e-01 -8.583606e-01 -6.748778e-02
   outer loop
     vertex  1.850755e+00 -2.859726e+00 -3.107143e+00
     vertex  1.677370e+00 -2.756993e+00 -3.107143e+00
     vertex  1.836432e+00 -2.792833e+00 -3.850000e+00
   endloop
 endfacet
 facet normal -3.727115e-01 -9.250361e-01 -7.344618e-02
   outer loop
     vertex  2.053212e+00 -2.964425e+00 -3.107143e+00
     vertex  2.022448e+00 -2.893048e+00 -3.850000e+00
     vertex  2.317143e+00 -3.011785e+00 -3.850000e+00
   endloop
 endfacet
 facet normal -4.583451e-01 -8.863070e-01 -6.617846e-02
   outer loop
     vertex  2.053212e+00 -2.964425e+00 -3.107143e+00
     vertex  1.850755e+00 -2.859726e+00 -3.107143e+00
     vertex  2.022448e+00 -2.893048e+00 -3.850000e+00
   endloop
 endfacet
 facet normal -3.744095e-01 -9.242983e-01 -7.409651e-02
   outer loop
     vertex  2.265852e+00 -3.050560e+00 -3.107143e+00
     vertex  2.053212e+00 -2.964425e+00 -3.107143e+00
     vertex  2.317143e+00 -3.011785e+00 -3.850000e+00
   endloop
 endfacet
 facet normal  4.195960e-01 -9.077013e-01  4.195647e-03
   outer loop
     vertex  1.238036e+00 -2.154347e+00 -3.107143e+00
     vertex  8.389828e-01 -2.338814e+00 -3.107143e+00
     vertex  8.782064e-01 -2.324116e+00 -3.850000e+00
   endloop
 endfacet
 facet normal  4.348368e-01 -9.004963e-01 -4.833370e-03
   outer loop
     vertex  1.238036e+00 -2.154347e+00 -3.107143e+00
     vertex  8.782064e-01 -2.324116e+00 -3.850000e+00
     vertex  1.274055e+00 -2.132966e+00 -3.850000e+00
   endloop
 endfacet
 facet normal  9.558709e-01 -2.842733e-01  7.415824e-02
   outer loop
     vertex  8.557786e-01 -3.702383e+00 -3.107143e+00
     vertex  9.178407e-01 -3.687488e+00 -3.850000e+00
     vertex  1.006916e+00 -3.387971e+00 -3.850000e+00
   endloop
 endfacet
 facet normal  9.517951e-01 -2.993383e-01  6.695279e-02
   outer loop
     vertex  9.511999e-01 -3.398976e+00 -3.107143e+00
     vertex  8.557786e-01 -3.702383e+00 -3.107143e+00
     vertex  1.006916e+00 -3.387971e+00 -3.850000e+00
   endloop
 endfacet
 facet normal  9.828344e-01 -1.724591e-01  6.553203e-02
   outer loop
     vertex  9.917825e-01 -3.191941e+00 -3.107143e+00
     vertex  1.006916e+00 -3.387971e+00 -3.850000e+00
     vertex  1.061045e+00 -3.079493e+00 -3.850000e+00
   endloop
 endfacet
 facet normal  9.788778e-01 -1.918784e-01  7.057593e-02
   outer loop
     vertex  9.917825e-01 -3.191941e+00 -3.107143e+00
     vertex  9.511999e-01 -3.398976e+00 -3.107143e+00
     vertex  1.006916e+00 -3.387971e+00 -3.850000e+00
   endloop
 endfacet
 facet normal  9.953667e-01 -7.064684e-02  6.522460e-02
   outer loop
     vertex  1.014795e+00 -3.045281e+00 -3.107143e+00
     vertex  1.061045e+00 -3.079493e+00 -3.850000e+00
     vertex  1.065973e+00 -3.010060e+00 -3.850000e+00
   endloop
 endfacet
 facet normal  9.855927e-01 -1.546506e-01  6.848493e-02
   outer loop
     vertex  1.014795e+00 -3.045281e+00 -3.107143e+00
     vertex  9.917825e-01 -3.191941e+00 -3.107143e+00
     vertex  1.061045e+00 -3.079493e+00 -3.850000e+00
   endloop
 endfacet
 facet normal  9.712334e-01  2.274555e-01  7.049608e-02
   outer loop
     vertex  1.011483e+00 -2.986983e+00 -3.107143e+00
     vertex  1.062898e+00 -2.976288e+00 -3.850000e+00
     vertex  1.057109e+00 -2.951572e+00 -3.850000e+00
   endloop
 endfacet
 facet normal  9.934320e-01  9.046746e-02  7.006020e-02
   outer loop
     vertex  1.011483e+00 -2.986983e+00 -3.107143e+00
     vertex  1.065973e+00 -3.010060e+00 -3.850000e+00
     vertex  1.062898e+00 -2.976288e+00 -3.850000e+00
   endloop
 endfacet
 facet normal  9.958494e-01  5.658309e-02  7.129013e-02
   outer loop
     vertex  1.011483e+00 -2.986983e+00 -3.107143e+00
     vertex  1.014795e+00 -3.045281e+00 -3.107143e+00
     vertex  1.065973e+00 -3.010060e+00 -3.850000e+00
   endloop
 endfacet
 facet normal  8.997766e-01  4.307831e-01  6.948420e-02
   outer loop
     vertex  9.947557e-01 -2.935514e+00 -3.107143e+00
     vertex  1.047683e+00 -2.926242e+00 -3.850000e+00
     vertex  9.791770e-01 -2.783153e+00 -3.850000e+00
   endloop
 endfacet
 facet normal  9.348447e-01  3.478963e-01  7.094824e-02
   outer loop
     vertex  9.947557e-01 -2.935514e+00 -3.107143e+00
     vertex  1.057109e+00 -2.951572e+00 -3.850000e+00
     vertex  1.047683e+00 -2.926242e+00 -3.850000e+00
   endloop
 endfacet
 facet normal  9.485027e-01  3.082543e-01  7.295159e-02
   outer loop
     vertex  9.947557e-01 -2.935514e+00 -3.107143e+00
     vertex  1.011483e+00 -2.986983e+00 -3.107143e+00
     vertex  1.057109e+00 -2.951572e+00 -3.850000e+00
   endloop
 endfacet
 facet normal  9.037002e-01  4.227703e-01  6.775850e-02
   outer loop
     vertex  9.341055e-01 -2.805870e+00 -3.107143e+00
     vertex  9.947557e-01 -2.935514e+00 -3.107143e+00
     vertex  9.791770e-01 -2.783153e+00 -3.850000e+00
   endloop
 endfacet
 facet normal  9.749836e-01  2.144590e-01  5.843186e-02
   outer loop
     vertex  9.034449e-01 -2.641257e+00 -3.107143e+00
     vertex  9.791770e-01 -2.783153e+00 -3.850000e+00
     vertex  8.782064e-01 -2.324116e+00 -3.850000e+00
   endloop
 endfacet
 facet normal  9.810066e-01  1.827208e-01  6.510835e-02
   outer loop
     vertex  9.034449e-01 -2.641257e+00 -3.107143e+00
     vertex  9.341055e-01 -2.805870e+00 -3.107143e+00
     vertex  9.791770e-01 -2.783153e+00 -3.850000e+00
   endloop
 endfacet
 facet normal  9.765145e-01  2.081326e-01  5.567899e-02
   outer loop
     vertex  8.389828e-01 -2.338814e+00 -3.107143e+00
     vertex  9.034449e-01 -2.641257e+00 -3.107143e+00
     vertex  8.782064e-01 -2.324116e+00 -3.850000e+00
   endloop
 endfacet
 facet normal -9.803798e-01 -1.890663e-01 -5.576224e-02
   outer loop
     vertex  9.505133e-02 -2.482923e+00 -3.107143e+00
     vertex  1.368809e-01 -2.480731e+00 -3.850000e+00
     vertex  1.973278e-01 -2.794171e+00 -3.850000e+00
   endloop
 endfacet
 facet normal -9.754352e-01 -2.105727e-01 -6.469400e-02
   outer loop
     vertex  1.805706e-01 -2.944773e+00 -3.107143e+00
     vertex  1.973278e-01 -2.794171e+00 -3.850000e+00
     vertex  2.312391e-01 -2.951258e+00 -3.850000e+00
   endloop
 endfacet
 facet normal -9.815730e-01 -1.817546e-01 -5.899002e-02
   outer loop
     vertex  1.805706e-01 -2.944773e+00 -3.107143e+00
     vertex  9.505133e-02 -2.482923e+00 -3.107143e+00
     vertex  1.973278e-01 -2.794171e+00 -3.850000e+00
   endloop
 endfacet
 facet normal -9.973150e-01  3.487669e-02 -6.439183e-02
   outer loop
     vertex  1.815570e-01 -3.000426e+00 -3.107143e+00
     vertex  2.312391e-01 -2.951258e+00 -3.850000e+00
     vertex  2.256877e-01 -3.110006e+00 -3.850000e+00
   endloop
 endfacet
 facet normal -9.975364e-01 -1.768170e-02 -6.788532e-02
   outer loop
     vertex  1.815570e-01 -3.000426e+00 -3.107143e+00
     vertex  1.805706e-01 -2.944773e+00 -3.107143e+00
     vertex  2.312391e-01 -2.951258e+00 -3.850000e+00
   endloop
 endfacet
 facet normal -9.898433e-01 -1.231611e-01 -7.100416e-02
   outer loop
     vertex  1.734049e-01 -3.118078e+00 -3.107143e+00
     vertex  2.256877e-01 -3.110006e+00 -3.850000e+00
     vertex  2.299367e-01 -3.144155e+00 -3.850000e+00
   endloop
 endfacet
 facet normal -9.952101e-01  6.895742e-02 -6.929408e-02
   outer loop
     vertex  1.734049e-01 -3.118078e+00 -3.107143e+00
     vertex  1.815570e-01 -3.000426e+00 -3.107143e+00
     vertex  2.256877e-01 -3.110006e+00 -3.850000e+00
   endloop
 endfacet
 facet normal -9.397240e-01 -3.344536e-01 -7.113086e-02
   outer loop
     vertex  1.808429e-01 -3.164204e+00 -3.107143e+00
     vertex  2.299367e-01 -3.144155e+00 -3.850000e+00
     vertex  2.499055e-01 -3.200262e+00 -3.850000e+00
   endloop
 endfacet
 facet normal -9.848681e-01 -1.588148e-01 -6.937399e-02
   outer loop
     vertex  1.808429e-01 -3.164204e+00 -3.107143e+00
     vertex  1.734049e-01 -3.118078e+00 -3.107143e+00
     vertex  2.299367e-01 -3.144155e+00 -3.850000e+00
   endloop
 endfacet
 facet normal -8.477076e-01 -5.262321e-01 -6.687088e-02
   outer loop
     vertex  2.039986e-01 -3.220709e+00 -3.107143e+00
     vertex  2.499055e-01 -3.200262e+00 -3.850000e+00
     vertex  3.281855e-01 -3.326363e+00 -3.850000e+00
   endloop
 endfacet
 facet normal -9.232088e-01 -3.783304e-01 -6.746571e-02
   outer loop
     vertex  2.039986e-01 -3.220709e+00 -3.107143e+00
     vertex  1.808429e-01 -3.164204e+00 -3.107143e+00
     vertex  2.499055e-01 -3.200262e+00 -3.850000e+00
   endloop
 endfacet
 facet normal -8.270608e-01 -5.577421e-01 -6.995887e-02
   outer loop
     vertex  3.097811e-01 -3.392250e+00 -3.107143e+00
     vertex  3.281855e-01 -3.326363e+00 -3.850000e+00
     vertex  4.463220e-01 -3.501545e+00 -3.850000e+00
   endloop
 endfacet
 facet normal -8.492330e-01 -5.236876e-01 -6.748778e-02
   outer loop
     vertex  3.097811e-01 -3.392250e+00 -3.107143e+00
     vertex  2.039986e-01 -3.220709e+00 -3.107143e+00
     vertex  3.281855e-01 -3.326363e+00 -3.850000e+00
   endloop
 endfacet
 facet normal -7.599053e-01 -6.458711e-01 -7.344618e-02
   outer loop
     vertex  4.403924e-01 -3.579043e+00 -3.107143e+00
     vertex  4.463220e-01 -3.501545e+00 -3.850000e+00
     vertex  6.520817e-01 -3.743633e+00 -3.850000e+00
   endloop
 endfacet
 facet normal -8.177318e-01 -5.717823e-01 -6.617846e-02
   outer loop
     vertex  4.403924e-01 -3.579043e+00 -3.107143e+00
     vertex  3.097811e-01 -3.392250e+00 -3.107143e+00
     vertex  4.463220e-01 -3.501545e+00 -3.850000e+00
   endloop
 endfacet
 facet normal -7.610659e-01 -6.444287e-01 -7.409651e-02
   outer loop
     vertex  5.886465e-01 -3.754130e+00 -3.107143e+00
     vertex  4.403924e-01 -3.579043e+00 -3.107143e+00
     vertex  6.520817e-01 -3.743633e+00 -3.850000e+00
   endloop
 endfacet
 facet normal -5.029599e-02 -9.987255e-01  4.195647e-03
   outer loop
     vertex  9.505133e-02 -2.482923e+00 -3.107143e+00
     vertex -3.440187e-01 -2.460812e+00 -3.107143e+00
     vertex -3.024575e-01 -2.466025e+00 -3.850000e+00
   endloop
 endfacet
 facet normal -3.345262e-02 -9.994286e-01 -4.833370e-03
   outer loop
     vertex  9.505133e-02 -2.482923e+00 -3.107143e+00
     vertex -3.024575e-01 -2.466025e+00 -3.850000e+00
     vertex  1.368809e-01 -2.480731e+00 -3.850000e+00
   endloop
 endfacet
 facet normal  7.142733e-01 -6.959269e-01  7.415824e-02
   outer loop
     vertex -9.628290e-01 -3.675998e+00 -3.107143e+00
     vertex -9.009536e-01 -3.691650e+00 -3.850000e+00
     vertex -6.828889e-01 -3.467837e+00 -3.850000e+00
   endloop
 endfacet
 facet normal  7.036633e-01 -7.073721e-01  6.695279e-02
   outer loop
     vertex -7.373372e-01 -3.451688e+00 -3.107143e+00
     vertex -9.628290e-01 -3.675998e+00 -3.107143e+00
     vertex -6.828889e-01 -3.467837e+00 -3.850000e+00
   endloop
 endfacet
 facet normal  7.901109e-01 -6.094509e-01  6.553203e-02
   outer loop
     vertex -6.051893e-01 -3.287228e+00 -3.107143e+00
     vertex -6.828889e-01 -3.467837e+00 -3.850000e+00
     vertex -4.916031e-01 -3.219848e+00 -3.850000e+00
   endloop
 endfacet
 facet normal  7.775829e-01 -6.248071e-01  7.057593e-02
   outer loop
     vertex -6.051893e-01 -3.287228e+00 -3.107143e+00
     vertex -7.373372e-01 -3.451688e+00 -3.107143e+00
     vertex -6.828889e-01 -3.467837e+00 -3.850000e+00
   endloop
 endfacet
 facet normal  8.485222e-01 -5.251246e-01  6.522460e-02
   outer loop
     vertex -5.166559e-01 -3.168061e+00 -3.107143e+00
     vertex -4.916031e-01 -3.219848e+00 -3.850000e+00
     vertex -4.549723e-01 -3.160658e+00 -3.850000e+00
   endloop
 endfacet
 facet normal  8.008293e-01 -5.949641e-01  6.848493e-02
   outer loop
     vertex -5.166559e-01 -3.168061e+00 -3.107143e+00
     vertex -6.051893e-01 -3.287228e+00 -3.107143e+00
     vertex -4.916031e-01 -3.219848e+00 -3.850000e+00
   endloop
 endfacet
 facet normal  9.656883e-01 -2.499529e-01  7.049608e-02
   outer loop
     vertex -4.924967e-01 -3.114902e+00 -3.107143e+00
     vertex -4.420008e-01 -3.129325e+00 -3.850000e+00
     vertex -4.356399e-01 -3.104750e+00 -3.850000e+00
   endloop
 endfacet
 facet normal  9.216827e-01 -3.815659e-01  7.006020e-02
   outer loop
     vertex -4.924967e-01 -3.114902e+00 -3.107143e+00
     vertex -4.549723e-01 -3.160658e+00 -3.850000e+00
     vertex -4.420008e-01 -3.129325e+00 -3.850000e+00
   endloop
 endfacet
 facet normal  9.080763e-01 -4.126925e-01  7.129013e-02
   outer loop
     vertex -4.924967e-01 -3.114902e+00 -3.107143e+00
     vertex -5.166559e-01 -3.168061e+00 -3.107143e+00
     vertex -4.549723e-01 -3.160658e+00 -3.850000e+00
   endloop
 endfacet
 facet normal  9.969075e-01 -3.670757e-02  6.948420e-02
   outer loop
     vertex -4.833888e-01 -3.061554e+00 -3.107143e+00
     vertex -4.322152e-01 -3.077941e+00 -3.850000e+00
     vertex -4.263777e-01 -2.919406e+00 -3.850000e+00
   endloop
 endfacet
 facet normal  9.894393e-01 -1.263971e-01  7.094824e-02
   outer loop
     vertex -4.833888e-01 -3.061554e+00 -3.107143e+00
     vertex -4.356399e-01 -3.104750e+00 -3.850000e+00
     vertex -4.322152e-01 -3.077941e+00 -3.850000e+00
   endloop
 endfacet
 facet normal  9.831103e-01 -1.678455e-01  7.295159e-02
   outer loop
     vertex -4.833888e-01 -3.061554e+00 -3.107143e+00
     vertex -4.924967e-01 -3.114902e+00 -3.107143e+00
     vertex -4.356399e-01 -3.104750e+00 -3.850000e+00
   endloop
 endfacet
 facet normal  9.966579e-01 -4.562590e-02  6.775850e-02
   outer loop
     vertex -4.768433e-01 -2.918575e+00 -3.107143e+00
     vertex -4.833888e-01 -3.061554e+00 -3.107143e+00
     vertex -4.263777e-01 -2.919406e+00 -3.850000e+00
   endloop
 endfacet
 facet normal  9.629692e-01 -2.632034e-01  5.843186e-02
   outer loop
     vertex -4.274925e-01 -2.758569e+00 -3.107143e+00
     vertex -4.263777e-01 -2.919406e+00 -3.850000e+00
     vertex -3.024575e-01 -2.466025e+00 -3.850000e+00
   endloop
 endfacet
 facet normal  9.535528e-01 -2.941053e-01  6.510835e-02
   outer loop
     vertex -4.274925e-01 -2.758569e+00 -3.107143e+00
     vertex -4.768433e-01 -2.918575e+00 -3.107143e+00
     vertex -4.263777e-01 -2.919406e+00 -3.850000e+00
   endloop
 endfacet
 facet normal  9.613847e-01 -2.695166e-01  5.567899e-02
   outer loop
     vertex -3.440187e-01 -2.460812e+00 -3.107143e+00
     vertex -4.274925e-01 -2.758569e+00 -3.107143e+00
     vertex -3.024575e-01 -2.466025e+00 -3.850000e+00
   endloop
 endfacet
 facet normal -9.559467e-01  2.881954e-01 -5.576224e-02
   outer loop
     vertex -1.069708e+00 -2.242692e+00 -3.107143e+00
     vertex -1.031651e+00 -2.260190e+00 -3.850000e+00
     vertex -1.123791e+00 -2.565818e+00 -3.850000e+00
   endloop
 endfacet
 facet normal -9.613663e-01  2.675980e-01 -6.454586e-02
   outer loop
     vertex -1.208617e+00 -2.691383e+00 -3.107143e+00
     vertex -1.123791e+00 -2.565818e+00 -3.850000e+00
     vertex -1.167153e+00 -2.721600e+00 -3.850000e+00
   endloop
 endfacet
 facet normal -9.536052e-01  2.952240e-01 -5.899002e-02
   outer loop
     vertex -1.208617e+00 -2.691383e+00 -3.107143e+00
     vertex -1.069708e+00 -2.242692e+00 -3.107143e+00
     vertex -1.123791e+00 -2.565818e+00 -3.850000e+00
   endloop
 endfacet
 facet normal -8.664763e-01  4.950332e-01 -6.450507e-02
   outer loop
     vertex -1.233607e+00 -2.741119e+00 -3.107143e+00
     vertex -1.167153e+00 -2.721600e+00 -3.850000e+00
     vertex -1.245455e+00 -2.858655e+00 -3.850000e+00
   endloop
 endfacet
 facet normal -8.914860e-01  4.479190e-01 -6.798029e-02
   outer loop
     vertex -1.233607e+00 -2.741119e+00 -3.107143e+00
     vertex -1.208617e+00 -2.691383e+00 -3.107143e+00
     vertex -1.167153e+00 -2.721600e+00 -3.850000e+00
   endloop
 endfacet
 facet normal -9.336985e-01  3.509495e-01 -7.100417e-02
   outer loop
     vertex -1.295501e+00 -2.841507e+00 -3.107143e+00
     vertex -1.245455e+00 -2.858655e+00 -3.850000e+00
     vertex -1.257563e+00 -2.890868e+00 -3.850000e+00
   endloop
 endfacet
 facet normal -8.491687e-01  5.235560e-01 -6.929407e-02
   outer loop
     vertex -1.295501e+00 -2.841507e+00 -3.107143e+00
     vertex -1.233607e+00 -2.741119e+00 -3.107143e+00
     vertex -1.245455e+00 -2.858655e+00 -3.850000e+00
   endloop
 endfacet
 facet normal -9.875126e-01  1.405676e-01 -7.113086e-02
   outer loop
     vertex -1.310351e+00 -2.885806e+00 -3.107143e+00
     vertex -1.257563e+00 -2.890868e+00 -3.850000e+00
     vertex -1.265956e+00 -2.949828e+00 -3.850000e+00
   endloop
 endfacet
 facet normal -9.458623e-01  3.170675e-01 -6.937399e-02
   outer loop
     vertex -1.310351e+00 -2.885806e+00 -3.107143e+00
     vertex -1.295501e+00 -2.841507e+00 -3.107143e+00
     vertex -1.257563e+00 -2.890868e+00 -3.850000e+00
   endloop
 endfacet
 facet normal -9.951600e-01 -7.200601e-02 -6.687088e-02
   outer loop
     vertex -1.316106e+00 -2.946599e+00 -3.107143e+00
     vertex -1.265956e+00 -2.949828e+00 -3.850000e+00
     vertex -1.255244e+00 -3.097864e+00 -3.850000e+00
   endloop
 endfacet
 facet normal -9.932797e-01  9.404158e-02 -6.746571e-02
   outer loop
     vertex -1.316106e+00 -2.946599e+00 -3.107143e+00
     vertex -1.310351e+00 -2.885806e+00 -3.107143e+00
     vertex -1.265956e+00 -2.949828e+00 -3.850000e+00
   endloop
 endfacet
 facet normal -9.915216e-01 -1.095018e-01 -6.995887e-02
   outer loop
     vertex -1.302160e+00 -3.147651e+00 -3.107143e+00
     vertex -1.255244e+00 -3.097864e+00 -3.850000e+00
     vertex -1.232050e+00 -3.307880e+00 -3.850000e+00
   endloop
 endfacet
 facet normal -9.953282e-01 -6.904413e-02 -6.748778e-02
   outer loop
     vertex -1.302160e+00 -3.147651e+00 -3.107143e+00
     vertex -1.316106e+00 -2.946599e+00 -3.107143e+00
     vertex -1.255244e+00 -3.097864e+00 -3.850000e+00
   endloop
 endfacet
 facet normal -9.730140e-01 -2.187449e-01 -7.344618e-02
   outer loop
     vertex -1.273316e+00 -3.373746e+00 -3.107143e+00
     vertex -1.232050e+00 -3.307880e+00 -3.850000e+00
     vertex -1.162363e+00 -3.617860e+00 -3.850000e+00
   endloop
 endfacet
 facet normal -9.897861e-01 -1.262692e-01 -6.617846e-02
   outer loop
     vertex -1.273316e+00 -3.373746e+00 -3.107143e+00
     vertex -1.302160e+00 -3.147651e+00 -3.107143e+00
     vertex -1.232050e+00 -3.307880e+00 -3.850000e+00
   endloop
 endfacet
 facet normal -9.733714e-01 -2.169283e-01 -7.409651e-02
   outer loop
     vertex -1.223411e+00 -3.597675e+00 -3.107143e+00
     vertex -1.273316e+00 -3.373746e+00 -3.107143e+00
     vertex -1.162363e+00 -3.617860e+00 -3.850000e+00
   endloop
 endfacet
 facet normal -5.086658e-01 -8.609538e-01  4.195647e-03
   outer loop
     vertex -1.069708e+00 -2.242692e+00 -3.107143e+00
     vertex -1.448210e+00 -2.019067e+00 -3.107143e+00
     vertex -1.413832e+00 -2.042998e+00 -3.850000e+00
   endloop
 endfacet
 facet normal -4.940785e-01 -8.694039e-01 -4.833370e-03
   outer loop
     vertex -1.069708e+00 -2.242692e+00 -3.107143e+00
     vertex -1.413832e+00 -2.042998e+00 -3.850000e+00
     vertex -1.031651e+00 -2.260190e+00 -3.850000e+00
   endloop
 endfacet
 facet normal  3.090443e-01 -9.481520e-01  7.415824e-02
   outer loop
     vertex -2.560864e+00 -2.807485e+00 -3.107143e+00
     vertex -2.513350e+00 -2.850100e+00 -3.850000e+00
     vertex -2.216252e+00 -2.753263e+00 -3.850000e+00
   endloop
 endfacet
 facet normal  2.943307e-01 -9.533555e-01  6.695279e-02
   outer loop
     vertex -2.256959e+00 -2.713660e+00 -3.107143e+00
     vertex -2.560864e+00 -2.807485e+00 -3.107143e+00
     vertex -2.216252e+00 -2.753263e+00 -3.850000e+00
   endloop
 endfacet
 facet normal  4.163825e-01 -9.068248e-01  6.553203e-02
   outer loop
     vertex -2.063520e+00 -2.629450e+00 -3.107143e+00
     vertex -2.216252e+00 -2.753263e+00 -3.850000e+00
     vertex -1.931631e+00 -2.622575e+00 -3.850000e+00
   endloop
 endfacet
 facet normal  3.981531e-01 -9.146000e-01  7.057593e-02
   outer loop
     vertex -2.063520e+00 -2.629450e+00 -3.107143e+00
     vertex -2.256959e+00 -2.713660e+00 -3.107143e+00
     vertex -2.216252e+00 -2.753263e+00 -3.850000e+00
   endloop
 endfacet
 facet normal  5.072915e-01 -8.593027e-01  6.522460e-02
   outer loop
     vertex -1.929747e+00 -2.565077e+00 -3.107143e+00
     vertex -1.931631e+00 -2.622575e+00 -3.850000e+00
     vertex -1.871689e+00 -2.587188e+00 -3.850000e+00
   endloop
 endfacet
 facet normal  4.326055e-01 -8.989785e-01  6.848493e-02
   outer loop
     vertex -1.929747e+00 -2.565077e+00 -3.107143e+00
     vertex -2.063520e+00 -2.629450e+00 -3.107143e+00
     vertex -1.931631e+00 -2.622575e+00 -3.850000e+00
   endloop
 endfacet
 facet normal  7.389156e-01 -6.701000e-01  7.049608e-02
   outer loop
     vertex -1.883651e+00 -2.529234e+00 -3.107143e+00
     vertex -1.845642e+00 -2.565472e+00 -3.850000e+00
     vertex -1.828589e+00 -2.546668e+00 -3.850000e+00
   endloop
 endfacet
 facet normal  6.387870e-01 -7.661872e-01  7.006020e-02
   outer loop
     vertex -1.883651e+00 -2.529234e+00 -3.107143e+00
     vertex -1.871689e+00 -2.587188e+00 -3.850000e+00
     vertex -1.845642e+00 -2.565472e+00 -3.850000e+00
   endloop
 endfacet
 facet normal  6.122739e-01 -7.874251e-01  7.129013e-02
   outer loop
     vertex -1.883651e+00 -2.529234e+00 -3.107143e+00
     vertex -1.929747e+00 -2.565077e+00 -3.107143e+00
     vertex -1.871689e+00 -2.587188e+00 -3.850000e+00
   endloop
 endfacet
 facet normal  8.656589e-01 -4.957889e-01  6.948420e-02
   outer loop
     vertex -1.850795e+00 -2.486230e+00 -3.107143e+00
     vertex -1.813098e+00 -2.524521e+00 -3.850000e+00
     vertex -1.734254e+00 -2.386858e+00 -3.850000e+00
   endloop
 endfacet
 facet normal  8.173653e-01 -5.717345e-01  7.094824e-02
   outer loop
     vertex -1.850795e+00 -2.486230e+00 -3.107143e+00
     vertex -1.828589e+00 -2.546668e+00 -3.850000e+00
     vertex -1.813098e+00 -2.524521e+00 -3.850000e+00
   endloop
 endfacet
 facet normal  7.924993e-01 -6.054940e-01  7.295159e-02
   outer loop
     vertex -1.850795e+00 -2.486230e+00 -3.107143e+00
     vertex -1.883651e+00 -2.529234e+00 -3.107143e+00
     vertex -1.828589e+00 -2.546668e+00 -3.850000e+00
   endloop
 endfacet
 facet normal  8.612934e-01 -5.035698e-01  6.775850e-02
   outer loop
     vertex -1.778553e+00 -2.362669e+00 -3.107143e+00
     vertex -1.850795e+00 -2.486230e+00 -3.107143e+00
     vertex -1.734254e+00 -2.386858e+00 -3.850000e+00
   endloop
 endfacet
 facet normal  7.303501e-01 -6.805692e-01  5.843186e-02
   outer loop
     vertex -1.660496e+00 -2.243925e+00 -3.107143e+00
     vertex -1.734254e+00 -2.386858e+00 -3.850000e+00
     vertex -1.413832e+00 -2.042998e+00 -3.850000e+00
   endloop
 endfacet
 facet normal  7.076516e-01 -7.035554e-01  6.510835e-02
   outer loop
     vertex -1.660496e+00 -2.243925e+00 -3.107143e+00
     vertex -1.778553e+00 -2.362669e+00 -3.107143e+00
     vertex -1.734254e+00 -2.386858e+00 -3.850000e+00
   endloop
 endfacet
 facet normal  7.260133e-01 -6.854229e-01  5.567899e-02
   outer loop
     vertex -1.448210e+00 -2.019067e+00 -3.107143e+00
     vertex -1.660496e+00 -2.243925e+00 -3.107143e+00
     vertex -1.413832e+00 -2.042998e+00 -3.850000e+00
   endloop
 endfacet
 facet normal -7.125177e-01  6.994349e-01 -5.576224e-02
   outer loop
     vertex -1.989411e+00 -1.488687e+00 -3.107143e+00
     vertex -1.963844e+00 -1.521867e+00 -3.850000e+00
     vertex -2.187463e+00 -1.749668e+00 -3.850000e+00
   endloop
 endfacet
 facet normal -7.268886e-01  6.837154e-01 -6.454586e-02
   outer loop
     vertex -2.320925e+00 -1.821429e+00 -3.107143e+00
     vertex -2.187463e+00 -1.749668e+00 -3.850000e+00
     vertex -2.298253e+00 -1.867454e+00 -3.850000e+00
   endloop
 endfacet
 facet normal -7.071781e-01  7.045703e-01 -5.899002e-02
   outer loop
     vertex -2.320925e+00 -1.821429e+00 -3.107143e+00
     vertex -1.989411e+00 -1.488687e+00 -3.107143e+00
     vertex -2.187463e+00 -1.749668e+00 -3.850000e+00
   endloop
 endfacet
 facet normal -5.371733e-01  8.410017e-01 -6.450507e-02
   outer loop
     vertex -2.366166e+00 -1.853855e+00 -3.107143e+00
     vertex -2.298253e+00 -1.867454e+00 -3.850000e+00
     vertex -2.431279e+00 -1.952422e+00 -3.850000e+00
   endloop
 endfacet
 facet normal -5.812133e-01  8.109068e-01 -6.798029e-02
   outer loop
     vertex -2.366166e+00 -1.853855e+00 -3.107143e+00
     vertex -2.320925e+00 -1.821429e+00 -3.107143e+00
     vertex -2.298253e+00 -1.867454e+00 -3.850000e+00
   endloop
 endfacet
 facet normal -6.636546e-01  7.446616e-01 -7.100417e-02
   outer loop
     vertex -2.467623e+00 -1.913980e+00 -3.107143e+00
     vertex -2.431279e+00 -1.952422e+00 -3.850000e+00
     vertex -2.456970e+00 -1.975318e+00 -3.850000e+00
   endloop
 endfacet
 facet normal -5.085929e-01  8.582142e-01 -6.929407e-02
   outer loop
     vertex -2.467623e+00 -1.913980e+00 -3.107143e+00
     vertex -2.366166e+00 -1.853855e+00 -3.107143e+00
     vertex -2.431279e+00 -1.952422e+00 -3.850000e+00
   endloop
 endfacet
 facet normal -8.090740e-01  5.833864e-01 -7.113086e-02
   outer loop
     vertex -2.501359e+00 -1.946304e+00 -3.107143e+00
     vertex -2.456970e+00 -1.975318e+00 -3.850000e+00
     vertex -2.491802e+00 -2.023624e+00 -3.850000e+00
   endloop
 endfacet
 facet normal -6.901708e-01  7.203135e-01 -6.937399e-02
   outer loop
     vertex -2.501359e+00 -1.946304e+00 -3.107143e+00
     vertex -2.467623e+00 -1.913980e+00 -3.107143e+00
     vertex -2.456970e+00 -1.975318e+00 -3.850000e+00
   endloop
 endfacet
 facet normal -9.146333e-01  3.987158e-01 -6.687088e-02
   outer loop
     vertex -2.534707e+00 -1.997459e+00 -3.107143e+00
     vertex -2.491802e+00 -2.023624e+00 -3.850000e+00
     vertex -2.551113e+00 -2.159681e+00 -3.850000e+00
   endloop
 endfacet
 facet normal -8.358022e-01  5.448698e-01 -6.746571e-02
   outer loop
     vertex -2.534707e+00 -1.997459e+00 -3.107143e+00
     vertex -2.501359e+00 -1.946304e+00 -3.107143e+00
     vertex -2.491802e+00 -2.023624e+00 -3.850000e+00
   endloop
 endfacet
 facet normal -9.288368e-01  3.638241e-01 -6.995887e-02
   outer loop
     vertex -2.615791e+00 -2.181963e+00 -3.107143e+00
     vertex -2.551113e+00 -2.159681e+00 -3.850000e+00
     vertex -2.628175e+00 -2.356420e+00 -3.850000e+00
   endloop
 endfacet
 facet normal -9.134058e-01  4.014166e-01 -6.748778e-02
   outer loop
     vertex -2.615791e+00 -2.181963e+00 -3.107143e+00
     vertex -2.534707e+00 -1.997459e+00 -3.107143e+00
     vertex -2.551113e+00 -2.159681e+00 -3.850000e+00
   endloop
 endfacet
 facet normal -9.632170e-01  2.584932e-01 -7.344618e-02
   outer loop
     vertex -2.695324e+00 -2.395564e+00 -3.107143e+00
     vertex -2.628175e+00 -2.356420e+00 -3.850000e+00
     vertex -2.710525e+00 -2.663279e+00 -3.850000e+00
   endloop
 endfacet
 facet normal -9.350923e-01  3.481707e-01 -6.617846e-02
   outer loop
     vertex -2.695324e+00 -2.395564e+00 -3.107143e+00
     vertex -2.615791e+00 -2.181963e+00 -3.107143e+00
     vertex -2.628175e+00 -2.356420e+00 -3.850000e+00
   endloop
 endfacet
 facet normal -9.626892e-01  2.602678e-01 -7.409651e-02
   outer loop
     vertex -2.755199e+00 -2.617036e+00 -3.107143e+00
     vertex -2.695324e+00 -2.395564e+00 -3.107143e+00
     vertex -2.710525e+00 -2.663279e+00 -3.850000e+00
   endloop
 endfacet
 facet normal -8.505064e-01 -5.259480e-01  4.195647e-03
   outer loop
     vertex -1.989411e+00 -1.488687e+00 -3.107143e+00
     vertex -2.220633e+00 -1.114779e+00 -3.107143e+00
     vertex -2.201315e+00 -1.151945e+00 -3.850000e+00
   endloop
 endfacet
 facet normal -8.415169e-01 -5.402092e-01 -4.833370e-03
   outer loop
     vertex -1.989411e+00 -1.488687e+00 -3.107143e+00
     vertex -2.201315e+00 -1.151945e+00 -3.850000e+00
     vertex -1.963844e+00 -1.521867e+00 -3.850000e+00
   endloop
 endfacet
 facet normal -1.669831e-01 -9.831669e-01  7.415824e-02
   outer loop
     vertex -3.572236e+00 -1.295812e+00 -3.107143e+00
     vertex -3.549969e+00 -1.355626e+00 -3.850000e+00
     vertex -3.241899e+00 -1.407949e+00 -3.850000e+00
   endloop
 endfacet
 facet normal -1.824295e-01 -9.809367e-01  6.695279e-02
   outer loop
     vertex -3.259539e+00 -1.353966e+00 -3.107143e+00
     vertex -3.572236e+00 -1.295812e+00 -3.107143e+00
     vertex -3.241899e+00 -1.407949e+00 -3.850000e+00
   endloop
 endfacet
 facet normal -5.273409e-02 -9.964561e-01  6.553203e-02
   outer loop
     vertex -3.049122e+00 -1.369297e+00 -3.107143e+00
     vertex -3.241899e+00 -1.407949e+00 -3.850000e+00
     vertex -2.929145e+00 -1.424501e+00 -3.850000e+00
   endloop
 endfacet
 facet normal -7.248875e-02 -9.948690e-01  7.057593e-02
   outer loop
     vertex -3.049122e+00 -1.369297e+00 -3.107143e+00
     vertex -3.259539e+00 -1.353966e+00 -3.107143e+00
     vertex -3.241899e+00 -1.407949e+00 -3.850000e+00
   endloop
 endfacet
 facet normal  4.984644e-02 -9.966248e-01  6.522460e-02
   outer loop
     vertex -2.900757e+00 -1.374464e+00 -3.107143e+00
     vertex -2.929145e+00 -1.424501e+00 -3.850000e+00
     vertex -2.859624e+00 -1.421024e+00 -3.850000e+00
   endloop
 endfacet
 facet normal -3.472296e-02 -9.970477e-01  6.848493e-02
   outer loop
     vertex -2.900757e+00 -1.374464e+00 -3.107143e+00
     vertex -3.049122e+00 -1.369297e+00 -3.107143e+00
     vertex -2.929145e+00 -1.424501e+00 -3.850000e+00
   endloop
 endfacet
 facet normal  3.428663e-01 -9.367353e-01  7.049608e-02
   outer loop
     vertex -2.843284e+00 -1.364149e+00 -3.107143e+00
     vertex -2.826469e+00 -1.413900e+00 -3.850000e+00
     vertex -2.802631e+00 -1.405174e+00 -3.850000e+00
   endloop
 endfacet
 facet normal  2.095528e-01 -9.752842e-01  7.006020e-02
   outer loop
     vertex -2.843284e+00 -1.364149e+00 -3.107143e+00
     vertex -2.859624e+00 -1.421024e+00 -3.850000e+00
     vertex -2.826469e+00 -1.413900e+00 -3.850000e+00
   endloop
 endfacet
 facet normal  1.762069e-01 -9.817682e-01  7.129013e-02
   outer loop
     vertex -2.843284e+00 -1.364149e+00 -3.107143e+00
     vertex -2.900757e+00 -1.374464e+00 -3.107143e+00
     vertex -2.859624e+00 -1.421024e+00 -3.850000e+00
   endloop
 endfacet
 facet normal  5.360983e-01 -8.412910e-01  6.948420e-02
   outer loop
     vertex -2.794206e+00 -1.341340e+00 -3.107143e+00
     vertex -2.778622e+00 -1.392764e+00 -3.850000e+00
     vertex -2.644834e+00 -1.307510e+00 -3.850000e+00
   endloop
 endfacet
 facet normal  4.580428e-01 -8.860943e-01  7.094824e-02
   outer loop
     vertex -2.794206e+00 -1.341340e+00 -3.107143e+00
     vertex -2.802631e+00 -1.405174e+00 -3.850000e+00
     vertex -2.778622e+00 -1.392764e+00 -3.850000e+00
   endloop
 endfacet
 facet normal  4.203362e-01 -9.044311e-01  7.295159e-02
   outer loop
     vertex -2.794206e+00 -1.341340e+00 -3.107143e+00
     vertex -2.843284e+00 -1.364149e+00 -3.107143e+00
     vertex -2.802631e+00 -1.405174e+00 -3.850000e+00
   endloop
 endfacet
 facet normal  5.286169e-01 -8.461519e-01  6.775850e-02
   outer loop
     vertex -2.672818e+00 -1.265505e+00 -3.107143e+00
     vertex -2.794206e+00 -1.341340e+00 -3.107143e+00
     vertex -2.644834e+00 -1.307510e+00 -3.850000e+00
   endloop
 endfacet
 facet normal  3.304167e-01 -9.420247e-01  5.843186e-02
   outer loop
     vertex -2.513101e+00 -1.215226e+00 -3.107143e+00
     vertex -2.644834e+00 -1.307510e+00 -3.850000e+00
     vertex -2.201315e+00 -1.151945e+00 -3.850000e+00
   endloop
 endfacet
 facet normal  2.996359e-01 -9.518294e-01  6.510835e-02
   outer loop
     vertex -2.513101e+00 -1.215226e+00 -3.107143e+00
     vertex -2.672818e+00 -1.265505e+00 -3.107143e+00
     vertex -2.644834e+00 -1.307510e+00 -3.850000e+00
   endloop
 endfacet
 facet normal  3.243209e-01 -9.443070e-01  5.567899e-02
   outer loop
     vertex -2.220633e+00 -1.114779e+00 -3.107143e+00
     vertex -2.513101e+00 -1.215226e+00 -3.107143e+00
     vertex -2.201315e+00 -1.151945e+00 -3.850000e+00
   endloop
 endfacet
 facet normal -3.058595e-01  9.504423e-01 -5.576224e-02
   outer loop
     vertex -2.453363e+00 -3.936416e-01 -3.107143e+00
     vertex -2.446144e+00 -4.349019e-01 -3.850000e+00
     vertex -2.750013e+00 -5.326892e-01 -3.850000e+00
   endloop
 endfacet
 facet normal -3.258895e-01  9.432019e-01 -6.454586e-02
   outer loop
     vertex -2.901537e+00 -5.342072e-01 -3.107143e+00
     vertex -2.750013e+00 -5.326892e-01 -3.850000e+00
     vertex -2.902851e+00 -5.854970e-01 -3.850000e+00
   endloop
 endfacet
 facet normal -2.987449e-01  9.525081e-01 -5.899002e-02
   outer loop
     vertex -2.901537e+00 -5.342072e-01 -3.107143e+00
     vertex -2.453363e+00 -3.936416e-01 -3.107143e+00
     vertex -2.750013e+00 -5.326892e-01 -3.850000e+00
   endloop
 endfacet
 facet normal -8.481034e-02  9.943069e-01 -6.450507e-02
   outer loop
     vertex -2.956665e+00 -5.418946e-01 -3.107143e+00
     vertex -2.902851e+00 -5.854970e-01 -3.850000e+00
     vertex -3.060127e+00 -5.989119e-01 -3.850000e+00
   endloop
 endfacet
 facet normal -1.377916e-01  9.881256e-01 -6.798029e-02
   outer loop
     vertex -2.956665e+00 -5.418946e-01 -3.107143e+00
     vertex -2.901537e+00 -5.342072e-01 -3.107143e+00
     vertex -2.902851e+00 -5.854970e-01 -3.850000e+00
   endloop
 endfacet
 facet normal -2.415755e-01  9.677808e-01 -7.100417e-02
   outer loop
     vertex -3.074442e+00 -5.479835e-01 -3.107143e+00
     vertex -3.060127e+00 -5.989119e-01 -3.850000e+00
     vertex -3.093515e+00 -6.072462e-01 -3.850000e+00
   endloop
 endfacet
 facet normal -5.150468e-02  9.962658e-01 -6.929407e-02
   outer loop
     vertex -3.074442e+00 -5.479835e-01 -3.107143e+00
     vertex -2.956665e+00 -5.418946e-01 -3.107143e+00
     vertex -3.060127e+00 -5.989119e-01 -3.850000e+00
   endloop
 endfacet
 facet normal -4.452863e-01  8.925584e-01 -7.113086e-02
   outer loop
     vertex -3.119335e+00 -5.609271e-01 -3.107143e+00
     vertex -3.093515e+00 -6.072462e-01 -3.850000e+00
     vertex -3.146806e+00 -6.338324e-01 -3.850000e+00
   endloop
 endfacet
 facet normal -2.763695e-01  9.585443e-01 -6.937399e-02
   outer loop
     vertex -3.119335e+00 -5.609271e-01 -3.107143e+00
     vertex -3.074442e+00 -5.479835e-01 -3.107143e+00
     vertex -3.093515e+00 -6.072462e-01 -3.850000e+00
   endloop
 endfacet
 facet normal -6.245751e-01  7.780965e-01 -6.687088e-02
   outer loop
     vertex -3.172637e+00 -5.907248e-01 -3.107143e+00
     vertex -3.146806e+00 -6.338324e-01 -3.850000e+00
     vertex -3.262552e+00 -7.267414e-01 -3.850000e+00
   endloop
 endfacet
 facet normal -4.868525e-01  8.708749e-01 -6.746571e-02
   outer loop
     vertex -3.172637e+00 -5.907248e-01 -3.107143e+00
     vertex -3.119335e+00 -5.609271e-01 -3.107143e+00
     vertex -3.146806e+00 -6.338324e-01 -3.850000e+00
   endloop
 endfacet
 facet normal -6.533667e-01  7.538022e-01 -6.995887e-02
   outer loop
     vertex -3.330177e+00 -7.164130e-01 -3.107143e+00
     vertex -3.262552e+00 -7.267414e-01 -3.850000e+00
     vertex -3.422216e+00 -8.651324e-01 -3.850000e+00
   endloop
 endfacet
 facet normal -6.222331e-01  7.799175e-01 -6.748778e-02
   outer loop
     vertex -3.330177e+00 -7.164130e-01 -3.107143e+00
     vertex -3.172637e+00 -5.907248e-01 -3.107143e+00
     vertex -3.262552e+00 -7.267414e-01 -3.850000e+00
   endloop
 endfacet
 facet normal -7.327585e-01  6.765136e-01 -7.344618e-02
   outer loop
     vertex -3.499865e+00 -8.685875e-01 -3.107143e+00
     vertex -3.422216e+00 -8.651324e-01 -3.850000e+00
     vertex -3.637738e+00 -1.098572e+00 -3.850000e+00
   endloop
 endfacet
 facet normal -6.661801e-01  7.428489e-01 -6.617846e-02
   outer loop
     vertex -3.499865e+00 -8.685875e-01 -3.107143e+00
     vertex -3.330177e+00 -7.164130e-01 -3.107143e+00
     vertex -3.422216e+00 -8.651324e-01 -3.850000e+00
   endloop
 endfacet
 facet normal -7.314664e-01  6.778396e-01 -7.409651e-02
   outer loop
     vertex -3.655805e+00 -1.036865e+00 -3.107143e+00
     vertex -3.499865e+00 -8.685875e-01 -3.107143e+00
     vertex -3.637738e+00 -1.098572e+00 -3.850000e+00
   endloop
 endfacet
 facet normal -9.975062e-01 -7.045378e-02  4.195647e-03
   outer loop
     vertex -2.453363e+00 -3.936416e-01 -3.107143e+00
     vertex -2.484336e+00  4.489234e-02 -3.107143e+00
     vertex -2.484503e+00  3.005685e-03 -3.850000e+00
   endloop
 endfacet
 facet normal -9.961739e-01 -8.725910e-02 -4.833370e-03
   outer loop
     vertex -2.453363e+00 -3.936416e-01 -3.107143e+00
     vertex -2.484503e+00  3.005685e-03 -3.850000e+00
     vertex -2.446144e+00 -4.349019e-01 -3.850000e+00
   endloop
 endfacet
 facet normal -9.975062e-01 -7.045378e-02 -4.195647e-03
   outer loop
     vertex -2.463488e+00 -3.242968e-01 -1.864286e+00
     vertex -2.484336e+00  4.489234e-02 -3.107143e+00
     vertex -2.453363e+00 -3.936416e-01 -3.107143e+00
   endloop
 endfacet
 facet normal -9.990964e-01 -4.229470e-02  4.195647e-03
   outer loop
     vertex -2.463488e+00 -3.242968e-01 -1.864286e+00
     vertex -2.482082e+00  1.149362e-01 -1.864286e+00
     vertex -2.484336e+00  4.489234e-02 -3.107143e+00
   endloop
 endfacet
 facet normal -9.990964e-01 -4.229470e-02 -4.195647e-03
   outer loop
     vertex -2.471654e+00 -2.546941e-01 -6.214286e-01
     vertex -2.482082e+00  1.149362e-01 -1.864286e+00
     vertex -2.463488e+00 -3.242968e-01 -1.864286e+00
   endloop
 endfacet
 facet normal -9.998918e-01 -1.410197e-02  4.195647e-03
   outer loop
     vertex -2.471654e+00 -2.546941e-01 -6.214286e-01
     vertex -2.477854e+00  1.848887e-01 -6.214286e-01
     vertex -2.482082e+00  1.149362e-01 -1.864286e+00
   endloop
 endfacet
 facet normal -9.998918e-01 -1.410197e-02 -4.195647e-03
   outer loop
     vertex -2.477854e+00 -1.848887e-01  6.214286e-01
     vertex -2.477854e+00  1.848887e-01 -6.214286e-01
     vertex -2.471654e+00 -2.546941e-01 -6.214286e-01
   endloop
 endfacet
 facet normal -9.998918e-01  1.410197e-02  4.195647e-03
   outer loop
     vertex -2.477854e+00 -1.848887e-01  6.214286e-01
     vertex -2.471654e+00  2.546941e-01  6.214286e-01
     vertex -2.477854e+00  1.848887e-01 -6.214286e-01
   endloop
 endfacet
 facet normal -9.998918e-01  1.410197e-02 -4.195647e-03
   outer loop
     vertex -2.482082e+00 -1.149362e-01  1.864286e+00
     vertex -2.471654e+00  2.546941e-01  6.214286e-01
     vertex -2.477854e+00 -1.848887e-01  6.214286e-01
   endloop
 endfacet
 facet normal -9.990964e-01  4.229470e-02  4.195647e-03
   outer loop
     vertex -2.482082e+00 -1.149362e-01  1.864286e+00
     vertex -2.463488e+00  3.242968e-01  1.864286e+00
     vertex -2.471654e+00  2.546941e-01  6.214286e-01
   endloop
 endfacet
 facet normal -9.990964e-01  4.229470e-02 -4.195647e-03
   outer loop
     vertex -2.484336e+00 -4.489234e-02  3.107143e+00
     vertex -2.463488e+00  3.242968e-01  1.864286e+00
     vertex -2.482082e+00 -1.149362e-01  1.864286e+00
   endloop
 endfacet
 facet normal -9.975062e-01  7.045378e-02  4.195647e-03
   outer loop
     vertex -2.484336e+00 -4.489234e-02  3.107143e+00
     vertex -2.453363e+00  3.936416e-01  3.107143e+00
     vertex -2.463488e+00  3.242968e-01  1.864286e+00
   endloop
 endfacet
 facet normal -9.586618e-01 -2.748918e-01  7.349833e-02
   outer loop
     vertex -2.667531e+00  2.311298e+00  3.107143e+00
     vertex -2.755199e+00  2.617036e+00  3.107143e+00
     vertex -2.827908e+00  2.538294e+00  1.864286e+00
   endloop
 endfacet
 facet normal -9.509284e-01 -3.019451e-01  6.755937e-02
   outer loop
     vertex -2.667531e+00  2.311298e+00  3.107143e+00
     vertex -2.827908e+00  2.538294e+00  1.864286e+00
     vertex -2.731651e+00  2.235151e+00  1.864286e+00
   endloop
 endfacet
 facet normal -9.116005e-01 -4.055636e-01  6.710250e-02
   outer loop
     vertex -2.587244e+00  2.116197e+00  3.107143e+00
     vertex -2.731651e+00  2.235151e+00  1.864286e+00
     vertex -2.645895e+00  2.042392e+00  1.864286e+00
   endloop
 endfacet
 facet normal -9.224359e-01 -3.795954e-01  7.084688e-02
   outer loop
     vertex -2.587244e+00  2.116197e+00  3.107143e+00
     vertex -2.667531e+00  2.311298e+00  3.107143e+00
     vertex -2.731651e+00  2.235151e+00  1.864286e+00
   endloop
 endfacet
 facet normal -8.956920e-01 -4.398943e-01  6.502903e-02
   outer loop
     vertex -2.525585e+00  1.981152e+00  3.107143e+00
     vertex -2.645895e+00  2.042392e+00  1.864286e+00
     vertex -2.580451e+00  1.909139e+00  1.864286e+00
   endloop
 endfacet
 facet normal -9.075960e-01 -4.143932e-01  6.743786e-02
   outer loop
     vertex -2.525585e+00  1.981152e+00  3.107143e+00
     vertex -2.587244e+00  2.116197e+00  3.107143e+00
     vertex -2.645895e+00  2.042392e+00  1.864286e+00
   endloop
 endfacet
 facet normal -7.826180e-01 -6.186582e-01  6.907336e-02
   outer loop
     vertex -2.490680e+00  1.934342e+00  3.107143e+00
     vertex -2.580451e+00  1.909139e+00  1.864286e+00
     vertex -2.544241e+00  1.863332e+00  1.864286e+00
   endloop
 endfacet
 facet normal -5.991949e-01 -7.974146e-01  7.138197e-02
   outer loop
     vertex -2.490680e+00  1.934342e+00  3.107143e+00
     vertex -2.544241e+00  1.863332e+00  1.864286e+00
     vertex -2.500975e+00  1.830821e+00  1.864286e+00
   endloop
 endfacet
 facet normal -7.997101e-01 -5.963087e-01  6.985472e-02
   outer loop
     vertex -2.490680e+00  1.934342e+00  3.107143e+00
     vertex -2.525585e+00  1.981152e+00  3.107143e+00
     vertex -2.580451e+00  1.909139e+00  1.864286e+00
   endloop
 endfacet
 facet normal -4.965910e-01 -8.651882e-01  6.961889e-02
   outer loop
     vertex -2.448348e+00  1.900624e+00  3.107143e+00
     vertex -2.500975e+00  1.830821e+00  1.864286e+00
     vertex -2.376840e+00  1.759571e+00  1.864286e+00
   endloop
 endfacet
 facet normal -6.214998e-01 -7.802683e-01  7.013855e-02
   outer loop
     vertex -2.448348e+00  1.900624e+00  3.107143e+00
     vertex -2.490680e+00  1.934342e+00  3.107143e+00
     vertex -2.500975e+00  1.830821e+00  1.864286e+00
   endloop
 endfacet
 facet normal -6.978025e-01 -7.132009e-01  6.645424e-02
   outer loop
     vertex -2.326272e+00  1.825902e+00  3.107143e+00
     vertex -2.376840e+00  1.759571e+00  1.864286e+00
     vertex -2.257154e+00  1.642470e+00  1.864286e+00
   endloop
 endfacet
 facet normal -5.209002e-01 -8.510146e-01  6.661168e-02
   outer loop
     vertex -2.326272e+00  1.825902e+00  3.107143e+00
     vertex -2.448348e+00  1.900624e+00  3.107143e+00
     vertex -2.376840e+00  1.759571e+00  1.864286e+00
   endloop
 endfacet
 facet normal -6.792950e-01 -7.311673e-01  6.287082e-02
   outer loop
     vertex -2.209936e+00  1.705471e+00  3.107143e+00
     vertex -2.257154e+00  1.642470e+00  1.864286e+00
     vertex -2.030602e+00  1.431991e+00  1.864286e+00
   endloop
 endfacet
 facet normal -7.178256e-01 -6.934191e-01  6.242115e-02
   outer loop
     vertex -2.209936e+00  1.705471e+00  3.107143e+00
     vertex -2.326272e+00  1.825902e+00  3.107143e+00
     vertex -2.257154e+00  1.642470e+00  1.864286e+00
   endloop
 endfacet
 facet normal -6.999441e-01 -7.120240e-01  5.567899e-02
   outer loop
     vertex -1.989411e+00  1.488687e+00  3.107143e+00
     vertex -2.209936e+00  1.705471e+00  3.107143e+00
     vertex -2.030602e+00  1.431991e+00  1.864286e+00
   endloop
 endfacet
 facet normal  6.990199e-01  7.129382e-01 -5.558959e-02
   outer loop
     vertex -1.448210e+00  2.019067e+00  3.107143e+00
     vertex -1.504574e+00  1.977422e+00  1.864286e+00
     vertex -1.839961e+00  2.306261e+00  1.864286e+00
   endloop
 endfacet
 facet normal  8.062912e-01  5.877379e-01 -6.677302e-02
   outer loop
     vertex -1.774189e+00  2.357234e+00  3.107143e+00
     vertex -1.839961e+00  2.306261e+00  1.864286e+00
     vertex -1.872748e+00  2.351241e+00  1.864286e+00
   endloop
 endfacet
 facet normal  7.183714e-01  6.924821e-01 -6.641611e-02
   outer loop
     vertex -1.774189e+00  2.357234e+00  3.107143e+00
     vertex -1.448210e+00  2.019067e+00  3.107143e+00
     vertex -1.839961e+00  2.306261e+00  1.864286e+00
   endloop
 endfacet
 facet normal  8.542122e-01  5.155108e-01 -6.760369e-02
   outer loop
     vertex -1.805695e+00  2.403120e+00  3.107143e+00
     vertex -1.872748e+00  2.351241e+00  1.864286e+00
     vertex -1.933684e+00  2.452213e+00  1.864286e+00
   endloop
 endfacet
 facet normal  8.224803e-01  5.647208e-01 -6.794584e-02
   outer loop
     vertex -1.805695e+00  2.403120e+00  3.107143e+00
     vertex -1.774189e+00  2.357234e+00  3.107143e+00
     vertex -1.872748e+00  2.351241e+00  1.864286e+00
   endloop
 endfacet
 facet normal  7.147209e-01  6.958781e-01 -7.019801e-02
   outer loop
     vertex -1.863759e+00  2.505770e+00  3.107143e+00
     vertex -1.933684e+00  2.452213e+00  1.864286e+00
     vertex -1.966277e+00  2.485689e+00  1.864286e+00
   endloop
 endfacet
 facet normal  8.682658e-01  4.911339e-01 -7.001383e-02
   outer loop
     vertex -1.863759e+00  2.505770e+00  3.107143e+00
     vertex -1.805695e+00  2.403120e+00  3.107143e+00
     vertex -1.933684e+00  2.452213e+00  1.864286e+00
   endloop
 endfacet
 facet normal  5.381561e-01  8.401374e-01 -6.750737e-02
   outer loop
     vertex -1.895395e+00  2.540152e+00  3.107143e+00
     vertex -1.966277e+00  2.485689e+00  1.864286e+00
     vertex -2.017697e+00  2.518626e+00  1.864286e+00
   endloop
 endfacet
 facet normal  7.339956e-01  6.753847e-01 -7.145677e-02
   outer loop
     vertex -1.895395e+00  2.540152e+00  3.107143e+00
     vertex -1.863759e+00  2.505770e+00  3.107143e+00
     vertex -1.966277e+00  2.485689e+00  1.864286e+00
   endloop
 endfacet
 facet normal  3.941777e-01  9.168019e-01 -6.401671e-02
   outer loop
     vertex -1.945866e+00  2.574527e+00  3.107143e+00
     vertex -2.017697e+00  2.518626e+00  1.864286e+00
     vertex -2.202845e+00  2.598230e+00  1.864286e+00
   endloop
 endfacet
 facet normal  5.615565e-01  8.245111e-01 -6.953944e-02
   outer loop
     vertex -1.945866e+00  2.574527e+00  3.107143e+00
     vertex -1.895395e+00  2.540152e+00  3.107143e+00
     vertex -2.017697e+00  2.518626e+00  1.864286e+00
   endloop
 endfacet
 facet normal  3.406641e-01  9.378359e-01 -6.642152e-02
   outer loop
     vertex -2.128695e+00  2.659320e+00  3.107143e+00
     vertex -2.202845e+00  2.598230e+00  1.864286e+00
     vertex -2.417077e+00  2.676049e+00  1.864286e+00
   endloop
 endfacet
 facet normal  4.197210e-01  9.049866e-01 -6.952349e-02
   outer loop
     vertex -2.128695e+00  2.659320e+00  3.107143e+00
     vertex -1.945866e+00  2.574527e+00  3.107143e+00
     vertex -2.202845e+00  2.598230e+00  1.864286e+00
   endloop
 endfacet
 facet normal  2.526644e-01  9.651863e-01 -6.764702e-02
   outer loop
     vertex -2.340647e+00  2.743149e+00  3.107143e+00
     vertex -2.417077e+00  2.676049e+00  1.864286e+00
     vertex -2.639021e+00  2.734149e+00  1.864286e+00
   endloop
 endfacet
 facet normal  3.668177e-01  9.274533e-01 -7.262973e-02
   outer loop
     vertex -2.340647e+00  2.743149e+00  3.107143e+00
     vertex -2.128695e+00  2.659320e+00  3.107143e+00
     vertex -2.417077e+00  2.676049e+00  1.864286e+00
   endloop
 endfacet
 facet normal  2.796556e-01  9.572390e-01 -7.406926e-02
   outer loop
     vertex -2.560864e+00  2.807485e+00  3.107143e+00
     vertex -2.340647e+00  2.743149e+00  3.107143e+00
     vertex -2.639021e+00  2.734149e+00  1.864286e+00
   endloop
 endfacet
 facet normal  6.990110e-01  7.129291e-01 -5.581804e-02
   outer loop
     vertex -1.839961e+00  2.306261e+00  1.864286e+00
     vertex -1.504574e+00  1.977422e+00  1.864286e+00
     vertex -1.559742e+00  1.934205e+00  6.214286e-01
   endloop
 endfacet
 facet normal  6.781966e-01  7.318938e-01 -6.618810e-02
   outer loop
     vertex -1.839961e+00  2.306261e+00  1.864286e+00
     vertex -1.559742e+00  1.934205e+00  6.214286e-01
     vertex -1.904268e+00  2.253455e+00  6.214286e-01
   endloop
 endfacet
 facet normal  7.893284e-01  6.101909e-01 -6.802742e-02
   outer loop
     vertex -1.872748e+00  2.351241e+00  1.864286e+00
     vertex -1.904268e+00  2.253455e+00  6.214286e-01
     vertex -1.938311e+00  2.297492e+00  6.214286e-01
   endloop
 endfacet
 facet normal  8.062956e-01  5.877411e-01 -6.669142e-02
   outer loop
     vertex -1.872748e+00  2.351241e+00  1.864286e+00
     vertex -1.839961e+00  2.306261e+00  1.864286e+00
     vertex -1.904268e+00  2.253455e+00  6.214286e-01
   endloop
 endfacet
 facet normal  8.391798e-01  5.392964e-01 -7.026067e-02
   outer loop
     vertex -1.933684e+00  2.452213e+00  1.864286e+00
     vertex -1.938311e+00  2.297492e+00  6.214286e-01
     vertex -2.002071e+00  2.396705e+00  6.214286e-01
   endloop
 endfacet
 facet normal  8.542265e-01  5.155194e-01 -6.735671e-02
   outer loop
     vertex -1.933684e+00  2.452213e+00  1.864286e+00
     vertex -1.872748e+00  2.351241e+00  1.864286e+00
     vertex -1.938311e+00  2.297492e+00  6.214286e-01
   endloop
 endfacet
 facet normal  6.947599e-01  7.157039e-01 -7.125022e-02
   outer loop
     vertex -1.966277e+00  2.485689e+00  1.864286e+00
     vertex -2.002071e+00  2.396705e+00  6.214286e-01
     vertex -2.035595e+00  2.429248e+00  6.214286e-01
   endloop
 endfacet
 facet normal  7.147104e-01  6.958679e-01 -7.040461e-02
   outer loop
     vertex -1.966277e+00  2.485689e+00  1.864286e+00
     vertex -1.933684e+00  2.452213e+00  1.864286e+00
     vertex -2.002071e+00  2.396705e+00  6.214286e-01
   endloop
 endfacet
 facet normal  5.142005e-01  8.548994e-01 -6.888334e-02
   outer loop
     vertex -2.017697e+00  2.518626e+00  1.864286e+00
     vertex -2.035595e+00  2.429248e+00  6.214286e-01
     vertex -2.087924e+00  2.460723e+00  6.214286e-01
   endloop
 endfacet
 facet normal  5.381320e-01  8.400998e-01 -6.816366e-02
   outer loop
     vertex -2.017697e+00  2.518626e+00  1.864286e+00
     vertex -1.966277e+00  2.485689e+00  1.864286e+00
     vertex -2.035595e+00  2.429248e+00  6.214286e-01
   endloop
 endfacet
 facet normal  3.680545e-01  9.272731e-01 -6.855957e-02
   outer loop
     vertex -2.202845e+00  2.598230e+00  1.864286e+00
     vertex -2.087924e+00  2.460723e+00  6.214286e-01
     vertex -2.275242e+00  2.535074e+00  6.214286e-01
   endloop
 endfacet
 facet normal  3.941531e-01  9.167446e-01 -6.498151e-02
   outer loop
     vertex -2.202845e+00  2.598230e+00  1.864286e+00
     vertex -2.017697e+00  2.518626e+00  1.864286e+00
     vertex -2.087924e+00  2.460723e+00  6.214286e-01
   endloop
 endfacet
 facet normal  3.139685e-01  9.467330e-01 -7.155648e-02
   outer loop
     vertex -2.417077e+00  2.676049e+00  1.864286e+00
     vertex -2.275242e+00  2.535074e+00  6.214286e-01
     vertex -2.491584e+00  2.606820e+00  6.214286e-01
   endloop
 endfacet
 facet normal  3.406394e-01  9.377681e-01 -6.749593e-02
   outer loop
     vertex -2.417077e+00  2.676049e+00  1.864286e+00
     vertex -2.202845e+00  2.598230e+00  1.864286e+00
     vertex -2.275242e+00  2.535074e+00  6.214286e-01
   endloop
 endfacet
 facet normal  2.252622e-01  9.715735e-01 -7.281432e-02
   outer loop
     vertex -2.639021e+00  2.734149e+00  1.864286e+00
     vertex -2.491584e+00  2.606820e+00  6.214286e-01
     vertex -2.715078e+00  2.658637e+00  6.214286e-01
   endloop
 endfacet
 facet normal  2.526427e-01  9.651031e-01 -6.890335e-02
   outer loop
     vertex -2.639021e+00  2.734149e+00  1.864286e+00
     vertex -2.417077e+00  2.676049e+00  1.864286e+00
     vertex -2.491584e+00  2.606820e+00  6.214286e-01
   endloop
 endfacet
 facet normal  6.577124e-01  7.512152e-01 -5.558959e-02
   outer loop
     vertex -1.559742e+00  1.934205e+00  6.214286e-01
     vertex -1.613669e+00  1.889449e+00 -6.214286e-01
     vertex -1.967062e+00  2.198855e+00 -6.214286e-01
   endloop
 endfacet
 facet normal  7.718718e-01  6.322620e-01 -6.677302e-02
   outer loop
     vertex -1.904268e+00  2.253455e+00  6.214286e-01
     vertex -1.967062e+00  2.198855e+00 -6.214286e-01
     vertex -2.002333e+00  2.241915e+00 -6.214286e-01
   endloop
 endfacet
 facet normal  6.781863e-01  7.318826e-01 -6.641611e-02
   outer loop
     vertex -1.904268e+00  2.253455e+00  6.214286e-01
     vertex -1.559742e+00  1.934205e+00  6.214286e-01
     vertex -1.967062e+00  2.198855e+00 -6.214286e-01
   endloop
 endfacet
 facet normal  8.237887e-01  5.628515e-01 -6.760369e-02
   outer loop
     vertex -1.938311e+00  2.297492e+00  6.214286e-01
     vertex -2.002333e+00  2.241915e+00 -6.214286e-01
     vertex -2.068865e+00  2.339291e+00 -6.214286e-01
   endloop
 endfacet
 facet normal  7.893328e-01  6.101943e-01 -6.794584e-02
   outer loop
     vertex -1.938311e+00  2.297492e+00  6.214286e-01
     vertex -1.904268e+00  2.253455e+00  6.214286e-01
     vertex -2.002333e+00  2.241915e+00 -6.214286e-01
   endloop
 endfacet
 facet normal  6.743502e-01  7.350674e-01 -7.019801e-02
   outer loop
     vertex -2.002071e+00  2.396705e+00  6.214286e-01
     vertex -2.068865e+00  2.339291e+00 -6.214286e-01
     vertex -2.103293e+00  2.370875e+00 -6.214286e-01
   endloop
 endfacet
 facet normal  8.391944e-01  5.393058e-01 -7.001383e-02
   outer loop
     vertex -2.002071e+00  2.396705e+00  6.214286e-01
     vertex -1.938311e+00  2.297492e+00  6.214286e-01
     vertex -2.068865e+00  2.339291e+00 -6.214286e-01
   endloop
 endfacet
 facet normal  4.899329e-01  8.691424e-01 -6.750737e-02
   outer loop
     vertex -2.035595e+00  2.429248e+00  6.214286e-01
     vertex -2.103293e+00  2.370875e+00 -6.214286e-01
     vertex -2.156489e+00  2.400862e+00 -6.214286e-01
   endloop
 endfacet
 facet normal  6.947496e-01  7.156933e-01 -7.145677e-02
   outer loop
     vertex -2.035595e+00  2.429248e+00  6.214286e-01
     vertex -2.002071e+00  2.396705e+00  6.214286e-01
     vertex -2.103293e+00  2.370875e+00 -6.214286e-01
   endloop
 endfacet
 facet normal  3.418611e-01  9.375675e-01 -6.401671e-02
   outer loop
     vertex -2.087924e+00  2.460723e+00  6.214286e-01
     vertex -2.156489e+00  2.400862e+00 -6.214286e-01
     vertex -2.345830e+00  2.469900e+00 -6.214286e-01
   endloop
 endfacet
 facet normal  5.141771e-01  8.548603e-01 -6.953944e-02
   outer loop
     vertex -2.087924e+00  2.460723e+00  6.214286e-01
     vertex -2.035595e+00  2.429248e+00  6.214286e-01
     vertex -2.156489e+00  2.400862e+00 -6.214286e-01
   endloop
 endfacet
 facet normal  2.872467e-01  9.555509e-01 -6.642152e-02
   outer loop
     vertex -2.275242e+00  2.535074e+00  6.214286e-01
     vertex -2.345830e+00  2.469900e+00 -6.214286e-01
     vertex -2.564108e+00  2.535517e+00 -6.214286e-01
   endloop
 endfacet
 facet normal  3.680299e-01  9.272111e-01 -6.952349e-02
   outer loop
     vertex -2.275242e+00  2.535074e+00  6.214286e-01
     vertex -2.087924e+00  2.460723e+00  6.214286e-01
     vertex -2.345830e+00  2.469900e+00 -6.214286e-01
   endloop
 endfacet
 facet normal  1.978450e-01  9.778963e-01 -6.764702e-02
   outer loop
     vertex -2.491584e+00  2.606820e+00  6.214286e-01
     vertex -2.564108e+00  2.535517e+00 -6.214286e-01
     vertex -2.788975e+00  2.581011e+00 -6.214286e-01
   endloop
 endfacet
 facet normal  3.139441e-01  9.466594e-01 -7.262973e-02
   outer loop
     vertex -2.491584e+00  2.606820e+00  6.214286e-01
     vertex -2.275242e+00  2.535074e+00  6.214286e-01
     vertex -2.564108e+00  2.535517e+00 -6.214286e-01
   endloop
 endfacet
 facet normal  2.252413e-01  9.714835e-01 -7.406926e-02
   outer loop
     vertex -2.715078e+00  2.658637e+00  6.214286e-01
     vertex -2.491584e+00  2.606820e+00  6.214286e-01
     vertex -2.788975e+00  2.581011e+00 -6.214286e-01
   endloop
 endfacet
 facet normal  6.362654e-01  7.694648e-01 -5.558959e-02
   outer loop
     vertex -1.613669e+00  1.889449e+00 -6.214286e-01
     vertex -1.666312e+00  1.843189e+00 -1.864286e+00
     vertex -2.028290e+00  2.142507e+00 -1.864286e+00
   endloop
 endfacet
 facet normal  7.537341e-01  6.537784e-01 -6.677302e-02
   outer loop
     vertex -1.967062e+00  2.198855e+00 -6.214286e-01
     vertex -2.028290e+00  2.142507e+00 -1.864286e+00
     vertex -2.064761e+00  2.184554e+00 -1.864286e+00
   endloop
 endfacet
 facet normal  6.572765e-01  7.507173e-01 -6.641611e-02
   outer loop
     vertex -1.967062e+00  2.198855e+00 -6.214286e-01
     vertex -1.613669e+00  1.889449e+00 -6.214286e-01
     vertex -2.028290e+00  2.142507e+00 -1.864286e+00
   endloop
 endfacet
 facet normal  8.075879e-01  5.858597e-01 -6.760369e-02
   outer loop
     vertex -2.002333e+00  2.241915e+00 -6.214286e-01
     vertex -2.064761e+00  2.184554e+00 -1.864286e+00
     vertex -2.134013e+00  2.280015e+00 -1.864286e+00
   endloop
 endfacet
 facet normal  7.718106e-01  6.322118e-01 -6.794584e-02
   outer loop
     vertex -2.002333e+00  2.241915e+00 -6.214286e-01
     vertex -1.967062e+00  2.198855e+00 -6.214286e-01
     vertex -2.064761e+00  2.184554e+00 -1.864286e+00
   endloop
 endfacet
 facet normal  6.533520e-01  7.537927e-01 -7.019801e-02
   outer loop
     vertex -2.068865e+00  2.339291e+00 -6.214286e-01
     vertex -2.134013e+00  2.280015e+00 -1.864286e+00
     vertex -2.169319e+00  2.310617e+00 -1.864286e+00
   endloop
 endfacet
 facet normal  8.236515e-01  5.627578e-01 -7.001383e-02
   outer loop
     vertex -2.068865e+00  2.339291e+00 -6.214286e-01
     vertex -2.002333e+00  2.241915e+00 -6.214286e-01
     vertex -2.134013e+00  2.280015e+00 -1.864286e+00
   endloop
 endfacet
 facet normal  4.652270e-01  8.826135e-01 -6.750737e-02
   outer loop
     vertex -2.103293e+00  2.370875e+00 -6.214286e-01
     vertex -2.169319e+00  2.310617e+00 -1.864286e+00
     vertex -2.223339e+00  2.339091e+00 -1.864286e+00
   endloop
 endfacet
 facet normal  6.742897e-01  7.350015e-01 -7.145677e-02
   outer loop
     vertex -2.103293e+00  2.370875e+00 -6.214286e-01
     vertex -2.068865e+00  2.339291e+00 -6.214286e-01
     vertex -2.169319e+00  2.310617e+00 -1.864286e+00
   endloop
 endfacet
 facet normal  3.152845e-01  9.468356e-01 -6.401671e-02
   outer loop
     vertex -2.156489e+00  2.400862e+00 -6.214286e-01
     vertex -2.223339e+00  2.339091e+00 -1.864286e+00
     vertex -2.414552e+00  2.402762e+00 -1.864286e+00
   endloop
 endfacet
 facet normal  4.898643e-01  8.690208e-01 -6.953944e-02
   outer loop
     vertex -2.156489e+00  2.400862e+00 -6.214286e-01
     vertex -2.103293e+00  2.370875e+00 -6.214286e-01
     vertex -2.223339e+00  2.339091e+00 -1.864286e+00
   endloop
 endfacet
 facet normal  2.601846e-01  9.632716e-01 -6.642152e-02
   outer loop
     vertex -2.345830e+00  2.469900e+00 -6.214286e-01
     vertex -2.414552e+00  2.402762e+00 -1.864286e+00
     vertex -2.634594e+00  2.462197e+00 -1.864286e+00
   endloop
 endfacet
 facet normal  3.417349e-01  9.372213e-01 -6.952349e-02
   outer loop
     vertex -2.345830e+00  2.469900e+00 -6.214286e-01
     vertex -2.156489e+00  2.400862e+00 -6.214286e-01
     vertex -2.414552e+00  2.402762e+00 -1.864286e+00
   endloop
 endfacet
 facet normal  1.701883e-01  9.830869e-01 -6.764702e-02
   outer loop
     vertex -2.564108e+00  2.535517e+00 -6.214286e-01
     vertex -2.634594e+00  2.462197e+00 -1.864286e+00
     vertex -2.860654e+00  2.501331e+00 -1.864286e+00
   endloop
 endfacet
 facet normal  2.871221e-01  9.551365e-01 -7.262973e-02
   outer loop
     vertex -2.564108e+00  2.535517e+00 -6.214286e-01
     vertex -2.345830e+00  2.469900e+00 -6.214286e-01
     vertex -2.634594e+00  2.462197e+00 -1.864286e+00
   endloop
 endfacet
 facet normal  1.977545e-01  9.774492e-01 -7.406926e-02
   outer loop
     vertex -2.788975e+00  2.581011e+00 -6.214286e-01
     vertex -2.564108e+00  2.535517e+00 -6.214286e-01
     vertex -2.860654e+00  2.501331e+00 -1.864286e+00
   endloop
 endfacet
 facet normal  6.362573e-01  7.694550e-01 -5.581804e-02
   outer loop
     vertex -2.028290e+00  2.142507e+00 -1.864286e+00
     vertex -1.666312e+00  1.843189e+00 -1.864286e+00
     vertex -1.717630e+00  1.795464e+00 -3.107143e+00
   endloop
 endfacet
 facet normal  6.139146e-01  7.865926e-01 -6.618810e-02
   outer loop
     vertex -2.028290e+00  2.142507e+00 -1.864286e+00
     vertex -1.717630e+00  1.795464e+00 -3.107143e+00
     vertex -2.087905e+00  2.084454e+00 -3.107143e+00
   endloop
 endfacet
 facet normal  7.349345e-01  6.747174e-01 -6.802742e-02
   outer loop
     vertex -2.064761e+00  2.184554e+00 -1.864286e+00
     vertex -2.087905e+00  2.084454e+00 -3.107143e+00
     vertex -2.125548e+00  2.125456e+00 -3.107143e+00
   endloop
 endfacet
 facet normal  7.537383e-01  6.537820e-01 -6.669142e-02
   outer loop
     vertex -2.064761e+00  2.184554e+00 -1.864286e+00
     vertex -2.028290e+00  2.142507e+00 -1.864286e+00
     vertex -2.087905e+00  2.084454e+00 -3.107143e+00
   endloop
 endfacet
 facet normal  7.905991e-01  6.082898e-01 -7.026067e-02
   outer loop
     vertex -2.134013e+00  2.280015e+00 -1.864286e+00
     vertex -2.125548e+00  2.125456e+00 -3.107143e+00
     vertex -2.197464e+00  2.218926e+00 -3.107143e+00
   endloop
 endfacet
 facet normal  8.076014e-01  5.858695e-01 -6.735671e-02
   outer loop
     vertex -2.134013e+00  2.280015e+00 -1.864286e+00
     vertex -2.064761e+00  2.184554e+00 -1.864286e+00
     vertex -2.125548e+00  2.125456e+00 -3.107143e+00
   endloop
 endfacet
 facet normal  6.317869e-01  7.718605e-01 -7.125022e-02
   outer loop
     vertex -2.169319e+00  2.310617e+00 -1.864286e+00
     vertex -2.197464e+00  2.218926e+00 -3.107143e+00
     vertex -2.233618e+00  2.248520e+00 -3.107143e+00
   endloop
 endfacet
 facet normal  6.533425e-01  7.537817e-01 -7.040461e-02
   outer loop
     vertex -2.169319e+00  2.310617e+00 -1.864286e+00
     vertex -2.134013e+00  2.280015e+00 -1.864286e+00
     vertex -2.197464e+00  2.218926e+00 -3.107143e+00
   endloop
 endfacet
 facet normal  4.401095e-01  8.952981e-01 -6.888334e-02
   outer loop
     vertex -2.223339e+00  2.339091e+00 -1.864286e+00
     vertex -2.233618e+00  2.248520e+00 -3.107143e+00
     vertex -2.288420e+00  2.275459e+00 -3.107143e+00
   endloop
 endfacet
 facet normal  4.652062e-01  8.825740e-01 -6.816366e-02
   outer loop
     vertex -2.223339e+00  2.339091e+00 -1.864286e+00
     vertex -2.169319e+00  2.310617e+00 -1.864286e+00
     vertex -2.233618e+00  2.248520e+00 -3.107143e+00
   endloop
 endfacet
 facet normal  2.883698e-01  9.550615e-01 -6.855957e-02
   outer loop
     vertex -2.414552e+00  2.402762e+00 -1.864286e+00
     vertex -2.288420e+00  2.275459e+00 -3.107143e+00
     vertex -2.481352e+00  2.333713e+00 -3.107143e+00
   endloop
 endfacet
 facet normal  3.152648e-01  9.467764e-01 -6.498151e-02
   outer loop
     vertex -2.414552e+00  2.402762e+00 -1.864286e+00
     vertex -2.223339e+00  2.339091e+00 -1.864286e+00
     vertex -2.288420e+00  2.275459e+00 -3.107143e+00
   endloop
 endfacet
 facet normal  2.328326e-01  9.698807e-01 -7.155648e-02
   outer loop
     vertex -2.634594e+00  2.462197e+00 -1.864286e+00
     vertex -2.481352e+00  2.333713e+00 -3.107143e+00
     vertex -2.702983e+00  2.386918e+00 -3.107143e+00
   endloop
 endfacet
 facet normal  2.601658e-01  9.632020e-01 -6.749593e-02
   outer loop
     vertex -2.634594e+00  2.462197e+00 -1.864286e+00
     vertex -2.414552e+00  2.402762e+00 -1.864286e+00
     vertex -2.481352e+00  2.333713e+00 -3.107143e+00
   endloop
 endfacet
 facet normal  1.423442e-01  9.871353e-01 -7.281432e-02
   outer loop
     vertex -2.860654e+00  2.501331e+00 -1.864286e+00
     vertex -2.702983e+00  2.386918e+00 -3.107143e+00
     vertex -2.930057e+00  2.419662e+00 -3.107143e+00
   endloop
 endfacet
 facet normal  1.701736e-01  9.830022e-01 -6.890335e-02
   outer loop
     vertex -2.860654e+00  2.501331e+00 -1.864286e+00
     vertex -2.634594e+00  2.462197e+00 -1.864286e+00
     vertex -2.702983e+00  2.386918e+00 -3.107143e+00
   endloop
 endfacet
 facet normal -9.104232e-01 -4.068739e-01  7.472161e-02
   outer loop
     vertex -3.032313e+00  2.290214e+00 -1.864286e+00
     vertex -3.095694e+00  2.203788e+00 -3.107143e+00
     vertex -2.965921e+00  1.913408e+00 -3.107143e+00
   endloop
 endfacet
 facet normal -8.598607e-01 -5.054467e-01  7.185503e-02
   outer loop
     vertex -2.910781e+00  1.996290e+00 -1.864286e+00
     vertex -2.965921e+00  1.913408e+00 -3.107143e+00
     vertex -2.859009e+00  1.731529e+00 -3.107143e+00
   endloop
 endfacet
 facet normal -9.220835e-01 -3.812635e-01  6.633423e-02
   outer loop
     vertex -2.910781e+00  1.996290e+00 -1.864286e+00
     vertex -3.032313e+00  2.290214e+00 -1.864286e+00
     vertex -2.965921e+00  1.913408e+00 -3.107143e+00
   endloop
 endfacet
 facet normal -8.402854e-01 -5.378153e-01  6.837513e-02
   outer loop
     vertex -2.809040e+00  1.811468e+00 -1.864286e+00
     vertex -2.859009e+00  1.731529e+00 -3.107143e+00
     vertex -2.778980e+00  1.606491e+00 -3.107143e+00
   endloop
 endfacet
 facet normal -8.741220e-01 -4.811885e-01  6.609334e-02
   outer loop
     vertex -2.809040e+00  1.811468e+00 -1.864286e+00
     vertex -2.910781e+00  1.996290e+00 -1.864286e+00
     vertex -2.859009e+00  1.731529e+00 -3.107143e+00
   endloop
 endfacet
 facet normal -8.553621e-01 -5.140506e-01  6.409112e-02
   outer loop
     vertex -2.732569e+00  1.684224e+00 -1.864286e+00
     vertex -2.809040e+00  1.811468e+00 -1.864286e+00
     vertex -2.778980e+00  1.606491e+00 -3.107143e+00
   endloop
 endfacet
 facet normal -7.079931e-01 -7.028332e-01  6.907336e-02
   outer loop
     vertex -2.692617e+00  1.641640e+00 -1.864286e+00
     vertex -2.778980e+00  1.606491e+00 -3.107143e+00
     vertex -2.737842e+00  1.565052e+00 -3.107143e+00
   endloop
 endfacet
 facet normal -7.274927e-01 -6.825501e-01  6.985472e-02
   outer loop
     vertex -2.692617e+00  1.641640e+00 -1.864286e+00
     vertex -2.732569e+00  1.684224e+00 -1.864286e+00
     vertex -2.778980e+00  1.606491e+00 -3.107143e+00
   endloop
 endfacet
 facet normal -5.056554e-01 -8.598777e-01  7.016317e-02
   outer loop
     vertex -2.646758e+00  1.612902e+00 -1.864286e+00
     vertex -2.737842e+00  1.565052e+00 -3.107143e+00
     vertex -2.691191e+00  1.537618e+00 -3.107143e+00
   endloop
 endfacet
 facet normal -5.296591e-01 -8.452038e-01  7.135736e-02
   outer loop
     vertex -2.646758e+00  1.612902e+00 -1.864286e+00
     vertex -2.692617e+00  1.641640e+00 -1.864286e+00
     vertex -2.737842e+00  1.565052e+00 -3.107143e+00
   endloop
 endfacet
 facet normal -3.961172e-01 -9.157964e-01  6.639369e-02
   outer loop
     vertex -2.517045e+00  1.552399e+00 -1.864286e+00
     vertex -2.691191e+00  1.537618e+00 -3.107143e+00
     vertex -2.559824e+00  1.480797e+00 -3.107143e+00
   endloop
 endfacet
 facet normal -4.216870e-01 -9.040481e-01  6.983675e-02
   outer loop
     vertex -2.517045e+00  1.552399e+00 -1.864286e+00
     vertex -2.646758e+00  1.612902e+00 -1.864286e+00
     vertex -2.691191e+00  1.537618e+00 -3.107143e+00
   endloop
 endfacet
 facet normal -6.132233e-01 -7.874190e-01  6.267855e-02
   outer loop
     vertex -2.387891e+00  1.445831e+00 -1.864286e+00
     vertex -2.559824e+00  1.480797e+00 -3.107143e+00
     vertex -2.427715e+00  1.377914e+00 -3.107143e+00
   endloop
 endfacet
 facet normal -6.350411e-01 -7.696368e-01  6.619703e-02
   outer loop
     vertex -2.387891e+00  1.445831e+00 -1.864286e+00
     vertex -2.517045e+00  1.552399e+00 -1.864286e+00
     vertex -2.559824e+00  1.480797e+00 -3.107143e+00
   endloop
 endfacet
 facet normal -5.929071e-01 -8.033289e-01  5.589113e-02
   outer loop
     vertex -2.144361e+00  1.255252e+00 -1.864286e+00
     vertex -2.427715e+00  1.377914e+00 -3.107143e+00
     vertex -2.178908e+00  1.194279e+00 -3.107143e+00
   endloop
 endfacet
 facet normal -6.150786e-01 -7.859721e-01  6.265893e-02
   outer loop
     vertex -2.144361e+00  1.255252e+00 -1.864286e+00
     vertex -2.387891e+00  1.445831e+00 -1.864286e+00
     vertex -2.427715e+00  1.377914e+00 -3.107143e+00
   endloop
 endfacet
 facet normal -9.319996e-01 -3.549291e-01  7.349833e-02
   outer loop
     vertex -2.853325e+00  2.077584e+00 -6.214286e-01
     vertex -2.966519e+00  2.374818e+00 -6.214286e-01
     vertex -3.032313e+00  2.290214e+00 -1.864286e+00
   endloop
 endfacet
 facet normal -9.220075e-01 -3.812321e-01  6.755937e-02
   outer loop
     vertex -2.853325e+00  2.077584e+00 -6.214286e-01
     vertex -3.032313e+00  2.290214e+00 -1.864286e+00
     vertex -2.910781e+00  1.996290e+00 -1.864286e+00
   endloop
 endfacet
 facet normal -8.740630e-01 -4.811560e-01  6.710250e-02
   outer loop
     vertex -2.756837e+00  1.889967e+00 -6.214286e-01
     vertex -2.910781e+00  1.996290e+00 -1.864286e+00
     vertex -2.809040e+00  1.811468e+00 -1.864286e+00
   endloop
 endfacet
 facet normal -8.551183e-01 -5.139042e-01  6.837513e-02
   outer loop
     vertex -2.756837e+00  1.889967e+00 -6.214286e-01
     vertex -2.809040e+00  1.811468e+00 -1.864286e+00
     vertex -2.732569e+00  1.684224e+00 -1.864286e+00
   endloop
 endfacet
 facet normal -8.870544e-01 -4.561964e-01  7.084688e-02
   outer loop
     vertex -2.756837e+00  1.889967e+00 -6.214286e-01
     vertex -2.853325e+00  2.077584e+00 -6.214286e-01
     vertex -2.910781e+00  1.996290e+00 -1.864286e+00
   endloop
 endfacet
 facet normal -7.274654e-01 -6.825244e-01  7.038865e-02
   outer loop
     vertex -2.683985e+00  1.760616e+00 -6.214286e-01
     vertex -2.732569e+00  1.684224e+00 -1.864286e+00
     vertex -2.692617e+00  1.641640e+00 -1.864286e+00
   endloop
 endfacet
 facet normal -8.695188e-01 -4.897238e-01  6.409112e-02
   outer loop
     vertex -2.683985e+00  1.760616e+00 -6.214286e-01
     vertex -2.756837e+00  1.889967e+00 -6.214286e-01
     vertex -2.732569e+00  1.684224e+00 -1.864286e+00
   endloop
 endfacet
 facet normal -5.296581e-01 -8.452023e-01  7.138197e-02
   outer loop
     vertex -2.645249e+00  1.716923e+00 -6.214286e-01
     vertex -2.692617e+00  1.641640e+00 -1.864286e+00
     vertex -2.646758e+00  1.612902e+00 -1.864286e+00
   endloop
 endfacet
 facet normal -7.465205e-01 -6.618228e-01  6.853928e-02
   outer loop
     vertex -2.645249e+00  1.716923e+00 -6.214286e-01
     vertex -2.683985e+00  1.760616e+00 -6.214286e-01
     vertex -2.692617e+00  1.641640e+00 -1.864286e+00
   endloop
 endfacet
 facet normal -4.216934e-01 -9.040619e-01  6.961889e-02
   outer loop
     vertex -2.600219e+00  1.686903e+00 -6.214286e-01
     vertex -2.646758e+00  1.612902e+00 -1.864286e+00
     vertex -2.517045e+00  1.552399e+00 -1.864286e+00
   endloop
 endfacet
 facet normal -5.533323e-01 -8.300024e-01  7.013855e-02
   outer loop
     vertex -2.600219e+00  1.686903e+00 -6.214286e-01
     vertex -2.645249e+00  1.716923e+00 -6.214286e-01
     vertex -2.646758e+00  1.612902e+00 -1.864286e+00
   endloop
 endfacet
 facet normal -6.350302e-01 -7.696236e-01  6.645424e-02
   outer loop
     vertex -2.472264e+00  1.622765e+00 -6.214286e-01
     vertex -2.517045e+00  1.552399e+00 -1.864286e+00
     vertex -2.387891e+00  1.445831e+00 -1.864286e+00
   endloop
 endfacet
 facet normal -4.471135e-01 -8.919935e-01  6.661168e-02
   outer loop
     vertex -2.472264e+00  1.622765e+00 -6.214286e-01
     vertex -2.600219e+00  1.686903e+00 -6.214286e-01
     vertex -2.517045e+00  1.552399e+00 -1.864286e+00
   endloop
 endfacet
 facet normal -6.150704e-01 -7.859616e-01  6.287082e-02
   outer loop
     vertex -2.346167e+00  1.512598e+00 -6.214286e-01
     vertex -2.387891e+00  1.445831e+00 -1.864286e+00
     vertex -2.144361e+00  1.255252e+00 -1.864286e+00
   endloop
 endfacet
 facet normal -6.566534e-01 -7.516049e-01  6.242115e-02
   outer loop
     vertex -2.346167e+00  1.512598e+00 -6.214286e-01
     vertex -2.472264e+00  1.622765e+00 -6.214286e-01
     vertex -2.387891e+00  1.445831e+00 -1.864286e+00
   endloop
 endfacet
 facet normal -6.372635e-01 -7.686319e-01  5.567899e-02
   outer loop
     vertex -2.108108e+00  1.315227e+00 -6.214286e-01
     vertex -2.346167e+00  1.512598e+00 -6.214286e-01
     vertex -2.144361e+00  1.255252e+00 -1.864286e+00
   endloop
 endfacet
 facet normal -9.416384e-01 -3.285042e-01  7.349833e-02
   outer loop
     vertex -2.793599e+00  2.157225e+00  6.214286e-01
     vertex -2.898366e+00  2.457534e+00  6.214286e-01
     vertex -2.966519e+00  2.374818e+00 -6.214286e-01
   endloop
 endfacet
 facet normal -9.323921e-01 -3.550785e-01  6.755937e-02
   outer loop
     vertex -2.793599e+00  2.157225e+00  6.214286e-01
     vertex -2.966519e+00  2.374818e+00 -6.214286e-01
     vertex -2.853325e+00  2.077584e+00 -6.214286e-01
   endloop
 endfacet
 facet normal -8.872846e-01 -4.563148e-01  6.710250e-02
   outer loop
     vertex -2.702441e+00  1.966962e+00  6.214286e-01
     vertex -2.853325e+00  2.077584e+00 -6.214286e-01
     vertex -2.756837e+00  1.889967e+00 -6.214286e-01
   endloop
 endfacet
 facet normal -8.995670e-01 -4.309988e-01  7.084688e-02
   outer loop
     vertex -2.702441e+00  1.966962e+00  6.214286e-01
     vertex -2.793599e+00  2.157225e+00  6.214286e-01
     vertex -2.853325e+00  2.077584e+00 -6.214286e-01
   endloop
 endfacet
 facet normal -8.694659e-01 -4.896940e-01  6.502903e-02
   outer loop
     vertex -2.633265e+00  1.835608e+00  6.214286e-01
     vertex -2.756837e+00  1.889967e+00 -6.214286e-01
     vertex -2.683985e+00  1.760616e+00 -6.214286e-01
   endloop
 endfacet
 facet normal -8.827887e-01 -4.649046e-01  6.743786e-02
   outer loop
     vertex -2.633265e+00  1.835608e+00  6.214286e-01
     vertex -2.702441e+00  1.966962e+00  6.214286e-01
     vertex -2.756837e+00  1.889967e+00 -6.214286e-01
   endloop
 endfacet
 facet normal -7.464930e-01 -6.617984e-01  6.907336e-02
   outer loop
     vertex -2.595777e+00  1.790840e+00  6.214286e-01
     vertex -2.683985e+00  1.760616e+00 -6.214286e-01
     vertex -2.645249e+00  1.716923e+00 -6.214286e-01
   endloop
 endfacet
 facet normal -7.648180e-01 -6.404481e-01  6.985472e-02
   outer loop
     vertex -2.595777e+00  1.790840e+00  6.214286e-01
     vertex -2.633265e+00  1.835608e+00  6.214286e-01
     vertex -2.683985e+00  1.760616e+00 -6.214286e-01
   endloop
 endfacet
 facet normal -5.533313e-01 -8.300010e-01  7.016317e-02
   outer loop
     vertex -2.551612e+00  1.759562e+00  6.214286e-01
     vertex -2.645249e+00  1.716923e+00 -6.214286e-01
     vertex -2.600219e+00  1.686903e+00 -6.214286e-01
   endloop
 endfacet
 facet normal -5.764694e-01 -8.139970e-01  7.135736e-02
   outer loop
     vertex -2.551612e+00  1.759562e+00  6.214286e-01
     vertex -2.595777e+00  1.790840e+00  6.214286e-01
     vertex -2.645249e+00  1.716923e+00 -6.214286e-01
   endloop
 endfacet
 facet normal -4.471200e-01 -8.920065e-01  6.639369e-02
   outer loop
     vertex -2.425517e+00  1.691841e+00  6.214286e-01
     vertex -2.600219e+00  1.686903e+00 -6.214286e-01
     vertex -2.472264e+00  1.622765e+00 -6.214286e-01
   endloop
 endfacet
 facet normal -4.719868e-01 -8.788352e-01  6.983675e-02
   outer loop
     vertex -2.425517e+00  1.691841e+00  6.214286e-01
     vertex -2.551612e+00  1.759562e+00  6.214286e-01
     vertex -2.600219e+00  1.686903e+00 -6.214286e-01
   endloop
 endfacet
 facet normal -6.566428e-01 -7.515927e-01  6.267855e-02
   outer loop
     vertex -2.302576e+00  1.578161e+00  6.214286e-01
     vertex -2.472264e+00  1.622765e+00 -6.214286e-01
     vertex -2.346167e+00  1.512598e+00 -6.214286e-01
   endloop
 endfacet
 facet normal -6.774233e-01 -7.326087e-01  6.619703e-02
   outer loop
     vertex -2.302576e+00  1.578161e+00  6.214286e-01
     vertex -2.425517e+00  1.691841e+00  6.214286e-01
     vertex -2.472264e+00  1.622765e+00 -6.214286e-01
   endloop
 endfacet
 facet normal -6.372560e-01 -7.686228e-01  5.589113e-02
   outer loop
     vertex -2.070179e+00  1.374155e+00  6.214286e-01
     vertex -2.346167e+00  1.512598e+00 -6.214286e-01
     vertex -2.108108e+00  1.315227e+00 -6.214286e-01
   endloop
 endfacet
 facet normal -6.584136e-01 -7.500436e-01  6.265893e-02
   outer loop
     vertex -2.070179e+00  1.374155e+00  6.214286e-01
     vertex -2.302576e+00  1.578161e+00  6.214286e-01
     vertex -2.346167e+00  1.512598e+00 -6.214286e-01
   endloop
 endfacet
 facet normal -9.505282e-01 -3.018181e-01  7.349833e-02
   outer loop
     vertex -2.731651e+00  2.235151e+00  1.864286e+00
     vertex -2.827908e+00  2.538294e+00  1.864286e+00
     vertex -2.898366e+00  2.457534e+00  6.214286e-01
   endloop
 endfacet
 facet normal -9.420349e-01 -3.286426e-01  6.755937e-02
   outer loop
     vertex -2.731651e+00  2.235151e+00  1.864286e+00
     vertex -2.898366e+00  2.457534e+00  6.214286e-01
     vertex -2.793599e+00  2.157225e+00  6.214286e-01
   endloop
 endfacet
 facet normal -8.998004e-01 -4.311107e-01  6.710250e-02
   outer loop
     vertex -2.645895e+00  2.042392e+00  1.864286e+00
     vertex -2.793599e+00  2.157225e+00  6.214286e-01
     vertex -2.702441e+00  1.966962e+00  6.214286e-01
   endloop
 endfacet
 facet normal -8.827322e-01 -4.648749e-01  6.837513e-02
   outer loop
     vertex -2.645895e+00  2.042392e+00  1.864286e+00
     vertex -2.702441e+00  1.966962e+00  6.214286e-01
     vertex -2.633265e+00  1.835608e+00  6.214286e-01
   endloop
 endfacet
 facet normal -9.113639e-01 -4.054584e-01  7.084688e-02
   outer loop
     vertex -2.645895e+00  2.042392e+00  1.864286e+00
     vertex -2.731651e+00  2.235151e+00  1.864286e+00
     vertex -2.793599e+00  2.157225e+00  6.214286e-01
   endloop
 endfacet
 facet normal -7.647892e-01 -6.404240e-01  7.038865e-02
   outer loop
     vertex -2.580451e+00  1.909139e+00  1.864286e+00
     vertex -2.633265e+00  1.835608e+00  6.214286e-01
     vertex -2.595777e+00  1.790840e+00  6.214286e-01
   endloop
 endfacet
 facet normal -8.957465e-01 -4.399210e-01  6.409112e-02
   outer loop
     vertex -2.580451e+00  1.909139e+00  1.864286e+00
     vertex -2.645895e+00  2.042392e+00  1.864286e+00
     vertex -2.633265e+00  1.835608e+00  6.214286e-01
   endloop
 endfacet
 facet normal -5.764684e-01 -8.139956e-01  7.138197e-02
   outer loop
     vertex -2.544241e+00  1.863332e+00  1.864286e+00
     vertex -2.595777e+00  1.790840e+00  6.214286e-01
     vertex -2.551612e+00  1.759562e+00  6.214286e-01
   endloop
 endfacet
 facet normal -7.826469e-01 -6.186810e-01  6.853928e-02
   outer loop
     vertex -2.544241e+00  1.863332e+00  1.864286e+00
     vertex -2.580451e+00  1.909139e+00  1.864286e+00
     vertex -2.595777e+00  1.790840e+00  6.214286e-01
   endloop
 endfacet
 facet normal -4.719940e-01 -8.788486e-01  6.961889e-02
   outer loop
     vertex -2.500975e+00  1.830821e+00  1.864286e+00
     vertex -2.551612e+00  1.759562e+00  6.214286e-01
     vertex -2.425517e+00  1.691841e+00  6.214286e-01
   endloop
 endfacet
 facet normal -5.992479e-01 -7.974851e-01  7.013855e-02
   outer loop
     vertex -2.500975e+00  1.830821e+00  1.864286e+00
     vertex -2.544241e+00  1.863332e+00  1.864286e+00
     vertex -2.551612e+00  1.759562e+00  6.214286e-01
   endloop
 endfacet
 facet normal -6.774117e-01 -7.325962e-01  6.645424e-02
   outer loop
     vertex -2.376840e+00  1.759571e+00  1.864286e+00
     vertex -2.425517e+00  1.691841e+00  6.214286e-01
     vertex -2.302576e+00  1.578161e+00  6.214286e-01
   endloop
 endfacet
 facet normal -4.966932e-01 -8.653663e-01  6.661168e-02
   outer loop
     vertex -2.376840e+00  1.759571e+00  1.864286e+00
     vertex -2.500975e+00  1.830821e+00  1.864286e+00
     vertex -2.425517e+00  1.691841e+00  6.214286e-01
   endloop
 endfacet
 facet normal -6.584048e-01 -7.500336e-01  6.287082e-02
   outer loop
     vertex -2.257154e+00  1.642470e+00  1.864286e+00
     vertex -2.302576e+00  1.578161e+00  6.214286e-01
     vertex -2.070179e+00  1.374155e+00  6.214286e-01
   endloop
 endfacet
 facet normal -6.979847e-01 -7.133870e-01  6.242115e-02
   outer loop
     vertex -2.257154e+00  1.642470e+00  1.864286e+00
     vertex -2.376840e+00  1.759571e+00  1.864286e+00
     vertex -2.302576e+00  1.578161e+00  6.214286e-01
   endloop
 endfacet
 facet normal -6.795856e-01 -7.314802e-01  5.567899e-02
   outer loop
     vertex -2.030602e+00  1.431991e+00  1.864286e+00
     vertex -2.257154e+00  1.642470e+00  1.864286e+00
     vertex -2.070179e+00  1.374155e+00  6.214286e-01
   endloop
 endfacet
 facet normal -5.327436e-01  8.462663e-01 -4.195647e-03
   outer loop
     vertex -1.448210e+00  2.019067e+00  3.107143e+00
     vertex -1.132530e+00  2.211633e+00  1.864286e+00
     vertex -1.504574e+00  1.977422e+00  1.864286e+00
   endloop
 endfacet
 facet normal -5.086658e-01  8.609538e-01  4.195647e-03
   outer loop
     vertex -1.448210e+00  2.019067e+00  3.107143e+00
     vertex -1.069708e+00  2.242692e+00  3.107143e+00
     vertex -1.132530e+00  2.211633e+00  1.864286e+00
   endloop
 endfacet
 facet normal -9.766015e-01  2.021078e-01  7.349833e-02
   outer loop
     vertex -1.287867e+00  3.286216e+00  3.107143e+00
     vertex -1.223411e+00  3.597675e+00  3.107143e+00
     vertex -1.324384e+00  3.561742e+00  1.864286e+00
   endloop
 endfacet
 facet normal -9.823262e-01  1.745593e-01  6.755937e-02
   outer loop
     vertex -1.287867e+00  3.286216e+00  3.107143e+00
     vertex -1.324384e+00  3.561742e+00  1.864286e+00
     vertex -1.380031e+00  3.248589e+00  1.864286e+00
   endloop
 endfacet
 facet normal -9.956569e-01  6.453313e-02  6.710250e-02
   outer loop
     vertex -1.307445e+00  3.076152e+00  3.107143e+00
     vertex -1.380031e+00  3.248589e+00  1.864286e+00
     vertex -1.393677e+00  3.038057e+00  1.864286e+00
   endloop
 endfacet
 facet normal -9.973014e-01  2.673581e-02  6.837513e-02
   outer loop
     vertex -1.307445e+00  3.076152e+00  3.107143e+00
     vertex -1.393677e+00  3.038057e+00  1.864286e+00
     vertex -1.397655e+00  2.889655e+00  1.864286e+00
   endloop
 endfacet
 facet normal -9.931832e-01  9.256235e-02  7.084688e-02
   outer loop
     vertex -1.307445e+00  3.076152e+00  3.107143e+00
     vertex -1.287867e+00  3.286216e+00  3.107143e+00
     vertex -1.380031e+00  3.248589e+00  1.864286e+00
   endloop
 endfacet
 facet normal -9.803882e-01 -1.840769e-01  7.038865e-02
   outer loop
     vertex -1.315607e+00  2.927921e+00  3.107143e+00
     vertex -1.397655e+00  2.889655e+00  1.864286e+00
     vertex -1.386880e+00  2.832266e+00  1.864286e+00
   endloop
 endfacet
 facet normal -9.964347e-01  5.486609e-02  6.409112e-02
   outer loop
     vertex -1.315607e+00  2.927921e+00  3.107143e+00
     vertex -1.307445e+00  3.076152e+00  3.107143e+00
     vertex -1.397655e+00  2.889655e+00  1.864286e+00
   endloop
 endfacet
 facet normal -9.011378e-01 -4.276158e-01  7.138197e-02
   outer loop
     vertex -1.306454e+00  2.870252e+00  3.107143e+00
     vertex -1.386880e+00  2.832266e+00  1.864286e+00
     vertex -1.363678e+00  2.783372e+00  1.864286e+00
   endloop
 endfacet
 facet normal -9.853167e-01 -1.563756e-01  6.853928e-02
   outer loop
     vertex -1.306454e+00  2.870252e+00  3.107143e+00
     vertex -1.315607e+00  2.927921e+00  3.107143e+00
     vertex -1.386880e+00  2.832266e+00  1.864286e+00
   endloop
 endfacet
 facet normal -8.417825e-01 -5.353088e-01  6.961889e-02
   outer loop
     vertex -1.284641e+00  2.820723e+00  3.107143e+00
     vertex -1.363678e+00  2.783372e+00  1.864286e+00
     vertex -1.286873e+00  2.662595e+00  1.864286e+00
   endloop
 endfacet
 facet normal -9.129195e-01 -4.020679e-01  7.013855e-02
   outer loop
     vertex -1.284641e+00  2.820723e+00  3.107143e+00
     vertex -1.306454e+00  2.870252e+00  3.107143e+00
     vertex -1.363678e+00  2.783372e+00  1.864286e+00
   endloop
 endfacet
 facet normal -9.493144e-01 -3.072230e-01  6.645424e-02
   outer loop
     vertex -1.211273e+00  2.697828e+00  3.107143e+00
     vertex -1.286873e+00  2.662595e+00  1.864286e+00
     vertex -1.235317e+00  2.503286e+00  1.864286e+00
   endloop
 endfacet
 facet normal -8.567204e-01 -5.114617e-01  6.661168e-02
   outer loop
     vertex -1.211273e+00  2.697828e+00  3.107143e+00
     vertex -1.284641e+00  2.820723e+00  3.107143e+00
     vertex -1.286873e+00  2.662595e+00  1.864286e+00
   endloop
 endfacet
 facet normal -9.412762e-01 -3.317324e-01  6.287082e-02
   outer loop
     vertex -1.164229e+00  2.537128e+00  3.107143e+00
     vertex -1.235317e+00  2.503286e+00  1.864286e+00
     vertex -1.132530e+00  2.211633e+00  1.864286e+00
   endloop
 endfacet
 facet normal -9.578509e-01 -2.804020e-01  6.242115e-02
   outer loop
     vertex -1.164229e+00  2.537128e+00  3.107143e+00
     vertex -1.211273e+00  2.697828e+00  3.107143e+00
     vertex -1.235317e+00  2.503286e+00  1.864286e+00
   endloop
 endfacet
 facet normal -9.506637e-01 -3.051857e-01  5.567899e-02
   outer loop
     vertex -1.069708e+00  2.242692e+00  3.107143e+00
     vertex -1.164229e+00  2.537128e+00  3.107143e+00
     vertex -1.132530e+00  2.211633e+00  1.864286e+00
   endloop
 endfacet
 facet normal  9.502703e-01  3.064247e-01 -5.558959e-02
   outer loop
     vertex -3.440187e-01  2.460812e+00  3.107143e+00
     vertex -4.132802e-01  2.450131e+00  1.864286e+00
     vertex -5.574311e-01  2.897165e+00  1.864286e+00
   endloop
 endfacet
 facet normal  9.870708e-01  1.457139e-01 -6.677302e-02
   outer loop
     vertex -4.755053e-01  2.911733e+00  3.107143e+00
     vertex -5.574311e-01  2.897165e+00  1.864286e+00
     vertex -5.655598e-01  2.952230e+00  1.864286e+00
   endloop
 endfacet
 facet normal  9.578987e-01  2.793186e-01 -6.641611e-02
   outer loop
     vertex -4.755053e-01  2.911733e+00  3.107143e+00
     vertex -3.440187e-01  2.460812e+00  3.107143e+00
     vertex -5.574311e-01  2.897165e+00  1.864286e+00
   endloop
 endfacet
 facet normal  9.959371e-01  5.948993e-02 -6.760369e-02
   outer loop
     vertex -4.820779e-01  2.967005e+00  3.107143e+00
     vertex -5.655598e-01  2.952230e+00  1.864286e+00
     vertex -5.725918e-01  3.069955e+00  1.864286e+00
   endloop
 endfacet
 facet normal  9.907089e-01  1.178098e-01 -6.794584e-02
   outer loop
     vertex -4.820779e-01  2.967005e+00  3.107143e+00
     vertex -4.755053e-01  2.911733e+00  3.107143e+00
     vertex -5.655598e-01  2.952230e+00  1.864286e+00
   endloop
 endfacet
 facet normal  9.970525e-01  3.137423e-02 -7.001383e-02
   outer loop
     vertex -4.857871e-01  3.084881e+00  3.107143e+00
     vertex -4.820779e-01  2.967005e+00  3.107143e+00
     vertex -5.725918e-01  3.069955e+00  1.864286e+00
   endloop
 endfacet
 facet normal  9.561731e-01  2.840009e-01 -7.125022e-02
   outer loop
     vertex -4.978215e-01  3.130027e+00  3.107143e+00
     vertex -5.725918e-01  3.069955e+00  1.864286e+00
     vertex -5.858946e-01  3.114742e+00  1.864286e+00
   endloop
 endfacet
 facet normal  8.669449e-01  4.938111e-01 -6.750737e-02
   outer loop
     vertex -4.978215e-01  3.130027e+00  3.107143e+00
     vertex -5.858946e-01  3.114742e+00  1.864286e+00
     vertex -6.161183e-01  3.167804e+00  1.864286e+00
   endloop
 endfacet
 facet normal  9.638600e-01  2.569380e-01 -7.040461e-02
   outer loop
     vertex -4.978215e-01  3.130027e+00  3.107143e+00
     vertex -4.857871e-01  3.084881e+00  3.107143e+00
     vertex -5.725918e-01  3.069955e+00  1.864286e+00
   endloop
 endfacet
 facet normal  7.750862e-01  6.286043e-01 -6.401671e-02
   outer loop
     vertex -5.265368e-01  3.183919e+00  3.107143e+00
     vertex -6.161183e-01  3.167804e+00  1.864286e+00
     vertex -7.430643e-01  3.324332e+00  1.864286e+00
   endloop
 endfacet
 facet normal  8.804030e-01  4.691000e-01 -6.953944e-02
   outer loop
     vertex -5.265368e-01  3.183919e+00  3.107143e+00
     vertex -4.978215e-01  3.130027e+00  3.107143e+00
     vertex -6.161183e-01  3.167804e+00  1.864286e+00
   endloop
 endfacet
 facet normal  7.374771e-01  6.720980e-01 -6.642152e-02
   outer loop
     vertex -6.490180e-01  3.343965e+00  3.107143e+00
     vertex -7.430643e-01  3.324332e+00  1.864286e+00
     vertex -8.965931e-01  3.492795e+00  1.864286e+00
   endloop
 endfacet
 facet normal  7.922127e-01  6.062718e-01 -6.952349e-02
   outer loop
     vertex -6.490180e-01  3.343965e+00  3.107143e+00
     vertex -5.265368e-01  3.183919e+00  3.107143e+00
     vertex -7.430643e-01  3.324332e+00  1.864286e+00
   endloop
 endfacet
 facet normal  6.722677e-01  7.372110e-01 -6.764702e-02
   outer loop
     vertex -7.977348e-01  3.516691e+00  3.107143e+00
     vertex -8.965931e-01  3.492795e+00  1.864286e+00
     vertex -1.066114e+00  3.647383e+00  1.864286e+00
   endloop
 endfacet
 facet normal  7.558100e-01  6.507505e-01 -7.262973e-02
   outer loop
     vertex -7.977348e-01  3.516691e+00  3.107143e+00
     vertex -6.490180e-01  3.343965e+00  3.107143e+00
     vertex -8.965931e-01  3.492795e+00  1.864286e+00
   endloop
 endfacet
 facet normal  6.924739e-01  7.176306e-01 -7.406926e-02
   outer loop
     vertex -9.628290e-01  3.675998e+00  3.107143e+00
     vertex -7.977348e-01  3.516691e+00  3.107143e+00
     vertex -1.066114e+00  3.647383e+00  1.864286e+00
   endloop
 endfacet
 facet normal  9.502582e-01  3.064208e-01 -5.581804e-02
   outer loop
     vertex -5.574311e-01  2.897165e+00  1.864286e+00
     vertex -4.132802e-01  2.450131e+00  1.864286e+00
     vertex -4.822129e-01  2.437502e+00  6.214286e-01
   endloop
 endfacet
 facet normal  9.406413e-01  3.328861e-01 -6.618810e-02
   outer loop
     vertex -5.574311e-01  2.897165e+00  1.864286e+00
     vertex -4.822129e-01  2.437502e+00  6.214286e-01
     vertex -6.389134e-01  2.880293e+00  6.214286e-01
   endloop
 endfacet
 facet normal  9.824855e-01  1.734780e-01 -6.802742e-02
   outer loop
     vertex -5.655598e-01  2.952230e+00  1.864286e+00
     vertex -6.389134e-01  2.880293e+00  6.214286e-01
     vertex -6.485918e-01  2.935106e+00  6.214286e-01
   endloop
 endfacet
 facet normal  9.870762e-01  1.457147e-01 -6.669142e-02
   outer loop
     vertex -5.655598e-01  2.952230e+00  1.864286e+00
     vertex -5.574311e-01  2.897165e+00  1.864286e+00
     vertex -6.389134e-01  2.880293e+00  6.214286e-01
   endloop
 endfacet
 facet normal  9.936804e-01  8.753696e-02 -7.026067e-02
   outer loop
     vertex -5.725918e-01  3.069955e+00  1.864286e+00
     vertex -6.485918e-01  2.935106e+00  6.214286e-01
     vertex -6.589411e-01  3.052586e+00  6.214286e-01
   endloop
 endfacet
 facet normal  9.959538e-01  5.949092e-02 -6.735671e-02
   outer loop
     vertex -5.725918e-01  3.069955e+00  1.864286e+00
     vertex -5.655598e-01  2.952230e+00  1.864286e+00
     vertex -6.485918e-01  2.935106e+00  6.214286e-01
   endloop
 endfacet
 facet normal  9.477835e-01  3.108533e-01 -7.125022e-02
   outer loop
     vertex -5.858946e-01  3.114742e+00  1.864286e+00
     vertex -6.589411e-01  3.052586e+00  6.214286e-01
     vertex -6.735016e-01  3.096980e+00  6.214286e-01
   endloop
 endfacet
 facet normal  9.562306e-01  2.840180e-01 -7.040461e-02
   outer loop
     vertex -5.858946e-01  3.114742e+00  1.864286e+00
     vertex -5.725918e-01  3.069955e+00  1.864286e+00
     vertex -6.589411e-01  3.052586e+00  6.214286e-01
   endloop
 endfacet
 facet normal  8.525935e-01  5.180149e-01 -6.888334e-02
   outer loop
     vertex -6.161183e-01  3.167804e+00  1.864286e+00
     vertex -6.735016e-01  3.096980e+00  6.214286e-01
     vertex -7.052097e-01  3.149168e+00  6.214286e-01
   endloop
 endfacet
 facet normal  8.669061e-01  4.937890e-01 -6.816366e-02
   outer loop
     vertex -6.161183e-01  3.167804e+00  1.864286e+00
     vertex -5.858946e-01  3.114742e+00  1.864286e+00
     vertex -6.735016e-01  3.096980e+00  6.214286e-01
   endloop
 endfacet
 facet normal  7.568214e-01  6.500161e-01 -6.855957e-02
   outer loop
     vertex -7.430643e-01  3.324332e+00  1.864286e+00
     vertex -7.052097e-01  3.149168e+00  6.214286e-01
     vertex -8.365196e-01  3.302054e+00  6.214286e-01
   endloop
 endfacet
 facet normal  7.750377e-01  6.285650e-01 -6.498151e-02
   outer loop
     vertex -7.430643e-01  3.324332e+00  1.864286e+00
     vertex -6.161183e-01  3.167804e+00  1.864286e+00
     vertex -7.052097e-01  3.149168e+00  6.214286e-01
   endloop
 endfacet
 facet normal  7.179741e-01  6.923820e-01 -7.155648e-02
   outer loop
     vertex -8.965931e-01  3.492795e+00  1.864286e+00
     vertex -8.365196e-01  3.302054e+00  6.214286e-01
     vertex -9.947382e-01  3.466121e+00  6.214286e-01
   endloop
 endfacet
 facet normal  7.374238e-01  6.720494e-01 -6.749593e-02
   outer loop
     vertex -8.965931e-01  3.492795e+00  1.864286e+00
     vertex -7.430643e-01  3.324332e+00  1.864286e+00
     vertex -8.365196e-01  3.302054e+00  6.214286e-01
   endloop
 endfacet
 facet normal  6.509725e-01  7.556010e-01 -7.281432e-02
   outer loop
     vertex -1.066114e+00  3.647383e+00  1.864286e+00
     vertex -9.947382e-01  3.466121e+00  6.214286e-01
     vertex -1.168552e+00  3.615866e+00  6.214286e-01
   endloop
 endfacet
 facet normal  6.722097e-01  7.371475e-01 -6.890335e-02
   outer loop
     vertex -1.066114e+00  3.647383e+00  1.864286e+00
     vertex -8.965931e-01  3.492795e+00  1.864286e+00
     vertex -9.947382e-01  3.466121e+00  6.214286e-01
   endloop
 endfacet
 facet normal  9.314825e-01  3.595138e-01 -5.558959e-02
   outer loop
     vertex -4.822129e-01  2.437502e+00  6.214286e-01
     vertex -5.507620e-01  2.422933e+00 -6.214286e-01
     vertex -7.198876e-01  2.861129e+00 -6.214286e-01
   endloop
 endfacet
 facet normal  9.772854e-01  2.011335e-01 -6.677302e-02
   outer loop
     vertex -6.389134e-01  2.880293e+00  6.214286e-01
     vertex -7.198876e-01  2.861129e+00 -6.214286e-01
     vertex -7.311079e-01  2.915647e+00 -6.214286e-01
   endloop
 endfacet
 facet normal  9.406270e-01  3.328810e-01 -6.641611e-02
   outer loop
     vertex -6.389134e-01  2.880293e+00  6.214286e-01
     vertex -4.822129e-01  2.437502e+00  6.214286e-01
     vertex -7.198876e-01  2.861129e+00 -6.214286e-01
   endloop
 endfacet
 facet normal  9.909989e-01  1.155466e-01 -6.760369e-02
   outer loop
     vertex -6.485918e-01  2.935106e+00  6.214286e-01
     vertex -7.311079e-01  2.915647e+00 -6.214286e-01
     vertex -7.447661e-01  3.032788e+00 -6.214286e-01
   endloop
 endfacet
 facet normal  9.824909e-01  1.734789e-01 -6.794584e-02
   outer loop
     vertex -6.485918e-01  2.935106e+00  6.214286e-01
     vertex -6.389134e-01  2.880293e+00  6.214286e-01
     vertex -7.311079e-01  2.915647e+00 -6.214286e-01
   endloop
 endfacet
 facet normal  9.387103e-01  3.374837e-01 -7.019801e-02
   outer loop
     vertex -6.589411e-01  3.052586e+00  6.214286e-01
     vertex -7.447661e-01  3.032788e+00 -6.214286e-01
     vertex -7.605729e-01  3.076755e+00 -6.214286e-01
   endloop
 endfacet
 facet normal  9.936977e-01  8.753849e-02 -7.001383e-02
   outer loop
     vertex -6.589411e-01  3.052586e+00  6.214286e-01
     vertex -6.485918e-01  2.935106e+00  6.214286e-01
     vertex -7.447661e-01  3.032788e+00 -6.214286e-01
   endloop
 endfacet
 facet normal  8.377246e-01  5.419043e-01 -6.750737e-02
   outer loop
     vertex -6.735016e-01  3.096980e+00  6.214286e-01
     vertex -7.605729e-01  3.076755e+00 -6.214286e-01
     vertex -7.937402e-01  3.128028e+00 -6.214286e-01
   endloop
 endfacet
 facet normal  9.477695e-01  3.108487e-01 -7.145677e-02
   outer loop
     vertex -6.735016e-01  3.096980e+00  6.214286e-01
     vertex -6.589411e-01  3.052586e+00  6.214286e-01
     vertex -7.605729e-01  3.076755e+00 -6.214286e-01
   endloop
 endfacet
 facet normal  7.384124e-01  6.713040e-01 -6.401671e-02
   outer loop
     vertex -7.052097e-01  3.149168e+00  6.214286e-01
     vertex -7.937402e-01  3.128028e+00 -6.214286e-01
     vertex -9.293094e-01  3.277150e+00 -6.214286e-01
   endloop
 endfacet
 facet normal  8.525546e-01  5.179912e-01 -6.953944e-02
   outer loop
     vertex -7.052097e-01  3.149168e+00  6.214286e-01
     vertex -6.735016e-01  3.096980e+00  6.214286e-01
     vertex -7.937402e-01  3.128028e+00 -6.214286e-01
   endloop
 endfacet
 facet normal  6.984110e-01  7.126081e-01 -6.642152e-02
   outer loop
     vertex -8.365196e-01  3.302054e+00  6.214286e-01
     vertex -9.293094e-01  3.277150e+00 -6.214286e-01
     vertex -1.092092e+00  3.436689e+00 -6.214286e-01
   endloop
 endfacet
 facet normal  7.567708e-01  6.499726e-01 -6.952349e-02
   outer loop
     vertex -8.365196e-01  3.302054e+00  6.214286e-01
     vertex -7.052097e-01  3.149168e+00  6.214286e-01
     vertex -9.293094e-01  3.277150e+00 -6.214286e-01
   endloop
 endfacet
 facet normal  6.296341e-01  7.739410e-01 -6.764702e-02
   outer loop
     vertex -9.947382e-01  3.466121e+00  6.214286e-01
     vertex -1.092092e+00  3.436689e+00 -6.214286e-01
     vertex -1.270059e+00  3.581473e+00 -6.214286e-01
   endloop
 endfacet
 facet normal  7.179183e-01  6.923282e-01 -7.262973e-02
   outer loop
     vertex -9.947382e-01  3.466121e+00  6.214286e-01
     vertex -8.365196e-01  3.302054e+00  6.214286e-01
     vertex -1.092092e+00  3.436689e+00 -6.214286e-01
   endloop
 endfacet
 facet normal  6.509121e-01  7.555310e-01 -7.406926e-02
   outer loop
     vertex -1.168552e+00  3.615866e+00  6.214286e-01
     vertex -9.947382e-01  3.466121e+00  6.214286e-01
     vertex -1.270059e+00  3.581473e+00 -6.214286e-01
   endloop
 endfacet
 facet normal  9.209732e-01  3.856400e-01 -5.558959e-02
   outer loop
     vertex -5.507620e-01  2.422933e+00 -6.214286e-01
     vertex -6.188730e-01  2.406437e+00 -1.864286e+00
     vertex -8.002890e-01  2.839689e+00 -1.864286e+00
   endloop
 endfacet
 facet normal  9.712244e-01  2.286143e-01 -6.677302e-02
   outer loop
     vertex -7.198876e-01  2.861129e+00 -6.214286e-01
     vertex -8.002890e-01  2.839689e+00 -1.864286e+00
     vertex -8.130424e-01  2.893869e+00 -1.864286e+00
   endloop
 endfacet
 facet normal  9.308652e-01  3.592756e-01 -6.641611e-02
   outer loop
     vertex -7.198876e-01  2.861129e+00 -6.214286e-01
     vertex -5.507620e-01  2.422933e+00 -6.214286e-01
     vertex -8.002890e-01  2.839689e+00 -1.864286e+00
   endloop
 endfacet
 facet normal  9.873461e-01  1.434482e-01 -6.760369e-02
   outer loop
     vertex -7.311079e-01  2.915647e+00 -6.214286e-01
     vertex -8.130424e-01  2.893869e+00 -1.864286e+00
     vertex -8.299987e-01  3.010579e+00 -1.864286e+00
   endloop
 endfacet
 facet normal  9.772078e-01  2.011175e-01 -6.794584e-02
   outer loop
     vertex -7.311079e-01  2.915647e+00 -6.214286e-01
     vertex -7.198876e-01  2.861129e+00 -6.214286e-01
     vertex -8.130424e-01  2.893869e+00 -1.864286e+00
   endloop
 endfacet
 facet normal  9.288194e-01  3.638224e-01 -7.019801e-02
   outer loop
     vertex -7.447661e-01  3.032788e+00 -6.214286e-01
     vertex -8.299987e-01  3.010579e+00 -1.864286e+00
     vertex -8.470392e-01  3.054082e+00 -1.864286e+00
   endloop
 endfacet
 facet normal  9.908337e-01  1.155273e-01 -7.001383e-02
   outer loop
     vertex -7.447661e-01  3.032788e+00 -6.214286e-01
     vertex -7.311079e-01  2.915647e+00 -6.214286e-01
     vertex -8.299987e-01  3.010579e+00 -1.864286e+00
   endloop
 endfacet
 facet normal  8.221090e-01  5.653137e-01 -6.750737e-02
   outer loop
     vertex -7.605729e-01  3.076755e+00 -6.214286e-01
     vertex -8.470392e-01  3.054082e+00 -1.864286e+00
     vertex -8.816392e-01  3.104399e+00 -1.864286e+00
   endloop
 endfacet
 facet normal  9.386262e-01  3.374535e-01 -7.145677e-02
   outer loop
     vertex -7.605729e-01  3.076755e+00 -6.214286e-01
     vertex -7.447661e-01  3.032788e+00 -6.214286e-01
     vertex -8.470392e-01  3.054082e+00 -1.864286e+00
   endloop
 endfacet
 facet normal  7.191870e-01  6.918613e-01 -6.401671e-02
   outer loop
     vertex -7.937402e-01  3.128028e+00 -6.214286e-01
     vertex -8.816392e-01  3.104399e+00 -1.864286e+00
     vertex -1.021360e+00  3.249638e+00 -1.864286e+00
   endloop
 endfacet
 facet normal  8.376074e-01  5.418284e-01 -6.953944e-02
   outer loop
     vertex -7.937402e-01  3.128028e+00 -6.214286e-01
     vertex -7.605729e-01  3.076755e+00 -6.214286e-01
     vertex -8.816392e-01  3.104399e+00 -1.864286e+00
   endloop
 endfacet
 facet normal  6.780366e-01  7.320208e-01 -6.642152e-02
   outer loop
     vertex -9.293094e-01  3.277150e+00 -6.214286e-01
     vertex -1.021360e+00  3.249638e+00 -1.864286e+00
     vertex -1.188577e+00  3.404524e+00 -1.864286e+00
   endloop
 endfacet
 facet normal  7.381397e-01  6.710561e-01 -6.952349e-02
   outer loop
     vertex -9.293094e-01  3.277150e+00 -6.214286e-01
     vertex -7.937402e-01  3.128028e+00 -6.214286e-01
     vertex -1.021360e+00  3.249638e+00 -1.864286e+00
   endloop
 endfacet
 facet normal  6.075575e-01  7.913898e-01 -6.764702e-02
   outer loop
     vertex -1.092092e+00  3.436689e+00 -6.214286e-01
     vertex -1.188577e+00  3.404524e+00 -1.864286e+00
     vertex -1.370557e+00  3.544231e+00 -1.864286e+00
   endloop
 endfacet
 facet normal  6.981081e-01  7.122991e-01 -7.262973e-02
   outer loop
     vertex -1.092092e+00  3.436689e+00 -6.214286e-01
     vertex -9.293094e-01  3.277150e+00 -6.214286e-01
     vertex -1.188577e+00  3.404524e+00 -1.864286e+00
   endloop
 endfacet
 facet normal  6.293462e-01  7.735872e-01 -7.406926e-02
   outer loop
     vertex -1.270059e+00  3.581473e+00 -6.214286e-01
     vertex -1.092092e+00  3.436689e+00 -6.214286e-01
     vertex -1.370557e+00  3.544231e+00 -1.864286e+00
   endloop
 endfacet
 facet normal  9.097313e-01  4.114593e-01 -5.558959e-02
   outer loop
     vertex -6.188730e-01  2.406437e+00 -1.864286e+00
     vertex -6.864918e-01  2.388027e+00 -3.107143e+00
     vertex -8.800539e-01  2.815990e+00 -3.107143e+00
   endloop
 endfacet
 facet normal  9.643909e-01  2.559133e-01 -6.677302e-02
   outer loop
     vertex -8.002890e-01  2.839689e+00 -1.864286e+00
     vertex -8.800539e-01  2.815990e+00 -3.107143e+00
     vertex -8.943302e-01  2.869789e+00 -3.107143e+00
   endloop
 endfacet
 facet normal  9.203629e-01  3.853844e-01 -6.641611e-02
   outer loop
     vertex -8.002890e-01  2.839689e+00 -1.864286e+00
     vertex -6.188730e-01  2.406437e+00 -1.864286e+00
     vertex -8.800539e-01  2.815990e+00 -3.107143e+00
   endloop
 endfacet
 facet normal  9.829080e-01  1.712356e-01 -6.760369e-02
   outer loop
     vertex -8.130424e-01  2.893869e+00 -1.864286e+00
     vertex -8.943302e-01  2.869789e+00 -3.107143e+00
     vertex -9.145711e-01  2.985974e+00 -3.107143e+00
   endloop
 endfacet
 facet normal  9.711473e-01  2.285962e-01 -6.794584e-02
   outer loop
     vertex -8.130424e-01  2.893869e+00 -1.864286e+00
     vertex -8.002890e-01  2.839689e+00 -1.864286e+00
     vertex -8.943302e-01  2.869789e+00 -3.107143e+00
   endloop
 endfacet
 facet normal  9.181897e-01  3.898717e-01 -7.019801e-02
   outer loop
     vertex -8.299987e-01  3.010579e+00 -1.864286e+00
     vertex -9.145711e-01  2.985974e+00 -3.107143e+00
     vertex -9.328316e-01  3.028980e+00 -3.107143e+00
   endloop
 endfacet
 facet normal  9.871816e-01  1.434243e-01 -7.001383e-02
   outer loop
     vertex -8.299987e-01  3.010579e+00 -1.864286e+00
     vertex -8.130424e-01  2.893869e+00 -1.864286e+00
     vertex -9.145711e-01  2.985974e+00 -3.107143e+00
   endloop
 endfacet
 facet normal  8.058394e-01  5.882735e-01 -6.750737e-02
   outer loop
     vertex -8.470392e-01  3.054082e+00 -1.864286e+00
     vertex -9.328316e-01  3.028980e+00 -3.107143e+00
     vertex -9.688369e-01  3.078301e+00 -3.107143e+00
   endloop
 endfacet
 facet normal  9.287362e-01  3.637898e-01 -7.145677e-02
   outer loop
     vertex -8.470392e-01  3.054082e+00 -1.864286e+00
     vertex -8.299987e-01  3.010579e+00 -1.864286e+00
     vertex -9.328316e-01  3.028980e+00 -3.107143e+00
   endloop
 endfacet
 facet normal  6.993895e-01  7.118681e-01 -6.401671e-02
   outer loop
     vertex -8.816392e-01  3.104399e+00 -1.864286e+00
     vertex -9.688369e-01  3.078301e+00 -3.107143e+00
     vertex -1.112598e+00  3.219542e+00 -3.107143e+00
   endloop
 endfacet
 facet normal  8.219940e-01  5.652346e-01 -6.953944e-02
   outer loop
     vertex -8.816392e-01  3.104399e+00 -1.864286e+00
     vertex -8.470392e-01  3.054082e+00 -1.864286e+00
     vertex -9.688369e-01  3.078301e+00 -3.107143e+00
   endloop
 endfacet
 facet normal  6.571229e-01  7.508513e-01 -6.642152e-02
   outer loop
     vertex -1.021360e+00  3.249638e+00 -1.864286e+00
     vertex -1.112598e+00  3.219542e+00 -3.107143e+00
     vertex -1.284117e+00  3.369650e+00 -3.107143e+00
   endloop
 endfacet
 facet normal  7.189214e-01  6.916058e-01 -6.952349e-02
   outer loop
     vertex -1.021360e+00  3.249638e+00 -1.864286e+00
     vertex -8.816392e-01  3.104399e+00 -1.864286e+00
     vertex -1.112598e+00  3.219542e+00 -3.107143e+00
   endloop
 endfacet
 facet normal  5.849975e-01  8.082090e-01 -6.764702e-02
   outer loop
     vertex -1.188577e+00  3.404524e+00 -1.864286e+00
     vertex -1.284117e+00  3.369650e+00 -3.107143e+00
     vertex -1.469964e+00  3.504170e+00 -3.107143e+00
   endloop
 endfacet
 facet normal  6.777426e-01  7.317034e-01 -7.262973e-02
   outer loop
     vertex -1.188577e+00  3.404524e+00 -1.864286e+00
     vertex -1.021360e+00  3.249638e+00 -1.864286e+00
     vertex -1.284117e+00  3.369650e+00 -3.107143e+00
   endloop
 endfacet
 facet normal  6.072797e-01  7.910279e-01 -7.406926e-02
   outer loop
     vertex -1.370557e+00  3.544231e+00 -1.864286e+00
     vertex -1.188577e+00  3.404524e+00 -1.864286e+00
     vertex -1.469964e+00  3.504170e+00 -3.107143e+00
   endloop
 endfacet
 facet normal -9.952234e-01  6.282579e-02  7.472161e-02
   outer loop
     vertex -1.620664e+00  3.437070e+00 -1.864286e+00
     vertex -1.716950e+00  3.389998e+00 -3.107143e+00
     vertex -1.736988e+00  3.072571e+00 -3.107143e+00
   endloop
 endfacet
 facet normal -9.936463e-01  9.092152e-02  6.633423e-02
   outer loop
     vertex -1.649646e+00  3.120334e+00 -1.864286e+00
     vertex -1.620664e+00  3.437070e+00 -1.864286e+00
     vertex -1.736988e+00  3.072571e+00 -3.107143e+00
   endloop
 endfacet
 facet normal -9.965923e-01 -4.796951e-02  6.710250e-02
   outer loop
     vertex -1.645450e+00  2.909401e+00 -1.864286e+00
     vertex -1.736988e+00  3.072571e+00 -3.107143e+00
     vertex -1.726845e+00  2.861840e+00 -3.107143e+00
   endloop
 endfacet
 facet normal -9.972899e-01 -1.984000e-02  7.084688e-02
   outer loop
     vertex -1.645450e+00  2.909401e+00 -1.864286e+00
     vertex -1.649646e+00  3.120334e+00 -1.864286e+00
     vertex -1.736988e+00  3.072571e+00 -3.107143e+00
   endloop
 endfacet
 facet normal -9.941939e-01 -8.573090e-02  6.502903e-02
   outer loop
     vertex -1.636872e+00  2.761194e+00 -1.864286e+00
     vertex -1.726845e+00  2.861840e+00 -3.107143e+00
     vertex -1.714090e+00  2.713934e+00 -3.107143e+00
   endloop
 endfacet
 facet normal -9.534318e-01 -2.932801e-01  7.038865e-02
   outer loop
     vertex -1.636872e+00  2.761194e+00 -1.864286e+00
     vertex -1.714090e+00  2.713934e+00 -3.107143e+00
     vertex -1.696923e+00  2.658123e+00 -3.107143e+00
   endloop
 endfacet
 facet normal -9.960565e-01 -5.764991e-02  6.743786e-02
   outer loop
     vertex -1.636872e+00  2.761194e+00 -1.864286e+00
     vertex -1.645450e+00  2.909401e+00 -1.864286e+00
     vertex -1.726845e+00  2.861840e+00 -3.107143e+00
   endloop
 endfacet
 facet normal -8.472673e-01 -5.263485e-01  7.138197e-02
   outer loop
     vertex -1.621285e+00  2.704922e+00 -1.864286e+00
     vertex -1.696923e+00  2.658123e+00 -3.107143e+00
     vertex -1.668364e+00  2.612152e+00 -3.107143e+00
   endloop
 endfacet
 facet normal -9.614476e-01 -2.663097e-01  6.853928e-02
   outer loop
     vertex -1.621285e+00  2.704922e+00 -1.864286e+00
     vertex -1.636872e+00  2.761194e+00 -1.864286e+00
     vertex -1.696923e+00  2.658123e+00 -3.107143e+00
   endloop
 endfacet
 facet normal -7.761651e-01 -6.266745e-01  6.961889e-02
   outer loop
     vertex -1.594034e+00  2.658164e+00 -1.864286e+00
     vertex -1.668364e+00  2.612152e+00 -3.107143e+00
     vertex -1.578451e+00  2.500790e+00 -3.107143e+00
   endloop
 endfacet
 facet normal -8.618503e-01 -5.022895e-01  7.013855e-02
   outer loop
     vertex -1.594034e+00  2.658164e+00 -1.864286e+00
     vertex -1.621285e+00  2.704922e+00 -1.864286e+00
     vertex -1.668364e+00  2.612152e+00 -3.107143e+00
   endloop
 endfacet
 facet normal -9.086916e-01 -4.121449e-01  6.645424e-02
   outer loop
     vertex -1.507297e+00  2.544310e+00 -1.864286e+00
     vertex -1.578451e+00  2.500790e+00 -3.107143e+00
     vertex -1.509287e+00  2.348298e+00 -3.107143e+00
   endloop
 endfacet
 facet normal -7.936928e-01 -6.046608e-01  6.661168e-02
   outer loop
     vertex -1.507297e+00  2.544310e+00 -1.864286e+00
     vertex -1.594034e+00  2.658164e+00 -1.864286e+00
     vertex -1.578451e+00  2.500790e+00 -3.107143e+00
   endloop
 endfacet
 facet normal -8.979452e-01 -4.355935e-01  6.287082e-02
   outer loop
     vertex -1.442461e+00  2.389928e+00 -1.864286e+00
     vertex -1.509287e+00  2.348298e+00 -3.107143e+00
     vertex -1.374318e+00  2.070071e+00 -3.107143e+00
   endloop
 endfacet
 facet normal -9.201933e-01 -3.864554e-01  6.242115e-02
   outer loop
     vertex -1.442461e+00  2.389928e+00 -1.864286e+00
     vertex -1.507297e+00  2.544310e+00 -1.864286e+00
     vertex -1.509287e+00  2.348298e+00 -3.107143e+00
   endloop
 endfacet
 facet normal -9.102617e-01 -4.102725e-01  5.567899e-02
   outer loop
     vertex -1.315393e+00  2.108005e+00 -1.864286e+00
     vertex -1.442461e+00  2.389928e+00 -1.864286e+00
     vertex -1.374318e+00  2.070071e+00 -3.107143e+00
   endloop
 endfacet
 facet normal -9.930558e-01  9.086749e-02  7.472161e-02
   outer loop
     vertex -1.523089e+00  3.481408e+00 -6.214286e-01
     vertex -1.620664e+00  3.437070e+00 -1.864286e+00
     vertex -1.649646e+00  3.120334e+00 -1.864286e+00
   endloop
 endfacet
 facet normal -9.972178e-01 -1.983856e-02  7.185503e-02
   outer loop
     vertex -1.560992e+00  3.165615e+00 -6.214286e-01
     vertex -1.649646e+00  3.120334e+00 -1.864286e+00
     vertex -1.645450e+00  2.909401e+00 -1.864286e+00
   endloop
 endfacet
 facet normal -9.906870e-01  1.189076e-01  6.633423e-02
   outer loop
     vertex -1.560992e+00  3.165615e+00 -6.214286e-01
     vertex -1.523089e+00  3.481408e+00 -6.214286e-01
     vertex -1.649646e+00  3.120334e+00 -1.864286e+00
   endloop
 endfacet
 facet normal -9.977790e-01  8.295565e-03  6.609334e-02
   outer loop
     vertex -1.562746e+00  2.954648e+00 -6.214286e-01
     vertex -1.560992e+00  3.165615e+00 -6.214286e-01
     vertex -1.645450e+00  2.909401e+00 -1.864286e+00
   endloop
 endfacet
 facet normal -9.962162e-01 -5.765915e-02  6.502903e-02
   outer loop
     vertex -1.558351e+00  2.806258e+00 -6.214286e-01
     vertex -1.645450e+00  2.909401e+00 -1.864286e+00
     vertex -1.636872e+00  2.761194e+00 -1.864286e+00
   endloop
 endfacet
 facet normal -9.972862e-01 -2.953680e-02  6.743786e-02
   outer loop
     vertex -1.558351e+00  2.806258e+00 -6.214286e-01
     vertex -1.562746e+00  2.954648e+00 -6.214286e-01
     vertex -1.645450e+00  2.909401e+00 -1.864286e+00
   endloop
 endfacet
 facet normal -9.614121e-01 -2.662999e-01  6.907336e-02
   outer loop
     vertex -1.544358e+00  2.749568e+00 -6.214286e-01
     vertex -1.636872e+00  2.761194e+00 -1.864286e+00
     vertex -1.621285e+00  2.704922e+00 -1.864286e+00
   endloop
 endfacet
 facet normal -9.684869e-01 -2.390678e-01  6.985472e-02
   outer loop
     vertex -1.544358e+00  2.749568e+00 -6.214286e-01
     vertex -1.558351e+00  2.806258e+00 -6.214286e-01
     vertex -1.636872e+00  2.761194e+00 -1.864286e+00
   endloop
 endfacet
 facet normal -8.618488e-01 -5.022886e-01  7.016317e-02
   outer loop
     vertex -1.518436e+00  2.702060e+00 -6.214286e-01
     vertex -1.621285e+00  2.704922e+00 -1.864286e+00
     vertex -1.594034e+00  2.658164e+00 -1.864286e+00
   endloop
 endfacet
 facet normal -8.755969e-01 -4.777429e-01  7.135736e-02
   outer loop
     vertex -1.518436e+00  2.702060e+00 -6.214286e-01
     vertex -1.544358e+00  2.749568e+00 -6.214286e-01
     vertex -1.621285e+00  2.704922e+00 -1.864286e+00
   endloop
 endfacet
 facet normal -7.937043e-01 -6.046696e-01  6.639369e-02
   outer loop
     vertex -1.434944e+00  2.585806e+00 -6.214286e-01
     vertex -1.594034e+00  2.658164e+00 -1.864286e+00
     vertex -1.507297e+00  2.544310e+00 -1.864286e+00
   endloop
 endfacet
 facet normal -8.102502e-01 -5.819084e-01  6.983675e-02
   outer loop
     vertex -1.434944e+00  2.585806e+00 -6.214286e-01
     vertex -1.518436e+00  2.702060e+00 -6.214286e-01
     vertex -1.594034e+00  2.658164e+00 -1.864286e+00
   endloop
 endfacet
 facet normal -9.201785e-01 -3.864492e-01  6.267855e-02
   outer loop
     vertex -1.374488e+00  2.429657e+00 -6.214286e-01
     vertex -1.507297e+00  2.544310e+00 -1.864286e+00
     vertex -1.442461e+00  2.389928e+00 -1.864286e+00
   endloop
 endfacet
 facet normal -9.304990e-01 -3.602631e-01  6.619703e-02
   outer loop
     vertex -1.374488e+00  2.429657e+00 -6.214286e-01
     vertex -1.434944e+00  2.585806e+00 -6.214286e-01
     vertex -1.507297e+00  2.544310e+00 -1.864286e+00
   endloop
 endfacet
 facet normal -9.102509e-01 -4.102676e-01  5.589113e-02
   outer loop
     vertex -1.255421e+00  2.144262e+00 -6.214286e-01
     vertex -1.442461e+00  2.389928e+00 -1.864286e+00
     vertex -1.315393e+00  2.108005e+00 -1.864286e+00
   endloop
 endfacet
 facet normal -9.210881e-01 -3.842793e-01  6.265893e-02
   outer loop
     vertex -1.255421e+00  2.144262e+00 -6.214286e-01
     vertex -1.374488e+00  2.429657e+00 -6.214286e-01
     vertex -1.442461e+00  2.389928e+00 -1.864286e+00
   endloop
 endfacet
 facet normal -9.900982e-01  1.188369e-01  7.472161e-02
   outer loop
     vertex -1.424303e+00  3.522976e+00  6.214286e-01
     vertex -1.523089e+00  3.481408e+00 -6.214286e-01
     vertex -1.560992e+00  3.165615e+00 -6.214286e-01
   endloop
 endfacet
 facet normal -9.973806e-01  8.292254e-03  7.185503e-02
   outer loop
     vertex -1.471097e+00  3.208378e+00  6.214286e-01
     vertex -1.560992e+00  3.165615e+00 -6.214286e-01
     vertex -1.562746e+00  2.954648e+00 -6.214286e-01
   endloop
 endfacet
 facet normal -9.869396e-01  1.467990e-01  6.633423e-02
   outer loop
     vertex -1.471097e+00  3.208378e+00  6.214286e-01
     vertex -1.424303e+00  3.522976e+00  6.214286e-01
     vertex -1.560992e+00  3.165615e+00 -6.214286e-01
   endloop
 endfacet
 facet normal -9.972224e-01 -2.953491e-02  6.837513e-02
   outer loop
     vertex -1.478800e+00  2.997545e+00  6.214286e-01
     vertex -1.562746e+00  2.954648e+00 -6.214286e-01
     vertex -1.558351e+00  2.806258e+00 -6.214286e-01
   endloop
 endfacet
 facet normal -9.971482e-01  3.643102e-02  6.609334e-02
   outer loop
     vertex -1.478800e+00  2.997545e+00  6.214286e-01
     vertex -1.471097e+00  3.208378e+00  6.214286e-01
     vertex -1.562746e+00  2.954648e+00 -6.214286e-01
   endloop
 endfacet
 facet normal -9.979431e-01 -1.400510e-03  6.409112e-02
   outer loop
     vertex -1.478591e+00  2.849089e+00  6.214286e-01
     vertex -1.478800e+00  2.997545e+00  6.214286e-01
     vertex -1.558351e+00  2.806258e+00 -6.214286e-01
   endloop
 endfacet
 facet normal -9.685397e-01 -2.390808e-01  6.907336e-02
   outer loop
     vertex -1.466202e+00  2.792028e+00  6.214286e-01
     vertex -1.558351e+00  2.806258e+00 -6.214286e-01
     vertex -1.544358e+00  2.749568e+00 -6.214286e-01
   endloop
 endfacet
 facet normal -9.748438e-01 -2.116600e-01  6.985472e-02
   outer loop
     vertex -1.466202e+00  2.792028e+00  6.214286e-01
     vertex -1.478591e+00  2.849089e+00  6.214286e-01
     vertex -1.558351e+00  2.806258e+00 -6.214286e-01
   endloop
 endfacet
 facet normal -8.756712e-01 -4.777835e-01  7.016317e-02
   outer loop
     vertex -1.441631e+00  2.743808e+00  6.214286e-01
     vertex -1.544358e+00  2.749568e+00 -6.214286e-01
     vertex -1.518436e+00  2.702060e+00 -6.214286e-01
   endloop
 endfacet
 facet normal -8.887216e-01 -4.528598e-01  7.135736e-02
   outer loop
     vertex -1.441631e+00  2.743808e+00  6.214286e-01
     vertex -1.466202e+00  2.792028e+00  6.214286e-01
     vertex -1.544358e+00  2.749568e+00 -6.214286e-01
   endloop
 endfacet
 facet normal -8.104412e-01 -5.820455e-01  6.639369e-02
   outer loop
     vertex -1.361450e+00  2.625245e+00  6.214286e-01
     vertex -1.518436e+00  2.702060e+00 -6.214286e-01
     vertex -1.434944e+00  2.585806e+00 -6.214286e-01
   endloop
 endfacet
 facet normal -8.263386e-01 -5.588267e-01  6.983675e-02
   outer loop
     vertex -1.361450e+00  2.625245e+00  6.214286e-01
     vertex -1.441631e+00  2.743808e+00  6.214286e-01
     vertex -1.518436e+00  2.702060e+00 -6.214286e-01
   endloop
 endfacet
 facet normal -9.307109e-01 -3.603452e-01  6.267855e-02
   outer loop
     vertex -1.305422e+00  2.467453e+00  6.214286e-01
     vertex -1.434944e+00  2.585806e+00 -6.214286e-01
     vertex -1.374488e+00  2.429657e+00 -6.214286e-01
   endloop
 endfacet
 facet normal -9.402888e-01 -3.338785e-01  6.619703e-02
   outer loop
     vertex -1.305422e+00  2.467453e+00  6.214286e-01
     vertex -1.361450e+00  2.625245e+00  6.214286e-01
     vertex -1.434944e+00  2.585806e+00 -6.214286e-01
   endloop
 endfacet
 facet normal -9.214590e-01 -3.844341e-01  5.589113e-02
   outer loop
     vertex -1.194450e+00  2.178814e+00  6.214286e-01
     vertex -1.374488e+00  2.429657e+00 -6.214286e-01
     vertex -1.255421e+00  2.144262e+00 -6.214286e-01
   endloop
 endfacet
 facet normal -9.315589e-01 -3.581505e-01  6.265893e-02
   outer loop
     vertex -1.194450e+00  2.178814e+00  6.214286e-01
     vertex -1.305422e+00  2.467453e+00  6.214286e-01
     vertex -1.374488e+00  2.429657e+00 -6.214286e-01
   endloop
 endfacet
 facet normal -9.863530e-01  1.467118e-01  7.472161e-02
   outer loop
     vertex -1.324384e+00  3.561742e+00  1.864286e+00
     vertex -1.424303e+00  3.522976e+00  6.214286e-01
     vertex -1.471097e+00  3.208378e+00  6.214286e-01
   endloop
 endfacet
 facet normal -9.967501e-01  3.641647e-02  7.185503e-02
   outer loop
     vertex -1.380031e+00  3.248589e+00  1.864286e+00
     vertex -1.471097e+00  3.208378e+00  6.214286e-01
     vertex -1.478800e+00  2.997545e+00  6.214286e-01
   endloop
 endfacet
 facet normal -9.824071e-01  1.745737e-01  6.633423e-02
   outer loop
     vertex -1.380031e+00  3.248589e+00  1.864286e+00
     vertex -1.324384e+00  3.561742e+00  1.864286e+00
     vertex -1.471097e+00  3.208378e+00  6.214286e-01
   endloop
 endfacet
 facet normal -9.957241e-01  6.453749e-02  6.609334e-02
   outer loop
     vertex -1.393677e+00  3.038057e+00  1.864286e+00
     vertex -1.380031e+00  3.248589e+00  1.864286e+00
     vertex -1.478800e+00  2.997545e+00  6.214286e-01
   endloop
 endfacet
 facet normal -9.978824e-01 -1.400425e-03  6.502903e-02
   outer loop
     vertex -1.397655e+00  2.889655e+00  1.864286e+00
     vertex -1.478800e+00  2.997545e+00  6.214286e-01
     vertex -1.478591e+00  2.849089e+00  6.214286e-01
   endloop
 endfacet
 facet normal -9.973651e-01  2.673752e-02  6.743786e-02
   outer loop
     vertex -1.397655e+00  2.889655e+00  1.864286e+00
     vertex -1.393677e+00  3.038057e+00  1.864286e+00
     vertex -1.478800e+00  2.997545e+00  6.214286e-01
   endloop
 endfacet
 facet normal -9.748969e-01 -2.116715e-01  6.907336e-02
   outer loop
     vertex -1.386880e+00  2.832266e+00  1.864286e+00
     vertex -1.478591e+00  2.849089e+00  6.214286e-01
     vertex -1.466202e+00  2.792028e+00  6.214286e-01
   endloop
 endfacet
 facet normal -9.804251e-01 -1.840839e-01  6.985472e-02
   outer loop
     vertex -1.386880e+00  2.832266e+00  1.864286e+00
     vertex -1.397655e+00  2.889655e+00  1.864286e+00
     vertex -1.478591e+00  2.849089e+00  6.214286e-01
   endloop
 endfacet
 facet normal -8.887971e-01 -4.528983e-01  7.016317e-02
   outer loop
     vertex -1.363678e+00  2.783372e+00  1.864286e+00
     vertex -1.466202e+00  2.792028e+00  6.214286e-01
     vertex -1.441631e+00  2.743808e+00  6.214286e-01
   endloop
 endfacet
 facet normal -9.011394e-01 -4.276165e-01  7.135736e-02
   outer loop
     vertex -1.363678e+00  2.783372e+00  1.864286e+00
     vertex -1.386880e+00  2.832266e+00  1.864286e+00
     vertex -1.466202e+00  2.792028e+00  6.214286e-01
   endloop
 endfacet
 facet normal -8.265333e-01 -5.589584e-01  6.639369e-02
   outer loop
     vertex -1.286873e+00  2.662595e+00  1.864286e+00
     vertex -1.441631e+00  2.743808e+00  6.214286e-01
     vertex -1.361450e+00  2.625245e+00  6.214286e-01
   endloop
 endfacet
 facet normal -8.417696e-01 -5.353006e-01  6.983675e-02
   outer loop
     vertex -1.286873e+00  2.662595e+00  1.864286e+00
     vertex -1.363678e+00  2.783372e+00  1.864286e+00
     vertex -1.441631e+00  2.743808e+00  6.214286e-01
   endloop
 endfacet
 facet normal -9.405029e-01 -3.339545e-01  6.267855e-02
   outer loop
     vertex -1.235317e+00  2.503286e+00  1.864286e+00
     vertex -1.361450e+00  2.625245e+00  6.214286e-01
     vertex -1.305422e+00  2.467453e+00  6.214286e-01
   endloop
 endfacet
 facet normal -9.493307e-01 -3.072282e-01  6.619703e-02
   outer loop
     vertex -1.235317e+00  2.503286e+00  1.864286e+00
     vertex -1.286873e+00  2.662595e+00  1.864286e+00
     vertex -1.361450e+00  2.625245e+00  6.214286e-01
   endloop
 endfacet
 facet normal -9.319340e-01 -3.582947e-01  5.589113e-02
   outer loop
     vertex -1.132530e+00  2.211633e+00  1.864286e+00
     vertex -1.305422e+00  2.467453e+00  6.214286e-01
     vertex -1.194450e+00  2.178814e+00  6.214286e-01
   endloop
 endfacet
 facet normal -9.412888e-01 -3.317368e-01  6.265893e-02
   outer loop
     vertex -1.132530e+00  2.211633e+00  1.864286e+00
     vertex -1.235317e+00  2.503286e+00  1.864286e+00
     vertex -1.305422e+00  2.467453e+00  6.214286e-01
   endloop
 endfacet
 facet normal -7.844144e-02  9.969099e-01 -4.195647e-03
   outer loop
     vertex -3.440187e-01  2.460812e+00  3.107143e+00
     vertex  2.499164e-02  2.484616e+00  1.864286e+00
     vertex -4.132802e-01  2.450131e+00  1.864286e+00
   endloop
 endfacet
 facet normal -5.029599e-02  9.987255e-01  4.195647e-03
   outer loop
     vertex -3.440187e-01  2.460812e+00  3.107143e+00
     vertex  9.505133e-02  2.482923e+00  3.107143e+00
     vertex  2.499164e-02  2.484616e+00  1.864286e+00
   endloop
 endfacet
 facet normal -7.708135e-01  6.328069e-01  7.349833e-02
   outer loop
     vertex  3.868309e-01  3.508302e+00  3.107143e+00
     vertex  5.886465e-01  3.754130e+00  3.107143e+00
     vertex  4.825407e-01  3.769238e+00  1.864286e+00
   endloop
 endfacet
 facet normal -7.886849e-01  6.110744e-01  6.755937e-02
   outer loop
     vertex  3.868309e-01  3.508302e+00  3.107143e+00
     vertex  4.825407e-01  3.769238e+00  1.864286e+00
     vertex  2.877380e-01  3.517815e+00  1.864286e+00
   endloop
 endfacet
 facet normal -8.516204e-01  5.198461e-01  6.710250e-02
   outer loop
     vertex  2.718742e-01  3.331397e+00  3.107143e+00
     vertex  2.877380e-01  3.517815e+00  1.864286e+00
     vertex  1.778160e-01  3.337739e+00  1.864286e+00
   endloop
 endfacet
 facet normal -8.364042e-01  5.435152e-01  7.084688e-02
   outer loop
     vertex  2.718742e-01  3.331397e+00  3.107143e+00
     vertex  3.868309e-01  3.508302e+00  3.107143e+00
     vertex  2.877380e-01  3.517815e+00  1.864286e+00
   endloop
 endfacet
 facet normal -8.708370e-01  4.872517e-01  6.502903e-02
   outer loop
     vertex  1.957609e-01  3.203938e+00  3.107143e+00
     vertex  1.778160e-01  3.337739e+00  1.864286e+00
     vertex  1.053275e-01  3.208185e+00  1.864286e+00
   endloop
 endfacet
 facet normal -9.536355e-01  2.926171e-01  7.038865e-02
   outer loop
     vertex  1.957609e-01  3.203938e+00  3.107143e+00
     vertex  1.053275e-01  3.208185e+00  1.864286e+00
     vertex  8.819872e-02  3.152362e+00  1.864286e+00
   endloop
 endfacet
 facet normal -8.566122e-01  5.115347e-01  6.743786e-02
   outer loop
     vertex  1.957609e-01  3.203938e+00  3.107143e+00
     vertex  2.718742e-01  3.331397e+00  3.107143e+00
     vertex  1.778160e-01  3.337739e+00  1.864286e+00
   endloop
 endfacet
 facet normal -9.966409e-01  4.014465e-02  7.138197e-02
   outer loop
     vertex  1.770646e-01  3.148621e+00  3.107143e+00
     vertex  8.819872e-02  3.152362e+00  1.864286e+00
     vertex  8.602055e-02  3.098287e+00  1.864286e+00
   endloop
 endfacet
 facet normal -9.451260e-01  3.194358e-01  6.853928e-02
   outer loop
     vertex  1.770646e-01  3.148621e+00  3.107143e+00
     vertex  1.957609e-01  3.203938e+00  3.107143e+00
     vertex  8.819872e-02  3.152362e+00  1.864286e+00
   endloop
 endfacet
 facet normal -9.941318e-01 -8.279654e-02  6.961889e-02
   outer loop
     vertex  1.733623e-01  3.094628e+00  3.107143e+00
     vertex  8.602055e-02  3.098287e+00  1.864286e+00
     vertex  9.789999e-02  2.955651e+00  1.864286e+00
   endloop
 endfacet
 facet normal -9.952003e-01  6.824137e-02  7.013855e-02
   outer loop
     vertex  1.733623e-01  3.094628e+00  3.107143e+00
     vertex  1.770646e-01  3.148621e+00  3.107143e+00
     vertex  8.602055e-02  3.098287e+00  1.864286e+00
   endloop
 endfacet
 facet normal -9.833498e-01  1.691360e-01  6.645424e-02
   outer loop
     vertex  1.812145e-01  2.951714e+00  3.107143e+00
     vertex  9.789999e-02  2.955651e+00  1.864286e+00
     vertex  6.951648e-02  2.790630e+00  1.864286e+00
   endloop
 endfacet
 facet normal -9.962763e-01 -5.473898e-02  6.661168e-02
   outer loop
     vertex  1.812145e-01  2.951714e+00  3.107143e+00
     vertex  1.733623e-01  3.094628e+00  3.107143e+00
     vertex  9.789999e-02  2.955651e+00  1.864286e+00
   endloop
 endfacet
 facet normal -9.876224e-01  1.436984e-01  6.287082e-02
   outer loop
     vertex  1.481885e-01  2.787560e+00  3.107143e+00
     vertex  6.951648e-02  2.790630e+00  1.864286e+00
     vertex  2.499164e-02  2.484616e+00  1.864286e+00
   endloop
 endfacet
 facet normal -9.784441e-01  1.968519e-01  6.242115e-02
   outer loop
     vertex  1.481885e-01  2.787560e+00  3.107143e+00
     vertex  1.812145e-01  2.951714e+00  3.107143e+00
     vertex  6.951648e-02  2.790630e+00  1.864286e+00
   endloop
 endfacet
 facet normal -9.835978e-01  1.715670e-01  5.567899e-02
   outer loop
     vertex  9.505133e-02  2.482923e+00  3.107143e+00
     vertex  1.481885e-01  2.787560e+00  3.107143e+00
     vertex  2.499164e-02  2.484616e+00  1.864286e+00
   endloop
 endfacet
 facet normal  9.786191e-01 -1.979620e-01 -5.581804e-02
   outer loop
     vertex  9.321109e-01  2.799190e+00  3.107143e+00
     vertex  8.389828e-01  2.338814e+00  3.107143e+00
     vertex  7.726913e-01  2.361544e+00  1.864286e+00
   endloop
 endfacet
 facet normal  9.831882e-01 -1.701768e-01 -6.618810e-02
   outer loop
     vertex  9.321109e-01  2.799190e+00  3.107143e+00
     vertex  7.726913e-01  2.361544e+00  1.864286e+00
     vertex  8.527992e-01  2.824364e+00  1.864286e+00
   endloop
 endfacet
 facet normal  9.416445e-01 -3.296635e-01 -6.802742e-02
   outer loop
     vertex  9.519772e-01  2.851185e+00  3.107143e+00
     vertex  8.527992e-01  2.824364e+00  1.864286e+00
     vertex  8.711912e-01  2.876898e+00  1.864286e+00
   endloop
 endfacet
 facet normal  9.320572e-01 -3.561202e-01 -6.669142e-02
   outer loop
     vertex  9.519772e-01  2.851185e+00  3.107143e+00
     vertex  9.321109e-01  2.799190e+00  3.107143e+00
     vertex  8.527992e-01  2.824364e+00  1.864286e+00
   endloop
 endfacet
 facet normal  9.093375e-01 -4.100839e-01 -7.026067e-02
   outer loop
     vertex  1.003473e+00  2.957283e+00  3.107143e+00
     vertex  8.711912e-01  2.876898e+00  1.864286e+00
     vertex  9.196742e-01  2.984406e+00  1.864286e+00
   endloop
 endfacet
 facet normal  8.975911e-01 -4.356528e-01 -6.735671e-02
   outer loop
     vertex  1.003473e+00  2.957283e+00  3.107143e+00
     vertex  9.519772e-01  2.851185e+00  3.107143e+00
     vertex  8.711912e-01  2.876898e+00  1.864286e+00
   endloop
 endfacet
 facet normal  9.786310e-01 -1.928855e-01 -7.125022e-02
   outer loop
     vertex  1.013797e+00  3.002850e+00  3.107143e+00
     vertex  9.196742e-01  2.984406e+00  1.864286e+00
     vertex  9.287090e-01  3.030246e+00  1.864286e+00
   endloop
 endfacet
 facet normal  9.728607e-01 -2.204208e-01 -7.040461e-02
   outer loop
     vertex  1.013797e+00  3.002850e+00  3.107143e+00
     vertex  1.003473e+00  2.957283e+00  3.107143e+00
     vertex  9.196742e-01  2.984406e+00  1.864286e+00
   endloop
 endfacet
 facet normal  9.970330e-01  3.435539e-02 -6.888334e-02
   outer loop
     vertex  1.013416e+00  3.063914e+00  3.107143e+00
     vertex  9.287090e-01  3.030246e+00  1.864286e+00
     vertex  9.266061e-01  3.091275e+00  1.864286e+00
   endloop
 endfacet
 facet normal  9.976547e-01  6.224321e-03 -6.816366e-02
   outer loop
     vertex  1.013416e+00  3.063914e+00  3.107143e+00
     vertex  1.013797e+00  3.002850e+00  3.107143e+00
     vertex  9.287090e-01  3.030246e+00  1.864286e+00
   endloop
 endfacet
 facet normal  9.781358e-01  1.963415e-01 -6.855957e-02
   outer loop
     vertex  9.793410e-01  3.262548e+00  3.107143e+00
     vertex  9.266061e-01  3.091275e+00  1.864286e+00
     vertex  8.869431e-01  3.288869e+00  1.864286e+00
   endloop
 endfacet
 facet normal  9.835198e-01  1.687191e-01 -6.498151e-02
   outer loop
     vertex  9.793410e-01  3.262548e+00  3.107143e+00
     vertex  1.013416e+00  3.063914e+00  3.107143e+00
     vertex  9.266061e-01  3.091275e+00  1.864286e+00
   endloop
 endfacet
 facet normal  9.649995e-01  2.523007e-01 -7.155648e-02
   outer loop
     vertex  9.279287e-01  3.484601e+00  3.107143e+00
     vertex  8.869431e-01  3.288869e+00  1.864286e+00
     vertex  8.292890e-01  3.509384e+00  1.864286e+00
   endloop
 endfacet
 facet normal  9.378625e-01  3.403496e-01 -6.764702e-02
   outer loop
     vertex  9.279287e-01  3.484601e+00  3.107143e+00
     vertex  8.292890e-01  3.509384e+00  1.864286e+00
     vertex  7.510259e-01  3.725045e+00  1.864286e+00
   endloop
 endfacet
 facet normal  9.720066e-01  2.250498e-01 -6.749593e-02
   outer loop
     vertex  9.279287e-01  3.484601e+00  3.107143e+00
     vertex  9.793410e-01  3.262548e+00  3.107143e+00
     vertex  8.869431e-01  3.288869e+00  1.864286e+00
   endloop
 endfacet
 facet normal  9.466547e-01  3.136217e-01 -7.406926e-02
   outer loop
     vertex  8.557786e-01  3.702383e+00  3.107143e+00
     vertex  9.279287e-01  3.484601e+00  3.107143e+00
     vertex  7.510259e-01  3.725045e+00  1.864286e+00
   endloop
 endfacet
 facet normal  9.838127e-01 -1.702849e-01 -5.581804e-02
   outer loop
     vertex  8.527992e-01  2.824364e+00  1.864286e+00
     vertex  7.726913e-01  2.361544e+00  1.864286e+00
     vertex  7.057851e-01  2.382396e+00  6.214286e-01
   endloop
 endfacet
 facet normal  9.875963e-01 -1.423818e-01 -6.618810e-02
   outer loop
     vertex  8.527992e-01  2.824364e+00  1.864286e+00
     vertex  7.057851e-01  2.382396e+00  6.214286e-01
     vertex  7.728090e-01  2.847290e+00  6.214286e-01
   endloop
 endfacet
 facet normal  9.505669e-01 -3.029767e-01 -6.802742e-02
   outer loop
     vertex  8.711912e-01  2.876898e+00  1.864286e+00
     vertex  7.728090e-01  2.847290e+00  6.214286e-01
     vertex  7.897122e-01  2.900323e+00  6.214286e-01
   endloop
 endfacet
 facet normal  9.417296e-01 -3.296933e-01 -6.669142e-02
   outer loop
     vertex  8.711912e-01  2.876898e+00  1.864286e+00
     vertex  8.527992e-01  2.824364e+00  1.864286e+00
     vertex  7.728090e-01  2.847290e+00  6.214286e-01
   endloop
 endfacet
 facet normal  9.205407e-01 -3.842762e-01 -7.026067e-02
   outer loop
     vertex  9.196742e-01  2.984406e+00  1.864286e+00
     vertex  7.897122e-01  2.900323e+00  6.214286e-01
     vertex  8.351440e-01  3.009156e+00  6.214286e-01
   endloop
 endfacet
 facet normal  9.095201e-01 -4.101662e-01 -6.735671e-02
   outer loop
     vertex  9.196742e-01  2.984406e+00  1.864286e+00
     vertex  8.711912e-01  2.876898e+00  1.864286e+00
     vertex  7.897122e-01  2.900323e+00  6.214286e-01
   endloop
 endfacet
 facet normal  9.836814e-01 -1.652100e-01 -7.125022e-02
   outer loop
     vertex  9.287090e-01  3.030246e+00  1.864286e+00
     vertex  8.351440e-01  3.009156e+00  6.214286e-01
     vertex  8.428825e-01  3.055232e+00  6.214286e-01
   endloop
 endfacet
 facet normal  9.786899e-01 -1.928971e-01 -7.040461e-02
   outer loop
     vertex  9.287090e-01  3.030246e+00  1.864286e+00
     vertex  9.196742e-01  2.984406e+00  1.864286e+00
     vertex  8.351440e-01  3.009156e+00  6.214286e-01
   endloop
 endfacet
 facet normal  9.956676e-01  6.245944e-02 -6.888334e-02
   outer loop
     vertex  9.266061e-01  3.091275e+00  1.864286e+00
     vertex  8.428825e-01  3.055232e+00  6.214286e-01
     vertex  8.390593e-01  3.116177e+00  6.214286e-01
   endloop
 endfacet
 facet normal  9.970824e-01  3.435709e-02 -6.816366e-02
   outer loop
     vertex  9.266061e-01  3.091275e+00  1.864286e+00
     vertex  9.287090e-01  3.030246e+00  1.864286e+00
     vertex  8.428825e-01  3.055232e+00  6.214286e-01
   endloop
 endfacet
 facet normal  9.722096e-01  2.238482e-01 -6.855957e-02
   outer loop
     vertex  8.869431e-01  3.288869e+00  1.864286e+00
     vertex  8.390593e-01  3.116177e+00  6.214286e-01
     vertex  7.938397e-01  3.312574e+00  6.214286e-01
   endloop
 endfacet
 facet normal  9.783705e-01  1.963887e-01 -6.498151e-02
   outer loop
     vertex  8.869431e-01  3.288869e+00  1.864286e+00
     vertex  9.266061e-01  3.091275e+00  1.864286e+00
     vertex  8.390593e-01  3.116177e+00  6.214286e-01
   endloop
 endfacet
 facet normal  9.575005e-01  2.794146e-01 -7.155648e-02
   outer loop
     vertex  8.292890e-01  3.509384e+00  1.864286e+00
     vertex  7.938397e-01  3.312574e+00  6.214286e-01
     vertex  7.299897e-01  3.531375e+00  6.214286e-01
   endloop
 endfacet
 facet normal  9.278911e-01  3.666632e-01 -6.764702e-02
   outer loop
     vertex  8.292890e-01  3.509384e+00  1.864286e+00
     vertex  7.299897e-01  3.531375e+00  6.214286e-01
     vertex  6.456757e-01  3.744743e+00  6.214286e-01
   endloop
 endfacet
 facet normal  9.652733e-01  2.523722e-01 -6.749593e-02
   outer loop
     vertex  8.292890e-01  3.509384e+00  1.864286e+00
     vertex  8.869431e-01  3.288869e+00  1.864286e+00
     vertex  7.938397e-01  3.312574e+00  6.214286e-01
   endloop
 endfacet
 facet normal  9.374336e-01  3.401939e-01 -7.406926e-02
   outer loop
     vertex  7.510259e-01  3.725045e+00  1.864286e+00
     vertex  8.292890e-01  3.509384e+00  1.864286e+00
     vertex  6.456757e-01  3.744743e+00  6.214286e-01
   endloop
 endfacet
 facet normal  9.918612e-01 -1.145478e-01 -5.558959e-02
   outer loop
     vertex  7.057851e-01  2.382396e+00  6.214286e-01
     vertex  6.383175e-01  2.401352e+00 -6.214286e-01
     vertex  6.922041e-01  2.867952e+00 -6.214286e-01
   endloop
 endfacet
 facet normal  9.588146e-01 -2.760723e-01 -6.677302e-02
   outer loop
     vertex  7.728090e-01  2.847290e+00  6.214286e-01
     vertex  6.922041e-01  2.867952e+00 -6.214286e-01
     vertex  7.076049e-01  2.921440e+00 -6.214286e-01
   endloop
 endfacet
 facet normal  9.875814e-01 -1.423797e-01 -6.641611e-02
   outer loop
     vertex  7.728090e-01  2.847290e+00  6.214286e-01
     vertex  7.057851e-01  2.382396e+00  6.214286e-01
     vertex  6.922041e-01  2.867952e+00 -6.214286e-01
   endloop
 endfacet
 facet normal  9.311831e-01 -3.582287e-01 -6.760369e-02
   outer loop
     vertex  7.897122e-01  2.900323e+00  6.214286e-01
     vertex  7.076049e-01  2.921440e+00 -6.214286e-01
     vertex  7.499494e-01  3.031511e+00 -6.214286e-01
   endloop
 endfacet
 facet normal  9.505722e-01 -3.029783e-01 -6.794584e-02
   outer loop
     vertex  7.897122e-01  2.900323e+00  6.214286e-01
     vertex  7.728090e-01  2.847290e+00  6.214286e-01
     vertex  7.076049e-01  2.921440e+00 -6.214286e-01
   endloop
 endfacet
 facet normal  9.880232e-01 -1.374134e-01 -7.019801e-02
   outer loop
     vertex  8.351440e-01  3.009156e+00  6.214286e-01
     vertex  7.499494e-01  3.031511e+00 -6.214286e-01
     vertex  7.563855e-01  3.077787e+00 -6.214286e-01
   endloop
 endfacet
 facet normal  9.205568e-01 -3.842829e-01 -7.001383e-02
   outer loop
     vertex  8.351440e-01  3.009156e+00  6.214286e-01
     vertex  7.897122e-01  2.900323e+00  6.214286e-01
     vertex  7.499494e-01  3.031511e+00 -6.214286e-01
   endloop
 endfacet
 facet normal  9.936038e-01  9.052234e-02 -6.750737e-02
   outer loop
     vertex  8.428825e-01  3.055232e+00  6.214286e-01
     vertex  7.563855e-01  3.077787e+00 -6.214286e-01
     vertex  7.508451e-01  3.138601e+00 -6.214286e-01
   endloop
 endfacet
 facet normal  9.836668e-01 -1.652076e-01 -7.145677e-02
   outer loop
     vertex  8.428825e-01  3.055232e+00  6.214286e-01
     vertex  8.351440e-01  3.009156e+00  6.214286e-01
     vertex  7.563855e-01  3.077787e+00 -6.214286e-01
   endloop
 endfacet
 facet normal  9.658022e-01  2.512528e-01 -6.401671e-02
   outer loop
     vertex  8.390593e-01  3.116177e+00  6.214286e-01
     vertex  7.508451e-01  3.138601e+00 -6.214286e-01
     vertex  7.001048e-01  3.333643e+00 -6.214286e-01
   endloop
 endfacet
 facet normal  9.956221e-01  6.245659e-02 -6.953944e-02
   outer loop
     vertex  8.390593e-01  3.116177e+00  6.214286e-01
     vertex  8.428825e-01  3.055232e+00  6.214286e-01
     vertex  7.508451e-01  3.138601e+00 -6.214286e-01
   endloop
 endfacet
 facet normal  9.495777e-01  3.064154e-01 -6.642152e-02
   outer loop
     vertex  7.938397e-01  3.312574e+00  6.214286e-01
     vertex  7.001048e-01  3.333643e+00 -6.214286e-01
     vertex  6.301097e-01  3.550558e+00 -6.214286e-01
   endloop
 endfacet
 facet normal  9.721446e-01  2.238333e-01 -6.952349e-02
   outer loop
     vertex  7.938397e-01  3.312574e+00  6.214286e-01
     vertex  8.390593e-01  3.116177e+00  6.214286e-01
     vertex  7.001048e-01  3.333643e+00 -6.214286e-01
   endloop
 endfacet
 facet normal  9.171817e-01  3.926852e-01 -6.764702e-02
   outer loop
     vertex  7.299897e-01  3.531375e+00  6.214286e-01
     vertex  6.301097e-01  3.550558e+00 -6.214286e-01
     vertex  5.398119e-01  3.761463e+00 -6.214286e-01
   endloop
 endfacet
 facet normal  9.574260e-01  2.793929e-01 -7.262973e-02
   outer loop
     vertex  7.299897e-01  3.531375e+00  6.214286e-01
     vertex  7.938397e-01  3.312574e+00  6.214286e-01
     vertex  6.301097e-01  3.550558e+00 -6.214286e-01
   endloop
 endfacet
 facet normal  9.274668e-01  3.664955e-01 -7.406926e-02
   outer loop
     vertex  6.456757e-01  3.744743e+00  6.214286e-01
     vertex  7.299897e-01  3.531375e+00  6.214286e-01
     vertex  5.398119e-01  3.761463e+00 -6.214286e-01
   endloop
 endfacet
 facet normal  9.946971e-01 -8.653037e-02 -5.558959e-02
   outer loop
     vertex  6.383175e-01  2.401352e+00 -6.214286e-01
     vertex  5.703422e-01  2.418399e+00 -1.864286e+00
     vertex  6.110485e-01  2.886333e+00 -1.864286e+00
   endloop
 endfacet
 facet normal  9.662189e-01 -2.489226e-01 -6.677302e-02
   outer loop
     vertex  6.922041e-01  2.867952e+00 -6.214286e-01
     vertex  6.110485e-01  2.886333e+00 -1.864286e+00
     vertex  6.249348e-01  2.940234e+00 -1.864286e+00
   endloop
 endfacet
 facet normal  9.912039e-01 -1.144719e-01 -6.641611e-02
   outer loop
     vertex  6.922041e-01  2.867952e+00 -6.214286e-01
     vertex  6.383175e-01  2.401352e+00 -6.214286e-01
     vertex  6.110485e-01  2.886333e+00 -1.864286e+00
   endloop
 endfacet
 facet normal  9.409153e-01 -3.318256e-01 -6.760369e-02
   outer loop
     vertex  7.076049e-01  2.921440e+00 -6.214286e-01
     vertex  6.249348e-01  2.940234e+00 -1.864286e+00
     vertex  6.641583e-01  3.051455e+00 -1.864286e+00
   endloop
 endfacet
 facet normal  9.587385e-01 -2.760504e-01 -6.794584e-02
   outer loop
     vertex  7.076049e-01  2.921440e+00 -6.214286e-01
     vertex  6.922041e-01  2.867952e+00 -6.214286e-01
     vertex  6.249348e-01  2.940234e+00 -1.864286e+00
   endloop
 endfacet
 facet normal  9.915054e-01 -1.094951e-01 -7.019801e-02
   outer loop
     vertex  7.499494e-01  3.031511e+00 -6.214286e-01
     vertex  6.641583e-01  3.051455e+00 -1.864286e+00
     vertex  6.692868e-01  3.097894e+00 -1.864286e+00
   endloop
 endfacet
 facet normal  9.310279e-01 -3.581690e-01 -7.001383e-02
   outer loop
     vertex  7.499494e-01  3.031511e+00 -6.214286e-01
     vertex  7.076049e-01  2.921440e+00 -6.214286e-01
     vertex  6.641583e-01  3.051455e+00 -1.864286e+00
   endloop
 endfacet
 facet normal  9.906557e-01  1.185073e-01 -6.750737e-02
   outer loop
     vertex  7.563855e-01  3.077787e+00 -6.214286e-01
     vertex  6.692868e-01  3.097894e+00 -1.864286e+00
     vertex  6.620335e-01  3.158527e+00 -1.864286e+00
   endloop
 endfacet
 facet normal  9.879346e-01 -1.374011e-01 -7.145677e-02
   outer loop
     vertex  7.563855e-01  3.077787e+00 -6.214286e-01
     vertex  7.499494e-01  3.031511e+00 -6.214286e-01
     vertex  6.692868e-01  3.097894e+00 -1.864286e+00
   endloop
 endfacet
 facet normal  9.583324e-01  2.783899e-01 -6.401671e-02
   outer loop
     vertex  7.508451e-01  3.138601e+00 -6.214286e-01
     vertex  6.620335e-01  3.158527e+00 -1.864286e+00
     vertex  6.058130e-01  3.352061e+00 -1.864286e+00
   endloop
 endfacet
 facet normal  9.934648e-01  9.050968e-02 -6.953944e-02
   outer loop
     vertex  7.508451e-01  3.138601e+00 -6.214286e-01
     vertex  7.563855e-01  3.077787e+00 -6.214286e-01
     vertex  6.620335e-01  3.158527e+00 -1.864286e+00
   endloop
 endfacet
 facet normal  9.405587e-01  3.330729e-01 -6.642152e-02
   outer loop
     vertex  7.001048e-01  3.333643e+00 -6.214286e-01
     vertex  6.058130e-01  3.352061e+00 -1.864286e+00
     vertex  5.297284e-01  3.566915e+00 -1.864286e+00
   endloop
 endfacet
 facet normal  9.654455e-01  2.511601e-01 -6.952349e-02
   outer loop
     vertex  7.001048e-01  3.333643e+00 -6.214286e-01
     vertex  7.508451e-01  3.138601e+00 -6.214286e-01
     vertex  6.058130e-01  3.352061e+00 -1.864286e+00
   endloop
 endfacet
 facet normal  9.057426e-01  4.183948e-01 -6.764702e-02
   outer loop
     vertex  6.301097e-01  3.550558e+00 -6.214286e-01
     vertex  5.297284e-01  3.566915e+00 -1.864286e+00
     vertex  4.335188e-01  3.775190e+00 -1.864286e+00
   endloop
 endfacet
 facet normal  9.491659e-01  3.062825e-01 -7.262973e-02
   outer loop
     vertex  6.301097e-01  3.550558e+00 -6.214286e-01
     vertex  7.001048e-01  3.333643e+00 -6.214286e-01
     vertex  5.297284e-01  3.566915e+00 -1.864286e+00
   endloop
 endfacet
 facet normal  9.167623e-01  3.925056e-01 -7.406926e-02
   outer loop
     vertex  5.398119e-01  3.761463e+00 -6.214286e-01
     vertex  6.301097e-01  3.550558e+00 -6.214286e-01
     vertex  4.335188e-01  3.775190e+00 -1.864286e+00
   endloop
 endfacet
 facet normal  9.946844e-01 -8.652926e-02 -5.581804e-02
   outer loop
     vertex  6.110485e-01  2.886333e+00 -1.864286e+00
     vertex  5.703422e-01  2.418399e+00 -1.864286e+00
     vertex  5.019131e-01  2.433521e+00 -3.107143e+00
   endloop
 endfacet
 facet normal  9.960963e-01 -5.840627e-02 -6.618810e-02
   outer loop
     vertex  6.110485e-01  2.886333e+00 -1.864286e+00
     vertex  5.019131e-01  2.433521e+00 -3.107143e+00
     vertex  5.294069e-01  2.902417e+00 -3.107143e+00
   endloop
 endfacet
 facet normal  9.727719e-01 -2.215560e-01 -6.802742e-02
   outer loop
     vertex  6.249348e-01  2.940234e+00 -1.864286e+00
     vertex  5.294069e-01  2.902417e+00 -3.107143e+00
     vertex  5.417676e-01  2.956688e+00 -3.107143e+00
   endloop
 endfacet
 facet normal  9.662242e-01 -2.489239e-01 -6.669142e-02
   outer loop
     vertex  6.249348e-01  2.940234e+00 -1.864286e+00
     vertex  6.110485e-01  2.886333e+00 -1.864286e+00
     vertex  5.294069e-01  2.902417e+00 -3.107143e+00
   endloop
 endfacet
 facet normal  9.497242e-01 -3.051023e-01 -7.026067e-02
   outer loop
     vertex  6.641583e-01  3.051455e+00 -1.864286e+00
     vertex  5.417676e-01  2.956688e+00 -3.107143e+00
     vertex  5.778389e-01  3.068971e+00 -3.107143e+00
   endloop
 endfacet
 facet normal  9.409310e-01 -3.318311e-01 -6.735671e-02
   outer loop
     vertex  6.641583e-01  3.051455e+00 -1.864286e+00
     vertex  6.249348e-01  2.940234e+00 -1.864286e+00
     vertex  5.417676e-01  2.956688e+00 -3.107143e+00
   endloop
 endfacet
 facet normal  9.941246e-01 -8.148367e-02 -7.125022e-02
   outer loop
     vertex  6.692868e-01  3.097894e+00 -1.864286e+00
     vertex  5.778389e-01  3.068971e+00 -3.107143e+00
     vertex  5.816557e-01  3.115537e+00 -3.107143e+00
   endloop
 endfacet
 facet normal  9.914910e-01 -1.094935e-01 -7.040461e-02
   outer loop
     vertex  6.692868e-01  3.097894e+00 -1.864286e+00
     vertex  6.641583e-01  3.051455e+00 -1.864286e+00
     vertex  5.778389e-01  3.068971e+00 -3.107143e+00
   endloop
 endfacet
 facet normal  9.868266e-01  1.463843e-01 -6.888334e-02
   outer loop
     vertex  6.620335e-01  3.158527e+00 -1.864286e+00
     vertex  5.816557e-01  3.115537e+00 -3.107143e+00
     vertex  5.726954e-01  3.175941e+00 -3.107143e+00
   endloop
 endfacet
 facet normal  9.906114e-01  1.185020e-01 -6.816366e-02
   outer loop
     vertex  6.620335e-01  3.158527e+00 -1.864286e+00
     vertex  6.692868e-01  3.097894e+00 -1.864286e+00
     vertex  5.816557e-01  3.115537e+00 -3.107143e+00
   endloop
 endfacet
 facet normal  9.498129e-01  3.052131e-01 -6.855957e-02
   outer loop
     vertex  6.058130e-01  3.352061e+00 -1.864286e+00
     vertex  5.726954e-01  3.175941e+00 -3.107143e+00
     vertex  5.110392e-01  3.367813e+00 -3.107143e+00
   endloop
 endfacet
 facet normal  9.582725e-01  2.783725e-01 -6.498151e-02
   outer loop
     vertex  6.058130e-01  3.352061e+00 -1.864286e+00
     vertex  6.620335e-01  3.158527e+00 -1.864286e+00
     vertex  5.726954e-01  3.175941e+00 -3.107143e+00
   endloop
 endfacet
 facet normal  9.304602e-01  3.593376e-01 -7.155648e-02
   outer loop
     vertex  5.297284e-01  3.566915e+00 -1.864286e+00
     vertex  5.110392e-01  3.367813e+00 -3.107143e+00
     vertex  4.289257e-01  3.580436e+00 -3.107143e+00
   endloop
 endfacet
 facet normal  9.404907e-01  3.330489e-01 -6.749593e-02
   outer loop
     vertex  5.297284e-01  3.566915e+00 -1.864286e+00
     vertex  6.058130e-01  3.352061e+00 -1.864286e+00
     vertex  5.110392e-01  3.367813e+00 -3.107143e+00
   endloop
 endfacet
 facet normal  8.932572e-01  4.436098e-01 -7.281432e-02
   outer loop
     vertex  4.335188e-01  3.775190e+00 -1.864286e+00
     vertex  4.289257e-01  3.580436e+00 -3.107143e+00
     vertex  3.268807e-01  3.785915e+00 -3.107143e+00
   endloop
 endfacet
 facet normal  9.056646e-01  4.183588e-01 -6.890335e-02
   outer loop
     vertex  4.335188e-01  3.775190e+00 -1.864286e+00
     vertex  5.297284e-01  3.566915e+00 -1.864286e+00
     vertex  4.289257e-01  3.580436e+00 -3.107143e+00
   endloop
 endfacet
 facet normal -8.371553e-01  5.420046e-01  7.349833e-02
   outer loop
     vertex -1.059766e-02  3.529547e+00 -1.864286e+00
     vertex  1.622592e-01  3.796534e+00 -1.864286e+00
     vertex  5.512711e-02  3.799600e+00 -3.107143e+00
   endloop
 endfacet
 facet normal -8.524664e-01  5.183983e-01  6.755937e-02
   outer loop
     vertex -1.059766e-02  3.529547e+00 -1.864286e+00
     vertex  5.512711e-02  3.799600e+00 -3.107143e+00
     vertex -1.101316e-01  3.527845e+00 -3.107143e+00
   endloop
 endfacet
 facet normal -9.047312e-01  4.206646e-01  6.710250e-02
   outer loop
     vertex -1.049073e-01  3.340826e+00 -1.864286e+00
     vertex -1.101316e-01  3.527845e+00 -3.107143e+00
     vertex -1.990815e-01  3.336538e+00 -3.107143e+00
   endloop
 endfacet
 facet normal -9.199498e-01  3.860274e-01  6.837513e-02
   outer loop
     vertex -1.049073e-01  3.340826e+00 -1.864286e+00
     vertex -1.990815e-01  3.336538e+00 -3.107143e+00
     vertex -2.565238e-01  3.199647e+00 -3.107143e+00
   endloop
 endfacet
 facet normal -8.922764e-01  4.458963e-01  7.084688e-02
   outer loop
     vertex -1.049073e-01  3.340826e+00 -1.864286e+00
     vertex -1.059766e-02  3.529547e+00 -1.864286e+00
     vertex -1.101316e-01  3.527845e+00 -3.107143e+00
   endloop
 endfacet
 facet normal -9.805160e-01  1.833952e-01  7.038865e-02
   outer loop
     vertex -1.661873e-01  3.205608e+00 -1.864286e+00
     vertex -2.565238e-01  3.199647e+00 -3.107143e+00
     vertex -2.672591e-01  3.142251e+00 -3.107143e+00
   endloop
 endfacet
 facet normal -9.089564e-01  4.119351e-01  6.409112e-02
   outer loop
     vertex -1.661873e-01  3.205608e+00 -1.864286e+00
     vertex -1.049073e-01  3.340826e+00 -1.864286e+00
     vertex -2.565238e-01  3.199647e+00 -3.107143e+00
   endloop
 endfacet
 facet normal -9.948243e-01 -7.231372e-02  7.138197e-02
   outer loop
     vertex -1.785370e-01  3.148538e+00 -1.864286e+00
     vertex -2.672591e-01  3.142251e+00 -3.107143e+00
     vertex -2.633355e-01  3.088274e+00 -3.107143e+00
   endloop
 endfacet
 facet normal -9.750799e-01  2.110014e-01  6.853928e-02
   outer loop
     vertex -1.785370e-01  3.148538e+00 -1.864286e+00
     vertex -1.661873e-01  3.205608e+00 -1.864286e+00
     vertex -2.672591e-01  3.142251e+00 -3.107143e+00
   endloop
 endfacet
 facet normal -9.784902e-01 -1.941908e-01  6.961889e-02
   outer loop
     vertex -1.761372e-01  3.094472e+00 -1.864286e+00
     vertex -2.633355e-01  3.088274e+00 -3.107143e+00
     vertex -2.354735e-01  2.947882e+00 -3.107143e+00
   endloop
 endfacet
 facet normal -9.965561e-01 -4.423344e-02  7.013855e-02
   outer loop
     vertex -1.761372e-01  3.094472e+00 -1.864286e+00
     vertex -1.785370e-01  3.148538e+00 -1.864286e+00
     vertex -2.633355e-01  3.088274e+00 -3.107143e+00
   endloop
 endfacet
 facet normal -9.961397e-01  5.735386e-02  6.645424e-02
   outer loop
     vertex -1.522455e-01  2.953350e+00 -1.864286e+00
     vertex -2.354735e-01  2.947882e+00 -3.107143e+00
     vertex -2.450983e-01  2.780715e+00 -3.107143e+00
   endloop
 endfacet
 facet normal -9.837799e-01 -1.665531e-01  6.661168e-02
   outer loop
     vertex -1.522455e-01  2.953350e+00 -1.864286e+00
     vertex -1.761372e-01  3.094472e+00 -1.864286e+00
     vertex -2.354735e-01  2.947882e+00 -3.107143e+00
   endloop
 endfacet
 facet normal -9.975214e-01  3.159702e-02  6.287082e-02
   outer loop
     vertex -1.665808e-01  2.786521e+00 -1.864286e+00
     vertex -2.450983e-01  2.780715e+00 -3.107143e+00
     vertex -2.548886e-01  2.471634e+00 -3.107143e+00
   endloop
 endfacet
 facet normal -9.943855e-01  8.544587e-02  6.242115e-02
   outer loop
     vertex -1.665808e-01  2.786521e+00 -1.864286e+00
     vertex -1.522455e-01  2.953350e+00 -1.864286e+00
     vertex -2.450983e-01  2.780715e+00 -3.107143e+00
   endloop
 endfacet
 facet normal -9.966598e-01  5.974149e-02  5.567899e-02
   outer loop
     vertex -1.850838e-01  2.477839e+00 -1.864286e+00
     vertex -1.665808e-01  2.786521e+00 -1.864286e+00
     vertex -2.548886e-01  2.471634e+00 -3.107143e+00
   endloop
 endfacet
 facet normal -8.370790e-01  5.419552e-01  7.472161e-02
   outer loop
     vertex  2.692622e-01  3.790448e+00 -6.214286e-01
     vertex  1.622592e-01  3.796534e+00 -1.864286e+00
     vertex -1.059766e-02  3.529547e+00 -1.864286e+00
   endloop
 endfacet
 facet normal -8.922119e-01  4.458640e-01  7.185503e-02
   outer loop
     vertex  8.894470e-02  3.528443e+00 -6.214286e-01
     vertex -1.059766e-02  3.529547e+00 -1.864286e+00
     vertex -1.049073e-01  3.340826e+00 -1.864286e+00
   endloop
 endfacet
 facet normal -8.219507e-01  5.656826e-01  6.633423e-02
   outer loop
     vertex  8.894470e-02  3.528443e+00 -6.214286e-01
     vertex  2.692622e-01  3.790448e+00 -6.214286e-01
     vertex -1.059766e-02  3.529547e+00 -1.864286e+00
   endloop
 endfacet
 facet normal -8.796343e-01  4.710364e-01  6.609334e-02
   outer loop
     vertex -1.064969e-02  3.342456e+00 -6.214286e-01
     vertex  8.894470e-02  3.528443e+00 -6.214286e-01
     vertex -1.049073e-01  3.340826e+00 -1.864286e+00
   endloop
 endfacet
 facet normal -9.089011e-01  4.119101e-01  6.502903e-02
   outer loop
     vertex -7.571860e-02  3.209020e+00 -6.214286e-01
     vertex -1.049073e-01  3.340826e+00 -1.864286e+00
     vertex -1.661873e-01  3.205608e+00 -1.864286e+00
   endloop
 endfacet
 facet normal -8.967795e-01  4.373085e-01  6.743786e-02
   outer loop
     vertex -7.571860e-02  3.209020e+00 -6.214286e-01
     vertex -1.064969e-02  3.342456e+00 -6.214286e-01
     vertex -1.049073e-01  3.340826e+00 -1.864286e+00
   endloop
 endfacet
 facet normal -9.750439e-01  2.109937e-01  6.907336e-02
   outer loop
     vertex -8.967284e-02  3.152321e+00 -6.214286e-01
     vertex -1.661873e-01  3.205608e+00 -1.864286e+00
     vertex -1.785370e-01  3.148538e+00 -1.864286e+00
   endloop
 endfacet
 facet normal -9.686529e-01  2.383943e-01  6.985472e-02
   outer loop
     vertex -8.967284e-02  3.152321e+00 -6.214286e-01
     vertex -7.571860e-02  3.209020e+00 -6.214286e-01
     vertex -1.661873e-01  3.205608e+00 -1.864286e+00
   endloop
 endfacet
 facet normal -9.965543e-01 -4.423337e-02  7.016317e-02
   outer loop
     vertex -8.879874e-02  3.098208e+00 -6.214286e-01
     vertex -1.785370e-01  3.148538e+00 -1.864286e+00
     vertex -1.761372e-01  3.094472e+00 -1.864286e+00
   endloop
 endfacet
 facet normal -9.973207e-01 -1.611019e-02  7.135736e-02
   outer loop
     vertex -8.879874e-02  3.098208e+00 -6.214286e-01
     vertex -8.967284e-02  3.152321e+00 -6.214286e-01
     vertex -1.785370e-01  3.148538e+00 -1.864286e+00
   endloop
 endfacet
 facet normal -9.837943e-01 -1.665555e-01  6.639369e-02
   outer loop
     vertex -6.889635e-02  2.956469e+00 -6.214286e-01
     vertex -1.761372e-01  3.094472e+00 -1.864286e+00
     vertex -1.522455e-01  2.953350e+00 -1.864286e+00
   endloop
 endfacet
 facet normal -9.878673e-01 -1.387122e-01  6.983675e-02
   outer loop
     vertex -6.889635e-02  2.956469e+00 -6.214286e-01
     vertex -8.879874e-02  3.098208e+00 -6.214286e-01
     vertex -1.761372e-01  3.094472e+00 -1.864286e+00
   endloop
 endfacet
 facet normal -9.943695e-01  8.544449e-02  6.267855e-02
   outer loop
     vertex -8.793080e-02  2.790111e+00 -6.214286e-01
     vertex -1.522455e-01  2.953350e+00 -1.864286e+00
     vertex -1.665808e-01  2.786521e+00 -1.864286e+00
   endloop
 endfacet
 facet normal -9.913386e-01  1.134273e-01  6.619703e-02
   outer loop
     vertex -8.793080e-02  2.790111e+00 -6.214286e-01
     vertex -6.889635e-02  2.956469e+00 -6.214286e-01
     vertex -1.522455e-01  2.953350e+00 -1.864286e+00
   endloop
 endfacet
 facet normal -9.966480e-01  5.974078e-02  5.589113e-02
   outer loop
     vertex -1.151316e-01  2.482073e+00 -6.214286e-01
     vertex -1.665808e-01  2.786521e+00 -1.864286e+00
     vertex -1.850838e-01  2.477839e+00 -1.864286e+00
   endloop
 endfacet
 facet normal -9.941665e-01  8.778853e-02  6.265893e-02
   outer loop
     vertex -1.151316e-01  2.482073e+00 -6.214286e-01
     vertex -8.793080e-02  2.790111e+00 -6.214286e-01
     vertex -1.665808e-01  2.786521e+00 -1.864286e+00
   endloop
 endfacet
 facet normal -8.052653e-01  5.883416e-01  7.349833e-02
   outer loop
     vertex  1.884163e-01  3.524531e+00  6.214286e-01
     vertex  3.760510e-01  3.781347e+00  6.214286e-01
     vertex  2.692622e-01  3.790448e+00 -6.214286e-01
   endloop
 endfacet
 facet normal -8.218830e-01  5.656360e-01  6.755937e-02
   outer loop
     vertex  1.884163e-01  3.524531e+00  6.214286e-01
     vertex  2.692622e-01  3.790448e+00 -6.214286e-01
     vertex  8.894470e-02  3.528443e+00 -6.214286e-01
   endloop
 endfacet
 facet normal -8.795749e-01  4.710046e-01  6.710250e-02
   outer loop
     vertex  8.361643e-02  3.341426e+00  6.214286e-01
     vertex  8.894470e-02  3.528443e+00 -6.214286e-01
     vertex -1.064969e-02  3.342456e+00 -6.214286e-01
   endloop
 endfacet
 facet normal -8.967221e-01  4.372805e-01  6.837513e-02
   outer loop
     vertex  8.361643e-02  3.341426e+00  6.214286e-01
     vertex -1.064969e-02  3.342456e+00 -6.214286e-01
     vertex -7.571860e-02  3.209020e+00 -6.214286e-01
   endloop
 endfacet
 facet normal -8.657174e-01  4.954939e-01  7.084688e-02
   outer loop
     vertex  8.361643e-02  3.341426e+00  6.214286e-01
     vertex  1.884163e-01  3.524531e+00  6.214286e-01
     vertex  8.894470e-02  3.528443e+00 -6.214286e-01
   endloop
 endfacet
 facet normal -9.686165e-01  2.383854e-01  7.038865e-02
   outer loop
     vertex  1.481034e-02  3.209879e+00  6.214286e-01
     vertex -7.571860e-02  3.209020e+00 -6.214286e-01
     vertex -8.967284e-02  3.152321e+00 -6.214286e-01
   endloop
 endfacet
 facet normal -8.842856e-01  4.625272e-01  6.409112e-02
   outer loop
     vertex  1.481034e-02  3.209879e+00  6.214286e-01
     vertex  8.361643e-02  3.341426e+00  6.214286e-01
     vertex -7.571860e-02  3.209020e+00 -6.214286e-01
   endloop
 endfacet
 facet normal -9.973189e-01 -1.611016e-02  7.138197e-02
   outer loop
     vertex -7.373544e-04  3.153596e+00  6.214286e-01
     vertex -8.967284e-02  3.152321e+00 -6.214286e-01
     vertex -8.879874e-02  3.098208e+00 -6.214286e-01
   endloop
 endfacet
 facet normal -9.616325e-01  2.656412e-01  6.853928e-02
   outer loop
     vertex -7.373544e-04  3.153596e+00  6.214286e-01
     vertex  1.481034e-02  3.209879e+00  6.214286e-01
     vertex -8.967284e-02  3.152321e+00 -6.214286e-01
   endloop
 endfacet
 facet normal -9.878824e-01 -1.387143e-01  6.961889e-02
   outer loop
     vertex -1.389645e-03  3.099480e+00  6.214286e-01
     vertex -8.879874e-02  3.098208e+00 -6.214286e-01
     vertex -6.889635e-02  2.956469e+00 -6.214286e-01
   endloop
 endfacet
 facet normal -9.974648e-01  1.202309e-02  7.013855e-02
   outer loop
     vertex -1.389645e-03  3.099480e+00  6.214286e-01
     vertex -7.373544e-04  3.153596e+00  6.214286e-01
     vertex -8.879874e-02  3.098208e+00 -6.214286e-01
   endloop
 endfacet
 facet normal -9.913216e-01  1.134253e-01  6.645424e-02
   outer loop
     vertex  1.450759e-02  2.957236e+00  6.214286e-01
     vertex -6.889635e-02  2.956469e+00 -6.214286e-01
     vertex -8.793080e-02  2.790111e+00 -6.214286e-01
   endloop
 endfacet
 facet normal -9.916054e-01 -1.108223e-01  6.661168e-02
   outer loop
     vertex  1.450759e-02  2.957236e+00  6.214286e-01
     vertex -1.389645e-03  3.099480e+00  6.214286e-01
     vertex -6.889635e-02  2.956469e+00 -6.214286e-01
   endloop
 endfacet
 facet normal -9.941532e-01  8.778735e-02  6.287082e-02
   outer loop
     vertex -9.210823e-03  2.791481e+00  6.214286e-01
     vertex -8.793080e-02  2.790111e+00 -6.214286e-01
     vertex -1.151316e-01  2.482073e+00 -6.214286e-01
   endloop
 endfacet
 facet normal -9.879864e-01  1.413738e-01  6.242115e-02
   outer loop
     vertex -9.210823e-03  2.791481e+00  6.214286e-01
     vertex  1.450759e-02  2.957236e+00  6.214286e-01
     vertex -8.793080e-02  2.790111e+00 -6.214286e-01
   endloop
 endfacet
 facet normal -9.917063e-01  1.158385e-01  5.567899e-02
   outer loop
     vertex -4.508793e-02  2.484333e+00  6.214286e-01
     vertex -9.210823e-03  2.791481e+00  6.214286e-01
     vertex -1.151316e-01  2.482073e+00 -6.214286e-01
   endloop
 endfacet
 facet normal -7.883530e-01  6.108172e-01  7.349833e-02
   outer loop
     vertex  2.877380e-01  3.517815e+00  1.864286e+00
     vertex  4.825407e-01  3.769238e+00  1.864286e+00
     vertex  3.760510e-01  3.781347e+00  6.214286e-01
   endloop
 endfacet
 facet normal -8.056044e-01  5.885893e-01  6.755937e-02
   outer loop
     vertex  2.877380e-01  3.517815e+00  1.864286e+00
     vertex  3.760510e-01  3.781347e+00  6.214286e-01
     vertex  1.884163e-01  3.524531e+00  6.214286e-01
   endloop
 endfacet
 facet normal -8.659420e-01  4.956225e-01  6.710250e-02
   outer loop
     vertex  1.778160e-01  3.337739e+00  1.864286e+00
     vertex  1.884163e-01  3.524531e+00  6.214286e-01
     vertex  8.361643e-02  3.341426e+00  6.214286e-01
   endloop
 endfacet
 facet normal -8.840336e-01  4.623954e-01  6.837513e-02
   outer loop
     vertex  1.778160e-01  3.337739e+00  1.864286e+00
     vertex  8.361643e-02  3.341426e+00  6.214286e-01
     vertex  1.481034e-02  3.209879e+00  6.214286e-01
   endloop
 endfacet
 facet normal -8.513994e-01  5.197112e-01  7.084688e-02
   outer loop
     vertex  1.778160e-01  3.337739e+00  1.864286e+00
     vertex  2.877380e-01  3.517815e+00  1.864286e+00
     vertex  1.884163e-01  3.524531e+00  6.214286e-01
   endloop
 endfacet
 facet normal -9.615084e-01  2.656069e-01  7.038865e-02
   outer loop
     vertex  1.053275e-01  3.208185e+00  1.864286e+00
     vertex  1.481034e-02  3.209879e+00  6.214286e-01
     vertex -7.373544e-04  3.153596e+00  6.214286e-01
   endloop
 endfacet
 facet normal -8.708899e-01  4.872813e-01  6.409112e-02
   outer loop
     vertex  1.053275e-01  3.208185e+00  1.864286e+00
     vertex  1.778160e-01  3.337739e+00  1.864286e+00
     vertex  1.481034e-02  3.209879e+00  6.214286e-01
   endloop
 endfacet
 facet normal -9.973766e-01  1.202203e-02  7.138197e-02
   outer loop
     vertex  8.819872e-02  3.152362e+00  1.864286e+00
     vertex -7.373544e-04  3.153596e+00  6.214286e-01
     vertex -1.389645e-03  3.099480e+00  6.214286e-01
   endloop
 endfacet
 facet normal -9.537586e-01  2.926549e-01  6.853928e-02
   outer loop
     vertex  8.819872e-02  3.152362e+00  1.864286e+00
     vertex  1.053275e-01  3.208185e+00  1.864286e+00
     vertex -7.373544e-04  3.153596e+00  6.214286e-01
   endloop
 endfacet
 facet normal -9.914014e-01 -1.107995e-01  6.961889e-02
   outer loop
     vertex  8.602055e-02  3.098287e+00  1.864286e+00
     vertex -1.389645e-03  3.099480e+00  6.214286e-01
     vertex  1.450759e-02  2.957236e+00  6.214286e-01
   endloop
 endfacet
 facet normal -9.967290e-01  4.014820e-02  7.013855e-02
   outer loop
     vertex  8.602055e-02  3.098287e+00  1.864286e+00
     vertex  8.819872e-02  3.152362e+00  1.864286e+00
     vertex -1.389645e-03  3.099480e+00  6.214286e-01
   endloop
 endfacet
 facet normal -9.877286e-01  1.413369e-01  6.645424e-02
   outer loop
     vertex  9.789999e-02  2.955651e+00  1.864286e+00
     vertex  1.450759e-02  2.957236e+00  6.214286e-01
     vertex -9.210823e-03  2.791481e+00  6.214286e-01
   endloop
 endfacet
 facet normal -9.943364e-01 -8.281358e-02  6.661168e-02
   outer loop
     vertex  9.789999e-02  2.955651e+00  1.864286e+00
     vertex  8.602055e-02  3.098287e+00  1.864286e+00
     vertex  1.450759e-02  2.957236e+00  6.214286e-01
   endloop
 endfacet
 facet normal -9.912821e-01  1.157889e-01  6.287082e-02
   outer loop
     vertex  6.951648e-02  2.790630e+00  1.864286e+00
     vertex -9.210823e-03  2.791481e+00  6.214286e-01
     vertex -4.508793e-02  2.484333e+00  6.214286e-01
   endloop
 endfacet
 facet normal -9.836065e-01  1.691801e-01  6.242115e-02
   outer loop
     vertex  6.951648e-02  2.790630e+00  1.864286e+00
     vertex  9.789999e-02  2.955651e+00  1.864286e+00
     vertex -9.210823e-03  2.791481e+00  6.214286e-01
   endloop
 endfacet
 facet normal -9.880450e-01  1.437599e-01  5.567899e-02
   outer loop
     vertex  2.499164e-02  2.484616e+00  1.864286e+00
     vertex  6.951648e-02  2.790630e+00  1.864286e+00
     vertex -4.508793e-02  2.484333e+00  6.214286e-01
   endloop
 endfacet
 facet normal  3.938307e-01  9.191734e-01 -4.195647e-03
   outer loop
     vertex  8.389828e-01  2.338814e+00  3.107143e+00
     vertex  1.176788e+00  2.188404e+00  1.864286e+00
     vertex  7.726913e-01  2.361544e+00  1.864286e+00
   endloop
 endfacet
 facet normal  4.195960e-01  9.077013e-01  4.195647e-03
   outer loop
     vertex  8.389828e-01  2.338814e+00  3.107143e+00
     vertex  1.238036e+00  2.154347e+00  3.107143e+00
     vertex  1.176788e+00  2.188404e+00  1.864286e+00
   endloop
 endfacet
 facet normal -3.884414e-01  9.185376e-01  7.349833e-02
   outer loop
     vertex  1.972911e+00  2.926677e+00  3.107143e+00
     vertex  2.265852e+00  3.050560e+00  3.107143e+00
     vertex  2.178921e+00  3.113247e+00  1.864286e+00
   endloop
 endfacet
 facet normal -4.143654e-01  9.075996e-01  6.755937e-02
   outer loop
     vertex  1.972911e+00  2.926677e+00  3.107143e+00
     vertex  2.178921e+00  3.113247e+00  1.864286e+00
     vertex  1.889590e+00  2.981152e+00  1.864286e+00
   endloop
 endfacet
 facet normal -5.124879e-01  8.560686e-01  6.710250e-02
   outer loop
     vertex  1.788910e+00  2.823459e+00  3.107143e+00
     vertex  1.889590e+00  2.981152e+00  1.864286e+00
     vertex  1.708573e+00  2.872786e+00  1.864286e+00
   endloop
 endfacet
 facet normal -5.445286e-01  8.359506e-01  6.837513e-02
   outer loop
     vertex  1.788910e+00  2.823459e+00  3.107143e+00
     vertex  1.708573e+00  2.872786e+00  1.864286e+00
     vertex  1.584181e+00  2.791758e+00  1.864286e+00
   endloop
 endfacet
 facet normal -4.880151e-01  8.699552e-01  7.084688e-02
   outer loop
     vertex  1.788910e+00  2.823459e+00  3.107143e+00
     vertex  1.972911e+00  2.926677e+00  3.107143e+00
     vertex  1.889590e+00  2.981152e+00  1.864286e+00
   endloop
 endfacet
 facet normal -7.084164e-01  7.022761e-01  7.038865e-02
   outer loop
     vertex  1.662282e+00  2.745972e+00  3.107143e+00
     vertex  1.584181e+00  2.791758e+00  1.864286e+00
     vertex  1.543072e+00  2.750290e+00  1.864286e+00
   endloop
 endfacet
 facet normal -5.208855e-01  8.512171e-01  6.409112e-02
   outer loop
     vertex  1.662282e+00  2.745972e+00  3.107143e+00
     vertex  1.788910e+00  2.823459e+00  3.107143e+00
     vertex  1.584181e+00  2.791758e+00  1.864286e+00
   endloop
 endfacet
 facet normal -8.638255e-01  4.987084e-01  7.138197e-02
   outer loop
     vertex  1.620020e+00  2.705679e+00  3.107143e+00
     vertex  1.543072e+00  2.750290e+00  1.864286e+00
     vertex  1.516013e+00  2.703421e+00  1.864286e+00
   endloop
 endfacet
 facet normal -6.884183e-01  7.220683e-01  6.853928e-02
   outer loop
     vertex  1.620020e+00  2.705679e+00  3.107143e+00
     vertex  1.662282e+00  2.745972e+00  3.107143e+00
     vertex  1.543072e+00  2.750290e+00  1.864286e+00
   endloop
 endfacet
 facet normal -9.187374e-01  3.886834e-01  6.961889e-02
   outer loop
     vertex  1.591650e+00  2.659592e+00  3.107143e+00
     vertex  1.516013e+00  2.703421e+00  1.864286e+00
     vertex  1.460246e+00  2.571603e+00  1.864286e+00
   endloop
 endfacet
 facet normal -8.494928e-01  5.229174e-01  7.013855e-02
   outer loop
     vertex  1.591650e+00  2.659592e+00  3.107143e+00
     vertex  1.620020e+00  2.705679e+00  3.107143e+00
     vertex  1.516013e+00  2.703421e+00  1.864286e+00
   endloop
 endfacet
 facet normal -7.921116e-01  6.067479e-01  6.645424e-02
   outer loop
     vertex  1.532188e+00  2.529399e+00  3.107143e+00
     vertex  1.460246e+00  2.571603e+00  1.864286e+00
     vertex  1.358424e+00  2.438675e+00  1.864286e+00
   endloop
 endfacet
 facet normal -9.075974e-01  4.145237e-01  6.661168e-02
   outer loop
     vertex  1.532188e+00  2.529399e+00  3.107143e+00
     vertex  1.591650e+00  2.659592e+00  3.107143e+00
     vertex  1.460246e+00  2.571603e+00  1.864286e+00
   endloop
 endfacet
 facet normal -8.077162e-01  5.862096e-01  6.287082e-02
   outer loop
     vertex  1.426658e+00  2.399395e+00  3.107143e+00
     vertex  1.358424e+00  2.438675e+00  1.864286e+00
     vertex  1.176788e+00  2.188404e+00  1.864286e+00
   endloop
 endfacet
 facet normal -7.748876e-01  6.290094e-01  6.242115e-02
   outer loop
     vertex  1.426658e+00  2.399395e+00  3.107143e+00
     vertex  1.532188e+00  2.529399e+00  3.107143e+00
     vertex  1.358424e+00  2.438675e+00  1.864286e+00
   endloop
 endfacet
 facet normal -7.912015e-01  6.090157e-01  5.567899e-02
   outer loop
     vertex  1.238036e+00  2.154347e+00  3.107143e+00
     vertex  1.426658e+00  2.399395e+00  3.107143e+00
     vertex  1.176788e+00  2.188404e+00  1.864286e+00
   endloop
 endfacet
 facet normal  7.745266e-01 -6.300737e-01 -5.581804e-02
   outer loop
     vertex  2.126192e+00  2.045386e+00  3.107143e+00
     vertex  1.829783e+00  1.681022e+00  3.107143e+00
     vertex  1.781648e+00  1.731956e+00  1.864286e+00
   endloop
 endfacet
 facet normal  7.914848e-01 -6.075944e-01 -6.618810e-02
   outer loop
     vertex  2.126192e+00  2.045386e+00  3.107143e+00
     vertex  1.781648e+00  1.731956e+00  1.864286e+00
     vertex  2.067663e+00  2.104534e+00  1.864286e+00
   endloop
 endfacet
 facet normal  6.805825e-01 -7.295065e-01 -6.802742e-02
   outer loop
     vertex  2.167946e+00  2.082193e+00  3.107143e+00
     vertex  2.067663e+00  2.104534e+00  1.864286e+00
     vertex  2.108363e+00  2.142504e+00  1.864286e+00
   endloop
 endfacet
 facet normal  6.597984e-01 -7.484774e-01 -6.669142e-02
   outer loop
     vertex  2.167946e+00  2.082193e+00  3.107143e+00
     vertex  2.126192e+00  2.045386e+00  3.107143e+00
     vertex  2.067663e+00  2.104534e+00  1.864286e+00
   endloop
 endfacet
 facet normal  6.146029e-01 -7.857014e-01 -7.026067e-02
   outer loop
     vertex  2.262849e+00  2.152207e+00  3.107143e+00
     vertex  2.108363e+00  2.142504e+00  1.864286e+00
     vertex  2.201254e+00  2.215167e+00  1.864286e+00
   endloop
 endfacet
 facet normal  5.923195e-01 -8.028828e-01 -6.735671e-02
   outer loop
     vertex  2.262849e+00  2.152207e+00  3.107143e+00
     vertex  2.167946e+00  2.082193e+00  3.107143e+00
     vertex  2.108363e+00  2.142504e+00  1.864286e+00
   endloop
 endfacet
 facet normal  7.768963e-01 -6.255841e-01 -7.125022e-02
   outer loop
     vertex  2.293167e+00  2.187757e+00  3.107143e+00
     vertex  2.201254e+00  2.215167e+00  1.864286e+00
     vertex  2.230557e+00  2.251557e+00  1.864286e+00
   endloop
 endfacet
 facet normal  7.589907e-01 -6.472838e-01 -7.040461e-02
   outer loop
     vertex  2.293167e+00  2.187757e+00  3.107143e+00
     vertex  2.262849e+00  2.152207e+00  3.107143e+00
     vertex  2.201254e+00  2.215167e+00  1.864286e+00
   endloop
 endfacet
 facet normal  8.987946e-01 -4.329241e-01 -6.888334e-02
   outer loop
     vertex  2.321207e+00  2.242004e+00  3.107143e+00
     vertex  2.230557e+00  2.251557e+00  1.864286e+00
     vertex  2.257056e+00  2.306573e+00  1.864286e+00
   endloop
 endfacet
 facet normal  8.862720e-01 -4.581219e-01 -6.816366e-02
   outer loop
     vertex  2.321207e+00  2.242004e+00  3.107143e+00
     vertex  2.293167e+00  2.187757e+00  3.107143e+00
     vertex  2.230557e+00  2.251557e+00  1.864286e+00
   endloop
 endfacet
 facet normal  9.573407e-01 -2.807106e-01 -6.855957e-02
   outer loop
     vertex  2.383345e+00  2.433720e+00  3.107143e+00
     vertex  2.257056e+00  2.306573e+00  1.864286e+00
     vertex  2.313763e+00  2.499966e+00  1.864286e+00
   endloop
 endfacet
 facet normal  9.492713e-01 -3.076711e-01 -6.498151e-02
   outer loop
     vertex  2.383345e+00  2.433720e+00  3.107143e+00
     vertex  2.321207e+00  2.242004e+00  3.107143e+00
     vertex  2.257056e+00  2.306573e+00  1.864286e+00
   endloop
 endfacet
 facet normal  9.717146e-01 -2.250565e-01 -7.155648e-02
   outer loop
     vertex  2.441015e+00  2.654231e+00  3.107143e+00
     vertex  2.313763e+00  2.499966e+00  1.864286e+00
     vertex  2.365191e+00  2.722015e+00  1.864286e+00
   endloop
 endfacet
 facet normal  9.652550e-01 -2.524423e-01 -6.749593e-02
   outer loop
     vertex  2.441015e+00  2.654231e+00  3.107143e+00
     vertex  2.383345e+00  2.433720e+00  3.107143e+00
     vertex  2.313763e+00  2.499966e+00  1.864286e+00
   endloop
 endfacet
 facet normal  9.882438e-01 -1.344328e-01 -7.281432e-02
   outer loop
     vertex  2.478338e+00  2.880598e+00  3.107143e+00
     vertex  2.365191e+00  2.722015e+00  1.864286e+00
     vertex  2.396115e+00  2.949344e+00  1.864286e+00
   endloop
 endfacet
 facet normal  9.843337e-01 -1.622944e-01 -6.890335e-02
   outer loop
     vertex  2.478338e+00  2.880598e+00  3.107143e+00
     vertex  2.441015e+00  2.654231e+00  3.107143e+00
     vertex  2.365191e+00  2.722015e+00  1.864286e+00
   endloop
 endfacet
 facet normal  8.088288e-01 -5.854108e-01 -5.558959e-02
   outer loop
     vertex  1.781648e+00  1.731956e+00  1.864286e+00
     vertex  1.732096e+00  1.781512e+00  6.214286e-01
     vertex  2.007490e+00  2.162008e+00  6.214286e-01
   endloop
 endfacet
 facet normal  7.009444e-01 -7.100833e-01 -6.677302e-02
   outer loop
     vertex  2.067663e+00  2.104534e+00  1.864286e+00
     vertex  2.007490e+00  2.162008e+00  6.214286e-01
     vertex  2.047103e+00  2.201111e+00  6.214286e-01
   endloop
 endfacet
 facet normal  7.914728e-01 -6.075852e-01 -6.641611e-02
   outer loop
     vertex  2.067663e+00  2.104534e+00  1.864286e+00
     vertex  1.781648e+00  1.731956e+00  1.864286e+00
     vertex  2.007490e+00  2.162008e+00  6.214286e-01
   endloop
 endfacet
 facet normal  6.366335e-01 -7.681976e-01 -6.760369e-02
   outer loop
     vertex  2.108363e+00  2.142504e+00  1.864286e+00
     vertex  2.047103e+00  2.201111e+00  6.214286e-01
     vertex  2.137908e+00  2.276364e+00  6.214286e-01
   endloop
 endfacet
 facet normal  6.805863e-01 -7.295106e-01 -6.794584e-02
   outer loop
     vertex  2.108363e+00  2.142504e+00  1.864286e+00
     vertex  2.067663e+00  2.104534e+00  1.864286e+00
     vertex  2.047103e+00  2.201111e+00  6.214286e-01
   endloop
 endfacet
 facet normal  7.942891e-01 -6.034709e-01 -7.019801e-02
   outer loop
     vertex  2.201254e+00  2.215167e+00  1.864286e+00
     vertex  2.137908e+00  2.276364e+00  6.214286e-01
     vertex  2.166172e+00  2.313566e+00  6.214286e-01
   endloop
 endfacet
 facet normal  6.146136e-01 -7.857151e-01 -7.001383e-02
   outer loop
     vertex  2.201254e+00  2.215167e+00  1.864286e+00
     vertex  2.108363e+00  2.142504e+00  1.864286e+00
     vertex  2.137908e+00  2.276364e+00  6.214286e-01
   endloop
 endfacet
 facet normal  9.107321e-01 -4.074431e-01 -6.750737e-02
   outer loop
     vertex  2.230557e+00  2.251557e+00  1.864286e+00
     vertex  2.166172e+00  2.313566e+00  6.214286e-01
     vertex  2.191110e+00  2.369308e+00  6.214286e-01
   endloop
 endfacet
 facet normal  7.768848e-01 -6.255749e-01 -7.145677e-02
   outer loop
     vertex  2.230557e+00  2.251557e+00  1.864286e+00
     vertex  2.201254e+00  2.215167e+00  1.864286e+00
     vertex  2.166172e+00  2.313566e+00  6.214286e-01
   endloop
 endfacet
 facet normal  9.651682e-01 -2.536773e-01 -6.401671e-02
   outer loop
     vertex  2.257056e+00  2.306573e+00  1.864286e+00
     vertex  2.191110e+00  2.369308e+00  6.214286e-01
     vertex  2.242340e+00  2.564223e+00  6.214286e-01
   endloop
 endfacet
 facet normal  8.987536e-01 -4.329044e-01 -6.953944e-02
   outer loop
     vertex  2.257056e+00  2.306573e+00  1.864286e+00
     vertex  2.230557e+00  2.251557e+00  1.864286e+00
     vertex  2.191110e+00  2.369308e+00  6.214286e-01
   endloop
 endfacet
 facet normal  9.780231e-01 -1.976336e-01 -6.642152e-02
   outer loop
     vertex  2.313763e+00  2.499966e+00  1.864286e+00
     vertex  2.242340e+00  2.564223e+00  6.214286e-01
     vertex  2.287486e+00  2.787634e+00  6.214286e-01
   endloop
 endfacet
 facet normal  9.572767e-01 -2.806918e-01 -6.952349e-02
   outer loop
     vertex  2.313763e+00  2.499966e+00  1.864286e+00
     vertex  2.257056e+00  2.306573e+00  1.864286e+00
     vertex  2.242340e+00  2.564223e+00  6.214286e-01
   endloop
 endfacet
 facet normal  9.920037e-01 -1.065484e-01 -6.764702e-02
   outer loop
     vertex  2.365191e+00  2.722015e+00  1.864286e+00
     vertex  2.287486e+00  2.787634e+00  6.214286e-01
     vertex  2.311986e+00  3.015745e+00  6.214286e-01
   endloop
 endfacet
 facet normal  9.716390e-01 -2.250390e-01 -7.262973e-02
   outer loop
     vertex  2.365191e+00  2.722015e+00  1.864286e+00
     vertex  2.313763e+00  2.499966e+00  1.864286e+00
     vertex  2.287486e+00  2.787634e+00  6.214286e-01
   endloop
 endfacet
 facet normal  9.881523e-01 -1.344204e-01 -7.406926e-02
   outer loop
     vertex  2.396115e+00  2.949344e+00  1.864286e+00
     vertex  2.365191e+00  2.722015e+00  1.864286e+00
     vertex  2.311986e+00  3.015745e+00  6.214286e-01
   endloop
 endfacet
 facet normal  8.250164e-01 -5.623679e-01 -5.558959e-02
   outer loop
     vertex  1.732096e+00  1.781512e+00  6.214286e-01
     vertex  1.681166e+00  1.829651e+00 -6.214286e-01
     vertex  1.945720e+00  2.217762e+00 -6.214286e-01
   endloop
 endfacet
 facet normal  7.206910e-01 -6.900332e-01 -6.677302e-02
   outer loop
     vertex  2.007490e+00  2.162008e+00  6.214286e-01
     vertex  1.945720e+00  2.217762e+00 -6.214286e-01
     vertex  1.984214e+00  2.257966e+00 -6.214286e-01
   endloop
 endfacet
 facet normal  8.082927e-01 -5.850229e-01 -6.641611e-02
   outer loop
     vertex  2.007490e+00  2.162008e+00  6.214286e-01
     vertex  1.732096e+00  1.781512e+00  6.214286e-01
     vertex  1.945720e+00  2.217762e+00 -6.214286e-01
   endloop
 endfacet
 facet normal  6.580445e-01 -7.499381e-01 -6.760369e-02
   outer loop
     vertex  2.047103e+00  2.201111e+00  6.214286e-01
     vertex  1.984214e+00  2.257966e+00 -6.214286e-01
     vertex  2.072861e+00  2.335751e+00 -6.214286e-01
   endloop
 endfacet
 facet normal  7.008888e-01 -7.100269e-01 -6.794584e-02
   outer loop
     vertex  2.047103e+00  2.201111e+00  6.214286e-01
     vertex  2.007490e+00  2.162008e+00  6.214286e-01
     vertex  1.984214e+00  2.257966e+00 -6.214286e-01
   endloop
 endfacet
 facet normal  8.109919e-01 -5.808308e-01 -7.019801e-02
   outer loop
     vertex  2.137908e+00  2.276364e+00  6.214286e-01
     vertex  2.072861e+00  2.335751e+00 -6.214286e-01
     vertex  2.100065e+00  2.373735e+00 -6.214286e-01
   endloop
 endfacet
 facet normal  6.365274e-01 -7.680696e-01 -7.001383e-02
   outer loop
     vertex  2.137908e+00  2.276364e+00  6.214286e-01
     vertex  2.047103e+00  2.201111e+00  6.214286e-01
     vertex  2.072861e+00  2.335751e+00 -6.214286e-01
   endloop
 endfacet
 facet normal  9.218603e-01 -3.815971e-01 -6.750737e-02
   outer loop
     vertex  2.166172e+00  2.313566e+00  6.214286e-01
     vertex  2.100065e+00  2.373735e+00 -6.214286e-01
     vertex  2.123421e+00  2.430158e+00 -6.214286e-01
   endloop
 endfacet
 facet normal  7.942179e-01 -6.034168e-01 -7.145677e-02
   outer loop
     vertex  2.166172e+00  2.313566e+00  6.214286e-01
     vertex  2.137908e+00  2.276364e+00  6.214286e-01
     vertex  2.100065e+00  2.373735e+00 -6.214286e-01
   endloop
 endfacet
 facet normal  9.719384e-01 -2.263573e-01 -6.401671e-02
   outer loop
     vertex  2.191110e+00  2.369308e+00  6.214286e-01
     vertex  2.123421e+00  2.430158e+00 -6.214286e-01
     vertex  2.169133e+00  2.626440e+00 -6.214286e-01
   endloop
 endfacet
 facet normal  9.106046e-01 -4.073861e-01 -6.953944e-02
   outer loop
     vertex  2.191110e+00  2.369308e+00  6.214286e-01
     vertex  2.166172e+00  2.313566e+00  6.214286e-01
     vertex  2.123421e+00  2.430158e+00 -6.214286e-01
   endloop
 endfacet
 facet normal  9.832076e-01 -1.699734e-01 -6.642152e-02
   outer loop
     vertex  2.242340e+00  2.564223e+00  6.214286e-01
     vertex  2.169133e+00  2.626440e+00 -6.214286e-01
     vertex  2.207961e+00  2.851036e+00 -6.214286e-01
   endloop
 endfacet
 facet normal  9.648118e-01 -2.535836e-01 -6.952349e-02
   outer loop
     vertex  2.242340e+00  2.564223e+00  6.214286e-01
     vertex  2.191110e+00  2.369308e+00  6.214286e-01
     vertex  2.169133e+00  2.626440e+00 -6.214286e-01
   endloop
 endfacet
 facet normal  9.946139e-01 -7.853010e-02 -6.764702e-02
   outer loop
     vertex  2.287486e+00  2.787634e+00  6.214286e-01
     vertex  2.207961e+00  2.851036e+00 -6.214286e-01
     vertex  2.226019e+00  3.079747e+00 -6.214286e-01
   endloop
 endfacet
 facet normal  9.775990e-01 -1.975479e-01 -7.262973e-02
   outer loop
     vertex  2.287486e+00  2.787634e+00  6.214286e-01
     vertex  2.242340e+00  2.564223e+00  6.214286e-01
     vertex  2.207961e+00  2.851036e+00 -6.214286e-01
   endloop
 endfacet
 facet normal  9.915501e-01 -1.064996e-01 -7.406926e-02
   outer loop
     vertex  2.311986e+00  3.015745e+00  6.214286e-01
     vertex  2.287486e+00  2.787634e+00  6.214286e-01
     vertex  2.226019e+00  3.079747e+00 -6.214286e-01
   endloop
 endfacet
 facet normal  8.405479e-01 -5.388776e-01 -5.558959e-02
   outer loop
     vertex  1.681166e+00  1.829651e+00 -6.214286e-01
     vertex  1.628899e+00  1.876335e+00 -1.864286e+00
     vertex  1.882402e+00  2.271752e+00 -1.864286e+00
   endloop
 endfacet
 facet normal  7.398642e-01 -6.694343e-01 -6.677302e-02
   outer loop
     vertex  1.945720e+00  2.217762e+00 -6.214286e-01
     vertex  1.882402e+00  2.271752e+00 -1.864286e+00
     vertex  1.919747e+00  2.313026e+00 -1.864286e+00
   endloop
 endfacet
 facet normal  8.244697e-01 -5.619952e-01 -6.641611e-02
   outer loop
     vertex  1.945720e+00  2.217762e+00 -6.214286e-01
     vertex  1.681166e+00  1.829651e+00 -6.214286e-01
     vertex  1.882402e+00  2.271752e+00 -1.864286e+00
   endloop
 endfacet
 facet normal  6.789320e-01 -7.310821e-01 -6.760369e-02
   outer loop
     vertex  1.984214e+00  2.257966e+00 -6.214286e-01
     vertex  1.919747e+00  2.313026e+00 -1.864286e+00
     vertex  2.006165e+00  2.393279e+00 -1.864286e+00
   endloop
 endfacet
 facet normal  7.206338e-01 -6.899785e-01 -6.794584e-02
   outer loop
     vertex  1.984214e+00  2.257966e+00 -6.214286e-01
     vertex  1.945720e+00  2.217762e+00 -6.214286e-01
     vertex  1.919747e+00  2.313026e+00 -1.864286e+00
   endloop
 endfacet
 facet normal  8.270495e-01 -5.577287e-01 -7.019801e-02
   outer loop
     vertex  2.072861e+00  2.335751e+00 -6.214286e-01
     vertex  2.006165e+00  2.393279e+00 -1.864286e+00
     vertex  2.032287e+00  2.432016e+00 -1.864286e+00
   endloop
 endfacet
 facet normal  6.579348e-01 -7.498132e-01 -7.001383e-02
   outer loop
     vertex  2.072861e+00  2.335751e+00 -6.214286e-01
     vertex  1.984214e+00  2.257966e+00 -6.214286e-01
     vertex  2.006165e+00  2.393279e+00 -1.864286e+00
   endloop
 endfacet
 facet normal  9.322552e-01 -3.554476e-01 -6.750737e-02
   outer loop
     vertex  2.100065e+00  2.373735e+00 -6.214286e-01
     vertex  2.032287e+00  2.432016e+00 -1.864286e+00
     vertex  2.054042e+00  2.489075e+00 -1.864286e+00
   endloop
 endfacet
 facet normal  8.109192e-01 -5.807788e-01 -7.145677e-02
   outer loop
     vertex  2.100065e+00  2.373735e+00 -6.214286e-01
     vertex  2.072861e+00  2.335751e+00 -6.214286e-01
     vertex  2.032287e+00  2.432016e+00 -1.864286e+00
   endloop
 endfacet
 facet normal  9.779354e-01 -1.988573e-01 -6.401671e-02
   outer loop
     vertex  2.123421e+00  2.430158e+00 -6.214286e-01
     vertex  2.054042e+00  2.489075e+00 -1.864286e+00
     vertex  2.094201e+00  2.686568e+00 -1.864286e+00
   endloop
 endfacet
 facet normal  9.217313e-01 -3.815438e-01 -6.953944e-02
   outer loop
     vertex  2.123421e+00  2.430158e+00 -6.214286e-01
     vertex  2.100065e+00  2.373735e+00 -6.214286e-01
     vertex  2.054042e+00  2.489075e+00 -1.864286e+00
   endloop
 endfacet
 facet normal  9.876100e-01 -1.421780e-01 -6.642152e-02
   outer loop
     vertex  2.169133e+00  2.626440e+00 -6.214286e-01
     vertex  2.094201e+00  2.686568e+00 -1.864286e+00
     vertex  2.126679e+00  2.912170e+00 -1.864286e+00
   endloop
 endfacet
 facet normal  9.715795e-01 -2.262737e-01 -6.952349e-02
   outer loop
     vertex  2.169133e+00  2.626440e+00 -6.214286e-01
     vertex  2.123421e+00  2.430158e+00 -6.214286e-01
     vertex  2.094201e+00  2.686568e+00 -1.864286e+00
   endloop
 endfacet
 facet normal  9.964330e-01 -5.044938e-02 -6.764702e-02
   outer loop
     vertex  2.207961e+00  2.851036e+00 -6.214286e-01
     vertex  2.126679e+00  2.912170e+00 -1.864286e+00
     vertex  2.138280e+00  3.141299e+00 -1.864286e+00
   endloop
 endfacet
 facet normal  9.827813e-01 -1.698997e-01 -7.262973e-02
   outer loop
     vertex  2.207961e+00  2.851036e+00 -6.214286e-01
     vertex  2.169133e+00  2.626440e+00 -6.214286e-01
     vertex  2.126679e+00  2.912170e+00 -1.864286e+00
   endloop
 endfacet
 facet normal  9.941591e-01 -7.849420e-02 -7.406926e-02
   outer loop
     vertex  2.226019e+00  3.079747e+00 -6.214286e-01
     vertex  2.207961e+00  2.851036e+00 -6.214286e-01
     vertex  2.138280e+00  3.141299e+00 -1.864286e+00
   endloop
 endfacet
 facet normal  8.405371e-01 -5.388707e-01 -5.581804e-02
   outer loop
     vertex  1.882402e+00  2.271752e+00 -1.864286e+00
     vertex  1.628899e+00  1.876335e+00 -1.864286e+00
     vertex  1.575336e+00  1.921525e+00 -3.107143e+00
   endloop
 endfacet
 facet normal  8.548567e-01 -5.146252e-01 -6.618810e-02
   outer loop
     vertex  1.882402e+00  2.271752e+00 -1.864286e+00
     vertex  1.575336e+00  1.921525e+00 -3.107143e+00
     vertex  1.817587e+00  2.323935e+00 -3.107143e+00
   endloop
 endfacet
 facet normal  7.583845e-01 -6.482478e-01 -6.802742e-02
   outer loop
     vertex  1.919747e+00  2.313026e+00 -1.864286e+00
     vertex  1.817587e+00  2.323935e+00 -3.107143e+00
     vertex  1.853753e+00  2.366246e+00 -3.107143e+00
   endloop
 endfacet
 facet normal  7.398683e-01 -6.694380e-01 -6.669142e-02
   outer loop
     vertex  1.919747e+00  2.313026e+00 -1.864286e+00
     vertex  1.882402e+00  2.271752e+00 -1.864286e+00
     vertex  1.817587e+00  2.323935e+00 -3.107143e+00
   endloop
 endfacet
 facet normal  6.991509e-01 -7.115135e-01 -7.026067e-02
   outer loop
     vertex  2.006165e+00  2.393279e+00 -1.864286e+00
     vertex  1.853753e+00  2.366246e+00 -3.107143e+00
     vertex  1.937873e+00  2.448904e+00 -3.107143e+00
   endloop
 endfacet
 facet normal  6.789434e-01 -7.310943e-01 -6.735671e-02
   outer loop
     vertex  2.006165e+00  2.393279e+00 -1.864286e+00
     vertex  1.919747e+00  2.313026e+00 -1.864286e+00
     vertex  1.853753e+00  2.366246e+00 -3.107143e+00
   endloop
 endfacet
 facet normal  8.423863e-01 -5.341430e-01 -7.125022e-02
   outer loop
     vertex  2.032287e+00  2.432016e+00 -1.864286e+00
     vertex  1.937873e+00  2.448904e+00 -3.107143e+00
     vertex  1.962893e+00  2.488362e+00 -3.107143e+00
   endloop
 endfacet
 facet normal  8.270375e-01 -5.577205e-01 -7.040461e-02
   outer loop
     vertex  2.032287e+00  2.432016e+00 -1.864286e+00
     vertex  2.006165e+00  2.393279e+00 -1.864286e+00
     vertex  1.937873e+00  2.448904e+00 -3.107143e+00
   endloop
 endfacet
 facet normal  9.418197e-01 -3.289843e-01 -6.888334e-02
   outer loop
     vertex  2.054042e+00  2.489075e+00 -1.864286e+00
     vertex  1.962893e+00  2.488362e+00 -3.107143e+00
     vertex  1.983030e+00  2.546011e+00 -3.107143e+00
   endloop
 endfacet
 facet normal  9.322135e-01 -3.554317e-01 -6.816366e-02
   outer loop
     vertex  2.054042e+00  2.489075e+00 -1.864286e+00
     vertex  2.032287e+00  2.432016e+00 -1.864286e+00
     vertex  1.962893e+00  2.488362e+00 -3.107143e+00
   endloop
 endfacet
 facet normal  9.828572e-01 -1.711473e-01 -6.855957e-02
   outer loop
     vertex  2.094201e+00  2.686568e+00 -1.864286e+00
     vertex  1.983030e+00  2.546011e+00 -3.107143e+00
     vertex  2.017603e+00  2.744559e+00 -3.107143e+00
   endloop
 endfacet
 facet normal  9.778743e-01 -1.988448e-01 -6.498151e-02
   outer loop
     vertex  2.094201e+00  2.686568e+00 -1.864286e+00
     vertex  2.054042e+00  2.489075e+00 -1.864286e+00
     vertex  1.983030e+00  2.546011e+00 -3.107143e+00
   endloop
 endfacet
 facet normal  9.908741e-01 -1.142288e-01 -7.155648e-02
   outer loop
     vertex  2.126679e+00  2.912170e+00 -1.864286e+00
     vertex  2.017603e+00  2.744559e+00 -3.107143e+00
     vertex  2.043706e+00  2.970987e+00 -3.107143e+00
   endloop
 endfacet
 facet normal  9.974594e-01 -2.232851e-02 -6.764702e-02
   outer loop
     vertex  2.126679e+00  2.912170e+00 -1.864286e+00
     vertex  2.043706e+00  2.970987e+00 -3.107143e+00
     vertex  2.048841e+00  3.200352e+00 -3.107143e+00
   endloop
 endfacet
 facet normal  9.875387e-01 -1.421677e-01 -6.749593e-02
   outer loop
     vertex  2.126679e+00  2.912170e+00 -1.864286e+00
     vertex  2.094201e+00  2.686568e+00 -1.864286e+00
     vertex  2.017603e+00  2.744559e+00 -3.107143e+00
   endloop
 endfacet
 facet normal  9.959774e-01 -5.042631e-02 -7.406926e-02
   outer loop
     vertex  2.138280e+00  3.141299e+00 -1.864286e+00
     vertex  2.126679e+00  2.912170e+00 -1.864286e+00
     vertex  2.048841e+00  3.200352e+00 -3.107143e+00
   endloop
 endfacet
 facet normal -4.893821e-01  8.689667e-01  7.349833e-02
   outer loop
     vertex  1.630879e+00  3.130184e+00 -1.864286e+00
     vertex  1.908011e+00  3.286258e+00 -1.864286e+00
     vertex  1.814575e+00  3.338760e+00 -3.107143e+00
   endloop
 endfacet
 facet normal -5.139098e-01  8.551798e-01  6.755937e-02
   outer loop
     vertex  1.630879e+00  3.130184e+00 -1.864286e+00
     vertex  1.814575e+00  3.338760e+00 -3.107143e+00
     vertex  1.541955e+00  3.174932e+00 -3.107143e+00
   endloop
 endfacet
 facet normal -6.056071e-01  7.929296e-01  6.710250e-02
   outer loop
     vertex  1.459668e+00  3.006907e+00 -1.864286e+00
     vertex  1.541955e+00  3.174932e+00 -3.107143e+00
     vertex  1.374289e+00  3.046876e+00 -3.107143e+00
   endloop
 endfacet
 facet normal -5.828532e-01  8.094831e-01  7.084688e-02
   outer loop
     vertex  1.459668e+00  3.006907e+00 -1.864286e+00
     vertex  1.630879e+00  3.130184e+00 -1.864286e+00
     vertex  1.541955e+00  3.174932e+00 -3.107143e+00
   endloop
 endfacet
 facet normal -6.353216e-01  7.695048e-01  6.502903e-02
   outer loop
     vertex  1.342569e+00  2.915656e+00 -1.864286e+00
     vertex  1.374289e+00  3.046876e+00 -3.107143e+00
     vertex  1.259809e+00  2.952359e+00 -3.107143e+00
   endloop
 endfacet
 facet normal -7.829758e-01  6.180569e-01  7.038865e-02
   outer loop
     vertex  1.342569e+00  2.915656e+00 -1.864286e+00
     vertex  1.259809e+00  2.952359e+00 -3.107143e+00
     vertex  1.223630e+00  2.906526e+00 -3.107143e+00
   endloop
 endfacet
 facet normal -6.132696e-01  7.869896e-01  6.743786e-02
   outer loop
     vertex  1.342569e+00  2.915656e+00 -1.864286e+00
     vertex  1.459668e+00  3.006907e+00 -1.864286e+00
     vertex  1.374289e+00  3.046876e+00 -3.107143e+00
   endloop
 endfacet
 facet normal -9.144790e-01  3.982873e-01  7.138197e-02
   outer loop
     vertex  1.305112e+00  2.870862e+00 -1.864286e+00
     vertex  1.223630e+00  2.906526e+00 -3.107143e+00
     vertex  1.202020e+00  2.856909e+00 -3.107143e+00
   endloop
 endfacet
 facet normal -7.653331e-01  6.399747e-01  6.853928e-02
   outer loop
     vertex  1.305112e+00  2.870862e+00 -1.864286e+00
     vertex  1.342569e+00  2.915656e+00 -1.864286e+00
     vertex  1.223630e+00  2.906526e+00 -3.107143e+00
   endloop
 endfacet
 facet normal -9.566551e-01  2.827796e-01  6.961889e-02
   outer loop
     vertex  1.282111e+00  2.821874e+00 -1.864286e+00
     vertex  1.202020e+00  2.856909e+00 -3.107143e+00
     vertex  1.161448e+00  2.719650e+00 -3.107143e+00
   endloop
 endfacet
 facet normal -9.029629e-01  4.239559e-01  7.013855e-02
   outer loop
     vertex  1.282111e+00  2.821874e+00 -1.864286e+00
     vertex  1.305112e+00  2.870862e+00 -1.864286e+00
     vertex  1.202020e+00  2.856909e+00 -3.107143e+00
   endloop
 endfacet
 facet normal -8.553843e-01  5.137135e-01  6.645424e-02
   outer loop
     vertex  1.237684e+00  2.685814e+00 -1.864286e+00
     vertex  1.161448e+00  2.719650e+00 -3.107143e+00
     vertex  1.075239e+00  2.576104e+00 -3.107143e+00
   endloop
 endfacet
 facet normal -9.484949e-01  3.097099e-01  6.661168e-02
   outer loop
     vertex  1.237684e+00  2.685814e+00 -1.864286e+00
     vertex  1.282111e+00  2.821874e+00 -1.864286e+00
     vertex  1.161448e+00  2.719650e+00 -3.107143e+00
   endloop
 endfacet
 facet normal -8.685774e-01  4.915491e-01  6.287082e-02
   outer loop
     vertex  1.147461e+00  2.544756e+00 -1.864286e+00
     vertex  1.075239e+00  2.576104e+00 -3.107143e+00
     vertex  9.229329e-01  2.306976e+00 -3.107143e+00
   endloop
 endfacet
 facet normal -8.407760e-01  5.377726e-01  6.242115e-02
   outer loop
     vertex  1.147461e+00  2.544756e+00 -1.864286e+00
     vertex  1.237684e+00  2.685814e+00 -1.864286e+00
     vertex  1.075239e+00  2.576104e+00 -3.107143e+00
   endloop
 endfacet
 facet normal -8.547352e-01  5.160694e-01  5.567899e-02
   outer loop
     vertex  9.876257e-01  2.280030e+00 -1.864286e+00
     vertex  1.147461e+00  2.544756e+00 -1.864286e+00
     vertex  9.229329e-01  2.306976e+00 -3.107143e+00
   endloop
 endfacet
 facet normal -4.893375e-01  8.688875e-01  7.472161e-02
   outer loop
     vertex  1.999929e+00  3.231143e+00 -6.214286e-01
     vertex  1.908011e+00  3.286258e+00 -1.864286e+00
     vertex  1.630879e+00  3.130184e+00 -1.864286e+00
   endloop
 endfacet
 facet normal -5.828111e-01  8.094245e-01  7.185503e-02
   outer loop
     vertex  1.718506e+00  3.082946e+00 -6.214286e-01
     vertex  1.630879e+00  3.130184e+00 -1.864286e+00
     vertex  1.459668e+00  3.006907e+00 -1.864286e+00
   endloop
 endfacet
 facet normal -4.649154e-01  8.828666e-01  6.633423e-02
   outer loop
     vertex  1.718506e+00  3.082946e+00 -6.214286e-01
     vertex  1.999929e+00  3.231143e+00 -6.214286e-01
     vertex  1.630879e+00  3.130184e+00 -1.864286e+00
   endloop
 endfacet
 facet normal -6.132303e-01  7.869393e-01  6.837513e-02
   outer loop
     vertex  1.543887e+00  2.964547e+00 -6.214286e-01
     vertex  1.459668e+00  3.006907e+00 -1.864286e+00
     vertex  1.342569e+00  2.915656e+00 -1.864286e+00
   endloop
 endfacet
 facet normal -5.599759e-01  8.258684e-01  6.609334e-02
   outer loop
     vertex  1.543887e+00  2.964547e+00 -6.214286e-01
     vertex  1.718506e+00  3.082946e+00 -6.214286e-01
     vertex  1.459668e+00  3.006907e+00 -1.864286e+00
   endloop
 endfacet
 facet normal -5.909620e-01  8.041494e-01  6.409112e-02
   outer loop
     vertex  1.424260e+00  2.876634e+00 -6.214286e-01
     vertex  1.543887e+00  2.964547e+00 -6.214286e-01
     vertex  1.342569e+00  2.915656e+00 -1.864286e+00
   endloop
 endfacet
 facet normal -7.653048e-01  6.399511e-01  6.907336e-02
   outer loop
     vertex  1.385555e+00  2.832914e+00 -6.214286e-01
     vertex  1.342569e+00  2.915656e+00 -1.864286e+00
     vertex  1.305112e+00  2.870862e+00 -1.864286e+00
   endloop
 endfacet
 facet normal -7.469122e-01  6.612431e-01  6.985472e-02
   outer loop
     vertex  1.385555e+00  2.832914e+00 -6.214286e-01
     vertex  1.424260e+00  2.876634e+00 -6.214286e-01
     vertex  1.342569e+00  2.915656e+00 -1.864286e+00
   endloop
 endfacet
 facet normal -9.029613e-01  4.239552e-01  7.016317e-02
   outer loop
     vertex  1.361182e+00  2.784594e+00 -6.214286e-01
     vertex  1.305112e+00  2.870862e+00 -1.864286e+00
     vertex  1.282111e+00  2.821874e+00 -1.864286e+00
   endloop
 endfacet
 facet normal -8.905704e-01  4.492132e-01  7.135736e-02
   outer loop
     vertex  1.361182e+00  2.784594e+00 -6.214286e-01
     vertex  1.385555e+00  2.832914e+00 -6.214286e-01
     vertex  1.305112e+00  2.870862e+00 -1.864286e+00
   endloop
 endfacet
 facet normal -9.485088e-01  3.097144e-01  6.639369e-02
   outer loop
     vertex  1.312935e+00  2.649841e+00 -6.214286e-01
     vertex  1.282111e+00  2.821874e+00 -1.864286e+00
     vertex  1.237684e+00  2.685814e+00 -1.864286e+00
   endloop
 endfacet
 facet normal -9.391758e-01  3.362612e-01  6.983675e-02
   outer loop
     vertex  1.312935e+00  2.649841e+00 -6.214286e-01
     vertex  1.361182e+00  2.784594e+00 -6.214286e-01
     vertex  1.282111e+00  2.821874e+00 -1.864286e+00
   endloop
 endfacet
 facet normal -8.407624e-01  5.377639e-01  6.267855e-02
   outer loop
     vertex  1.218770e+00  2.511384e+00 -6.214286e-01
     vertex  1.237684e+00  2.685814e+00 -1.864286e+00
     vertex  1.147461e+00  2.544756e+00 -1.864286e+00
   endloop
 endfacet
 facet normal -8.250744e-01  5.611329e-01  6.619703e-02
   outer loop
     vertex  1.218770e+00  2.511384e+00 -6.214286e-01
     vertex  1.312935e+00  2.649841e+00 -6.214286e-01
     vertex  1.237684e+00  2.685814e+00 -1.864286e+00
   endloop
 endfacet
 facet normal -8.547250e-01  5.160632e-01  5.589113e-02
   outer loop
     vertex  1.051533e+00  2.251271e+00 -6.214286e-01
     vertex  1.147461e+00  2.544756e+00 -1.864286e+00
     vertex  9.876257e-01  2.280030e+00 -1.864286e+00
   endloop
 endfacet
 facet normal -8.394934e-01  5.397451e-01  6.265893e-02
   outer loop
     vertex  1.051533e+00  2.251271e+00 -6.214286e-01
     vertex  1.218770e+00  2.511384e+00 -6.214286e-01
     vertex  1.147461e+00  2.544756e+00 -1.864286e+00
   endloop
 endfacet
 facet normal -4.396110e-01  8.951760e-01  7.349833e-02
   outer loop
     vertex  1.804765e+00  3.033256e+00  6.214286e-01
     vertex  2.090256e+00  3.173457e+00  6.214286e-01
     vertex  1.999929e+00  3.231143e+00 -6.214286e-01
   endloop
 endfacet
 facet normal -4.648771e-01  8.827939e-01  6.755937e-02
   outer loop
     vertex  1.804765e+00  3.033256e+00  6.214286e-01
     vertex  1.999929e+00  3.231143e+00 -6.214286e-01
     vertex  1.718506e+00  3.082946e+00 -6.214286e-01
   endloop
 endfacet
 facet normal -5.599381e-01  8.258127e-01  6.710250e-02
   outer loop
     vertex  1.626877e+00  2.919828e+00  6.214286e-01
     vertex  1.718506e+00  3.082946e+00 -6.214286e-01
     vertex  1.543887e+00  2.964547e+00 -6.214286e-01
   endloop
 endfacet
 facet normal -5.362872e-01  8.410569e-01  7.084688e-02
   outer loop
     vertex  1.626877e+00  2.919828e+00  6.214286e-01
     vertex  1.804765e+00  3.033256e+00  6.214286e-01
     vertex  1.718506e+00  3.082946e+00 -6.214286e-01
   endloop
 endfacet
 facet normal -5.909261e-01  8.041005e-01  6.502903e-02
   outer loop
     vertex  1.504819e+00  2.835324e+00  6.214286e-01
     vertex  1.543887e+00  2.964547e+00 -6.214286e-01
     vertex  1.424260e+00  2.876634e+00 -6.214286e-01
   endloop
 endfacet
 facet normal -5.679233e-01  8.203141e-01  6.743786e-02
   outer loop
     vertex  1.504819e+00  2.835324e+00  6.214286e-01
     vertex  1.626877e+00  2.919828e+00  6.214286e-01
     vertex  1.543887e+00  2.964547e+00 -6.214286e-01
   endloop
 endfacet
 facet normal -7.469529e-01  6.612792e-01  6.907336e-02
   outer loop
     vertex  1.464896e+00  2.792713e+00  6.214286e-01
     vertex  1.424260e+00  2.876634e+00 -6.214286e-01
     vertex  1.385555e+00  2.832914e+00 -6.214286e-01
   endloop
 endfacet
 facet normal -7.279671e-01  6.820441e-01  6.985472e-02
   outer loop
     vertex  1.464896e+00  2.792713e+00  6.214286e-01
     vertex  1.504819e+00  2.835324e+00  6.214286e-01
     vertex  1.424260e+00  2.876634e+00 -6.214286e-01
   endloop
 endfacet
 facet normal -8.906460e-01  4.492513e-01  7.016317e-02
   outer loop
     vertex  1.439170e+00  2.745099e+00  6.214286e-01
     vertex  1.385555e+00  2.832914e+00 -6.214286e-01
     vertex  1.361182e+00  2.784594e+00 -6.214286e-01
   endloop
 endfacet
 facet normal -8.775478e-01  4.741498e-01  7.135736e-02
   outer loop
     vertex  1.439170e+00  2.745099e+00  6.214286e-01
     vertex  1.464896e+00  2.792713e+00  6.214286e-01
     vertex  1.385555e+00  2.832914e+00 -6.214286e-01
   endloop
 endfacet
 facet normal -9.393971e-01  3.363405e-01  6.639369e-02
   outer loop
     vertex  1.387142e+00  2.611761e+00  6.214286e-01
     vertex  1.361182e+00  2.784594e+00 -6.214286e-01
     vertex  1.312935e+00  2.649841e+00 -6.214286e-01
   endloop
 endfacet
 facet normal -9.293192e-01  3.626136e-01  6.983675e-02
   outer loop
     vertex  1.387142e+00  2.611761e+00  6.214286e-01
     vertex  1.439170e+00  2.745099e+00  6.214286e-01
     vertex  1.361182e+00  2.784594e+00 -6.214286e-01
   endloop
 endfacet
 facet normal -8.252623e-01  5.612606e-01  6.267855e-02
   outer loop
     vertex  1.289110e+00  2.476014e+00  6.214286e-01
     vertex  1.312935e+00  2.649841e+00 -6.214286e-01
     vertex  1.218770e+00  2.511384e+00 -6.214286e-01
   endloop
 endfacet
 facet normal -8.089216e-01  5.841779e-01  6.619703e-02
   outer loop
     vertex  1.289110e+00  2.476014e+00  6.214286e-01
     vertex  1.387142e+00  2.611761e+00  6.214286e-01
     vertex  1.312935e+00  2.649841e+00 -6.214286e-01
   endloop
 endfacet
 facet normal -8.398314e-01  5.399624e-01  5.589113e-02
   outer loop
     vertex  1.114604e+00  2.220721e+00  6.214286e-01
     vertex  1.218770e+00  2.511384e+00 -6.214286e-01
     vertex  1.051533e+00  2.251271e+00 -6.214286e-01
   endloop
 endfacet
 facet normal -8.239379e-01  5.632053e-01  6.265893e-02
   outer loop
     vertex  1.114604e+00  2.220721e+00  6.214286e-01
     vertex  1.289110e+00  2.476014e+00  6.214286e-01
     vertex  1.218770e+00  2.511384e+00 -6.214286e-01
   endloop
 endfacet
 facet normal -4.395710e-01  8.950944e-01  7.472161e-02
   outer loop
     vertex  2.178921e+00  3.113247e+00  1.864286e+00
     vertex  2.090256e+00  3.173457e+00  6.214286e-01
     vertex  1.804765e+00  3.033256e+00  6.214286e-01
   endloop
 endfacet
 facet normal -5.362484e-01  8.409961e-01  7.185503e-02
   outer loop
     vertex  1.889590e+00  2.981152e+00  1.864286e+00
     vertex  1.804765e+00  3.033256e+00  6.214286e-01
     vertex  1.626877e+00  2.919828e+00  6.214286e-01
   endloop
 endfacet
 facet normal -4.143995e-01  9.076744e-01  6.633423e-02
   outer loop
     vertex  1.889590e+00  2.981152e+00  1.864286e+00
     vertex  2.178921e+00  3.113247e+00  1.864286e+00
     vertex  1.804765e+00  3.033256e+00  6.214286e-01
   endloop
 endfacet
 facet normal -5.678870e-01  8.202617e-01  6.837513e-02
   outer loop
     vertex  1.708573e+00  2.872786e+00  1.864286e+00
     vertex  1.626877e+00  2.919828e+00  6.214286e-01
     vertex  1.504819e+00  2.835324e+00  6.214286e-01
   endloop
 endfacet
 facet normal -5.125225e-01  8.561264e-01  6.609334e-02
   outer loop
     vertex  1.708573e+00  2.872786e+00  1.864286e+00
     vertex  1.889590e+00  2.981152e+00  1.864286e+00
     vertex  1.626877e+00  2.919828e+00  6.214286e-01
   endloop
 endfacet
 facet normal -5.446838e-01  8.361889e-01  6.409112e-02
   outer loop
     vertex  1.584181e+00  2.791758e+00  1.864286e+00
     vertex  1.708573e+00  2.872786e+00  1.864286e+00
     vertex  1.504819e+00  2.835324e+00  6.214286e-01
   endloop
 endfacet
 facet normal -7.280068e-01  6.820813e-01  6.907336e-02
   outer loop
     vertex  1.543072e+00  2.750290e+00  1.864286e+00
     vertex  1.504819e+00  2.835324e+00  6.214286e-01
     vertex  1.464896e+00  2.792713e+00  6.214286e-01
   endloop
 endfacet
 facet normal -7.084430e-01  7.023025e-01  6.985472e-02
   outer loop
     vertex  1.543072e+00  2.750290e+00  1.864286e+00
     vertex  1.584181e+00  2.791758e+00  1.864286e+00
     vertex  1.504819e+00  2.835324e+00  6.214286e-01
   endloop
 endfacet
 facet normal -8.776223e-01  4.741901e-01  7.016317e-02
   outer loop
     vertex  1.516013e+00  2.703421e+00  1.864286e+00
     vertex  1.464896e+00  2.792713e+00  6.214286e-01
     vertex  1.439170e+00  2.745099e+00  6.214286e-01
   endloop
 endfacet
 facet normal -8.638270e-01  4.987093e-01  7.135736e-02
   outer loop
     vertex  1.516013e+00  2.703421e+00  1.864286e+00
     vertex  1.543072e+00  2.750290e+00  1.864286e+00
     vertex  1.464896e+00  2.792713e+00  6.214286e-01
   endloop
 endfacet
 facet normal -9.295382e-01  3.626990e-01  6.639369e-02
   outer loop
     vertex  1.460246e+00  2.571603e+00  1.864286e+00
     vertex  1.439170e+00  2.745099e+00  6.214286e-01
     vertex  1.387142e+00  2.611761e+00  6.214286e-01
   endloop
 endfacet
 facet normal -9.187234e-01  3.886774e-01  6.983675e-02
   outer loop
     vertex  1.460246e+00  2.571603e+00  1.864286e+00
     vertex  1.516013e+00  2.703421e+00  1.864286e+00
     vertex  1.439170e+00  2.745099e+00  6.214286e-01
   endloop
 endfacet
 facet normal -8.091057e-01  5.843110e-01  6.267855e-02
   outer loop
     vertex  1.358424e+00  2.438675e+00  1.864286e+00
     vertex  1.387142e+00  2.611761e+00  6.214286e-01
     vertex  1.289110e+00  2.476014e+00  6.214286e-01
   endloop
 endfacet
 facet normal -7.921252e-01  6.067583e-01  6.619703e-02
   outer loop
     vertex  1.358424e+00  2.438675e+00  1.864286e+00
     vertex  1.460246e+00  2.571603e+00  1.864286e+00
     vertex  1.387142e+00  2.611761e+00  6.214286e-01
   endloop
 endfacet
 facet normal -8.242697e-01  5.634321e-01  5.589113e-02
   outer loop
     vertex  1.176788e+00  2.188404e+00  1.864286e+00
     vertex  1.289110e+00  2.476014e+00  6.214286e-01
     vertex  1.114604e+00  2.220721e+00  6.214286e-01
   endloop
 endfacet
 facet normal -8.077270e-01  5.862175e-01  6.265893e-02
   outer loop
     vertex  1.176788e+00  2.188404e+00  1.864286e+00
     vertex  1.358424e+00  2.438675e+00  1.864286e+00
     vertex  1.289110e+00  2.476014e+00  6.214286e-01
   endloop
 endfacet
 facet normal  7.758809e-01  6.308654e-01 -4.195647e-03
   outer loop
     vertex  1.829783e+00  1.681022e+00  3.107143e+00
     vertex  2.058996e+00  1.390855e+00  1.864286e+00
     vertex  1.781648e+00  1.731956e+00  1.864286e+00
   endloop
 endfacet
 facet normal  7.933636e-01  6.087336e-01  4.195647e-03
   outer loop
     vertex  1.829783e+00  1.681022e+00  3.107143e+00
     vertex  2.097401e+00  1.332235e+00  3.107143e+00
     vertex  2.058996e+00  1.390855e+00  1.864286e+00
   endloop
 endfacet
 facet normal  5.485215e-02  9.956947e-01  7.472161e-02
   outer loop
     vertex  3.423978e+00  1.648143e+00  3.107143e+00
     vertex  3.376136e+00  1.744048e+00  1.864286e+00
     vertex  3.058559e+00  1.761543e+00  1.864286e+00
   endloop
 endfacet
 facet normal -5.593200e-02  9.958456e-01  7.185503e-02
   outer loop
     vertex  3.107021e+00  1.674587e+00  3.107143e+00
     vertex  3.058559e+00  1.761543e+00  1.864286e+00
     vertex  2.847917e+00  1.749712e+00  1.864286e+00
   endloop
 endfacet
 facet normal  8.295961e-02  9.943427e-01  6.633423e-02
   outer loop
     vertex  3.107021e+00  1.674587e+00  3.107143e+00
     vertex  3.423978e+00  1.648143e+00  3.107143e+00
     vertex  3.058559e+00  1.761543e+00  1.864286e+00
   endloop
 endfacet
 facet normal -2.783664e-02  9.974251e-01  6.609334e-02
   outer loop
     vertex  2.896128e+00  1.668701e+00  3.107143e+00
     vertex  3.107021e+00  1.674587e+00  3.107143e+00
     vertex  2.847917e+00  1.749712e+00  1.864286e+00
   endloop
 endfacet
 facet normal -9.369153e-02  9.934753e-01  6.502903e-02
   outer loop
     vertex  2.747994e+00  1.658936e+00  3.107143e+00
     vertex  2.847917e+00  1.749712e+00  1.864286e+00
     vertex  2.700117e+00  1.735774e+00  1.864286e+00
   endloop
 endfacet
 facet normal -6.562636e-02  9.955628e-01  6.743786e-02
   outer loop
     vertex  2.747994e+00  1.658936e+00  3.107143e+00
     vertex  2.896128e+00  1.668701e+00  3.107143e+00
     vertex  2.847917e+00  1.749712e+00  1.864286e+00
   endloop
 endfacet
 facet normal -3.009353e-01  9.511397e-01  6.907336e-02
   outer loop
     vertex  2.691849e+00  1.642899e+00  3.107143e+00
     vertex  2.700117e+00  1.735774e+00  1.864286e+00
     vertex  2.644446e+00  1.718160e+00  1.864286e+00
   endloop
 endfacet
 facet normal -2.739772e-01  9.591959e-01  6.985472e-02
   outer loop
     vertex  2.691849e+00  1.642899e+00  3.107143e+00
     vertex  2.747994e+00  1.658936e+00  3.107143e+00
     vertex  2.700117e+00  1.735774e+00  1.864286e+00
   endloop
 endfacet
 facet normal -5.331644e-01  8.430972e-01  7.016317e-02
   outer loop
     vertex  2.645310e+00  1.615275e+00  3.107143e+00
     vertex  2.644446e+00  1.718160e+00  1.864286e+00
     vertex  2.598705e+00  1.689234e+00  1.864286e+00
   endloop
 endfacet
 facet normal -5.091325e-01  8.577250e-01  7.135736e-02
   outer loop
     vertex  2.645310e+00  1.615275e+00  3.107143e+00
     vertex  2.691849e+00  1.642899e+00  3.107143e+00
     vertex  2.644446e+00  1.718160e+00  1.864286e+00
   endloop
 endfacet
 facet normal -6.330109e-01  7.712905e-01  6.639369e-02
   outer loop
     vertex  2.532155e+00  1.527628e+00  3.107143e+00
     vertex  2.598705e+00  1.689234e+00  1.864286e+00
     vertex  2.488067e+00  1.598431e+00  1.864286e+00
   endloop
 endfacet
 facet normal -6.108637e-01  7.886497e-01  6.983675e-02
   outer loop
     vertex  2.532155e+00  1.527628e+00  3.107143e+00
     vertex  2.645310e+00  1.615275e+00  3.107143e+00
     vertex  2.598705e+00  1.689234e+00  1.864286e+00
   endloop
 endfacet
 facet normal -4.195129e-01  9.055829e-01  6.267855e-02
   outer loop
     vertex  2.378297e+00  1.461558e+00  3.107143e+00
     vertex  2.488067e+00  1.598431e+00  1.864286e+00
     vertex  2.336134e+00  1.528048e+00  1.864286e+00
   endloop
 endfacet
 facet normal -3.937177e-01  9.168448e-01  6.619703e-02
   outer loop
     vertex  2.378297e+00  1.461558e+00  3.107143e+00
     vertex  2.532155e+00  1.527628e+00  3.107143e+00
     vertex  2.488067e+00  1.598431e+00  1.864286e+00
   endloop
 endfacet
 facet normal -4.429562e-01  8.947994e-01  5.589113e-02
   outer loop
     vertex  2.097401e+00  1.332235e+00  3.107143e+00
     vertex  2.336134e+00  1.528048e+00  1.864286e+00
     vertex  2.058996e+00  1.390855e+00  1.864286e+00
   endloop
 endfacet
 facet normal -4.173774e-01  9.065705e-01  6.265893e-02
   outer loop
     vertex  2.097401e+00  1.332235e+00  3.107143e+00
     vertex  2.378297e+00  1.461558e+00  3.107143e+00
     vertex  2.336134e+00  1.528048e+00  1.864286e+00
   endloop
 endfacet
 facet normal  3.929995e-01 -9.178430e-01 -5.581804e-02
   outer loop
     vertex  2.833188e+00  8.230090e-01  3.107143e+00
     vertex  2.401403e+00  6.381285e-01  3.107143e+00
     vertex  2.382451e+00  7.055976e-01  1.864286e+00
   endloop
 endfacet
 facet normal  4.184618e-01 -9.058194e-01 -6.618810e-02
   outer loop
     vertex  2.833188e+00  8.230090e-01  3.107143e+00
     vertex  2.382451e+00  7.055976e-01  1.864286e+00
     vertex  2.808851e+00  9.025814e-01  1.864286e+00
   endloop
 endfacet
 facet normal  2.636073e-01 -9.622284e-01 -6.802742e-02
   outer loop
     vertex  2.887264e+00  8.361959e-01  3.107143e+00
     vertex  2.808851e+00  9.025814e-01  1.864286e+00
     vertex  2.862534e+00  9.172882e-01  1.864286e+00
   endloop
 endfacet
 facet normal  2.363877e-01 -9.693674e-01 -6.669142e-02
   outer loop
     vertex  2.887264e+00  8.361959e-01  3.107143e+00
     vertex  2.833188e+00  8.230090e-01  3.107143e+00
     vertex  2.808851e+00  9.025814e-01  1.864286e+00
   endloop
 endfacet
 facet normal  1.790702e-01 -9.813243e-01 -7.026067e-02
   outer loop
     vertex  3.003834e+00  8.540865e-01  3.107143e+00
     vertex  2.862534e+00  9.172882e-01  1.864286e+00
     vertex  2.978553e+00  9.384591e-01  1.864286e+00
   endloop
 endfacet
 facet normal  1.513546e-01 -9.861820e-01 -6.735671e-02
   outer loop
     vertex  3.003834e+00  8.540865e-01  3.107143e+00
     vertex  2.887264e+00  8.361959e-01  3.107143e+00
     vertex  2.862534e+00  9.172882e-01  1.864286e+00
   endloop
 endfacet
 facet normal  3.971841e-01 -9.149690e-01 -7.125022e-02
   outer loop
     vertex  3.047199e+00  8.714748e-01  3.107143e+00
     vertex  2.978553e+00  9.384591e-01  1.864286e+00
     vertex  3.021411e+00  9.570635e-01  1.864286e+00
   endloop
 endfacet
 facet normal  3.712451e-01 -9.258619e-01 -7.040461e-02
   outer loop
     vertex  3.047199e+00  8.714748e-01  3.107143e+00
     vertex  3.003834e+00  8.540865e-01  3.107143e+00
     vertex  2.978553e+00  9.384591e-01  1.864286e+00
   endloop
 endfacet
 facet normal  5.946532e-01 -8.010260e-01 -6.888334e-02
   outer loop
     vertex  3.097238e+00  9.064768e-01  3.107143e+00
     vertex  3.021411e+00  9.570635e-01  1.864286e+00
     vertex  3.070442e+00  9.934627e-01  1.864286e+00
   endloop
 endfacet
 facet normal  5.718550e-01 -8.175179e-01 -6.816366e-02
   outer loop
     vertex  3.097238e+00  9.064768e-01  3.107143e+00
     vertex  3.047199e+00  8.714748e-01  3.107143e+00
     vertex  3.021411e+00  9.570635e-01  1.864286e+00
   endloop
 endfacet
 facet normal  7.172304e-01 -6.934553e-01 -6.855957e-02
   outer loop
     vertex  3.241353e+00  1.047356e+00  3.107143e+00
     vertex  3.070442e+00  9.934627e-01  1.864286e+00
     vertex  3.210527e+00  1.138350e+00  1.864286e+00
   endloop
 endfacet
 facet normal  6.975561e-01 -7.135776e-01 -6.498151e-02
   outer loop
     vertex  3.241353e+00  1.047356e+00  3.107143e+00
     vertex  3.097238e+00  9.064768e-01  3.107143e+00
     vertex  3.070442e+00  9.934627e-01  1.864286e+00
   endloop
 endfacet
 facet normal  7.558216e-01 -6.508559e-01 -7.155648e-02
   outer loop
     vertex  3.394894e+00  1.215809e+00  3.107143e+00
     vertex  3.210527e+00  1.138350e+00  1.864286e+00
     vertex  3.359256e+00  1.311066e+00  1.864286e+00
   endloop
 endfacet
 facet normal  8.128688e-01 -5.785051e-01 -6.764702e-02
   outer loop
     vertex  3.394894e+00  1.215809e+00  3.107143e+00
     vertex  3.359256e+00  1.311066e+00  1.864286e+00
     vertex  3.492283e+00  1.497985e+00  1.864286e+00
   endloop
 endfacet
 facet normal  7.373751e-01 -6.721029e-01 -6.749593e-02
   outer loop
     vertex  3.394894e+00  1.215809e+00  3.107143e+00
     vertex  3.241353e+00  1.047356e+00  3.107143e+00
     vertex  3.210527e+00  1.138350e+00  1.864286e+00
   endloop
 endfacet
 facet normal  7.958668e-01 -6.009241e-01 -7.406926e-02
   outer loop
     vertex  3.533139e+00  1.398902e+00  3.107143e+00
     vertex  3.394894e+00  1.215809e+00  3.107143e+00
     vertex  3.492283e+00  1.497985e+00  1.864286e+00
   endloop
 endfacet
 facet normal  4.441283e-01 -8.942370e-01 -5.558959e-02
   outer loop
     vertex  2.382451e+00  7.055976e-01  1.864286e+00
     vertex  2.361605e+00  7.725054e-01  6.214286e-01
     vertex  2.782280e+00  9.814360e-01  6.214286e-01
   endloop
 endfacet
 facet normal  2.906633e-01 -9.544926e-01 -6.677302e-02
   outer loop
     vertex  2.808851e+00  9.025814e-01  1.864286e+00
     vertex  2.782280e+00  9.814360e-01  6.214286e-01
     vertex  2.835527e+00  9.976508e-01  6.214286e-01
   endloop
 endfacet
 facet normal  4.184554e-01 -9.058057e-01 -6.641611e-02
   outer loop
     vertex  2.808851e+00  9.025814e-01  1.864286e+00
     vertex  2.382451e+00  7.055976e-01  1.864286e+00
     vertex  2.782280e+00  9.814360e-01  6.214286e-01
   endloop
 endfacet
 facet normal  2.067117e-01 -9.760635e-01 -6.760369e-02
   outer loop
     vertex  2.862534e+00  9.172882e-01  1.864286e+00
     vertex  2.835527e+00  9.976508e-01  6.214286e-01
     vertex  2.950902e+00  1.022085e+00  6.214286e-01
   endloop
 endfacet
 facet normal  2.636088e-01 -9.622337e-01 -6.794584e-02
   outer loop
     vertex  2.862534e+00  9.172882e-01  1.864286e+00
     vertex  2.808851e+00  9.025814e-01  1.864286e+00
     vertex  2.835527e+00  9.976508e-01  6.214286e-01
   endloop
 endfacet
 facet normal  4.228611e-01 -9.034715e-01 -7.019801e-02
   outer loop
     vertex  2.978553e+00  9.384591e-01  1.864286e+00
     vertex  2.950902e+00  1.022085e+00  6.214286e-01
     vertex  2.993218e+00  1.041891e+00  6.214286e-01
   endloop
 endfacet
 facet normal  1.790733e-01 -9.813413e-01 -7.001383e-02
   outer loop
     vertex  2.978553e+00  9.384591e-01  1.864286e+00
     vertex  2.862534e+00  9.172882e-01  1.864286e+00
     vertex  2.950902e+00  1.022085e+00  6.214286e-01
   endloop
 endfacet
 facet normal  6.170649e-01 -7.840112e-01 -6.750737e-02
   outer loop
     vertex  3.021411e+00  9.570635e-01  1.864286e+00
     vertex  2.993218e+00  1.041891e+00  6.214286e-01
     vertex  3.041204e+00  1.079658e+00  6.214286e-01
   endloop
 endfacet
 facet normal  3.971782e-01 -9.149554e-01 -7.145677e-02
   outer loop
     vertex  3.021411e+00  9.570635e-01  1.864286e+00
     vertex  2.978553e+00  9.384591e-01  1.864286e+00
     vertex  2.993218e+00  1.041891e+00  6.214286e-01
   endloop
 endfacet
 facet normal  7.367243e-01 -6.731561e-01 -6.401671e-02
   outer loop
     vertex  3.070442e+00  9.934627e-01  1.864286e+00
     vertex  3.041204e+00  1.079658e+00  6.214286e-01
     vertex  3.177147e+00  1.228439e+00  6.214286e-01
   endloop
 endfacet
 facet normal  5.946261e-01 -8.009894e-01 -6.953944e-02
   outer loop
     vertex  3.070442e+00  9.934627e-01  1.864286e+00
     vertex  3.021411e+00  9.570635e-01  1.864286e+00
     vertex  3.041204e+00  1.079658e+00  6.214286e-01
   endloop
 endfacet
 facet normal  7.741515e-01 -6.295059e-01 -6.642152e-02
   outer loop
     vertex  3.210527e+00  1.138350e+00  1.864286e+00
     vertex  3.177147e+00  1.228439e+00  6.214286e-01
     vertex  3.320946e+00  1.405280e+00  6.214286e-01
   endloop
 endfacet
 facet normal  7.171824e-01 -6.934089e-01 -6.952349e-02
   outer loop
     vertex  3.210527e+00  1.138350e+00  1.864286e+00
     vertex  3.070442e+00  9.934627e-01  1.864286e+00
     vertex  3.177147e+00  1.228439e+00  6.214286e-01
   endloop
 endfacet
 facet normal  8.288602e-01 -5.553510e-01 -6.764702e-02
   outer loop
     vertex  3.359256e+00  1.311066e+00  1.864286e+00
     vertex  3.320946e+00  1.405280e+00  6.214286e-01
     vertex  3.448649e+00  1.595876e+00  6.214286e-01
   endloop
 endfacet
 facet normal  7.557628e-01 -6.508053e-01 -7.262973e-02
   outer loop
     vertex  3.359256e+00  1.311066e+00  1.864286e+00
     vertex  3.210527e+00  1.138350e+00  1.864286e+00
     vertex  3.320946e+00  1.405280e+00  6.214286e-01
   endloop
 endfacet
 facet normal  8.124971e-01 -5.782406e-01 -7.406926e-02
   outer loop
     vertex  3.492283e+00  1.497985e+00  1.864286e+00
     vertex  3.359256e+00  1.311066e+00  1.864286e+00
     vertex  3.448649e+00  1.595876e+00  6.214286e-01
   endloop
 endfacet
 facet normal  4.441226e-01 -8.942256e-01 -5.581804e-02
   outer loop
     vertex  2.782280e+00  9.814360e-01  6.214286e-01
     vertex  2.361605e+00  7.725054e-01  6.214286e-01
     vertex  2.338880e+00  8.387986e-01 -6.214286e-01
   endloop
 endfacet
 facet normal  4.688666e-01 -8.807856e-01 -6.618810e-02
   outer loop
     vertex  2.782280e+00  9.814360e-01  6.214286e-01
     vertex  2.338880e+00  8.387986e-01 -6.214286e-01
     vertex  2.753495e+00  1.059510e+00 -6.214286e-01
   endloop
 endfacet
 facet normal  3.174388e-01 -9.458356e-01 -6.802742e-02
   outer loop
     vertex  2.835527e+00  9.976508e-01  6.214286e-01
     vertex  2.753495e+00  1.059510e+00 -6.214286e-01
     vertex  2.806264e+00  1.077220e+00 -6.214286e-01
   endloop
 endfacet
 facet normal  2.906649e-01 -9.544979e-01 -6.669142e-02
   outer loop
     vertex  2.835527e+00  9.976508e-01  6.214286e-01
     vertex  2.782280e+00  9.814360e-01  6.214286e-01
     vertex  2.753495e+00  1.059510e+00 -6.214286e-01
   endloop
 endfacet
 facet normal  2.341127e-01 -9.696673e-01 -7.026067e-02
   outer loop
     vertex  2.950902e+00  1.022085e+00  6.214286e-01
     vertex  2.806264e+00  1.077220e+00 -6.214286e-01
     vertex  2.920904e+00  1.104898e+00 -6.214286e-01
   endloop
 endfacet
 facet normal  2.067152e-01 -9.760799e-01 -6.735671e-02
   outer loop
     vertex  2.950902e+00  1.022085e+00  6.214286e-01
     vertex  2.835527e+00  9.976508e-01  6.214286e-01
     vertex  2.806264e+00  1.077220e+00 -6.214286e-01
   endloop
 endfacet
 facet normal  4.481386e-01 -8.911202e-01 -7.125022e-02
   outer loop
     vertex  2.993218e+00  1.041891e+00  6.214286e-01
     vertex  2.920904e+00  1.104898e+00 -6.214286e-01
     vertex  2.962645e+00  1.125889e+00 -6.214286e-01
   endloop
 endfacet
 facet normal  4.228550e-01 -9.034583e-01 -7.040461e-02
   outer loop
     vertex  2.993218e+00  1.041891e+00  6.214286e-01
     vertex  2.950902e+00  1.022085e+00  6.214286e-01
     vertex  2.920904e+00  1.104898e+00 -6.214286e-01
   endloop
 endfacet
 facet normal  6.388695e-01 -7.662251e-01 -6.888334e-02
   outer loop
     vertex  3.041204e+00  1.079658e+00  6.214286e-01
     vertex  2.962645e+00  1.125889e+00 -6.214286e-01
     vertex  3.009546e+00  1.164995e+00 -6.214286e-01
   endloop
 endfacet
 facet normal  6.170373e-01 -7.839762e-01 -6.816366e-02
   outer loop
     vertex  3.041204e+00  1.079658e+00  6.214286e-01
     vertex  2.993218e+00  1.041891e+00  6.214286e-01
     vertex  2.962645e+00  1.125889e+00 -6.214286e-01
   endloop
 endfacet
 facet normal  7.551868e-01 -6.519145e-01 -6.855957e-02
   outer loop
     vertex  3.177147e+00  1.228439e+00  6.214286e-01
     vertex  3.009546e+00  1.164995e+00 -6.214286e-01
     vertex  3.141240e+00  1.317550e+00 -6.214286e-01
   endloop
 endfacet
 facet normal  7.366783e-01 -6.731141e-01 -6.498151e-02
   outer loop
     vertex  3.177147e+00  1.228439e+00  6.214286e-01
     vertex  3.041204e+00  1.079658e+00  6.214286e-01
     vertex  3.009546e+00  1.164995e+00 -6.214286e-01
   endloop
 endfacet
 facet normal  7.913148e-01 -6.072072e-01 -7.155648e-02
   outer loop
     vertex  3.320946e+00  1.405280e+00  6.214286e-01
     vertex  3.141240e+00  1.317550e+00 -6.214286e-01
     vertex  3.279995e+00  1.498376e+00 -6.214286e-01
   endloop
 endfacet
 facet normal  7.740956e-01 -6.294604e-01 -6.749593e-02
   outer loop
     vertex  3.320946e+00  1.405280e+00  6.214286e-01
     vertex  3.177147e+00  1.228439e+00  6.214286e-01
     vertex  3.141240e+00  1.317550e+00 -6.214286e-01
   endloop
 endfacet
 facet normal  8.438843e-01 -5.315612e-01 -7.281432e-02
   outer loop
     vertex  3.448649e+00  1.595876e+00  6.214286e-01
     vertex  3.279995e+00  1.498376e+00 -6.214286e-01
     vertex  3.402271e+00  1.692498e+00 -6.214286e-01
   endloop
 endfacet
 facet normal  8.287887e-01 -5.553031e-01 -6.890335e-02
   outer loop
     vertex  3.448649e+00  1.595876e+00  6.214286e-01
     vertex  3.320946e+00  1.405280e+00  6.214286e-01
     vertex  3.279995e+00  1.498376e+00 -6.214286e-01
   endloop
 endfacet
 facet normal  4.938393e-01 -8.677745e-01 -5.558959e-02
   outer loop
     vertex  2.338880e+00  8.387986e-01 -6.214286e-01
     vertex  2.314294e+00  9.044247e-01 -1.864286e+00
     vertex  2.722520e+00  1.136741e+00 -1.864286e+00
   endloop
 endfacet
 facet normal  3.440156e-01 -9.365867e-01 -6.677302e-02
   outer loop
     vertex  2.753495e+00  1.059510e+00 -6.214286e-01
     vertex  2.722520e+00  1.136741e+00 -1.864286e+00
     vertex  2.774768e+00  1.155932e+00 -1.864286e+00
   endloop
 endfacet
 facet normal  4.688595e-01 -8.807722e-01 -6.641611e-02
   outer loop
     vertex  2.753495e+00  1.059510e+00 -6.214286e-01
     vertex  2.338880e+00  8.387986e-01 -6.214286e-01
     vertex  2.722520e+00  1.136741e+00 -1.864286e+00
   endloop
 endfacet
 facet normal  2.614137e-01 -9.628565e-01 -6.760369e-02
   outer loop
     vertex  2.806264e+00  1.077220e+00 -6.214286e-01
     vertex  2.774768e+00  1.155932e+00 -1.864286e+00
     vertex  2.888583e+00  1.186832e+00 -1.864286e+00
   endloop
 endfacet
 facet normal  3.174405e-01 -9.458408e-01 -6.794584e-02
   outer loop
     vertex  2.806264e+00  1.077220e+00 -6.214286e-01
     vertex  2.753495e+00  1.059510e+00 -6.214286e-01
     vertex  2.774768e+00  1.155932e+00 -1.864286e+00
   endloop
 endfacet
 facet normal  4.731266e-01 -8.781933e-01 -7.019801e-02
   outer loop
     vertex  2.920904e+00  1.104898e+00 -6.214286e-01
     vertex  2.888583e+00  1.186832e+00 -1.864286e+00
     vertex  2.929715e+00  1.208992e+00 -1.864286e+00
   endloop
 endfacet
 facet normal  2.341168e-01 -9.696842e-01 -7.001383e-02
   outer loop
     vertex  2.920904e+00  1.104898e+00 -6.214286e-01
     vertex  2.806264e+00  1.077220e+00 -6.214286e-01
     vertex  2.888583e+00  1.186832e+00 -1.864286e+00
   endloop
 endfacet
 facet normal  6.602862e-01 -7.479738e-01 -6.750737e-02
   outer loop
     vertex  2.962645e+00  1.125889e+00 -6.214286e-01
     vertex  2.929715e+00  1.208992e+00 -1.864286e+00
     vertex  2.975495e+00  1.249405e+00 -1.864286e+00
   endloop
 endfacet
 facet normal  4.481319e-01 -8.911070e-01 -7.145677e-02
   outer loop
     vertex  2.962645e+00  1.125889e+00 -6.214286e-01
     vertex  2.920904e+00  1.104898e+00 -6.214286e-01
     vertex  2.929715e+00  1.208992e+00 -1.864286e+00
   endloop
 endfacet
 facet normal  7.735052e-01 -6.305486e-01 -6.401671e-02
   outer loop
     vertex  3.009546e+00  1.164995e+00 -6.214286e-01
     vertex  2.975495e+00  1.249405e+00 -1.864286e+00
     vertex  3.102833e+00  1.405614e+00 -1.864286e+00
   endloop
 endfacet
 facet normal  6.388403e-01 -7.661901e-01 -6.953944e-02
   outer loop
     vertex  3.009546e+00  1.164995e+00 -6.214286e-01
     vertex  2.962645e+00  1.125889e+00 -6.214286e-01
     vertex  2.975495e+00  1.249405e+00 -1.864286e+00
   endloop
 endfacet
 facet normal  8.084119e-01 -5.848576e-01 -6.642152e-02
   outer loop
     vertex  3.141240e+00  1.317550e+00 -6.214286e-01
     vertex  3.102833e+00  1.405614e+00 -1.864286e+00
     vertex  3.236434e+00  1.590281e+00 -1.864286e+00
   endloop
 endfacet
 facet normal  7.551363e-01 -6.518709e-01 -6.952349e-02
   outer loop
     vertex  3.141240e+00  1.317550e+00 -6.214286e-01
     vertex  3.009546e+00  1.164995e+00 -6.214286e-01
     vertex  3.102833e+00  1.405614e+00 -1.864286e+00
   endloop
 endfacet
 facet normal  8.588526e-01 -5.077362e-01 -6.764702e-02
   outer loop
     vertex  3.279995e+00  1.498376e+00 -6.214286e-01
     vertex  3.236434e+00  1.590281e+00 -1.864286e+00
     vertex  3.353187e+00  1.787774e+00 -1.864286e+00
   endloop
 endfacet
 facet normal  7.912533e-01 -6.071599e-01 -7.262973e-02
   outer loop
     vertex  3.279995e+00  1.498376e+00 -6.214286e-01
     vertex  3.141240e+00  1.317550e+00 -6.214286e-01
     vertex  3.236434e+00  1.590281e+00 -1.864286e+00
   endloop
 endfacet
 facet normal  8.438061e-01 -5.315119e-01 -7.406926e-02
   outer loop
     vertex  3.402271e+00  1.692498e+00 -6.214286e-01
     vertex  3.279995e+00  1.498376e+00 -6.214286e-01
     vertex  3.353187e+00  1.787774e+00 -1.864286e+00
   endloop
 endfacet
 facet normal  4.938329e-01 -8.677634e-01 -5.581804e-02
   outer loop
     vertex  2.722520e+00  1.136741e+00 -1.864286e+00
     vertex  2.314294e+00  9.044247e-01 -1.864286e+00
     vertex  2.287868e+00  9.693313e-01 -3.107143e+00
   endloop
 endfacet
 facet normal  5.177798e-01 -8.529497e-01 -6.618810e-02
   outer loop
     vertex  2.722520e+00  1.136741e+00 -1.864286e+00
     vertex  2.287868e+00  9.693313e-01 -3.107143e+00
     vertex  2.689380e+00  1.213067e+00 -3.107143e+00
   endloop
 endfacet
 facet normal  3.702604e-01 -9.264338e-01 -6.802742e-02
   outer loop
     vertex  2.774768e+00  1.155932e+00 -1.864286e+00
     vertex  2.689380e+00  1.213067e+00 -3.107143e+00
     vertex  2.741066e+00  1.233724e+00 -3.107143e+00
   endloop
 endfacet
 facet normal  3.440175e-01 -9.365918e-01 -6.669142e-02
   outer loop
     vertex  2.774768e+00  1.155932e+00 -1.864286e+00
     vertex  2.722520e+00  1.136741e+00 -1.864286e+00
     vertex  2.689380e+00  1.213067e+00 -3.107143e+00
   endloop
 endfacet
 facet normal  2.884105e-01 -9.549256e-01 -7.026067e-02
   outer loop
     vertex  2.888583e+00  1.186832e+00 -1.864286e+00
     vertex  2.741066e+00  1.233724e+00 -3.107143e+00
     vertex  2.853964e+00  1.267822e+00 -3.107143e+00
   endloop
 endfacet
 facet normal  2.614181e-01 -9.628726e-01 -6.735671e-02
   outer loop
     vertex  2.888583e+00  1.186832e+00 -1.864286e+00
     vertex  2.774768e+00  1.155932e+00 -1.864286e+00
     vertex  2.741066e+00  1.233724e+00 -3.107143e+00
   endloop
 endfacet
 facet normal  4.976674e-01 -8.644365e-01 -7.125022e-02
   outer loop
     vertex  2.929715e+00  1.208992e+00 -1.864286e+00
     vertex  2.853964e+00  1.267822e+00 -3.107143e+00
     vertex  2.894455e+00  1.291133e+00 -3.107143e+00
   endloop
 endfacet
 facet normal  4.731197e-01 -8.781805e-01 -7.040461e-02
   outer loop
     vertex  2.929715e+00  1.208992e+00 -1.864286e+00
     vertex  2.888583e+00  1.186832e+00 -1.864286e+00
     vertex  2.853964e+00  1.267822e+00 -3.107143e+00
   endloop
 endfacet
 facet normal  6.810533e-01 -7.289866e-01 -6.888334e-02
   outer loop
     vertex  2.975495e+00  1.249405e+00 -1.864286e+00
     vertex  2.894455e+00  1.291133e+00 -3.107143e+00
     vertex  2.939076e+00  1.332821e+00 -3.107143e+00
   endloop
 endfacet
 facet normal  6.602567e-01 -7.479404e-01 -6.816366e-02
   outer loop
     vertex  2.975495e+00  1.249405e+00 -1.864286e+00
     vertex  2.929715e+00  1.208992e+00 -1.864286e+00
     vertex  2.894455e+00  1.291133e+00 -3.107143e+00
   endloop
 endfacet
 facet normal  7.907407e-01 -6.082999e-01 -6.855957e-02
   outer loop
     vertex  3.102833e+00  1.405614e+00 -1.864286e+00
     vertex  2.939076e+00  1.332821e+00 -3.107143e+00
     vertex  3.061959e+00  1.492559e+00 -3.107143e+00
   endloop
 endfacet
 facet normal  7.734569e-01 -6.305092e-01 -6.498151e-02
   outer loop
     vertex  3.102833e+00  1.405614e+00 -1.864286e+00
     vertex  2.975495e+00  1.249405e+00 -1.864286e+00
     vertex  2.939076e+00  1.332821e+00 -3.107143e+00
   endloop
 endfacet
 facet normal  8.242907e-01 -5.616267e-01 -7.155648e-02
   outer loop
     vertex  3.236434e+00  1.590281e+00 -1.864286e+00
     vertex  3.061959e+00  1.492559e+00 -3.107143e+00
     vertex  3.190298e+00  1.680920e+00 -3.107143e+00
   endloop
 endfacet
 facet normal  8.728299e-01 -4.833134e-01 -6.764702e-02
   outer loop
     vertex  3.236434e+00  1.590281e+00 -1.864286e+00
     vertex  3.190298e+00  1.680920e+00 -3.107143e+00
     vertex  3.301436e+00  1.881627e+00 -3.107143e+00
   endloop
 endfacet
 facet normal  8.083535e-01 -5.848154e-01 -6.749593e-02
   outer loop
     vertex  3.236434e+00  1.590281e+00 -1.864286e+00
     vertex  3.102833e+00  1.405614e+00 -1.864286e+00
     vertex  3.061959e+00  1.492559e+00 -3.107143e+00
   endloop
 endfacet
 facet normal  8.584599e-01 -5.075040e-01 -7.406926e-02
   outer loop
     vertex  3.353187e+00  1.787774e+00 -1.864286e+00
     vertex  3.236434e+00  1.590281e+00 -1.864286e+00
     vertex  3.301436e+00  1.881627e+00 -3.107143e+00
   endloop
 endfacet
 facet normal -5.759320e-02  9.955399e-01  7.472161e-02
   outer loop
     vertex  3.216660e+00  2.023141e+00 -1.864286e+00
     vertex  3.158325e+00  2.113050e+00 -3.107143e+00
     vertex  2.840797e+00  2.094681e+00 -3.107143e+00
   endloop
 endfacet
 facet normal -1.676900e-01  9.832176e-01  7.185503e-02
   outer loop
     vertex  2.898740e+00  2.013733e+00 -1.864286e+00
     vertex  2.840797e+00  2.094681e+00 -3.107143e+00
     vertex  2.632826e+00  2.059211e+00 -3.107143e+00
   endloop
 endfacet
 facet normal -2.951223e-02  9.973609e-01  6.633423e-02
   outer loop
     vertex  2.898740e+00  2.013733e+00 -1.864286e+00
     vertex  3.216660e+00  2.023141e+00 -1.864286e+00
     vertex  2.840797e+00  2.094681e+00 -3.107143e+00
   endloop
 endfacet
 facet normal -2.048967e-01  9.763924e-01  6.837513e-02
   outer loop
     vertex  2.689852e+00  1.984142e+00 -1.864286e+00
     vertex  2.632826e+00  2.059211e+00 -3.107143e+00
     vertex  2.487535e+00  2.028721e+00 -3.107143e+00
   endloop
 endfacet
 facet normal -1.399511e-01  9.879501e-01  6.609334e-02
   outer loop
     vertex  2.689852e+00  1.984142e+00 -1.864286e+00
     vertex  2.898740e+00  2.013733e+00 -1.864286e+00
     vertex  2.632826e+00  2.059211e+00 -3.107143e+00
   endloop
 endfacet
 facet normal -4.060652e-01  9.111292e-01  7.038865e-02
   outer loop
     vertex  2.543759e+00  1.957763e+00 -1.864286e+00
     vertex  2.487535e+00  2.028721e+00 -3.107143e+00
     vertex  2.434201e+00  2.004952e+00 -3.107143e+00
   endloop
 endfacet
 facet normal -1.773301e-01  9.820623e-01  6.409112e-02
   outer loop
     vertex  2.543759e+00  1.957763e+00 -1.864286e+00
     vertex  2.689852e+00  1.984142e+00 -1.864286e+00
     vertex  2.487535e+00  2.028721e+00 -3.107143e+00
   endloop
 endfacet
 facet normal -6.246376e-01  7.776455e-01  7.138197e-02
   outer loop
     vertex  2.489775e+00  1.935506e+00 -1.864286e+00
     vertex  2.434201e+00  2.004952e+00 -3.107143e+00
     vertex  2.392008e+00  1.971060e+00 -3.107143e+00
   endloop
 endfacet
 facet normal -3.802577e-01  9.223375e-01  6.853928e-02
   outer loop
     vertex  2.489775e+00  1.935506e+00 -1.864286e+00
     vertex  2.543759e+00  1.957763e+00 -1.864286e+00
     vertex  2.434201e+00  2.004952e+00 -3.107143e+00
   endloop
 endfacet
 facet normal -7.156617e-01  6.949687e-01  6.961889e-02
   outer loop
     vertex  2.446643e+00  1.902818e+00 -1.864286e+00
     vertex  2.392008e+00  1.971060e+00 -3.107143e+00
     vertex  2.292295e+00  1.868379e+00 -3.107143e+00
   endloop
 endfacet
 facet normal -6.025118e-01  7.950221e-01  7.013855e-02
   outer loop
     vertex  2.446643e+00  1.902818e+00 -1.864286e+00
     vertex  2.489775e+00  1.935506e+00 -1.864286e+00
     vertex  2.392008e+00  1.971060e+00 -3.107143e+00
   endloop
 endfacet
 facet normal -5.186706e-01  8.523876e-01  6.645424e-02
   outer loop
     vertex  2.344074e+00  1.802990e+00 -1.864286e+00
     vertex  2.292295e+00  1.868379e+00 -3.107143e+00
     vertex  2.149252e+00  1.781338e+00 -3.107143e+00
   endloop
 endfacet
 facet normal -6.959212e-01  7.150221e-01  6.661168e-02
   outer loop
     vertex  2.344074e+00  1.802990e+00 -1.864286e+00
     vertex  2.446643e+00  1.902818e+00 -1.864286e+00
     vertex  2.292295e+00  1.868379e+00 -3.107143e+00
   endloop
 endfacet
 facet normal -5.406529e-01  8.388931e-01  6.287082e-02
   outer loop
     vertex  2.198633e+00  1.720018e+00 -1.864286e+00
     vertex  2.149252e+00  1.781338e+00 -3.107143e+00
     vertex  1.889322e+00  1.613817e+00 -3.107143e+00
   endloop
 endfacet
 facet normal -4.945548e-01  8.669020e-01  6.242115e-02
   outer loop
     vertex  2.198633e+00  1.720018e+00 -1.864286e+00
     vertex  2.344074e+00  1.802990e+00 -1.864286e+00
     vertex  2.149252e+00  1.781338e+00 -3.107143e+00
   endloop
 endfacet
 facet normal -5.170010e-01  8.541720e-01  5.567899e-02
   outer loop
     vertex  1.934082e+00  1.559894e+00 -1.864286e+00
     vertex  2.198633e+00  1.720018e+00 -1.864286e+00
     vertex  1.889322e+00  1.613817e+00 -3.107143e+00
   endloop
 endfacet
 facet normal -2.949469e-02  9.967682e-01  7.472161e-02
   outer loop
     vertex  3.272436e+00  1.931622e+00 -6.214286e-01
     vertex  3.216660e+00  2.023141e+00 -1.864286e+00
     vertex  2.898740e+00  2.013733e+00 -1.864286e+00
   endloop
 endfacet
 facet normal -1.398952e-01  9.875557e-01  7.185503e-02
   outer loop
     vertex  2.954378e+00  1.931184e+00 -6.214286e-01
     vertex  2.898740e+00  2.013733e+00 -1.864286e+00
     vertex  2.689852e+00  1.984142e+00 -1.864286e+00
   endloop
 endfacet
 facet normal -1.373526e-03  9.977965e-01  6.633423e-02
   outer loop
     vertex  2.954378e+00  1.931184e+00 -6.214286e-01
     vertex  3.272436e+00  1.931622e+00 -6.214286e-01
     vertex  2.898740e+00  2.013733e+00 -1.864286e+00
   endloop
 endfacet
 facet normal -1.120339e-01  9.915039e-01  6.609334e-02
   outer loop
     vertex  2.744737e+00  1.907496e+00 -6.214286e-01
     vertex  2.954378e+00  1.931184e+00 -6.214286e-01
     vertex  2.689852e+00  1.984142e+00 -1.864286e+00
   endloop
 endfacet
 facet normal -1.773193e-01  9.820026e-01  6.502903e-02
   outer loop
     vertex  2.597959e+00  1.885246e+00 -6.214286e-01
     vertex  2.689852e+00  1.984142e+00 -1.864286e+00
     vertex  2.543759e+00  1.957763e+00 -1.864286e+00
   endloop
 endfacet
 facet normal -1.495310e-01  9.864546e-01  6.743786e-02
   outer loop
     vertex  2.597959e+00  1.885246e+00 -6.214286e-01
     vertex  2.744737e+00  1.907496e+00 -6.214286e-01
     vertex  2.689852e+00  1.984142e+00 -1.864286e+00
   endloop
 endfacet
 facet normal -3.802437e-01  9.223034e-01  6.907336e-02
   outer loop
     vertex  2.543369e+00  1.864522e+00 -6.214286e-01
     vertex  2.543759e+00  1.957763e+00 -1.864286e+00
     vertex  2.489775e+00  1.935506e+00 -1.864286e+00
   endloop
 endfacet
 facet normal -3.540629e-01  9.326091e-01  6.985472e-02
   outer loop
     vertex  2.543369e+00  1.864522e+00 -6.214286e-01
     vertex  2.597959e+00  1.885246e+00 -6.214286e-01
     vertex  2.543759e+00  1.957763e+00 -1.864286e+00
   endloop
 endfacet
 facet normal -6.025107e-01  7.950207e-01  7.016317e-02
   outer loop
     vertex  2.499332e+00  1.833063e+00 -6.214286e-01
     vertex  2.489775e+00  1.935506e+00 -1.864286e+00
     vertex  2.446643e+00  1.902818e+00 -1.864286e+00
   endloop
 endfacet
 facet normal -5.798012e-01  8.116272e-01  7.135736e-02
   outer loop
     vertex  2.499332e+00  1.833063e+00 -6.214286e-01
     vertex  2.543369e+00  1.864522e+00 -6.214286e-01
     vertex  2.489775e+00  1.935506e+00 -1.864286e+00
   endloop
 endfacet
 facet normal -6.959313e-01  7.150325e-01  6.639369e-02
   outer loop
     vertex  2.393989e+00  1.736167e+00 -6.214286e-01
     vertex  2.446643e+00  1.902818e+00 -1.864286e+00
     vertex  2.344074e+00  1.802990e+00 -1.864286e+00
   endloop
 endfacet
 facet normal -6.753305e-01  7.342013e-01  6.983675e-02
   outer loop
     vertex  2.393989e+00  1.736167e+00 -6.214286e-01
     vertex  2.499332e+00  1.833063e+00 -6.214286e-01
     vertex  2.446643e+00  1.902818e+00 -1.864286e+00
   endloop
 endfacet
 facet normal -4.945468e-01  8.668880e-01  6.267855e-02
   outer loop
     vertex  2.246266e+00  1.657329e+00 -6.214286e-01
     vertex  2.344074e+00  1.802990e+00 -1.864286e+00
     vertex  2.198633e+00  1.720018e+00 -1.864286e+00
   endloop
 endfacet
 facet normal -4.697957e-01  8.802897e-01  6.619703e-02
   outer loop
     vertex  2.246266e+00  1.657329e+00 -6.214286e-01
     vertex  2.393989e+00  1.736167e+00 -6.214286e-01
     vertex  2.344074e+00  1.802990e+00 -1.864286e+00
   endloop
 endfacet
 facet normal -5.169949e-01  8.541618e-01  5.589113e-02
   outer loop
     vertex  1.977304e+00  1.504730e+00 -6.214286e-01
     vertex  2.198633e+00  1.720018e+00 -1.864286e+00
     vertex  1.934082e+00  1.559894e+00 -1.864286e+00
   endloop
 endfacet
 facet normal -4.925024e-01  8.680526e-01  6.265893e-02
   outer loop
     vertex  1.977304e+00  1.504730e+00 -6.214286e-01
     vertex  2.246266e+00  1.657329e+00 -6.214286e-01
     vertex  2.198633e+00  1.720018e+00 -1.864286e+00
   endloop
 endfacet
 facet normal  2.675280e-02  9.969364e-01  7.349833e-02
   outer loop
     vertex  3.007665e+00  1.847098e+00  6.214286e-01
     vertex  3.325609e+00  1.838566e+00  6.214286e-01
     vertex  3.272436e+00  1.931622e+00 -6.214286e-01
   endloop
 endfacet
 facet normal -1.373413e-03  9.977143e-01  6.755937e-02
   outer loop
     vertex  3.007665e+00  1.847098e+00  6.214286e-01
     vertex  3.272436e+00  1.931622e+00 -6.214286e-01
     vertex  2.954378e+00  1.931184e+00 -6.214286e-01
   endloop
 endfacet
 facet normal -1.120263e-01  9.914370e-01  6.710250e-02
   outer loop
     vertex  2.797440e+00  1.829332e+00  6.214286e-01
     vertex  2.954378e+00  1.931184e+00 -6.214286e-01
     vertex  2.744737e+00  1.907496e+00 -6.214286e-01
   endloop
 endfacet
 facet normal -8.400006e-02  9.939440e-01  7.084688e-02
   outer loop
     vertex  2.797440e+00  1.829332e+00  6.214286e-01
     vertex  3.007665e+00  1.847098e+00  6.214286e-01
     vertex  2.954378e+00  1.931184e+00 -6.214286e-01
   endloop
 endfacet
 facet normal -1.495550e-01  9.866127e-01  6.502903e-02
   outer loop
     vertex  2.650092e+00  1.811230e+00  6.214286e-01
     vertex  2.744737e+00  1.907496e+00 -6.214286e-01
     vertex  2.597959e+00  1.885246e+00 -6.214286e-01
   endloop
 endfacet
 facet normal -3.540496e-01  9.325740e-01  7.038865e-02
   outer loop
     vertex  2.650092e+00  1.811230e+00  6.214286e-01
     vertex  2.597959e+00  1.885246e+00 -6.214286e-01
     vertex  2.543369e+00  1.864522e+00 -6.214286e-01
   endloop
 endfacet
 facet normal -1.216521e-01  9.902792e-01  6.743786e-02
   outer loop
     vertex  2.650092e+00  1.811230e+00  6.214286e-01
     vertex  2.797440e+00  1.829332e+00  6.214286e-01
     vertex  2.744737e+00  1.907496e+00 -6.214286e-01
   endloop
 endfacet
 facet normal -5.798001e-01  8.116258e-01  7.138197e-02
   outer loop
     vertex  2.594940e+00  1.792053e+00  6.214286e-01
     vertex  2.543369e+00  1.864522e+00 -6.214286e-01
     vertex  2.499332e+00  1.833063e+00 -6.214286e-01
   endloop
 endfacet
 facet normal -3.276512e-01  9.423094e-01  6.853928e-02
   outer loop
     vertex  2.594940e+00  1.792053e+00  6.214286e-01
     vertex  2.650092e+00  1.811230e+00  6.214286e-01
     vertex  2.543369e+00  1.864522e+00 -6.214286e-01
   endloop
 endfacet
 facet normal -6.753408e-01  7.342125e-01  6.961889e-02
   outer loop
     vertex  2.550033e+00  1.761849e+00  6.214286e-01
     vertex  2.499332e+00  1.833063e+00 -6.214286e-01
     vertex  2.393989e+00  1.736167e+00 -6.214286e-01
   endloop
 endfacet
 facet normal -5.567298e-01  8.277273e-01  7.013855e-02
   outer loop
     vertex  2.550033e+00  1.761849e+00  6.214286e-01
     vertex  2.594940e+00  1.792053e+00  6.214286e-01
     vertex  2.499332e+00  1.833063e+00 -6.214286e-01
   endloop
 endfacet
 facet normal -4.697876e-01  8.802746e-01  6.645424e-02
   outer loop
     vertex  2.441999e+00  1.667962e+00  6.214286e-01
     vertex  2.393989e+00  1.736167e+00 -6.214286e-01
     vertex  2.246266e+00  1.657329e+00 -6.214286e-01
   endloop
 endfacet
 facet normal -6.545011e-01  7.531210e-01  6.661168e-02
   outer loop
     vertex  2.441999e+00  1.667962e+00  6.214286e-01
     vertex  2.550033e+00  1.761849e+00  6.214286e-01
     vertex  2.393989e+00  1.736167e+00 -6.214286e-01
   endloop
 endfacet
 facet normal -4.924958e-01  8.680410e-01  6.287082e-02
   outer loop
     vertex  2.292111e+00  1.593322e+00  6.214286e-01
     vertex  2.246266e+00  1.657329e+00 -6.214286e-01
     vertex  1.977304e+00  1.504730e+00 -6.214286e-01
   endloop
 endfacet
 facet normal -4.448919e-01  8.934063e-01  6.242115e-02
   outer loop
     vertex  2.292111e+00  1.593322e+00  6.214286e-01
     vertex  2.441999e+00  1.667962e+00  6.214286e-01
     vertex  2.246266e+00  1.657329e+00 -6.214286e-01
   endloop
 endfacet
 facet normal -4.680202e-01  8.819620e-01  5.567899e-02
   outer loop
     vertex  2.018953e+00  1.448369e+00  6.214286e-01
     vertex  2.292111e+00  1.593322e+00  6.214286e-01
     vertex  1.977304e+00  1.504730e+00 -6.214286e-01
   endloop
 endfacet
 facet normal  2.675036e-02  9.968456e-01  7.472161e-02
   outer loop
     vertex  3.376136e+00  1.744048e+00  1.864286e+00
     vertex  3.325609e+00  1.838566e+00  6.214286e-01
     vertex  3.007665e+00  1.847098e+00  6.214286e-01
   endloop
 endfacet
 facet normal -8.399399e-02  9.938722e-01  7.185503e-02
   outer loop
     vertex  3.058559e+00  1.761543e+00  1.864286e+00
     vertex  3.007665e+00  1.847098e+00  6.214286e-01
     vertex  2.797440e+00  1.829332e+00  6.214286e-01
   endloop
 endfacet
 facet normal  5.488477e-02  9.962868e-01  6.633423e-02
   outer loop
     vertex  3.058559e+00  1.761543e+00  1.864286e+00
     vertex  3.376136e+00  1.744048e+00  1.864286e+00
     vertex  3.007665e+00  1.847098e+00  6.214286e-01
   endloop
 endfacet
 facet normal -1.216444e-01  9.902159e-01  6.837513e-02
   outer loop
     vertex  2.847917e+00  1.749712e+00  1.864286e+00
     vertex  2.797440e+00  1.829332e+00  6.214286e-01
     vertex  2.650092e+00  1.811230e+00  6.214286e-01
   endloop
 endfacet
 facet normal -5.595434e-02  9.962433e-01  6.609334e-02
   outer loop
     vertex  2.847917e+00  1.749712e+00  1.864286e+00
     vertex  3.058559e+00  1.761543e+00  1.864286e+00
     vertex  2.797440e+00  1.829332e+00  6.214286e-01
   endloop
 endfacet
 facet normal -3.276089e-01  9.421878e-01  7.038865e-02
   outer loop
     vertex  2.700117e+00  1.735774e+00  1.864286e+00
     vertex  2.650092e+00  1.811230e+00  6.214286e-01
     vertex  2.594940e+00  1.792053e+00  6.214286e-01
   endloop
 endfacet
 facet normal -9.369722e-02  9.935357e-01  6.409112e-02
   outer loop
     vertex  2.700117e+00  1.735774e+00  1.864286e+00
     vertex  2.847917e+00  1.749712e+00  1.864286e+00
     vertex  2.650092e+00  1.811230e+00  6.214286e-01
   endloop
 endfacet
 facet normal -5.566806e-01  8.276541e-01  7.138197e-02
   outer loop
     vertex  2.644446e+00  1.718160e+00  1.864286e+00
     vertex  2.594940e+00  1.792053e+00  6.214286e-01
     vertex  2.550033e+00  1.761849e+00  6.214286e-01
   endloop
 endfacet
 facet normal -3.009464e-01  9.511749e-01  6.853928e-02
   outer loop
     vertex  2.644446e+00  1.718160e+00  1.864286e+00
     vertex  2.700117e+00  1.735774e+00  1.864286e+00
     vertex  2.594940e+00  1.792053e+00  6.214286e-01
   endloop
 endfacet
 facet normal -6.543664e-01  7.529660e-01  6.961889e-02
   outer loop
     vertex  2.598705e+00  1.689234e+00  1.864286e+00
     vertex  2.550033e+00  1.761849e+00  6.214286e-01
     vertex  2.441999e+00  1.667962e+00  6.214286e-01
   endloop
 endfacet
 facet normal -5.331653e-01  8.430987e-01  7.013855e-02
   outer loop
     vertex  2.598705e+00  1.689234e+00  1.864286e+00
     vertex  2.644446e+00  1.718160e+00  1.864286e+00
     vertex  2.550033e+00  1.761849e+00  6.214286e-01
   endloop
 endfacet
 facet normal -4.447758e-01  8.931732e-01  6.645424e-02
   outer loop
     vertex  2.488067e+00  1.598431e+00  1.864286e+00
     vertex  2.441999e+00  1.667962e+00  6.214286e-01
     vertex  2.292111e+00  1.593322e+00  6.214286e-01
   endloop
 endfacet
 facet normal -6.330017e-01  7.712793e-01  6.661168e-02
   outer loop
     vertex  2.488067e+00  1.598431e+00  1.864286e+00
     vertex  2.598705e+00  1.689234e+00  1.864286e+00
     vertex  2.441999e+00  1.667962e+00  6.214286e-01
   endloop
 endfacet
 facet normal -4.678200e-01  8.815848e-01  6.287082e-02
   outer loop
     vertex  2.336134e+00  1.528048e+00  1.864286e+00
     vertex  2.292111e+00  1.593322e+00  6.214286e-01
     vertex  2.018953e+00  1.448369e+00  6.214286e-01
   endloop
 endfacet
 facet normal -4.195197e-01  9.055975e-01  6.242115e-02
   outer loop
     vertex  2.336134e+00  1.528048e+00  1.864286e+00
     vertex  2.488067e+00  1.598431e+00  1.864286e+00
     vertex  2.292111e+00  1.593322e+00  6.214286e-01
   endloop
 endfacet
 facet normal -4.429615e-01  8.948100e-01  5.567899e-02
   outer loop
     vertex  2.058996e+00  1.390855e+00  1.864286e+00
     vertex  2.336134e+00  1.528048e+00  1.864286e+00
     vertex  2.018953e+00  1.448369e+00  6.214286e-01
   endloop
 endfacet
 facet normal  9.801862e-01  1.980337e-01 -4.195647e-03
   outer loop
     vertex  2.401403e+00  6.381285e-01  3.107143e+00
     vertex  2.469513e+00  2.746780e-01  1.864286e+00
     vertex  2.382451e+00  7.055976e-01  1.864286e+00
   endloop
 endfacet
 facet normal  9.853812e-01  1.703123e-01  4.195647e-03
   outer loop
     vertex  2.401403e+00  6.381285e-01  3.107143e+00
     vertex  2.476277e+00  2.049250e-01  3.107143e+00
     vertex  2.469513e+00  2.746780e-01  1.864286e+00
   endloop
 endfacet
 facet normal  5.352817e-01  8.414698e-01  7.349833e-02
   outer loop
     vertex  3.529349e+00  3.886860e-02  3.107143e+00
     vertex  3.797712e+00 -1.318442e-01  3.107143e+00
     vertex  3.799920e+00 -2.469097e-02  1.864286e+00
   endloop
 endfacet
 facet normal  5.115535e-01  8.565914e-01  6.755937e-02
   outer loop
     vertex  3.529349e+00  3.886860e-02  3.107143e+00
     vertex  3.799920e+00 -2.469097e-02  1.864286e+00
     vertex  3.526849e+00  1.383857e-01  1.864286e+00
   endloop
 endfacet
 facet normal  4.134043e-01  9.080716e-01  6.710250e-02
   outer loop
     vertex  3.339878e+00  1.316636e-01  3.107143e+00
     vertex  3.526849e+00  1.383857e-01  1.864286e+00
     vertex  3.334837e+00  2.258005e-01  1.864286e+00
   endloop
 endfacet
 facet normal  4.387349e-01  8.958194e-01  7.084688e-02
   outer loop
     vertex  3.339878e+00  1.316636e-01  3.107143e+00
     vertex  3.529349e+00  3.886860e-02  3.107143e+00
     vertex  3.526849e+00  1.383857e-01  1.864286e+00
   endloop
 endfacet
 facet normal  3.787313e-01  9.232193e-01  6.502903e-02
   outer loop
     vertex  3.204174e+00  1.918585e-01  3.107143e+00
     vertex  3.334837e+00  2.258005e-01  1.864286e+00
     vertex  3.197489e+00  2.821444e-01  1.864286e+00
   endloop
 endfacet
 facet normal  4.045519e-01  9.120252e-01  6.743786e-02
   outer loop
     vertex  3.204174e+00  1.918585e-01  3.107143e+00
     vertex  3.339878e+00  1.316636e-01  3.107143e+00
     vertex  3.334837e+00  2.258005e-01  1.864286e+00
   endloop
 endfacet
 facet normal  1.755517e-01  9.820440e-01  6.907336e-02
   outer loop
     vertex  3.147007e+00  2.037507e-01  3.107143e+00
     vertex  3.197489e+00  2.821444e-01  1.864286e+00
     vertex  3.140009e+00  2.924196e-01  1.864286e+00
   endloop
 endfacet
 facet normal  2.031658e-01  9.766494e-01  6.985472e-02
   outer loop
     vertex  3.147007e+00  2.037507e-01  3.107143e+00
     vertex  3.204174e+00  1.918585e-01  3.107143e+00
     vertex  3.197489e+00  2.821444e-01  1.864286e+00
   endloop
 endfacet
 facet normal -8.028679e-02  9.942993e-01  7.016317e-02
   outer loop
     vertex  3.092962e+00  2.009179e-01  3.107143e+00
     vertex  3.140009e+00  2.924196e-01  1.864286e+00
     vertex  3.086065e+00  2.880638e-01  1.864286e+00
   endloop
 endfacet
 facet normal -5.220980e-02  9.960835e-01  7.135736e-02
   outer loop
     vertex  3.092962e+00  2.009179e-01  3.107143e+00
     vertex  3.147007e+00  2.037507e-01  3.107143e+00
     vertex  3.140009e+00  2.924196e-01  1.864286e+00
   endloop
 endfacet
 facet normal -2.020667e-01  9.771187e-01  6.639369e-02
   outer loop
     vertex  2.952036e+00  1.758966e-01  3.107143e+00
     vertex  3.086065e+00  2.880638e-01  1.864286e+00
     vertex  2.945901e+00  2.590782e-01  1.864286e+00
   endloop
 endfacet
 facet normal -1.743892e-01  9.821972e-01  6.983675e-02
   outer loop
     vertex  2.952036e+00  1.758966e-01  3.107143e+00
     vertex  3.092962e+00  2.009179e-01  3.107143e+00
     vertex  3.086065e+00  2.880638e-01  1.864286e+00
   endloop
 endfacet
 facet normal  4.938514e-02  9.968112e-01  6.267855e-02
   outer loop
     vertex  2.785098e+00  1.888952e-01  3.107143e+00
     vertex  2.945901e+00  2.590782e-01  1.864286e+00
     vertex  2.778663e+00  2.673637e-01  1.864286e+00
   endloop
 endfacet
 facet normal  7.745932e-02  9.947955e-01  6.619703e-02
   outer loop
     vertex  2.785098e+00  1.888952e-01  3.107143e+00
     vertex  2.952036e+00  1.758966e-01  3.107143e+00
     vertex  2.945901e+00  2.590782e-01  1.864286e+00
   endloop
 endfacet
 facet normal  2.361579e-02  9.981575e-01  5.589113e-02
   outer loop
     vertex  2.476277e+00  2.049250e-01  3.107143e+00
     vertex  2.778663e+00  2.673637e-01  1.864286e+00
     vertex  2.469513e+00  2.746780e-01  1.864286e+00
   endloop
 endfacet
 facet normal  5.173499e-02  9.966932e-01  6.265893e-02
   outer loop
     vertex  2.476277e+00  2.049250e-01  3.107143e+00
     vertex  2.785098e+00  1.888952e-01  3.107143e+00
     vertex  2.778663e+00  2.673637e-01  1.864286e+00
   endloop
 endfacet
 facet normal -5.045845e-02 -9.971779e-01 -5.558959e-02
   outer loop
     vertex  2.422890e+00 -5.509528e-01  3.107143e+00
     vertex  2.437464e+00 -4.824048e-01  1.864286e+00
     vertex  2.906564e+00 -5.061419e-01  1.864286e+00
   endloop
 endfacet
 facet normal -2.137753e-01 -9.745981e-01 -6.677302e-02
   outer loop
     vertex  2.891134e+00 -5.879097e-01  3.107143e+00
     vertex  2.906564e+00 -5.061419e-01  1.864286e+00
     vertex  2.960933e+00 -5.180675e-01  1.864286e+00
   endloop
 endfacet
 facet normal -7.850811e-02 -9.946986e-01 -6.641611e-02
   outer loop
     vertex  2.891134e+00 -5.879097e-01  3.107143e+00
     vertex  2.422890e+00 -5.509528e-01  3.107143e+00
     vertex  2.906564e+00 -5.061419e-01  1.864286e+00
   endloop
 endfacet
 facet normal -2.975401e-01 -9.523128e-01 -6.760369e-02
   outer loop
     vertex  2.945145e+00 -6.013638e-01  3.107143e+00
     vertex  2.960933e+00 -5.180675e-01  1.864286e+00
     vertex  3.073501e+00 -5.532382e-01  1.864286e+00
   endloop
 endfacet
 facet normal -2.411561e-01 -9.681049e-01 -6.794584e-02
   outer loop
     vertex  2.945145e+00 -6.013638e-01  3.107143e+00
     vertex  2.891134e+00 -5.879097e-01  3.107143e+00
     vertex  2.960933e+00 -5.180675e-01  1.864286e+00
   endloop
 endfacet
 facet normal -7.352372e-02 -9.948198e-01 -7.019801e-02
   outer loop
     vertex  3.056677e+00 -6.396952e-01  3.107143e+00
     vertex  3.073501e+00 -5.532382e-01  1.864286e+00
     vertex  3.120096e+00 -5.566819e-01  1.864286e+00
   endloop
 endfacet
 facet normal -3.242243e-01 -9.433858e-01 -7.001383e-02
   outer loop
     vertex  3.056677e+00 -6.396952e-01  3.107143e+00
     vertex  2.945145e+00 -6.013638e-01  3.107143e+00
     vertex  3.073501e+00 -5.532382e-01  1.864286e+00
   endloop
 endfacet
 facet normal  1.542985e-01 -9.857153e-01 -6.750737e-02
   outer loop
     vertex  3.103156e+00 -6.444515e-01  3.107143e+00
     vertex  3.120096e+00 -5.566819e-01  1.864286e+00
     vertex  3.180427e+00 -5.472381e-01  1.864286e+00
   endloop
 endfacet
 facet normal -1.015407e-01 -9.922618e-01 -7.145677e-02
   outer loop
     vertex  3.103156e+00 -6.444515e-01  3.107143e+00
     vertex  3.056677e+00 -6.396952e-01  3.107143e+00
     vertex  3.120096e+00 -5.566819e-01  1.864286e+00
   endloop
 endfacet
 facet normal  3.129059e-01 -9.476243e-01 -6.401671e-02
   outer loop
     vertex  3.163729e+00 -6.367128e-01  3.107143e+00
     vertex  3.180427e+00 -5.472381e-01  1.864286e+00
     vertex  3.371798e+00 -4.840470e-01  1.864286e+00
   endloop
 endfacet
 facet normal  1.264209e-01 -9.895363e-01 -6.953944e-02
   outer loop
     vertex  3.163729e+00 -6.367128e-01  3.107143e+00
     vertex  3.103156e+00 -6.444515e-01  3.107143e+00
     vertex  3.180427e+00 -5.472381e-01  1.864286e+00
   endloop
 endfacet
 facet normal  3.669095e-01 -9.278823e-01 -6.642152e-02
   outer loop
     vertex  3.356806e+00 -5.789439e-01  3.107143e+00
     vertex  3.371798e+00 -4.840470e-01  1.864286e+00
     vertex  3.583756e+00 -4.002331e-01  1.864286e+00
   endloop
 endfacet
 facet normal  2.859514e-01 -9.557187e-01 -6.952349e-02
   outer loop
     vertex  3.356806e+00 -5.789439e-01  3.107143e+00
     vertex  3.163729e+00 -6.367128e-01  3.107143e+00
     vertex  3.371798e+00 -4.840470e-01  1.864286e+00
   endloop
 endfacet
 facet normal  4.509149e-01 -8.899998e-01 -6.764702e-02
   outer loop
     vertex  3.571044e+00 -5.011408e-01  3.107143e+00
     vertex  3.583756e+00 -4.002331e-01  1.864286e+00
     vertex  3.788411e+00 -2.965455e-01  1.864286e+00
   endloop
 endfacet
 facet normal  3.404483e-01 -9.374539e-01 -7.262973e-02
   outer loop
     vertex  3.571044e+00 -5.011408e-01  3.107143e+00
     vertex  3.356806e+00 -5.789439e-01  3.107143e+00
     vertex  3.583756e+00 -4.002331e-01  1.864286e+00
   endloop
 endfacet
 facet normal  4.254417e-01 -9.019496e-01 -7.406926e-02
   outer loop
     vertex  3.778542e+00 -4.032660e-01  3.107143e+00
     vertex  3.571044e+00 -5.011408e-01  3.107143e+00
     vertex  3.788411e+00 -2.965455e-01  1.864286e+00
   endloop
 endfacet
 facet normal -2.231657e-02 -9.982043e-01 -5.558959e-02
   outer loop
     vertex  2.437464e+00 -4.824048e-01  1.864286e+00
     vertex  2.450099e+00 -4.134731e-01  6.214286e-01
     vertex  2.919682e+00 -4.239714e-01  6.214286e-01
   endloop
 endfacet
 facet normal -1.862052e-01 -9.802392e-01 -6.677302e-02
   outer loop
     vertex  2.906564e+00 -5.061419e-01  1.864286e+00
     vertex  2.919682e+00 -4.239714e-01  6.214286e-01
     vertex  2.974365e+00 -4.343590e-01  6.214286e-01
   endloop
 endfacet
 facet normal -5.042501e-02 -9.965170e-01 -6.641611e-02
   outer loop
     vertex  2.906564e+00 -5.061419e-01  1.864286e+00
     vertex  2.437464e+00 -4.824048e-01  1.864286e+00
     vertex  2.919682e+00 -4.239714e-01  6.214286e-01
   endloop
 endfacet
 facet normal -2.705652e-01 -9.603250e-01 -6.760369e-02
   outer loop
     vertex  2.960933e+00 -5.180675e-01  1.864286e+00
     vertex  2.974365e+00 -4.343590e-01  6.214286e-01
     vertex  3.087881e+00 -4.663412e-01  6.214286e-01
   endloop
 endfacet
 facet normal -2.137583e-01 -9.745208e-01 -6.794584e-02
   outer loop
     vertex  2.960933e+00 -5.180675e-01  1.864286e+00
     vertex  2.906564e+00 -5.061419e-01  1.864286e+00
     vertex  2.974365e+00 -4.343590e-01  6.214286e-01
   endloop
 endfacet
 facet normal -4.543918e-02 -9.964976e-01 -7.019801e-02
   outer loop
     vertex  3.073501e+00 -5.532382e-01  1.864286e+00
     vertex  3.087881e+00 -4.663412e-01  6.214286e-01
     vertex  3.134554e+00 -4.684694e-01  6.214286e-01
   endloop
 endfacet
 facet normal -2.974905e-01 -9.521541e-01 -7.001383e-02
   outer loop
     vertex  3.073501e+00 -5.532382e-01  1.864286e+00
     vertex  2.960933e+00 -5.180675e-01  1.864286e+00
     vertex  3.087881e+00 -4.663412e-01  6.214286e-01
   endloop
 endfacet
 facet normal  1.820357e-01 -9.809719e-01 -6.750737e-02
   outer loop
     vertex  3.120096e+00 -5.566819e-01  1.864286e+00
     vertex  3.134554e+00 -4.684694e-01  6.214286e-01
     vertex  3.194594e+00 -4.573280e-01  6.214286e-01
   endloop
 endfacet
 facet normal -7.351714e-02 -9.947307e-01 -7.145677e-02
   outer loop
     vertex  3.120096e+00 -5.566819e-01  1.864286e+00
     vertex  3.073501e+00 -5.532382e-01  1.864286e+00
     vertex  3.134554e+00 -4.684694e-01  6.214286e-01
   endloop
 endfacet
 facet normal  3.395057e-01 -9.384230e-01 -6.401671e-02
   outer loop
     vertex  3.180427e+00 -5.472381e-01  1.864286e+00
     vertex  3.194594e+00 -4.573280e-01  6.214286e-01
     vertex  3.384108e+00 -3.887651e-01  6.214286e-01
   endloop
 endfacet
 facet normal  1.542769e-01 -9.855774e-01 -6.953944e-02
   outer loop
     vertex  3.180427e+00 -5.472381e-01  1.864286e+00
     vertex  3.120096e+00 -5.566819e-01  1.864286e+00
     vertex  3.194594e+00 -4.573280e-01  6.214286e-01
   endloop
 endfacet
 facet normal  3.929312e-01 -9.171659e-01 -6.642152e-02
   outer loop
     vertex  3.371798e+00 -4.840470e-01  1.864286e+00
     vertex  3.384108e+00 -3.887651e-01  6.214286e-01
     vertex  3.593618e+00 -2.990070e-01  6.214286e-01
   endloop
 endfacet
 facet normal  3.127903e-01 -9.472744e-01 -6.952349e-02
   outer loop
     vertex  3.371798e+00 -4.840470e-01  1.864286e+00
     vertex  3.180427e+00 -5.472381e-01  1.864286e+00
     vertex  3.384108e+00 -3.887651e-01  6.214286e-01
   endloop
 endfacet
 facet normal  4.758347e-01 -8.769294e-01 -6.764702e-02
   outer loop
     vertex  3.583756e+00 -4.002331e-01  1.864286e+00
     vertex  3.593618e+00 -2.990070e-01  6.214286e-01
     vertex  3.795268e+00 -1.895891e-01  6.214286e-01
   endloop
 endfacet
 facet normal  3.667504e-01 -9.274799e-01 -7.262973e-02
   outer loop
     vertex  3.583756e+00 -4.002331e-01  1.864286e+00
     vertex  3.371798e+00 -4.840470e-01  1.864286e+00
     vertex  3.593618e+00 -2.990070e-01  6.214286e-01
   endloop
 endfacet
 facet normal  4.507087e-01 -8.895929e-01 -7.406926e-02
   outer loop
     vertex  3.788411e+00 -2.965455e-01  1.864286e+00
     vertex  3.583756e+00 -4.002331e-01  1.864286e+00
     vertex  3.795268e+00 -1.895891e-01  6.214286e-01
   endloop
 endfacet
 facet normal -2.231629e-02 -9.981915e-01 -5.581804e-02
   outer loop
     vertex  2.919682e+00 -4.239714e-01  6.214286e-01
     vertex  2.450099e+00 -4.134731e-01  6.214286e-01
     vertex  2.460785e+00 -3.442124e-01 -6.214286e-01
   endloop
 endfacet
 facet normal  5.839264e-03 -9.977901e-01 -6.618810e-02
   outer loop
     vertex  2.919682e+00 -4.239714e-01  6.214286e-01
     vertex  2.460785e+00 -3.442124e-01 -6.214286e-01
     vertex  2.930478e+00 -3.414637e-01 -6.214286e-01
   endloop
 endfacet
 facet normal -1.584736e-01 -9.850169e-01 -6.802742e-02
   outer loop
     vertex  2.974365e+00 -4.343590e-01  6.214286e-01
     vertex  2.930478e+00 -3.414637e-01 -6.214286e-01
     vertex  2.985432e+00 -3.503050e-01 -6.214286e-01
   endloop
 endfacet
 facet normal -1.862063e-01 -9.802446e-01 -6.669142e-02
   outer loop
     vertex  2.974365e+00 -4.343590e-01  6.214286e-01
     vertex  2.919682e+00 -4.239714e-01  6.214286e-01
     vertex  2.930478e+00 -3.414637e-01 -6.214286e-01
   endloop
 endfacet
 facet normal -2.433303e-01 -9.673954e-01 -7.026067e-02
   outer loop
     vertex  3.087881e+00 -4.663412e-01  6.214286e-01
     vertex  2.985432e+00 -3.503050e-01 -6.214286e-01
     vertex  3.099804e+00 -3.790732e-01 -6.214286e-01
   endloop
 endfacet
 facet normal -2.705698e-01 -9.603411e-01 -6.735671e-02
   outer loop
     vertex  3.087881e+00 -4.663412e-01  6.214286e-01
     vertex  2.974365e+00 -4.343590e-01  6.214286e-01
     vertex  2.985432e+00 -3.503050e-01 -6.214286e-01
   endloop
 endfacet
 facet normal -1.731719e-02 -9.973081e-01 -7.125022e-02
   outer loop
     vertex  3.134554e+00 -4.684694e-01  6.214286e-01
     vertex  3.099804e+00 -3.790732e-01 -6.214286e-01
     vertex  3.146519e+00 -3.798843e-01 -6.214286e-01
   endloop
 endfacet
 facet normal -4.543852e-02 -9.964831e-01 -7.040461e-02
   outer loop
     vertex  3.134554e+00 -4.684694e-01  6.214286e-01
     vertex  3.087881e+00 -4.663412e-01  6.214286e-01
     vertex  3.099804e+00 -3.790732e-01 -6.214286e-01
   endloop
 endfacet
 facet normal  2.096083e-01 -9.753561e-01 -6.888334e-02
   outer loop
     vertex  3.194594e+00 -4.573280e-01  6.214286e-01
     vertex  3.146519e+00 -3.798843e-01 -6.214286e-01
     vertex  3.206221e+00 -3.670541e-01 -6.214286e-01
   endloop
 endfacet
 facet normal  1.820275e-01 -9.809280e-01 -6.816366e-02
   outer loop
     vertex  3.194594e+00 -4.573280e-01  6.214286e-01
     vertex  3.134554e+00 -4.684694e-01  6.214286e-01
     vertex  3.146519e+00 -3.798843e-01 -6.214286e-01
   endloop
 endfacet
 facet normal  3.657249e-01 -9.281944e-01 -6.855957e-02
   outer loop
     vertex  3.384108e+00 -3.887651e-01  6.214286e-01
     vertex  3.206221e+00 -3.670541e-01 -6.214286e-01
     vertex  3.393726e+00 -2.931739e-01 -6.214286e-01
   endloop
 endfacet
 facet normal  3.394845e-01 -9.383644e-01 -6.498151e-02
   outer loop
     vertex  3.384108e+00 -3.887651e-01  6.214286e-01
     vertex  3.194594e+00 -4.573280e-01  6.214286e-01
     vertex  3.206221e+00 -3.670541e-01 -6.214286e-01
   endloop
 endfacet
 facet normal  4.184912e-01 -9.053976e-01 -7.155648e-02
   outer loop
     vertex  3.593618e+00 -2.990070e-01  6.214286e-01
     vertex  3.393726e+00 -2.931739e-01 -6.214286e-01
     vertex  3.600621e+00 -1.975430e-01 -6.214286e-01
   endloop
 endfacet
 facet normal  3.929028e-01 -9.170996e-01 -6.749593e-02
   outer loop
     vertex  3.593618e+00 -2.990070e-01  6.214286e-01
     vertex  3.384108e+00 -3.887651e-01  6.214286e-01
     vertex  3.393726e+00 -2.931739e-01 -6.214286e-01
   endloop
 endfacet
 facet normal  5.001937e-01 -8.628467e-01 -7.281432e-02
   outer loop
     vertex  3.795268e+00 -1.895891e-01  6.214286e-01
     vertex  3.600621e+00 -1.975430e-01 -6.214286e-01
     vertex  3.799105e+00 -8.248186e-02 -6.214286e-01
   endloop
 endfacet
 facet normal  4.757937e-01 -8.768538e-01 -6.890335e-02
   outer loop
     vertex  3.795268e+00 -1.895891e-01  6.214286e-01
     vertex  3.593618e+00 -2.990070e-01  6.214286e-01
     vertex  3.600621e+00 -1.975430e-01 -6.214286e-01
   endloop
 endfacet
 facet normal  5.842973e-03 -9.984239e-01 -5.581804e-02
   outer loop
     vertex  2.930478e+00 -3.414637e-01 -6.214286e-01
     vertex  2.460785e+00 -3.442124e-01 -6.214286e-01
     vertex  2.469513e+00 -2.746780e-01 -1.864286e+00
   endloop
 endfacet
 facet normal  3.397601e-02 -9.972285e-01 -6.618810e-02
   outer loop
     vertex  2.930478e+00 -3.414637e-01 -6.214286e-01
     vertex  2.469513e+00 -2.746780e-01 -1.864286e+00
     vertex  2.938942e+00 -2.586843e-01 -1.864286e+00
   endloop
 endfacet
 facet normal -1.306317e-01 -9.890943e-01 -6.802742e-02
   outer loop
     vertex  2.985432e+00 -3.503050e-01 -6.214286e-01
     vertex  2.938942e+00 -2.586843e-01 -1.864286e+00
     vertex  2.994124e+00 -2.659723e-01 -1.864286e+00
   endloop
 endfacet
 facet normal -1.584879e-01 -9.851060e-01 -6.669142e-02
   outer loop
     vertex  2.985432e+00 -3.503050e-01 -6.214286e-01
     vertex  2.930478e+00 -3.414637e-01 -6.214286e-01
     vertex  2.938942e+00 -2.586843e-01 -1.864286e+00
   endloop
 endfacet
 facet normal -2.159517e-01 -9.738728e-01 -7.026067e-02
   outer loop
     vertex  3.099804e+00 -3.790732e-01 -6.214286e-01
     vertex  2.994124e+00 -2.659723e-01 -1.864286e+00
     vertex  3.109262e+00 -2.915036e-01 -1.864286e+00
   endloop
 endfacet
 facet normal -2.433792e-01 -9.675896e-01 -6.735671e-02
   outer loop
     vertex  3.099804e+00 -3.790732e-01 -6.214286e-01
     vertex  2.985432e+00 -3.503050e-01 -6.214286e-01
     vertex  2.994124e+00 -2.659723e-01 -1.864286e+00
   endloop
 endfacet
 facet normal  1.081517e-02 -9.973998e-01 -7.125022e-02
   outer loop
     vertex  3.146519e+00 -3.798843e-01 -6.214286e-01
     vertex  3.109262e+00 -2.915036e-01 -1.864286e+00
     vertex  3.155981e+00 -2.909970e-01 -1.864286e+00
   endloop
 endfacet
 facet normal -1.731824e-02 -9.973682e-01 -7.040461e-02
   outer loop
     vertex  3.146519e+00 -3.798843e-01 -6.214286e-01
     vertex  3.099804e+00 -3.790732e-01 -6.214286e-01
     vertex  3.109262e+00 -2.915036e-01 -1.864286e+00
   endloop
 endfacet
 facet normal  2.370313e-01 -9.690569e-01 -6.888334e-02
   outer loop
     vertex  3.206221e+00 -3.670541e-01 -6.214286e-01
     vertex  3.155981e+00 -2.909970e-01 -1.864286e+00
     vertex  3.215297e+00 -2.764882e-01 -1.864286e+00
   endloop
 endfacet
 facet normal  2.096187e-01 -9.754044e-01 -6.816366e-02
   outer loop
     vertex  3.206221e+00 -3.670541e-01 -6.214286e-01
     vertex  3.146519e+00 -3.798843e-01 -6.214286e-01
     vertex  3.155981e+00 -2.909970e-01 -1.864286e+00
   endloop
 endfacet
 facet normal  3.917558e-01 -9.175113e-01 -6.855957e-02
   outer loop
     vertex  3.393726e+00 -2.931739e-01 -6.214286e-01
     vertex  3.215297e+00 -2.764882e-01 -1.864286e+00
     vertex  3.400644e+00 -1.973495e-01 -1.864286e+00
   endloop
 endfacet
 facet normal  3.658127e-01 -9.284172e-01 -6.498151e-02
   outer loop
     vertex  3.393726e+00 -2.931739e-01 -6.214286e-01
     vertex  3.206221e+00 -3.670541e-01 -6.214286e-01
     vertex  3.215297e+00 -2.764882e-01 -1.864286e+00
   endloop
 endfacet
 facet normal  4.438583e-01 -8.932354e-01 -7.155648e-02
   outer loop
     vertex  3.600621e+00 -1.975430e-01 -6.214286e-01
     vertex  3.400644e+00 -1.973495e-01 -1.864286e+00
     vertex  3.604760e+00 -9.592195e-02 -1.864286e+00
   endloop
 endfacet
 facet normal  5.245194e-01 -8.487068e-01 -6.764702e-02
   outer loop
     vertex  3.600621e+00 -1.975430e-01 -6.214286e-01
     vertex  3.604760e+00 -9.592195e-02 -1.864286e+00
     vertex  3.799920e+00  2.469097e-02 -1.864286e+00
   endloop
 endfacet
 facet normal  4.186100e-01 -9.056545e-01 -6.749593e-02
   outer loop
     vertex  3.600621e+00 -1.975430e-01 -6.214286e-01
     vertex  3.393726e+00 -2.931739e-01 -6.214286e-01
     vertex  3.400644e+00 -1.973495e-01 -1.864286e+00
   endloop
 endfacet
 facet normal  5.001473e-01 -8.627667e-01 -7.406926e-02
   outer loop
     vertex  3.799105e+00 -8.248186e-02 -6.214286e-01
     vertex  3.600621e+00 -1.975430e-01 -6.214286e-01
     vertex  3.799920e+00  2.469097e-02 -1.864286e+00
   endloop
 endfacet
 facet normal  6.212595e-02 -9.965190e-01 -5.558959e-02
   outer loop
     vertex  2.469513e+00 -2.746780e-01 -1.864286e+00
     vertex  2.476277e+00 -2.049250e-01 -3.107143e+00
     vertex  2.945068e+00 -1.756992e-01 -3.107143e+00
   endloop
 endfacet
 facet normal -1.026947e-01 -9.924692e-01 -6.677302e-02
   outer loop
     vertex  2.938942e+00 -2.586843e-01 -1.864286e+00
     vertex  2.945068e+00 -1.756992e-01 -3.107143e+00
     vertex  3.000434e+00 -1.814281e-01 -3.107143e+00
   endloop
 endfacet
 facet normal  3.397549e-02 -9.972134e-01 -6.641611e-02
   outer loop
     vertex  2.938942e+00 -2.586843e-01 -1.864286e+00
     vertex  2.469513e+00 -2.746780e-01 -1.864286e+00
     vertex  2.945068e+00 -1.756992e-01 -3.107143e+00
   endloop
 endfacet
 facet normal -1.884359e-01 -9.797559e-01 -6.760369e-02
   outer loop
     vertex  2.994124e+00 -2.659723e-01 -1.864286e+00
     vertex  3.000434e+00 -1.814281e-01 -3.107143e+00
     vertex  3.116246e+00 -2.037022e-01 -3.107143e+00
   endloop
 endfacet
 facet normal -1.306325e-01 -9.890999e-01 -6.794584e-02
   outer loop
     vertex  2.994124e+00 -2.659723e-01 -1.864286e+00
     vertex  2.938942e+00 -2.586843e-01 -1.864286e+00
     vertex  3.000434e+00 -1.814281e-01 -3.107143e+00
   endloop
 endfacet
 facet normal  3.894184e-02 -9.967727e-01 -7.019801e-02
   outer loop
     vertex  3.109262e+00 -2.915036e-01 -1.864286e+00
     vertex  3.116246e+00 -2.037022e-01 -3.107143e+00
     vertex  3.162932e+00 -2.018783e-01 -3.107143e+00
   endloop
 endfacet
 facet normal -2.159554e-01 -9.738898e-01 -7.001383e-02
   outer loop
     vertex  3.109262e+00 -2.915036e-01 -1.864286e+00
     vertex  2.994124e+00 -2.659723e-01 -1.864286e+00
     vertex  3.116246e+00 -2.037022e-01 -3.107143e+00
   endloop
 endfacet
 facet normal  2.642907e-01 -9.620775e-01 -6.750737e-02
   outer loop
     vertex  3.155981e+00 -2.909970e-01 -1.864286e+00
     vertex  3.162932e+00 -2.018783e-01 -3.107143e+00
     vertex  3.221816e+00 -1.857024e-01 -3.107143e+00
   endloop
 endfacet
 facet normal  1.081501e-02 -9.973851e-01 -7.145677e-02
   outer loop
     vertex  3.155981e+00 -2.909970e-01 -1.864286e+00
     vertex  3.109262e+00 -2.915036e-01 -1.864286e+00
     vertex  3.162932e+00 -2.018783e-01 -3.107143e+00
   endloop
 endfacet
 facet normal  4.176014e-01 -9.063724e-01 -6.401671e-02
   outer loop
     vertex  3.215297e+00 -2.764882e-01 -1.864286e+00
     vertex  3.221816e+00 -1.857024e-01 -3.107143e+00
     vertex  3.404857e+00 -1.013682e-01 -3.107143e+00
   endloop
 endfacet
 facet normal  2.370205e-01 -9.690127e-01 -6.953944e-02
   outer loop
     vertex  3.215297e+00 -2.764882e-01 -1.864286e+00
     vertex  3.155981e+00 -2.909970e-01 -1.864286e+00
     vertex  3.221816e+00 -1.857024e-01 -3.107143e+00
   endloop
 endfacet
 facet normal  4.690391e-01 -8.806762e-01 -6.642152e-02
   outer loop
     vertex  3.400644e+00 -1.973495e-01 -1.864286e+00
     vertex  3.404857e+00 -1.013682e-01 -3.107143e+00
     vertex  3.606032e+00  5.775445e-03 -3.107143e+00
   endloop
 endfacet
 facet normal  3.917296e-01 -9.174500e-01 -6.952349e-02
   outer loop
     vertex  3.400644e+00 -1.973495e-01 -1.864286e+00
     vertex  3.215297e+00 -2.764882e-01 -1.864286e+00
     vertex  3.404857e+00 -1.013682e-01 -3.107143e+00
   endloop
 endfacet
 facet normal  5.482455e-01 -8.335771e-01 -6.764702e-02
   outer loop
     vertex  3.604760e+00 -9.592195e-02 -1.864286e+00
     vertex  3.606032e+00  5.775445e-03 -3.107143e+00
     vertex  3.797712e+00  1.318442e-01 -3.107143e+00
   endloop
 endfacet
 facet normal  4.438237e-01 -8.931660e-01 -7.262973e-02
   outer loop
     vertex  3.604760e+00 -9.592195e-02 -1.864286e+00
     vertex  3.400644e+00 -1.973495e-01 -1.864286e+00
     vertex  3.606032e+00  5.775445e-03 -3.107143e+00
   endloop
 endfacet
 facet normal  5.242796e-01 -8.483187e-01 -7.406926e-02
   outer loop
     vertex  3.799920e+00  2.469097e-02 -1.864286e+00
     vertex  3.604760e+00 -9.592195e-02 -1.864286e+00
     vertex  3.797712e+00  1.318442e-01 -3.107143e+00
   endloop
 endfacet
 facet normal  4.371449e-01  8.963829e-01  7.349833e-02
   outer loop
     vertex  3.502536e+00  4.359603e-01 -1.864286e+00
     vertex  3.788411e+00  2.965455e-01 -1.864286e+00
     vertex  3.778542e+00  4.032660e-01 -3.107143e+00
   endloop
 endfacet
 facet normal  4.118651e-01  9.087370e-01  6.755937e-02
   outer loop
     vertex  3.502536e+00  4.359603e-01 -1.864286e+00
     vertex  3.778542e+00  4.032660e-01 -3.107143e+00
     vertex  3.488848e+00  5.345633e-01 -3.107143e+00
   endloop
 endfacet
 facet normal  3.085442e-01  9.488402e-01  6.710250e-02
   outer loop
     vertex  3.303822e+00  5.068345e-01 -1.864286e+00
     vertex  3.488848e+00  5.345633e-01 -3.107143e+00
     vertex  3.288215e+00  5.998053e-01 -3.107143e+00
   endloop
 endfacet
 facet normal  2.723252e-01  9.597728e-01  6.837513e-02
   outer loop
     vertex  3.303822e+00  5.068345e-01 -1.864286e+00
     vertex  3.288215e+00  5.998053e-01 -3.107143e+00
     vertex  3.145397e+00  6.403282e-01 -3.107143e+00
   endloop
 endfacet
 facet normal  3.350931e-01  9.395176e-01  7.084688e-02
   outer loop
     vertex  3.303822e+00  5.068345e-01 -1.864286e+00
     vertex  3.502536e+00  4.359603e-01 -1.864286e+00
     vertex  3.488848e+00  5.345633e-01 -3.107143e+00
   endloop
 endfacet
 facet normal  6.386994e-02  9.954728e-01  7.038865e-02
   outer loop
     vertex  3.162204e+00  5.513690e-01 -1.864286e+00
     vertex  3.145397e+00  6.403282e-01 -3.107143e+00
     vertex  3.087126e+00  6.440670e-01 -3.107143e+00
   endloop
 endfacet
 facet normal  2.993691e-01  9.519824e-01  6.409112e-02
   outer loop
     vertex  3.162204e+00  5.513690e-01 -1.864286e+00
     vertex  3.303822e+00  5.068345e-01 -1.864286e+00
     vertex  3.145397e+00  6.403282e-01 -3.107143e+00
   endloop
 endfacet
 facet normal -1.916993e-01  9.788544e-01  7.138197e-02
   outer loop
     vertex  3.104061e+00  5.567496e-01 -1.864286e+00
     vertex  3.087126e+00  6.440670e-01 -3.107143e+00
     vertex  3.034015e+00  6.336658e-01 -3.107143e+00
   endloop
 endfacet
 facet normal  9.193012e-02  9.934039e-01  6.853928e-02
   outer loop
     vertex  3.104061e+00  5.567496e-01 -1.864286e+00
     vertex  3.162204e+00  5.513690e-01 -1.864286e+00
     vertex  3.087126e+00  6.440670e-01 -3.107143e+00
   endloop
 endfacet
 facet normal -3.107189e-01  9.479488e-01  6.961889e-02
   outer loop
     vertex  3.050678e+00  5.478503e-01 -1.864286e+00
     vertex  3.034015e+00  6.336658e-01 -3.107143e+00
     vertex  2.898006e+00  5.890846e-01 -3.107143e+00
   endloop
 endfacet
 facet normal -1.640325e-01  9.839583e-01  7.013855e-02
   outer loop
     vertex  3.050678e+00  5.478503e-01 -1.864286e+00
     vertex  3.104061e+00  5.567496e-01 -1.864286e+00
     vertex  3.034015e+00  6.336658e-01 -3.107143e+00
   endloop
 endfacet
 facet normal -6.313569e-02  9.957900e-01  6.645424e-02
   outer loop
     vertex  2.913466e+00  5.071225e-01 -1.864286e+00
     vertex  2.898006e+00  5.890846e-01 -3.107143e+00
     vertex  2.730897e+00  5.784895e-01 -3.107143e+00
   endloop
 endfacet
 facet normal -2.839203e-01  9.565313e-01  6.661168e-02
   outer loop
     vertex  2.913466e+00  5.071225e-01 -1.864286e+00
     vertex  3.050678e+00  5.478503e-01 -1.864286e+00
     vertex  2.898006e+00  5.890846e-01 -3.107143e+00
   endloop
 endfacet
 facet normal -8.887128e-02  9.940569e-01  6.287082e-02
   outer loop
     vertex  2.746125e+00  5.012443e-01 -1.864286e+00
     vertex  2.730897e+00  5.784895e-01 -3.107143e+00
     vertex  2.422890e+00  5.509528e-01 -3.107143e+00
   endloop
 endfacet
 facet normal -3.503706e-02  9.974347e-01  6.242115e-02
   outer loop
     vertex  2.746125e+00  5.012443e-01 -1.864286e+00
     vertex  2.913466e+00  5.071225e-01 -1.864286e+00
     vertex  2.730897e+00  5.784895e-01 -3.107143e+00
   endloop
 endfacet
 facet normal -6.082816e-02  9.965941e-01  5.567899e-02
   outer loop
     vertex  2.437464e+00  4.824048e-01 -1.864286e+00
     vertex  2.746125e+00  5.012443e-01 -1.864286e+00
     vertex  2.422890e+00  5.509528e-01 -3.107143e+00
   endloop
 endfacet
 facet normal  4.371050e-01  8.963012e-01  7.472161e-02
   outer loop
     vertex  3.795268e+00  1.895891e-01 -6.214286e-01
     vertex  3.788411e+00  2.965455e-01 -1.864286e+00
     vertex  3.502536e+00  4.359603e-01 -1.864286e+00
   endloop
 endfacet
 facet normal  3.350689e-01  9.394497e-01  7.185503e-02
   outer loop
     vertex  3.513437e+00  3.370106e-01 -6.214286e-01
     vertex  3.502536e+00  4.359603e-01 -1.864286e+00
     vertex  3.303822e+00  5.068345e-01 -1.864286e+00
   endloop
 endfacet
 facet normal  4.624830e-01  8.841432e-01  6.633423e-02
   outer loop
     vertex  3.513437e+00  3.370106e-01 -6.214286e-01
     vertex  3.795268e+00  1.895891e-01 -6.214286e-01
     vertex  3.502536e+00  4.359603e-01 -1.864286e+00
   endloop
 endfacet
 facet normal  2.992838e-01  9.517111e-01  6.837513e-02
   outer loop
     vertex  3.316802e+00  4.134605e-01 -6.214286e-01
     vertex  3.303822e+00  5.068345e-01 -1.864286e+00
     vertex  3.162204e+00  5.513690e-01 -1.864286e+00
   endloop
 endfacet
 facet normal  3.615738e-01  9.299979e-01  6.609334e-02
   outer loop
     vertex  3.316802e+00  4.134605e-01 -6.214286e-01
     vertex  3.513437e+00  3.370106e-01 -6.214286e-01
     vertex  3.303822e+00  5.068345e-01 -1.864286e+00
   endloop
 endfacet
 facet normal  3.260972e-01  9.431611e-01  6.409112e-02
   outer loop
     vertex  3.176496e+00  4.619711e-01 -6.214286e-01
     vertex  3.316802e+00  4.134605e-01 -6.214286e-01
     vertex  3.162204e+00  5.513690e-01 -1.864286e+00
   endloop
 endfacet
 facet normal  9.192673e-02  9.933672e-01  6.907336e-02
   outer loop
     vertex  3.118528e+00  4.689893e-01 -6.214286e-01
     vertex  3.162204e+00  5.513690e-01 -1.864286e+00
     vertex  3.104061e+00  5.567496e-01 -1.864286e+00
   endloop
 endfacet
 facet normal  1.198980e-01  9.903256e-01  6.985472e-02
   outer loop
     vertex  3.118528e+00  4.689893e-01 -6.214286e-01
     vertex  3.176496e+00  4.619711e-01 -6.214286e-01
     vertex  3.162204e+00  5.513690e-01 -1.864286e+00
   endloop
 endfacet
 facet normal -1.640322e-01  9.839566e-01  7.016317e-02
   outer loop
     vertex  3.064915e+00  4.615990e-01 -6.214286e-01
     vertex  3.104061e+00  5.567496e-01 -1.864286e+00
     vertex  3.050678e+00  5.478503e-01 -1.864286e+00
   endloop
 endfacet
 facet normal -1.362065e-01  9.881072e-01  7.135736e-02
   outer loop
     vertex  3.064915e+00  4.615990e-01 -6.214286e-01
     vertex  3.118528e+00  4.689893e-01 -6.214286e-01
     vertex  3.104061e+00  5.567496e-01 -1.864286e+00
   endloop
 endfacet
 facet normal -2.839244e-01  9.565452e-01  6.639369e-02
   outer loop
     vertex  2.926609e+00  4.247570e-01 -6.214286e-01
     vertex  3.050678e+00  5.478503e-01 -1.864286e+00
     vertex  2.913466e+00  5.071225e-01 -1.864286e+00
   endloop
 endfacet
 facet normal -2.567751e-01  9.639447e-01  6.983675e-02
   outer loop
     vertex  2.926609e+00  4.247570e-01 -6.214286e-01
     vertex  3.064915e+00  4.615990e-01 -6.214286e-01
     vertex  3.050678e+00  5.478503e-01 -1.864286e+00
   endloop
 endfacet
 facet normal -3.503649e-02  9.974186e-01  6.267855e-02
   outer loop
     vertex  2.759169e+00  4.236004e-01 -6.214286e-01
     vertex  2.913466e+00  5.071225e-01 -1.864286e+00
     vertex  2.746125e+00  5.012443e-01 -1.864286e+00
   endloop
 endfacet
 facet normal -6.892399e-03  9.977828e-01  6.619703e-02
   outer loop
     vertex  2.759169e+00  4.236004e-01 -6.214286e-01
     vertex  2.926609e+00  4.247570e-01 -6.214286e-01
     vertex  2.913466e+00  5.071225e-01 -1.864286e+00
   endloop
 endfacet
 facet normal -6.082744e-02  9.965823e-01  5.589113e-02
   outer loop
     vertex  2.450099e+00  4.134731e-01 -6.214286e-01
     vertex  2.746125e+00  5.012443e-01 -1.864286e+00
     vertex  2.437464e+00  4.824048e-01 -1.864286e+00
   endloop
 endfacet
 facet normal -3.268508e-02  9.974996e-01  6.265893e-02
   outer loop
     vertex  2.450099e+00  4.134731e-01 -6.214286e-01
     vertex  2.759169e+00  4.236004e-01 -6.214286e-01
     vertex  2.746125e+00  5.012443e-01 -1.864286e+00
   endloop
 endfacet
 facet normal  4.622081e-01  8.836178e-01  7.472161e-02
   outer loop
     vertex  3.799105e+00  8.248186e-02  6.214286e-01
     vertex  3.795268e+00  1.895891e-01 -6.214286e-01
     vertex  3.513437e+00  3.370106e-01 -6.214286e-01
   endloop
 endfacet
 facet normal  3.614294e-01  9.296266e-01  7.185503e-02
   outer loop
     vertex  3.521544e+00  2.377927e-01  6.214286e-01
     vertex  3.513437e+00  3.370106e-01 -6.214286e-01
     vertex  3.316802e+00  4.134605e-01 -6.214286e-01
   endloop
 endfacet
 facet normal  4.872331e-01  8.707489e-01  6.633423e-02
   outer loop
     vertex  3.521544e+00  2.377927e-01  6.214286e-01
     vertex  3.799105e+00  8.248186e-02  6.214286e-01
     vertex  3.513437e+00  3.370106e-01 -6.214286e-01
   endloop
 endfacet
 facet normal  3.876572e-01  9.194311e-01  6.609334e-02
   outer loop
     vertex  3.327143e+00  3.197577e-01  6.214286e-01
     vertex  3.521544e+00  2.377927e-01  6.214286e-01
     vertex  3.316802e+00  4.134605e-01 -6.214286e-01
   endloop
 endfacet
 facet normal  3.260774e-01  9.431038e-01  6.502903e-02
   outer loop
     vertex  3.188261e+00  3.722058e-01  6.214286e-01
     vertex  3.316802e+00  4.134605e-01 -6.214286e-01
     vertex  3.176496e+00  4.619711e-01 -6.214286e-01
   endloop
 endfacet
 facet normal  3.524881e-01  9.333833e-01  6.743786e-02
   outer loop
     vertex  3.188261e+00  3.722058e-01  6.214286e-01
     vertex  3.327143e+00  3.197577e-01  6.214286e-01
     vertex  3.316802e+00  4.134605e-01 -6.214286e-01
   endloop
 endfacet
 facet normal  1.199045e-01  9.903796e-01  6.907336e-02
   outer loop
     vertex  3.130514e+00  3.808559e-01  6.214286e-01
     vertex  3.176496e+00  4.619711e-01 -6.214286e-01
     vertex  3.118528e+00  4.689893e-01 -6.214286e-01
   endloop
 endfacet
 facet normal  1.477788e-01  9.865504e-01  6.985472e-02
   outer loop
     vertex  3.130514e+00  3.808559e-01  6.214286e-01
     vertex  3.188261e+00  3.722058e-01  6.214286e-01
     vertex  3.176496e+00  4.619711e-01 -6.214286e-01
   endloop
 endfacet
 facet normal -1.362180e-01  9.881912e-01  7.016317e-02
   outer loop
     vertex  3.076714e+00  3.749806e-01  6.214286e-01
     vertex  3.118528e+00  4.689893e-01 -6.214286e-01
     vertex  3.064915e+00  4.615990e-01 -6.214286e-01
   endloop
 endfacet
 facet normal -1.082863e-01  9.915554e-01  7.135736e-02
   outer loop
     vertex  3.076714e+00  3.749806e-01  6.214286e-01
     vertex  3.130514e+00  3.808559e-01  6.214286e-01
     vertex  3.118528e+00  4.689893e-01 -6.214286e-01
   endloop
 endfacet
 facet normal -2.568356e-01  9.641718e-01  6.639369e-02
   outer loop
     vertex  2.937423e+00  3.420536e-01  6.214286e-01
     vertex  3.064915e+00  4.615990e-01 -6.214286e-01
     vertex  2.926609e+00  4.247570e-01 -6.214286e-01
   endloop
 endfacet
 facet normal -2.294884e-01  9.708027e-01  6.983675e-02
   outer loop
     vertex  2.937423e+00  3.420536e-01  6.214286e-01
     vertex  3.076714e+00  3.749806e-01  6.214286e-01
     vertex  3.064915e+00  4.615990e-01 -6.214286e-01
   endloop
 endfacet
 facet normal -6.893968e-03  9.980100e-01  6.267855e-02
   outer loop
     vertex  2.770018e+00  3.456195e-01  6.214286e-01
     vertex  2.926609e+00  4.247570e-01 -6.214286e-01
     vertex  2.759169e+00  4.236004e-01 -6.214286e-01
   endloop
 endfacet
 facet normal  2.124920e-02  9.975803e-01  6.619703e-02
   outer loop
     vertex  2.770018e+00  3.456195e-01  6.214286e-01
     vertex  2.937423e+00  3.420536e-01  6.214286e-01
     vertex  2.926609e+00  4.247570e-01 -6.214286e-01
   endloop
 endfacet
 facet normal -3.269824e-02  9.979013e-01  5.589113e-02
   outer loop
     vertex  2.460785e+00  3.442124e-01  6.214286e-01
     vertex  2.759169e+00  4.236004e-01 -6.214286e-01
     vertex  2.450099e+00  4.134731e-01 -6.214286e-01
   endloop
 endfacet
 facet normal -4.541205e-03  9.980247e-01  6.265893e-02
   outer loop
     vertex  2.460785e+00  3.442124e-01  6.214286e-01
     vertex  2.770018e+00  3.456195e-01  6.214286e-01
     vertex  2.759169e+00  4.236004e-01 -6.214286e-01
   endloop
 endfacet
 facet normal  5.113382e-01  8.562309e-01  7.349833e-02
   outer loop
     vertex  3.526849e+00  1.383857e-01  1.864286e+00
     vertex  3.799920e+00 -2.469097e-02  1.864286e+00
     vertex  3.799105e+00  8.248186e-02  6.214286e-01
   endloop
 endfacet
 facet normal  4.871929e-01  8.706772e-01  6.755937e-02
   outer loop
     vertex  3.526849e+00  1.383857e-01  1.864286e+00
     vertex  3.799105e+00  8.248186e-02  6.214286e-01
     vertex  3.521544e+00  2.377927e-01  6.214286e-01
   endloop
 endfacet
 facet normal  3.876310e-01  9.193690e-01  6.710250e-02
   outer loop
     vertex  3.334837e+00  2.258005e-01  1.864286e+00
     vertex  3.521544e+00  2.377927e-01  6.214286e-01
     vertex  3.327143e+00  3.197577e-01  6.214286e-01
   endloop
 endfacet
 facet normal  3.524655e-01  9.333236e-01  6.837513e-02
   outer loop
     vertex  3.334837e+00  2.258005e-01  1.864286e+00
     vertex  3.327143e+00  3.197577e-01  6.214286e-01
     vertex  3.188261e+00  3.722058e-01  6.214286e-01
   endloop
 endfacet
 facet normal  4.132971e-01  9.078360e-01  7.084688e-02
   outer loop
     vertex  3.334837e+00  2.258005e-01  1.864286e+00
     vertex  3.526849e+00  1.383857e-01  1.864286e+00
     vertex  3.521544e+00  2.377927e-01  6.214286e-01
   endloop
 endfacet
 facet normal  1.477733e-01  9.865133e-01  7.038865e-02
   outer loop
     vertex  3.197489e+00  2.821444e-01  1.864286e+00
     vertex  3.188261e+00  3.722058e-01  6.214286e-01
     vertex  3.130514e+00  3.808559e-01  6.214286e-01
   endloop
 endfacet
 facet normal  3.787543e-01  9.232754e-01  6.409112e-02
   outer loop
     vertex  3.197489e+00  2.821444e-01  1.864286e+00
     vertex  3.334837e+00  2.258005e-01  1.864286e+00
     vertex  3.188261e+00  3.722058e-01  6.214286e-01
   endloop
 endfacet
 facet normal -1.082861e-01  9.915537e-01  7.138197e-02
   outer loop
     vertex  3.140009e+00  2.924196e-01  1.864286e+00
     vertex  3.130514e+00  3.808559e-01  6.214286e-01
     vertex  3.076714e+00  3.749806e-01  6.214286e-01
   endloop
 endfacet
 facet normal  1.755582e-01  9.820803e-01  6.853928e-02
   outer loop
     vertex  3.140009e+00  2.924196e-01  1.864286e+00
     vertex  3.197489e+00  2.821444e-01  1.864286e+00
     vertex  3.130514e+00  3.808559e-01  6.214286e-01
   endloop
 endfacet
 facet normal -2.294919e-01  9.708175e-01  6.961889e-02
   outer loop
     vertex  3.086065e+00  2.880638e-01  1.864286e+00
     vertex  3.076714e+00  3.749806e-01  6.214286e-01
     vertex  2.937423e+00  3.420536e-01  6.214286e-01
   endloop
 endfacet
 facet normal -8.028693e-02  9.943011e-01  7.013855e-02
   outer loop
     vertex  3.086065e+00  2.880638e-01  1.864286e+00
     vertex  3.140009e+00  2.924196e-01  1.864286e+00
     vertex  3.076714e+00  3.749806e-01  6.214286e-01
   endloop
 endfacet
 facet normal  2.124884e-02  9.975632e-01  6.645424e-02
   outer loop
     vertex  2.945901e+00  2.590782e-01  1.864286e+00
     vertex  2.937423e+00  3.420536e-01  6.214286e-01
     vertex  2.770018e+00  3.456195e-01  6.214286e-01
   endloop
 endfacet
 facet normal -2.020638e-01  9.771045e-01  6.661168e-02
   outer loop
     vertex  2.945901e+00  2.590782e-01  1.864286e+00
     vertex  3.086065e+00  2.880638e-01  1.864286e+00
     vertex  2.937423e+00  3.420536e-01  6.214286e-01
   endloop
 endfacet
 facet normal -4.541145e-03  9.980113e-01  6.287082e-02
   outer loop
     vertex  2.778663e+00  2.673637e-01  1.864286e+00
     vertex  2.770018e+00  3.456195e-01  6.214286e-01
     vertex  2.460785e+00  3.442124e-01  6.214286e-01
   endloop
 endfacet
 facet normal  4.938594e-02  9.968273e-01  6.242115e-02
   outer loop
     vertex  2.778663e+00  2.673637e-01  1.864286e+00
     vertex  2.945901e+00  2.590782e-01  1.864286e+00
     vertex  2.770018e+00  3.456195e-01  6.214286e-01
   endloop
 endfacet
 facet normal  2.361607e-02  9.981694e-01  5.567899e-02
   outer loop
     vertex  2.469513e+00  2.746780e-01  1.864286e+00
     vertex  2.778663e+00  2.673637e-01  1.864286e+00
     vertex  2.460785e+00  3.442124e-01  6.214286e-01
   endloop
 endfacet
 facet normal  9.599351e-01 -2.801629e-01  5.779683e-03
   outer loop
     vertex  2.287868e+00 -9.693313e-01  3.107143e+00
     vertex  2.314294e+00 -9.044247e-01  1.864286e+00
     vertex  2.437464e+00 -4.824048e-01  1.864286e+00
   endloop
 endfacet
 facet normal  9.516523e-01 -3.071230e-01 -5.779683e-03
   outer loop
     vertex  2.422890e+00 -5.509528e-01  3.107143e+00
     vertex  2.287868e+00 -9.693313e-01  3.107143e+00
     vertex  2.437464e+00 -4.824048e-01  1.864286e+00
   endloop
 endfacet
 facet normal  8.506002e-01  5.204766e-01  7.472161e-02
   outer loop
     vertex  3.301436e+00 -1.881627e+00  3.107143e+00
     vertex  3.353187e+00 -1.787774e+00  1.864286e+00
     vertex  3.187181e+00 -1.516474e+00  1.864286e+00
   endloop
 endfacet
 facet normal  7.877919e-01  6.117359e-01  7.185503e-02
   outer loop
     vertex  3.143147e+00 -1.605754e+00  3.107143e+00
     vertex  3.187181e+00 -1.516474e+00  1.864286e+00
     vertex  3.057786e+00 -1.349840e+00  1.864286e+00
   endloop
 endfacet
 facet normal  8.654545e-01  4.965766e-01  6.633423e-02
   outer loop
     vertex  3.143147e+00 -1.605754e+00  3.107143e+00
     vertex  3.301436e+00 -1.881627e+00  3.107143e+00
     vertex  3.187181e+00 -1.516474e+00  1.864286e+00
   endloop
 endfacet
 facet normal  8.050517e-01  5.895111e-01  6.609334e-02
   outer loop
     vertex  3.018503e+00 -1.435536e+00  3.107143e+00
     vertex  3.143147e+00 -1.605754e+00  3.107143e+00
     vertex  3.057786e+00 -1.349840e+00  1.864286e+00
   endloop
 endfacet
 facet normal  7.643913e-01  6.414649e-01  6.502903e-02
   outer loop
     vertex  2.926317e+00 -1.319172e+00  3.107143e+00
     vertex  3.057786e+00 -1.349840e+00  1.864286e+00
     vertex  2.962355e+00 -1.236121e+00  1.864286e+00
   endloop
 endfacet
 facet normal  7.820521e-01  6.195536e-01  6.743786e-02
   outer loop
     vertex  2.926317e+00 -1.319172e+00  3.107143e+00
     vertex  3.018503e+00 -1.435536e+00  3.107143e+00
     vertex  3.057786e+00 -1.349840e+00  1.864286e+00
   endloop
 endfacet
 facet normal  6.118219e-01  7.879738e-01  6.907336e-02
   outer loop
     vertex  2.881224e+00 -1.282075e+00  3.107143e+00
     vertex  2.962355e+00 -1.236121e+00  1.864286e+00
     vertex  2.916234e+00 -1.200310e+00  1.864286e+00
   endloop
 endfacet
 facet normal  6.337660e-01  7.703642e-01  6.985472e-02
   outer loop
     vertex  2.881224e+00 -1.282075e+00  3.107143e+00
     vertex  2.926317e+00 -1.319172e+00  3.107143e+00
     vertex  2.962355e+00 -1.236121e+00  1.864286e+00
   endloop
 endfacet
 facet normal  3.909835e-01  9.177195e-01  7.016317e-02
   outer loop
     vertex  2.832053e+00 -1.259467e+00  3.107143e+00
     vertex  2.916234e+00 -1.200310e+00  1.864286e+00
     vertex  2.866445e+00 -1.179098e+00  1.864286e+00
   endloop
 endfacet
 facet normal  4.166736e-01  9.062512e-01  7.135736e-02
   outer loop
     vertex  2.832053e+00 -1.259467e+00  3.107143e+00
     vertex  2.881224e+00 -1.282075e+00  3.107143e+00
     vertex  2.916234e+00 -1.200310e+00  1.864286e+00
   endloop
 endfacet
 facet normal  2.751685e-01  9.591007e-01  6.639369e-02
   outer loop
     vertex  2.695641e+00 -1.216131e+00  3.107143e+00
     vertex  2.866445e+00 -1.179098e+00  1.864286e+00
     vertex  2.728866e+00 -1.139626e+00  1.864286e+00
   endloop
 endfacet
 facet normal  3.020358e-01  9.507351e-01  6.983675e-02
   outer loop
     vertex  2.695641e+00 -1.216131e+00  3.107143e+00
     vertex  2.832053e+00 -1.259467e+00  3.107143e+00
     vertex  2.866445e+00 -1.179098e+00  1.864286e+00
   endloop
 endfacet
 facet normal  5.069696e-01  8.596820e-01  6.267855e-02
   outer loop
     vertex  2.553865e+00 -1.127041e+00  3.107143e+00
     vertex  2.728866e+00 -1.139626e+00  1.864286e+00
     vertex  2.584634e+00 -1.054570e+00  1.864286e+00
   endloop
 endfacet
 facet normal  5.308913e-01  8.448505e-01  6.619703e-02
   outer loop
     vertex  2.553865e+00 -1.127041e+00  3.107143e+00
     vertex  2.695641e+00 -1.216131e+00  3.107143e+00
     vertex  2.728866e+00 -1.139626e+00  1.864286e+00
   endloop
 endfacet
 facet normal  4.847777e-01  8.728498e-01  5.589113e-02
   outer loop
     vertex  2.287868e+00 -9.693313e-01  3.107143e+00
     vertex  2.584634e+00 -1.054570e+00  1.864286e+00
     vertex  2.314294e+00 -9.044247e-01  1.864286e+00
   endloop
 endfacet
 facet normal  5.089955e-01  8.584856e-01  6.265893e-02
   outer loop
     vertex  2.287868e+00 -9.693313e-01  3.107143e+00
     vertex  2.553865e+00 -1.127041e+00  3.107143e+00
     vertex  2.584634e+00 -1.054570e+00  1.864286e+00
   endloop
 endfacet
 facet normal -5.321208e-01 -8.448265e-01 -5.581804e-02
   outer loop
     vertex  2.286757e+00 -1.864145e+00  3.107143e+00
     vertex  1.889322e+00 -1.613817e+00  3.107143e+00
     vertex  1.934082e+00 -1.559894e+00  1.864286e+00
   endloop
 endfacet
 facet normal -5.077614e-01 -8.589514e-01 -6.618810e-02
   outer loop
     vertex  2.286757e+00 -1.864145e+00  3.107143e+00
     vertex  1.934082e+00 -1.559894e+00  1.864286e+00
     vertex  2.338419e+00 -1.798914e+00  1.864286e+00
   endloop
 endfacet
 facet normal -6.421524e-01 -7.635526e-01 -6.802742e-02
   outer loop
     vertex  2.328329e+00 -1.901158e+00  3.107143e+00
     vertex  2.338419e+00 -1.798914e+00  1.864286e+00
     vertex  2.381018e+00 -1.834740e+00  1.864286e+00
   endloop
 endfacet
 facet normal -6.634902e-01 -7.452067e-01 -6.669142e-02
   outer loop
     vertex  2.328329e+00 -1.901158e+00  3.107143e+00
     vertex  2.286757e+00 -1.864145e+00  3.107143e+00
     vertex  2.338419e+00 -1.798914e+00  1.864286e+00
   endloop
 endfacet
 facet normal -7.058906e-01 -7.048276e-01 -7.026067e-02
   outer loop
     vertex  2.409272e+00 -1.986930e+00  3.107143e+00
     vertex  2.381018e+00 -1.834740e+00  1.864286e+00
     vertex  2.464348e+00 -1.918195e+00  1.864286e+00
   endloop
 endfacet
 facet normal -7.256326e-01 -6.847776e-01 -6.735671e-02
   outer loop
     vertex  2.409272e+00 -1.986930e+00  3.107143e+00
     vertex  2.328329e+00 -1.901158e+00  3.107143e+00
     vertex  2.381018e+00 -1.834740e+00  1.864286e+00
   endloop
 endfacet
 facet normal -5.273784e-01 -8.466377e-01 -7.125022e-02
   outer loop
     vertex  2.448216e+00 -2.012742e+00  3.107143e+00
     vertex  2.464348e+00 -1.918195e+00  1.864286e+00
     vertex  2.504005e+00 -1.942898e+00  1.864286e+00
   endloop
 endfacet
 facet normal -5.510782e-01 -8.314782e-01 -7.040461e-02
   outer loop
     vertex  2.448216e+00 -2.012742e+00  3.107143e+00
     vertex  2.409272e+00 -1.986930e+00  3.107143e+00
     vertex  2.464348e+00 -1.918195e+00  1.864286e+00
   endloop
 endfacet
 facet normal -3.214299e-01 -9.444246e-01 -6.888334e-02
   outer loop
     vertex  2.505447e+00 -2.034039e+00  3.107143e+00
     vertex  2.504005e+00 -1.942898e+00  1.864286e+00
     vertex  2.561814e+00 -1.962573e+00  1.864286e+00
   endloop
 endfacet
 facet normal -3.479534e-01 -9.350306e-01 -6.816366e-02
   outer loop
     vertex  2.505447e+00 -2.034039e+00  3.107143e+00
     vertex  2.448216e+00 -2.012742e+00  3.107143e+00
     vertex  2.504005e+00 -1.942898e+00  1.864286e+00
   endloop
 endfacet
 facet normal -1.632692e-01 -9.841965e-01 -6.855957e-02
   outer loop
     vertex  2.703256e+00 -2.072615e+00  3.107143e+00
     vertex  2.561814e+00 -1.962573e+00  1.864286e+00
     vertex  2.760631e+00 -1.995555e+00  1.864286e+00
   endloop
 endfacet
 facet normal -1.910058e-01 -9.794356e-01 -6.498151e-02
   outer loop
     vertex  2.703256e+00 -2.072615e+00  3.107143e+00
     vertex  2.505447e+00 -2.034039e+00  3.107143e+00
     vertex  2.561814e+00 -1.962573e+00  1.864286e+00
   endloop
 endfacet
 facet normal -1.062883e-01 -9.917573e-01 -7.155648e-02
   outer loop
     vertex  2.929111e+00 -2.103285e+00  3.107143e+00
     vertex  2.760631e+00 -1.995555e+00  1.864286e+00
     vertex  2.987261e+00 -2.019843e+00  1.864286e+00
   endloop
 endfacet
 facet normal -1.433826e-02 -9.976063e-01 -6.764702e-02
   outer loop
     vertex  2.929111e+00 -2.103285e+00  3.107143e+00
     vertex  2.987261e+00 -2.019843e+00  1.864286e+00
     vertex  3.216660e+00 -2.023141e+00  1.864286e+00
   endloop
 endfacet
 facet normal -1.342531e-01 -9.886457e-01 -6.749593e-02
   outer loop
     vertex  2.929111e+00 -2.103285e+00  3.107143e+00
     vertex  2.703256e+00 -2.072615e+00  3.107143e+00
     vertex  2.760631e+00 -1.995555e+00  1.864286e+00
   endloop
 endfacet
 facet normal -4.244702e-02 -9.963493e-01 -7.406926e-02
   outer loop
     vertex  3.158325e+00 -2.113050e+00  3.107143e+00
     vertex  2.929111e+00 -2.103285e+00  3.107143e+00
     vertex  3.216660e+00 -2.023141e+00  1.864286e+00
   endloop
 endfacet
 facet normal -5.080839e-01 -8.594970e-01 -5.581804e-02
   outer loop
     vertex  2.338419e+00 -1.798914e+00  1.864286e+00
     vertex  1.934082e+00 -1.559894e+00  1.864286e+00
     vertex  1.977304e+00 -1.504730e+00  6.214286e-01
   endloop
 endfacet
 facet normal -4.833358e-01 -8.729293e-01 -6.618810e-02
   outer loop
     vertex  2.338419e+00 -1.798914e+00  1.864286e+00
     vertex  1.977304e+00 -1.504730e+00  6.214286e-01
     vertex  2.388221e+00 -1.732252e+00  6.214286e-01
   endloop
 endfacet
 facet normal -6.203638e-01 -7.813585e-01 -6.802742e-02
   outer loop
     vertex  2.381018e+00 -1.834740e+00  1.864286e+00
     vertex  2.388221e+00 -1.732252e+00  6.214286e-01
     vertex  2.431813e+00 -1.766862e+00  6.214286e-01
   endloop
 endfacet
 facet normal -6.422105e-01 -7.636216e-01 -6.669142e-02
   outer loop
     vertex  2.381018e+00 -1.834740e+00  1.864286e+00
     vertex  2.338419e+00 -1.798914e+00  1.864286e+00
     vertex  2.388221e+00 -1.732252e+00  6.214286e-01
   endloop
 endfacet
 facet normal -6.857327e-01 -7.244543e-01 -7.026067e-02
   outer loop
     vertex  2.464348e+00 -1.918195e+00  1.864286e+00
     vertex  2.431813e+00 -1.766862e+00  6.214286e-01
     vertex  2.517463e+00 -1.847934e+00  6.214286e-01
   endloop
 endfacet
 facet normal -7.060323e-01 -7.049691e-01 -6.735671e-02
   outer loop
     vertex  2.464348e+00 -1.918195e+00  1.864286e+00
     vertex  2.381018e+00 -1.834740e+00  1.864286e+00
     vertex  2.431813e+00 -1.766862e+00  6.214286e-01
   endloop
 endfacet
 facet normal -5.032923e-01 -8.611738e-01 -7.125022e-02
   outer loop
     vertex  2.504005e+00 -1.942898e+00  1.864286e+00
     vertex  2.517463e+00 -1.847934e+00  6.214286e-01
     vertex  2.557801e+00 -1.871509e+00  6.214286e-01
   endloop
 endfacet
 facet normal -5.274102e-01 -8.466887e-01 -7.040461e-02
   outer loop
     vertex  2.504005e+00 -1.942898e+00  1.864286e+00
     vertex  2.464348e+00 -1.918195e+00  1.864286e+00
     vertex  2.517463e+00 -1.847934e+00  6.214286e-01
   endloop
 endfacet
 facet normal -2.946680e-01 -9.531138e-01 -6.888334e-02
   outer loop
     vertex  2.561814e+00 -1.962573e+00  1.864286e+00
     vertex  2.557801e+00 -1.871509e+00  6.214286e-01
     vertex  2.616142e+00 -1.889546e+00  6.214286e-01
   endloop
 endfacet
 facet normal -3.214458e-01 -9.444714e-01 -6.816366e-02
   outer loop
     vertex  2.561814e+00 -1.962573e+00  1.864286e+00
     vertex  2.504005e+00 -1.942898e+00  1.864286e+00
     vertex  2.557801e+00 -1.871509e+00  6.214286e-01
   endloop
 endfacet
 facet normal -1.354486e-01 -9.884095e-01 -6.855957e-02
   outer loop
     vertex  2.760631e+00 -1.995555e+00  1.864286e+00
     vertex  2.616142e+00 -1.889546e+00  6.214286e-01
     vertex  2.815811e+00 -1.916908e+00  6.214286e-01
   endloop
 endfacet
 facet normal -1.633084e-01 -9.844327e-01 -6.498151e-02
   outer loop
     vertex  2.760631e+00 -1.995555e+00  1.864286e+00
     vertex  2.561814e+00 -1.962573e+00  1.864286e+00
     vertex  2.616142e+00 -1.889546e+00  6.214286e-01
   endloop
 endfacet
 facet normal -7.827712e-02 -9.943603e-01 -7.155648e-02
   outer loop
     vertex  2.987261e+00 -2.019843e+00  1.864286e+00
     vertex  2.815811e+00 -1.916908e+00  6.214286e-01
     vertex  3.043035e+00 -1.934795e+00  6.214286e-01
   endloop
 endfacet
 facet normal  1.380133e-02 -9.976139e-01 -6.764702e-02
   outer loop
     vertex  2.987261e+00 -2.019843e+00  1.864286e+00
     vertex  3.043035e+00 -1.934795e+00  6.214286e-01
     vertex  3.272436e+00 -1.931622e+00  6.214286e-01
   endloop
 endfacet
 facet normal -1.063185e-01 -9.920386e-01 -6.749593e-02
   outer loop
     vertex  2.987261e+00 -2.019843e+00  1.864286e+00
     vertex  2.760631e+00 -1.995555e+00  1.864286e+00
     vertex  2.815811e+00 -1.916908e+00  6.214286e-01
   endloop
 endfacet
 facet normal -1.433170e-02 -9.971501e-01 -7.406926e-02
   outer loop
     vertex  3.216660e+00 -2.023141e+00  1.864286e+00
     vertex  2.987261e+00 -2.019843e+00  1.864286e+00
     vertex  3.272436e+00 -1.931622e+00  6.214286e-01
   endloop
 endfacet
 facet normal -4.588229e-01 -8.867871e-01 -5.558959e-02
   outer loop
     vertex  1.977304e+00 -1.504730e+00  6.214286e-01
     vertex  2.018953e+00 -1.448369e+00 -6.214286e-01
     vertex  2.436123e+00 -1.664212e+00 -6.214286e-01
   endloop
 endfacet
 facet normal -5.981324e-01 -7.986107e-01 -6.677302e-02
   outer loop
     vertex  2.388221e+00 -1.732252e+00  6.214286e-01
     vertex  2.436123e+00 -1.664212e+00 -6.214286e-01
     vertex  2.480674e+00 -1.697579e+00 -6.214286e-01
   endloop
 endfacet
 facet normal -4.833285e-01 -8.729161e-01 -6.641611e-02
   outer loop
     vertex  2.388221e+00 -1.732252e+00  6.214286e-01
     vertex  1.977304e+00 -1.504730e+00  6.214286e-01
     vertex  2.436123e+00 -1.664212e+00 -6.214286e-01
   endloop
 endfacet
 facet normal -6.651517e-01 -7.436416e-01 -6.760369e-02
   outer loop
     vertex  2.431813e+00 -1.766862e+00  6.214286e-01
     vertex  2.480674e+00 -1.697579e+00 -6.214286e-01
     vertex  2.568576e+00 -1.776203e+00 -6.214286e-01
   endloop
 endfacet
 facet normal -6.203672e-01 -7.813628e-01 -6.794584e-02
   outer loop
     vertex  2.431813e+00 -1.766862e+00  6.214286e-01
     vertex  2.388221e+00 -1.732252e+00  6.214286e-01
     vertex  2.480674e+00 -1.697579e+00 -6.214286e-01
   endloop
 endfacet
 facet normal -4.788416e-01 -8.750902e-01 -7.019801e-02
   outer loop
     vertex  2.517463e+00 -1.847934e+00  6.214286e-01
     vertex  2.568576e+00 -1.776203e+00 -6.214286e-01
     vertex  2.609563e+00 -1.798631e+00 -6.214286e-01
   endloop
 endfacet
 facet normal -6.857446e-01 -7.244669e-01 -7.001383e-02
   outer loop
     vertex  2.517463e+00 -1.847934e+00  6.214286e-01
     vertex  2.431813e+00 -1.766862e+00  6.214286e-01
     vertex  2.568576e+00 -1.776203e+00 -6.214286e-01
   endloop
 endfacet
 facet normal -2.676969e-01 -9.611353e-01 -6.750737e-02
   outer loop
     vertex  2.557801e+00 -1.871509e+00  6.214286e-01
     vertex  2.609563e+00 -1.798631e+00 -6.214286e-01
     vertex  2.668389e+00 -1.815015e+00 -6.214286e-01
   endloop
 endfacet
 facet normal -5.032848e-01 -8.611610e-01 -7.145677e-02
   outer loop
     vertex  2.557801e+00 -1.871509e+00  6.214286e-01
     vertex  2.517463e+00 -1.847934e+00  6.214286e-01
     vertex  2.609563e+00 -1.798631e+00 -6.214286e-01
   endloop
 endfacet
 facet normal -1.075527e-01 -9.921362e-01 -6.401671e-02
   outer loop
     vertex  2.616142e+00 -1.889546e+00  6.214286e-01
     vertex  2.668389e+00 -1.815015e+00 -6.214286e-01
     vertex  2.868750e+00 -1.836736e+00 -6.214286e-01
   endloop
 endfacet
 facet normal -2.946545e-01 -9.530703e-01 -6.953944e-02
   outer loop
     vertex  2.616142e+00 -1.889546e+00  6.214286e-01
     vertex  2.557801e+00 -1.871509e+00  6.214286e-01
     vertex  2.668389e+00 -1.815015e+00 -6.214286e-01
   endloop
 endfacet
 facet normal -5.022152e-02 -9.965270e-01 -6.642152e-02
   outer loop
     vertex  2.815811e+00 -1.916908e+00  6.214286e-01
     vertex  2.868750e+00 -1.836736e+00 -6.214286e-01
     vertex  3.096389e+00 -1.848208e+00 -6.214286e-01
   endloop
 endfacet
 facet normal -1.354395e-01 -9.883434e-01 -6.952349e-02
   outer loop
     vertex  2.815811e+00 -1.916908e+00  6.214286e-01
     vertex  2.616142e+00 -1.889546e+00  6.214286e-01
     vertex  2.868750e+00 -1.836736e+00 -6.214286e-01
   endloop
 endfacet
 facet normal  4.192993e-02 -9.968278e-01 -6.764702e-02
   outer loop
     vertex  3.043035e+00 -1.934795e+00  6.214286e-01
     vertex  3.096389e+00 -1.848208e+00 -6.214286e-01
     vertex  3.325609e+00 -1.838566e+00 -6.214286e-01
   endloop
 endfacet
 facet normal -7.827103e-02 -9.942829e-01 -7.262973e-02
   outer loop
     vertex  3.043035e+00 -1.934795e+00  6.214286e-01
     vertex  2.815811e+00 -1.916908e+00  6.214286e-01
     vertex  3.096389e+00 -1.848208e+00 -6.214286e-01
   endloop
 endfacet
 facet normal  1.379501e-02 -9.971577e-01 -7.406926e-02
   outer loop
     vertex  3.272436e+00 -1.931622e+00  6.214286e-01
     vertex  3.043035e+00 -1.934795e+00  6.214286e-01
     vertex  3.325609e+00 -1.838566e+00 -6.214286e-01
   endloop
 endfacet
 facet normal -4.588170e-01 -8.867758e-01 -5.581804e-02
   outer loop
     vertex  2.436123e+00 -1.664212e+00 -6.214286e-01
     vertex  2.018953e+00 -1.448369e+00 -6.214286e-01
     vertex  2.058996e+00 -1.390855e+00 -1.864286e+00
   endloop
 endfacet
 facet normal -4.333510e-01 -8.987915e-01 -6.618810e-02
   outer loop
     vertex  2.436123e+00 -1.664212e+00 -6.214286e-01
     vertex  2.058996e+00 -1.390855e+00 -1.864286e+00
     vertex  2.482087e+00 -1.594848e+00 -1.864286e+00
   endloop
 endfacet
 facet normal -5.753237e-01 -8.150919e-01 -6.802742e-02
   outer loop
     vertex  2.480674e+00 -1.697579e+00 -6.214286e-01
     vertex  2.482087e+00 -1.594848e+00 -1.864286e+00
     vertex  2.527561e+00 -1.626945e+00 -1.864286e+00
   endloop
 endfacet
 facet normal -5.981357e-01 -7.986150e-01 -6.669142e-02
   outer loop
     vertex  2.480674e+00 -1.697579e+00 -6.214286e-01
     vertex  2.436123e+00 -1.664212e+00 -6.214286e-01
     vertex  2.482087e+00 -1.594848e+00 -1.864286e+00
   endloop
 endfacet
 facet normal -6.437970e-01 -7.619638e-01 -7.026067e-02
   outer loop
     vertex  2.568576e+00 -1.776203e+00 -6.214286e-01
     vertex  2.527561e+00 -1.626945e+00 -1.864286e+00
     vertex  2.617646e+00 -1.703060e+00 -1.864286e+00
   endloop
 endfacet
 facet normal -6.651629e-01 -7.436541e-01 -6.735671e-02
   outer loop
     vertex  2.568576e+00 -1.776203e+00 -6.214286e-01
     vertex  2.480674e+00 -1.697579e+00 -6.214286e-01
     vertex  2.527561e+00 -1.626945e+00 -1.864286e+00
   endloop
 endfacet
 facet normal -4.539385e-01 -8.881798e-01 -7.125022e-02
   outer loop
     vertex  2.609563e+00 -1.798631e+00 -6.214286e-01
     vertex  2.617646e+00 -1.703060e+00 -1.864286e+00
     vertex  2.659249e+00 -1.724322e+00 -1.864286e+00
   endloop
 endfacet
 facet normal -4.788346e-01 -8.750775e-01 -7.040461e-02
   outer loop
     vertex  2.609563e+00 -1.798631e+00 -6.214286e-01
     vertex  2.568576e+00 -1.776203e+00 -6.214286e-01
     vertex  2.617646e+00 -1.703060e+00 -1.864286e+00
   endloop
 endfacet
 facet normal -2.404624e-01 -9.682112e-01 -6.888334e-02
   outer loop
     vertex  2.668389e+00 -1.815015e+00 -6.214286e-01
     vertex  2.659249e+00 -1.724322e+00 -1.864286e+00
     vertex  2.718514e+00 -1.739041e+00 -1.864286e+00
   endloop
 endfacet
 facet normal -2.676849e-01 -9.610923e-01 -6.816366e-02
   outer loop
     vertex  2.668389e+00 -1.815015e+00 -6.214286e-01
     vertex  2.609563e+00 -1.798631e+00 -6.214286e-01
     vertex  2.659249e+00 -1.724322e+00 -1.864286e+00
   endloop
 endfacet
 facet normal -7.950624e-02 -9.944739e-01 -6.855957e-02
   outer loop
     vertex  2.868750e+00 -1.836736e+00 -6.214286e-01
     vertex  2.718514e+00 -1.739041e+00 -1.864286e+00
     vertex  2.919408e+00 -1.755102e+00 -1.864286e+00
   endloop
 endfacet
 facet normal -1.075460e-01 -9.920742e-01 -6.498151e-02
   outer loop
     vertex  2.868750e+00 -1.836736e+00 -6.214286e-01
     vertex  2.668389e+00 -1.815015e+00 -6.214286e-01
     vertex  2.718514e+00 -1.739041e+00 -1.864286e+00
   endloop
 endfacet
 facet normal -2.209023e-02 -9.971919e-01 -7.155648e-02
   outer loop
     vertex  3.096389e+00 -1.848208e+00 -6.214286e-01
     vertex  2.919408e+00 -1.755102e+00 -1.864286e+00
     vertex  3.147279e+00 -1.760150e+00 -1.864286e+00
   endloop
 endfacet
 facet normal -5.021789e-02 -9.964549e-01 -6.749593e-02
   outer loop
     vertex  3.096389e+00 -1.848208e+00 -6.214286e-01
     vertex  2.868750e+00 -1.836736e+00 -6.214286e-01
     vertex  2.919408e+00 -1.755102e+00 -1.864286e+00
   endloop
 endfacet
 facet normal  6.999965e-02 -9.948860e-01 -7.281432e-02
   outer loop
     vertex  3.325609e+00 -1.838566e+00 -6.214286e-01
     vertex  3.147279e+00 -1.760150e+00 -1.864286e+00
     vertex  3.376136e+00 -1.744048e+00 -1.864286e+00
   endloop
 endfacet
 facet normal  4.192632e-02 -9.967419e-01 -6.890335e-02
   outer loop
     vertex  3.325609e+00 -1.838566e+00 -6.214286e-01
     vertex  3.096389e+00 -1.848208e+00 -6.214286e-01
     vertex  3.147279e+00 -1.760150e+00 -1.864286e+00
   endloop
 endfacet
 facet normal -4.080957e-01 -9.112451e-01 -5.558959e-02
   outer loop
     vertex  2.058996e+00 -1.390855e+00 -1.864286e+00
     vertex  2.097401e+00 -1.332235e+00 -3.107143e+00
     vertex  2.526077e+00 -1.524215e+00 -3.107143e+00
   endloop
 endfacet
 facet normal -5.521551e-01 -8.310633e-01 -6.677302e-02
   outer loop
     vertex  2.482087e+00 -1.594848e+00 -1.864286e+00
     vertex  2.526077e+00 -1.524215e+00 -3.107143e+00
     vertex  2.572438e+00 -1.555018e+00 -3.107143e+00
   endloop
 endfacet
 facet normal -4.333444e-01 -8.987778e-01 -6.641611e-02
   outer loop
     vertex  2.482087e+00 -1.594848e+00 -1.864286e+00
     vertex  2.058996e+00 -1.390855e+00 -1.864286e+00
     vertex  2.526077e+00 -1.524215e+00 -3.107143e+00
   endloop
 endfacet
 facet normal -6.221670e-01 -7.799603e-01 -6.760369e-02
   outer loop
     vertex  2.527561e+00 -1.626945e+00 -1.864286e+00
     vertex  2.572438e+00 -1.555018e+00 -3.107143e+00
     vertex  2.664633e+00 -1.628561e+00 -3.107143e+00
   endloop
 endfacet
 facet normal -5.753269e-01 -8.150965e-01 -6.794584e-02
   outer loop
     vertex  2.527561e+00 -1.626945e+00 -1.864286e+00
     vertex  2.482087e+00 -1.594848e+00 -1.864286e+00
     vertex  2.572438e+00 -1.555018e+00 -3.107143e+00
   endloop
 endfacet
 facet normal -4.287421e-01 -9.006955e-01 -7.019801e-02
   outer loop
     vertex  2.617646e+00 -1.703060e+00 -1.864286e+00
     vertex  2.664633e+00 -1.628561e+00 -3.107143e+00
     vertex  2.706820e+00 -1.648642e+00 -3.107143e+00
   endloop
 endfacet
 facet normal -6.438082e-01 -7.619771e-01 -7.001383e-02
   outer loop
     vertex  2.617646e+00 -1.703060e+00 -1.864286e+00
     vertex  2.527561e+00 -1.626945e+00 -1.864286e+00
     vertex  2.664633e+00 -1.628561e+00 -3.107143e+00
   endloop
 endfacet
 facet normal -2.130819e-01 -9.746994e-01 -6.750737e-02
   outer loop
     vertex  2.659249e+00 -1.724322e+00 -1.864286e+00
     vertex  2.706820e+00 -1.648642e+00 -3.107143e+00
     vertex  2.766476e+00 -1.661684e+00 -3.107143e+00
   endloop
 endfacet
 facet normal -4.539317e-01 -8.881666e-01 -7.145677e-02
   outer loop
     vertex  2.659249e+00 -1.724322e+00 -1.864286e+00
     vertex  2.617646e+00 -1.703060e+00 -1.864286e+00
     vertex  2.706820e+00 -1.648642e+00 -3.107143e+00
   endloop
 endfacet
 facet normal -5.144463e-02 -9.966219e-01 -6.401671e-02
   outer loop
     vertex  2.718514e+00 -1.739041e+00 -1.864286e+00
     vertex  2.766476e+00 -1.661684e+00 -3.107143e+00
     vertex  2.967743e+00 -1.672073e+00 -3.107143e+00
   endloop
 endfacet
 facet normal -2.404514e-01 -9.681670e-01 -6.953944e-02
   outer loop
     vertex  2.718514e+00 -1.739041e+00 -1.864286e+00
     vertex  2.659249e+00 -1.724322e+00 -1.864286e+00
     vertex  2.766476e+00 -1.661684e+00 -3.107143e+00
   endloop
 endfacet
 facet normal  6.042900e-03 -9.977734e-01 -6.642152e-02
   outer loop
     vertex  2.919408e+00 -1.755102e+00 -1.864286e+00
     vertex  2.967743e+00 -1.672073e+00 -3.107143e+00
     vertex  3.195666e+00 -1.670693e+00 -3.107143e+00
   endloop
 endfacet
 facet normal -7.950092e-02 -9.944074e-01 -6.952349e-02
   outer loop
     vertex  2.919408e+00 -1.755102e+00 -1.864286e+00
     vertex  2.718514e+00 -1.739041e+00 -1.864286e+00
     vertex  2.967743e+00 -1.672073e+00 -3.107143e+00
   endloop
 endfacet
 facet normal  9.806473e-02 -9.928782e-01 -6.764702e-02
   outer loop
     vertex  3.147279e+00 -1.760150e+00 -1.864286e+00
     vertex  3.195666e+00 -1.670693e+00 -3.107143e+00
     vertex  3.423978e+00 -1.648143e+00 -3.107143e+00
   endloop
 endfacet
 facet normal -2.208852e-02 -9.971143e-01 -7.262973e-02
   outer loop
     vertex  3.147279e+00 -1.760150e+00 -1.864286e+00
     vertex  2.919408e+00 -1.755102e+00 -1.864286e+00
     vertex  3.195666e+00 -1.670693e+00 -3.107143e+00
   endloop
 endfacet
 facet normal  6.999316e-02 -9.947938e-01 -7.406926e-02
   outer loop
     vertex  3.376136e+00 -1.744048e+00 -1.864286e+00
     vertex  3.147279e+00 -1.760150e+00 -1.864286e+00
     vertex  3.423978e+00 -1.648143e+00 -3.107143e+00
   endloop
 endfacet
 facet normal  7.865966e-01  6.129294e-01  7.472161e-02
   outer loop
     vertex  3.492283e+00 -1.497985e+00 -1.864286e+00
     vertex  3.533139e+00 -1.398902e+00 -3.107143e+00
     vertex  3.337645e+00 -1.148016e+00 -3.107143e+00
   endloop
 endfacet
 facet normal  7.139134e-01  6.965375e-01  7.185503e-02
   outer loop
     vertex  3.303942e+00 -1.241686e+00 -1.864286e+00
     vertex  3.337645e+00 -1.148016e+00 -3.107143e+00
     vertex  3.190313e+00 -9.970084e-01 -3.107143e+00
   endloop
 endfacet
 facet normal  8.040471e-01  5.908537e-01  6.633423e-02
   outer loop
     vertex  3.303942e+00 -1.241686e+00 -1.864286e+00
     vertex  3.492283e+00 -1.497985e+00 -1.864286e+00
     vertex  3.337645e+00 -1.148016e+00 -3.107143e+00
   endloop
 endfacet
 facet normal  6.871606e-01  7.232808e-01  6.837513e-02
   outer loop
     vertex  3.160927e+00 -1.086583e+00 -1.864286e+00
     vertex  3.190313e+00 -9.970084e-01 -3.107143e+00
     vertex  3.082686e+00 -8.947564e-01 -3.107143e+00
   endloop
 endfacet
 facet normal  7.335657e-01  6.763971e-01  6.609334e-02
   outer loop
     vertex  3.160927e+00 -1.086583e+00 -1.864286e+00
     vertex  3.303942e+00 -1.241686e+00 -1.864286e+00
     vertex  3.190313e+00 -9.970084e-01 -3.107143e+00
   endloop
 endfacet
 facet normal  5.191733e-01  8.517655e-01  7.038865e-02
   outer loop
     vertex  3.056227e+00 -9.813366e-01 -1.864286e+00
     vertex  3.082686e+00 -8.947564e-01 -3.107143e+00
     vertex  3.032827e+00 -8.643658e-01 -3.107143e+00
   endloop
 endfacet
 facet normal  7.074864e-01  7.038148e-01  6.409112e-02
   outer loop
     vertex  3.056227e+00 -9.813366e-01 -1.864286e+00
     vertex  3.160927e+00 -1.086583e+00 -1.864286e+00
     vertex  3.082686e+00 -8.947564e-01 -3.107143e+00
   endloop
 endfacet
 facet normal  2.851550e-01  9.558197e-01  7.138197e-02
   outer loop
     vertex  3.007244e+00 -9.495520e-01 -1.864286e+00
     vertex  3.032827e+00 -8.643658e-01 -3.107143e+00
     vertex  2.980966e+00 -8.488939e-01 -3.107143e+00
   endloop
 endfacet
 facet normal  5.430579e-01  8.368934e-01  6.853928e-02
   outer loop
     vertex  3.007244e+00 -9.495520e-01 -1.864286e+00
     vertex  3.056227e+00 -9.813366e-01 -1.864286e+00
     vertex  3.032827e+00 -8.643658e-01 -3.107143e+00
   endloop
 endfacet
 facet normal  1.654058e-01  9.837653e-01  6.961889e-02
   outer loop
     vertex  2.955840e+00 -9.326236e-01 -1.864286e+00
     vertex  2.980966e+00 -8.488939e-01 -3.107143e+00
     vertex  2.839818e+00 -8.251619e-01 -3.107143e+00
   endloop
 endfacet
 facet normal  3.120247e-01  9.474815e-01  7.013855e-02
   outer loop
     vertex  2.955840e+00 -9.326236e-01 -1.864286e+00
     vertex  3.007244e+00 -9.495520e-01 -1.864286e+00
     vertex  2.980966e+00 -8.488939e-01 -3.107143e+00
   endloop
 endfacet
 facet normal  4.068628e-01  9.110689e-01  6.645424e-02
   outer loop
     vertex  2.815418e+00 -9.049205e-01 -1.864286e+00
     vertex  2.839818e+00 -8.251619e-01 -3.107143e+00
     vertex  2.686927e+00 -7.568843e-01 -3.107143e+00
   endloop
 endfacet
 facet normal  1.931233e-01  9.789108e-01  6.661168e-02
   outer loop
     vertex  2.815418e+00 -9.049205e-01 -1.864286e+00
     vertex  2.955840e+00 -9.326236e-01 -1.864286e+00
     vertex  2.839818e+00 -8.251619e-01 -3.107143e+00
   endloop
 endfacet
 facet normal  3.832697e-01  9.214942e-01  6.287082e-02
   outer loop
     vertex  2.664513e+00 -8.323583e-01 -1.864286e+00
     vertex  2.686927e+00 -7.568843e-01 -3.107143e+00
     vertex  2.401403e+00 -6.381285e-01 -3.107143e+00
   endloop
 endfacet
 facet normal  4.325072e-01  8.994671e-01  6.242115e-02
   outer loop
     vertex  2.664513e+00 -8.323583e-01 -1.864286e+00
     vertex  2.815418e+00 -9.049205e-01 -1.864286e+00
     vertex  2.686927e+00 -7.568843e-01 -3.107143e+00
   endloop
 endfacet
 facet normal  4.092797e-01  9.107085e-01  5.567899e-02
   outer loop
     vertex  2.382451e+00 -7.055976e-01 -1.864286e+00
     vertex  2.664513e+00 -8.323583e-01 -1.864286e+00
     vertex  2.401403e+00 -6.381285e-01 -3.107143e+00
   endloop
 endfacet
 facet normal  8.035692e-01  5.905025e-01  7.472161e-02
   outer loop
     vertex  3.448649e+00 -1.595876e+00 -6.214286e-01
     vertex  3.492283e+00 -1.497985e+00 -1.864286e+00
     vertex  3.303942e+00 -1.241686e+00 -1.864286e+00
   endloop
 endfacet
 facet normal  8.203902e-01  5.679434e-01  6.633423e-02
   outer loop
     vertex  3.267611e+00 -1.334368e+00 -6.214286e-01
     vertex  3.448649e+00 -1.595876e+00 -6.214286e-01
     vertex  3.303942e+00 -1.241686e+00 -1.864286e+00
   endloop
 endfacet
 facet normal  7.335162e-01  6.763515e-01  6.710250e-02
   outer loop
     vertex  3.129027e+00 -1.175293e+00 -6.214286e-01
     vertex  3.303942e+00 -1.241686e+00 -1.864286e+00
     vertex  3.160927e+00 -1.086583e+00 -1.864286e+00
   endloop
 endfacet
 facet normal  7.521033e-01  6.552262e-01  7.084688e-02
   outer loop
     vertex  3.129027e+00 -1.175293e+00 -6.214286e-01
     vertex  3.267611e+00 -1.334368e+00 -6.214286e-01
     vertex  3.303942e+00 -1.241686e+00 -1.864286e+00
   endloop
 endfacet
 facet normal  7.074434e-01  7.037720e-01  6.502903e-02
   outer loop
     vertex  3.027336e+00 -1.067136e+00 -6.214286e-01
     vertex  3.160927e+00 -1.086583e+00 -1.864286e+00
     vertex  3.056227e+00 -9.813366e-01 -1.864286e+00
   endloop
 endfacet
 facet normal  7.268929e-01  6.834317e-01  6.743786e-02
   outer loop
     vertex  3.027336e+00 -1.067136e+00 -6.214286e-01
     vertex  3.129027e+00 -1.175293e+00 -6.214286e-01
     vertex  3.160927e+00 -1.086583e+00 -1.864286e+00
   endloop
 endfacet
 facet normal  5.430378e-01  8.368625e-01  6.907336e-02
   outer loop
     vertex  2.979269e+00 -1.033983e+00 -6.214286e-01
     vertex  3.056227e+00 -9.813366e-01 -1.864286e+00
     vertex  3.007244e+00 -9.495520e-01 -1.864286e+00
   endloop
 endfacet
 facet normal  5.663916e-01  8.211704e-01  6.985472e-02
   outer loop
     vertex  2.979269e+00 -1.033983e+00 -6.214286e-01
     vertex  3.027336e+00 -1.067136e+00 -6.214286e-01
     vertex  3.056227e+00 -9.813366e-01 -1.864286e+00
   endloop
 endfacet
 facet normal  3.120241e-01  9.474799e-01  7.016317e-02
   outer loop
     vertex  2.928363e+00 -1.015611e+00 -6.214286e-01
     vertex  3.007244e+00 -9.495520e-01 -1.864286e+00
     vertex  2.955840e+00 -9.326236e-01 -1.864286e+00
   endloop
 endfacet
 facet normal  3.385915e-01  9.382238e-01  7.135736e-02
   outer loop
     vertex  2.928363e+00 -1.015611e+00 -6.214286e-01
     vertex  2.979269e+00 -1.033983e+00 -6.214286e-01
     vertex  3.007244e+00 -9.495520e-01 -1.864286e+00
   endloop
 endfacet
 facet normal  1.931261e-01  9.789250e-01  6.639369e-02
   outer loop
     vertex  2.788778e+00 -9.839592e-01 -6.214286e-01
     vertex  2.955840e+00 -9.326236e-01 -1.864286e+00
     vertex  2.815418e+00 -9.049205e-01 -1.864286e+00
   endloop
 endfacet
 facet normal  2.206044e-01  9.728600e-01  6.983675e-02
   outer loop
     vertex  2.788778e+00 -9.839592e-01 -6.214286e-01
     vertex  2.928363e+00 -1.015611e+00 -6.214286e-01
     vertex  2.955840e+00 -9.326236e-01 -1.864286e+00
   endloop
 endfacet
 facet normal  4.325003e-01  8.994526e-01  6.267855e-02
   outer loop
     vertex  2.639980e+00 -9.071702e-01 -6.214286e-01
     vertex  2.815418e+00 -9.049205e-01 -1.864286e+00
     vertex  2.664513e+00 -8.323583e-01 -1.864286e+00
   endloop
 endfacet
 facet normal  4.575899e-01  8.866958e-01  6.619703e-02
   outer loop
     vertex  2.639980e+00 -9.071702e-01 -6.214286e-01
     vertex  2.788778e+00 -9.839592e-01 -6.214286e-01
     vertex  2.815418e+00 -9.049205e-01 -1.864286e+00
   endloop
 endfacet
 facet normal  4.092748e-01  9.106977e-01  5.589113e-02
   outer loop
     vertex  2.361605e+00 -7.725054e-01 -6.214286e-01
     vertex  2.664513e+00 -8.323583e-01 -1.864286e+00
     vertex  2.382451e+00 -7.055976e-01 -1.864286e+00
   endloop
 endfacet
 facet normal  4.346200e-01  8.984316e-01  6.265893e-02
   outer loop
     vertex  2.361605e+00 -7.725054e-01 -6.214286e-01
     vertex  2.639980e+00 -9.071702e-01 -6.214286e-01
     vertex  2.664513e+00 -8.323583e-01 -1.864286e+00
   endloop
 endfacet
 facet normal  8.356599e-01  5.443073e-01  7.349833e-02
   outer loop
     vertex  3.228680e+00 -1.425988e+00  6.214286e-01
     vertex  3.402271e+00 -1.692498e+00  6.214286e-01
     vertex  3.448649e+00 -1.595876e+00 -6.214286e-01
   endloop
 endfacet
 facet normal  8.203226e-01  5.678966e-01  6.755937e-02
   outer loop
     vertex  3.228680e+00 -1.425988e+00  6.214286e-01
     vertex  3.448649e+00 -1.595876e+00 -6.214286e-01
     vertex  3.267611e+00 -1.334368e+00 -6.214286e-01
   endloop
 endfacet
 facet normal  7.522985e-01  6.553963e-01  6.710250e-02
   outer loop
     vertex  3.094637e+00 -1.263069e+00  6.214286e-01
     vertex  3.267611e+00 -1.334368e+00 -6.214286e-01
     vertex  3.129027e+00 -1.175293e+00 -6.214286e-01
   endloop
 endfacet
 facet normal  7.702824e-01  6.337553e-01  7.084688e-02
   outer loop
     vertex  3.094637e+00 -1.263069e+00  6.214286e-01
     vertex  3.228680e+00 -1.425988e+00  6.214286e-01
     vertex  3.267611e+00 -1.334368e+00 -6.214286e-01
   endloop
 endfacet
 facet normal  7.270094e-01  6.835412e-01  6.502903e-02
   outer loop
     vertex  2.996037e+00 -1.152087e+00  6.214286e-01
     vertex  3.129027e+00 -1.175293e+00 -6.214286e-01
     vertex  3.027336e+00 -1.067136e+00 -6.214286e-01
   endloop
 endfacet
 facet normal  5.663703e-01  8.211395e-01  7.038865e-02
   outer loop
     vertex  2.996037e+00 -1.152087e+00  6.214286e-01
     vertex  3.027336e+00 -1.067136e+00 -6.214286e-01
     vertex  2.979269e+00 -1.033983e+00 -6.214286e-01
   endloop
 endfacet
 facet normal  7.458775e-01  6.626605e-01  6.743786e-02
   outer loop
     vertex  2.996037e+00 -1.152087e+00  6.214286e-01
     vertex  3.094637e+00 -1.263069e+00  6.214286e-01
     vertex  3.129027e+00 -1.175293e+00 -6.214286e-01
   endloop
 endfacet
 facet normal  3.385909e-01  9.382222e-01  7.138197e-02
   outer loop
     vertex  2.948925e+00 -1.117591e+00  6.214286e-01
     vertex  2.979269e+00 -1.033983e+00 -6.214286e-01
     vertex  2.928363e+00 -1.015611e+00 -6.214286e-01
   endloop
 endfacet
 facet normal  5.893784e-01  8.049444e-01  6.853928e-02
   outer loop
     vertex  2.948925e+00 -1.117591e+00  6.214286e-01
     vertex  2.996037e+00 -1.152087e+00  6.214286e-01
     vertex  2.979269e+00 -1.033983e+00 -6.214286e-01
   endloop
 endfacet
 facet normal  2.206078e-01  9.728748e-01  6.961889e-02
   outer loop
     vertex  2.898557e+00 -1.097791e+00  6.214286e-01
     vertex  2.928363e+00 -1.015611e+00 -6.214286e-01
     vertex  2.788778e+00 -9.839592e-01 -6.214286e-01
   endloop
 endfacet
 facet normal  3.649477e-01  9.283823e-01  7.013855e-02
   outer loop
     vertex  2.898557e+00 -1.097791e+00  6.214286e-01
     vertex  2.948925e+00 -1.117591e+00  6.214286e-01
     vertex  2.928363e+00 -1.015611e+00 -6.214286e-01
   endloop
 endfacet
 facet normal  4.575820e-01  8.866806e-01  6.645424e-02
   outer loop
     vertex  2.759920e+00 -1.062215e+00  6.214286e-01
     vertex  2.788778e+00 -9.839592e-01 -6.214286e-01
     vertex  2.639980e+00 -9.071702e-01 -6.214286e-01
   endloop
 endfacet
 facet normal  2.480075e-01  9.664653e-01  6.661168e-02
   outer loop
     vertex  2.759920e+00 -1.062215e+00  6.214286e-01
     vertex  2.898557e+00 -1.097791e+00  6.214286e-01
     vertex  2.788778e+00 -9.839592e-01 -6.214286e-01
   endloop
 endfacet
 facet normal  4.346142e-01  8.984196e-01  6.287082e-02
   outer loop
     vertex  2.613346e+00 -9.812605e-01  6.214286e-01
     vertex  2.639980e+00 -9.071702e-01 -6.214286e-01
     vertex  2.361605e+00 -7.725054e-01 -6.214286e-01
   endloop
 endfacet
 facet normal  4.825316e-01  8.736515e-01  6.242115e-02
   outer loop
     vertex  2.613346e+00 -9.812605e-01  6.214286e-01
     vertex  2.759920e+00 -1.062215e+00  6.214286e-01
     vertex  2.639980e+00 -9.071702e-01 -6.214286e-01
   endloop
 endfacet
 facet normal  4.599747e-01  8.861846e-01  5.567899e-02
   outer loop
     vertex  2.338880e+00 -8.387986e-01  6.214286e-01
     vertex  2.613346e+00 -9.812605e-01  6.214286e-01
     vertex  2.361605e+00 -7.725054e-01 -6.214286e-01
   endloop
 endfacet
 facet normal  8.355838e-01  5.442577e-01  7.472161e-02
   outer loop
     vertex  3.353187e+00 -1.787774e+00  1.864286e+00
     vertex  3.402271e+00 -1.692498e+00  6.214286e-01
     vertex  3.228680e+00 -1.425988e+00  6.214286e-01
   endloop
 endfacet
 facet normal  7.702267e-01  6.337094e-01  7.185503e-02
   outer loop
     vertex  3.187181e+00 -1.516474e+00  1.864286e+00
     vertex  3.228680e+00 -1.425988e+00  6.214286e-01
     vertex  3.094637e+00 -1.263069e+00  6.214286e-01
   endloop
 endfacet
 facet normal  8.511061e-01  5.207861e-01  6.633423e-02
   outer loop
     vertex  3.187181e+00 -1.516474e+00  1.864286e+00
     vertex  3.353187e+00 -1.787774e+00  1.864286e+00
     vertex  3.228680e+00 -1.425988e+00  6.214286e-01
   endloop
 endfacet
 facet normal  7.458298e-01  6.626181e-01  6.837513e-02
   outer loop
     vertex  3.057786e+00 -1.349840e+00  1.864286e+00
     vertex  3.094637e+00 -1.263069e+00  6.214286e-01
     vertex  2.996037e+00 -1.152087e+00  6.214286e-01
   endloop
 endfacet
 facet normal  7.881065e-01  6.119802e-01  6.609334e-02
   outer loop
     vertex  3.057786e+00 -1.349840e+00  1.864286e+00
     vertex  3.187181e+00 -1.516474e+00  1.864286e+00
     vertex  3.094637e+00 -1.263069e+00  6.214286e-01
   endloop
 endfacet
 facet normal  5.893023e-01  8.048405e-01  7.038865e-02
   outer loop
     vertex  2.962355e+00 -1.236121e+00  1.864286e+00
     vertex  2.996037e+00 -1.152087e+00  6.214286e-01
     vertex  2.948925e+00 -1.117591e+00  6.214286e-01
   endloop
 endfacet
 facet normal  7.644377e-01  6.415039e-01  6.409112e-02
   outer loop
     vertex  2.962355e+00 -1.236121e+00  1.864286e+00
     vertex  3.057786e+00 -1.349840e+00  1.864286e+00
     vertex  2.996037e+00 -1.152087e+00  6.214286e-01
   endloop
 endfacet
 facet normal  6.118445e-01  7.880029e-01  6.853928e-02
   outer loop
     vertex  2.916234e+00 -1.200310e+00  1.864286e+00
     vertex  2.962355e+00 -1.236121e+00  1.864286e+00
     vertex  2.948925e+00 -1.117591e+00  6.214286e-01
   endloop
 endfacet
 facet normal  3.649470e-01  9.283807e-01  7.016317e-02
   outer loop
     vertex  2.866445e+00 -1.179098e+00  1.864286e+00
     vertex  2.948925e+00 -1.117591e+00  6.214286e-01
     vertex  2.898557e+00 -1.097791e+00  6.214286e-01
   endloop
 endfacet
 facet normal  3.909503e-01  9.176415e-01  7.135736e-02
   outer loop
     vertex  2.866445e+00 -1.179098e+00  1.864286e+00
     vertex  2.916234e+00 -1.200310e+00  1.864286e+00
     vertex  2.948925e+00 -1.117591e+00  6.214286e-01
   endloop
 endfacet
 facet normal  2.480111e-01  9.664794e-01  6.639369e-02
   outer loop
     vertex  2.728866e+00 -1.139626e+00  1.864286e+00
     vertex  2.898557e+00 -1.097791e+00  6.214286e-01
     vertex  2.759920e+00 -1.062215e+00  6.214286e-01
   endloop
 endfacet
 facet normal  2.751037e-01  9.588748e-01  6.983675e-02
   outer loop
     vertex  2.728866e+00 -1.139626e+00  1.864286e+00
     vertex  2.866445e+00 -1.179098e+00  1.864286e+00
     vertex  2.898557e+00 -1.097791e+00  6.214286e-01
   endloop
 endfacet
 facet normal  4.825238e-01  8.736374e-01  6.267855e-02
   outer loop
     vertex  2.584634e+00 -1.054570e+00  1.864286e+00
     vertex  2.759920e+00 -1.062215e+00  6.214286e-01
     vertex  2.613346e+00 -9.812605e-01  6.214286e-01
   endloop
 endfacet
 facet normal  5.068542e-01  8.594863e-01  6.619703e-02
   outer loop
     vertex  2.584634e+00 -1.054570e+00  1.864286e+00
     vertex  2.728866e+00 -1.139626e+00  1.864286e+00
     vertex  2.759920e+00 -1.062215e+00  6.214286e-01
   endloop
 endfacet
 facet normal  4.599693e-01  8.861740e-01  5.589113e-02
   outer loop
     vertex  2.314294e+00 -9.044247e-01  1.864286e+00
     vertex  2.613346e+00 -9.812605e-01  6.214286e-01
     vertex  2.338880e+00 -8.387986e-01  6.214286e-01
   endloop
 endfacet
 facet normal  4.845826e-01  8.724985e-01  6.265893e-02
   outer loop
     vertex  2.314294e+00 -9.044247e-01  1.864286e+00
     vertex  2.584634e+00 -1.054570e+00  1.864286e+00
     vertex  2.613346e+00 -9.812605e-01  6.214286e-01
   endloop
 endfacet
 facet normal  7.197878e-01 -6.941815e-01 -4.195647e-03
   outer loop
     vertex  1.889322e+00 -1.613817e+00  3.107143e+00
     vertex  1.628899e+00 -1.876335e+00  1.864286e+00
     vertex  1.934082e+00 -1.559894e+00  1.864286e+00
   endloop
 endfacet
 facet normal  6.999246e-01 -7.142044e-01  4.195647e-03
   outer loop
     vertex  1.889322e+00 -1.613817e+00  3.107143e+00
     vertex  1.575336e+00 -1.921525e+00  3.107143e+00
     vertex  1.628899e+00 -1.876335e+00  1.864286e+00
   endloop
 endfacet
 facet normal  9.950467e-01  6.556552e-02  7.472161e-02
   outer loop
     vertex  2.048841e+00 -3.200352e+00  3.107143e+00
     vertex  2.138280e+00 -3.141299e+00  1.864286e+00
     vertex  2.117368e+00 -2.823928e+00  1.864286e+00
   endloop
 endfacet
 facet normal  9.818429e-01  1.755601e-01  7.185503e-02
   outer loop
     vertex  2.036887e+00 -2.882518e+00  3.107143e+00
     vertex  2.117368e+00 -2.823928e+00  1.864286e+00
     vertex  2.080233e+00 -2.616248e+00  1.864286e+00
   endloop
 endfacet
 facet normal  9.970925e-01  3.750003e-02  6.633423e-02
   outer loop
     vertex  2.036887e+00 -2.882518e+00  3.107143e+00
     vertex  2.048841e+00 -3.200352e+00  3.107143e+00
     vertex  2.117368e+00 -2.823928e+00  1.864286e+00
   endloop
 endfacet
 facet normal  9.747199e-01  2.127109e-01  6.837513e-02
   outer loop
     vertex  2.005624e+00 -2.673872e+00  3.107143e+00
     vertex  2.080233e+00 -2.616248e+00  1.864286e+00
     vertex  2.048581e+00 -2.471206e+00  1.864286e+00
   endloop
 endfacet
 facet normal  9.867974e-01  1.478600e-01  6.609334e-02
   outer loop
     vertex  2.005624e+00 -2.673872e+00  3.107143e+00
     vertex  2.036887e+00 -2.882518e+00  3.107143e+00
     vertex  2.080233e+00 -2.616248e+00  1.864286e+00
   endloop
 endfacet
 facet normal  9.806104e-01  1.851906e-01  6.409112e-02
   outer loop
     vertex  1.978075e+00 -2.527996e+00  3.107143e+00
     vertex  2.005624e+00 -2.673872e+00  3.107143e+00
     vertex  2.048581e+00 -2.471206e+00  1.864286e+00
   endloop
 endfacet
 facet normal  9.079311e-01  4.133884e-01  6.907336e-02
   outer loop
     vertex  1.955387e+00 -2.474192e+00  3.107143e+00
     vertex  2.048581e+00 -2.471206e+00  1.864286e+00
     vertex  2.024385e+00 -2.418064e+00  1.864286e+00
   endloop
 endfacet
 facet normal  9.191780e-01  3.875979e-01  6.985472e-02
   outer loop
     vertex  1.955387e+00 -2.474192e+00  3.107143e+00
     vertex  1.978075e+00 -2.527996e+00  3.107143e+00
     vertex  2.048581e+00 -2.471206e+00  1.864286e+00
   endloop
 endfacet
 facet normal  7.726842e-01  6.309011e-01  7.016317e-02
   outer loop
     vertex  1.922355e+00 -2.431323e+00  3.107143e+00
     vertex  2.024385e+00 -2.418064e+00  1.864286e+00
     vertex  1.990157e+00 -2.376143e+00  1.864286e+00
   endloop
 endfacet
 facet normal  7.901021e-01  6.088077e-01  7.135736e-02
   outer loop
     vertex  1.922355e+00 -2.431323e+00  3.107143e+00
     vertex  1.955387e+00 -2.474192e+00  3.107143e+00
     vertex  2.024385e+00 -2.418064e+00  1.864286e+00
   endloop
 endfacet
 facet normal  6.893659e-01  7.213643e-01  6.639369e-02
   outer loop
     vertex  1.821708e+00 -2.329557e+00  3.107143e+00
     vertex  1.990157e+00 -2.376143e+00  1.864286e+00
     vertex  1.886680e+00 -2.277256e+00  1.864286e+00
   endloop
 endfacet
 facet normal  7.092681e-01  7.014710e-01  6.983675e-02
   outer loop
     vertex  1.821708e+00 -2.329557e+00  3.107143e+00
     vertex  1.922355e+00 -2.431323e+00  3.107143e+00
     vertex  1.990157e+00 -2.376143e+00  1.864286e+00
   endloop
 endfacet
 facet normal  8.484135e-01  5.256101e-01  6.267855e-02
   outer loop
     vertex  1.737573e+00 -2.184786e+00  3.107143e+00
     vertex  1.886680e+00 -2.277256e+00  1.864286e+00
     vertex  1.798496e+00 -2.134915e+00  1.864286e+00
   endloop
 endfacet
 facet normal  8.627025e-01  5.013605e-01  6.619703e-02
   outer loop
     vertex  1.737573e+00 -2.184786e+00  3.107143e+00
     vertex  1.821708e+00 -2.329557e+00  3.107143e+00
     vertex  1.886680e+00 -2.277256e+00  1.864286e+00
   endloop
 endfacet
 facet normal  8.348828e-01  5.475827e-01  5.589113e-02
   outer loop
     vertex  1.575336e+00 -1.921525e+00  3.107143e+00
     vertex  1.798496e+00 -2.134915e+00  1.864286e+00
     vertex  1.628899e+00 -1.876335e+00  1.864286e+00
   endloop
 endfacet
 facet normal  8.496513e-01  5.236092e-01  6.265893e-02
   outer loop
     vertex  1.575336e+00 -1.921525e+00  3.107143e+00
     vertex  1.737573e+00 -2.184786e+00  3.107143e+00
     vertex  1.798496e+00 -2.134915e+00  1.864286e+00
   endloop
 endfacet
 facet normal -8.637800e-01 -5.007678e-01 -5.581804e-02
   outer loop
     vertex  1.158511e+00 -2.713328e+00  3.107143e+00
     vertex  9.229329e-01 -2.306976e+00  3.107143e+00
     vertex  9.876257e-01 -2.280030e+00  1.864286e+00
   endloop
 endfacet
 facet normal -8.487750e-01 -5.245952e-01 -6.618810e-02
   outer loop
     vertex  1.158511e+00 -2.713328e+00  3.107143e+00
     vertex  9.876257e-01 -2.280030e+00  1.864286e+00
     vertex  1.234570e+00 -2.679577e+00  1.864286e+00
   endloop
 endfacet
 facet normal -9.234383e-01 -3.776691e-01 -6.802742e-02
   outer loop
     vertex  1.178120e+00 -2.765420e+00  3.107143e+00
     vertex  1.234570e+00 -2.679577e+00  1.864286e+00
     vertex  1.255640e+00 -2.731096e+00  1.864286e+00
   endloop
 endfacet
 facet normal -9.338062e-01 -3.515085e-01 -6.669142e-02
   outer loop
     vertex  1.178120e+00 -2.765420e+00  3.107143e+00
     vertex  1.158511e+00 -2.713328e+00  3.107143e+00
     vertex  1.234570e+00 -2.679577e+00  1.864286e+00
   endloop
 endfacet
 facet normal -9.525848e-01 -2.960501e-01 -7.026067e-02
   outer loop
     vertex  1.209931e+00 -2.878984e+00  3.107143e+00
     vertex  1.255640e+00 -2.731096e+00  1.864286e+00
     vertex  1.290642e+00 -2.843717e+00  1.864286e+00
   endloop
 endfacet
 facet normal -9.607478e-01 -2.691222e-01 -6.735671e-02
   outer loop
     vertex  1.209931e+00 -2.878984e+00  3.107143e+00
     vertex  1.178120e+00 -2.765420e+00  3.107143e+00
     vertex  1.255640e+00 -2.731096e+00  1.864286e+00
   endloop
 endfacet
 facet normal -8.604226e-01 -5.045755e-01 -7.125022e-02
   outer loop
     vertex  1.232420e+00 -2.919937e+00  3.107143e+00
     vertex  1.290642e+00 -2.843717e+00  1.864286e+00
     vertex  1.314276e+00 -2.884020e+00  1.864286e+00
   endloop
 endfacet
 facet normal -8.743627e-01 -4.801386e-01 -7.040461e-02
   outer loop
     vertex  1.232420e+00 -2.919937e+00  3.107143e+00
     vertex  1.209931e+00 -2.878984e+00  3.107143e+00
     vertex  1.290642e+00 -2.843717e+00  1.864286e+00
   endloop
 endfacet
 facet normal -7.235081e-01 -6.868706e-01 -6.888334e-02
   outer loop
     vertex  1.273198e+00 -2.965392e+00  3.107143e+00
     vertex  1.314276e+00 -2.884020e+00  1.864286e+00
     vertex  1.356320e+00 -2.928306e+00  1.864286e+00
   endloop
 endfacet
 facet normal -7.426278e-01 -6.662264e-01 -6.816366e-02
   outer loop
     vertex  1.273198e+00 -2.965392e+00  3.107143e+00
     vertex  1.232420e+00 -2.919937e+00  3.107143e+00
     vertex  1.314276e+00 -2.884020e+00  1.864286e+00
   endloop
 endfacet
 facet normal -6.019466e-01 -7.955877e-01 -6.855957e-02
   outer loop
     vertex  1.430422e+00 -3.091475e+00  3.107143e+00
     vertex  1.356320e+00 -2.928306e+00  1.864286e+00
     vertex  1.517037e+00 -3.049906e+00  1.864286e+00
   endloop
 endfacet
 facet normal -6.242937e-01 -7.784824e-01 -6.498151e-02
   outer loop
     vertex  1.430422e+00 -3.091475e+00  3.107143e+00
     vertex  1.273198e+00 -2.965392e+00  3.107143e+00
     vertex  1.356320e+00 -2.928306e+00  1.864286e+00
   endloop
 endfacet
 facet normal -5.550062e-01 -8.287628e-01 -7.155648e-02
   outer loop
     vertex  1.616153e+00 -3.223592e+00  3.107143e+00
     vertex  1.517037e+00 -3.049906e+00  1.864286e+00
     vertex  1.706420e+00 -3.176732e+00  1.864286e+00
   endloop
 endfacet
 facet normal -5.783218e-01 -8.130118e-01 -6.749593e-02
   outer loop
     vertex  1.616153e+00 -3.223592e+00  3.107143e+00
     vertex  1.430422e+00 -3.091475e+00  3.107143e+00
     vertex  1.517037e+00 -3.049906e+00  1.864286e+00
   endloop
 endfacet
 facet normal -4.761330e-01 -8.763535e-01 -7.281432e-02
   outer loop
     vertex  1.814575e+00 -3.338760e+00  3.107143e+00
     vertex  1.706420e+00 -3.176732e+00  1.864286e+00
     vertex  1.908011e+00 -3.286258e+00  1.864286e+00
   endloop
 endfacet
 facet normal -5.007975e-01 -8.628176e-01 -6.890335e-02
   outer loop
     vertex  1.814575e+00 -3.338760e+00  3.107143e+00
     vertex  1.616153e+00 -3.223592e+00  3.107143e+00
     vertex  1.706420e+00 -3.176732e+00  1.864286e+00
   endloop
 endfacet
 facet normal -8.341833e-01 -5.486785e-01 -5.558959e-02
   outer loop
     vertex  9.876257e-01 -2.280030e+00  1.864286e+00
     vertex  1.051533e+00 -2.251271e+00  6.214286e-01
     vertex  1.309647e+00 -2.643695e+00  6.214286e-01
   endloop
 endfacet
 facet normal -9.124977e-01 -4.035954e-01 -6.677302e-02
   outer loop
     vertex  1.234570e+00 -2.679577e+00  1.864286e+00
     vertex  1.309647e+00 -2.643695e+00  6.214286e-01
     vertex  1.332162e+00 -2.694599e+00  6.214286e-01
   endloop
 endfacet
 facet normal -8.487621e-01 -5.245872e-01 -6.641611e-02
   outer loop
     vertex  1.234570e+00 -2.679577e+00  1.864286e+00
     vertex  9.876257e-01 -2.280030e+00  1.864286e+00
     vertex  1.309647e+00 -2.643695e+00  6.214286e-01
   endloop
 endfacet
 facet normal -9.440306e-01 -3.228560e-01 -6.760369e-02
   outer loop
     vertex  1.255640e+00 -2.731096e+00  1.864286e+00
     vertex  1.332162e+00 -2.694599e+00  6.214286e-01
     vertex  1.370325e+00 -2.806188e+00  6.214286e-01
   endloop
 endfacet
 facet normal -9.234434e-01 -3.776712e-01 -6.794584e-02
   outer loop
     vertex  1.255640e+00 -2.731096e+00  1.864286e+00
     vertex  1.234570e+00 -2.679577e+00  1.864286e+00
     vertex  1.332162e+00 -2.694599e+00  6.214286e-01
   endloop
 endfacet
 facet normal -8.459139e-01 -5.286795e-01 -7.019801e-02
   outer loop
     vertex  1.290642e+00 -2.843717e+00  1.864286e+00
     vertex  1.370325e+00 -2.806188e+00  6.214286e-01
     vertex  1.395087e+00 -2.845808e+00  6.214286e-01
   endloop
 endfacet
 facet normal -9.526014e-01 -2.960553e-01 -7.001383e-02
   outer loop
     vertex  1.290642e+00 -2.843717e+00  1.864286e+00
     vertex  1.255640e+00 -2.731096e+00  1.864286e+00
     vertex  1.370325e+00 -2.806188e+00  6.214286e-01
   endloop
 endfacet
 facet normal -7.039160e-01 -7.070679e-01 -6.750737e-02
   outer loop
     vertex  1.314276e+00 -2.884020e+00  1.864286e+00
     vertex  1.395087e+00 -2.845808e+00  6.214286e-01
     vertex  1.438363e+00 -2.888892e+00  6.214286e-01
   endloop
 endfacet
 facet normal -8.604098e-01 -5.045680e-01 -7.145677e-02
   outer loop
     vertex  1.314276e+00 -2.884020e+00  1.864286e+00
     vertex  1.290642e+00 -2.843717e+00  1.864286e+00
     vertex  1.395087e+00 -2.845808e+00  6.214286e-01
   endloop
 endfacet
 facet normal -5.794458e-01 -8.124928e-01 -6.401671e-02
   outer loop
     vertex  1.356320e+00 -2.928306e+00  1.864286e+00
     vertex  1.438363e+00 -2.888892e+00  6.214286e-01
     vertex  1.602445e+00 -3.005910e+00  6.214286e-01
   endloop
 endfacet
 facet normal -7.234751e-01 -6.868392e-01 -6.953944e-02
   outer loop
     vertex  1.356320e+00 -2.928306e+00  1.864286e+00
     vertex  1.314276e+00 -2.884020e+00  1.864286e+00
     vertex  1.438363e+00 -2.888892e+00  6.214286e-01
   endloop
 endfacet
 facet normal -5.316024e-01 -8.443856e-01 -6.642152e-02
   outer loop
     vertex  1.517037e+00 -3.049906e+00  1.864286e+00
     vertex  1.602445e+00 -3.005910e+00  6.214286e-01
     vertex  1.795330e+00 -3.127345e+00  6.214286e-01
   endloop
 endfacet
 facet normal -6.019064e-01 -7.955345e-01 -6.952349e-02
   outer loop
     vertex  1.517037e+00 -3.049906e+00  1.864286e+00
     vertex  1.356320e+00 -2.928306e+00  1.864286e+00
     vertex  1.602445e+00 -3.005910e+00  6.214286e-01
   endloop
 endfacet
 facet normal -4.513938e-01 -8.897570e-01 -6.764702e-02
   outer loop
     vertex  1.706420e+00 -3.176732e+00  1.864286e+00
     vertex  1.795330e+00 -3.127345e+00  6.214286e-01
     vertex  1.999929e+00 -3.231143e+00  6.214286e-01
   endloop
 endfacet
 facet normal -5.549631e-01 -8.286983e-01 -7.262973e-02
   outer loop
     vertex  1.706420e+00 -3.176732e+00  1.864286e+00
     vertex  1.517037e+00 -3.049906e+00  1.864286e+00
     vertex  1.795330e+00 -3.127345e+00  6.214286e-01
   endloop
 endfacet
 facet normal -4.760889e-01 -8.762723e-01 -7.406926e-02
   outer loop
     vertex  1.908011e+00 -3.286258e+00  1.864286e+00
     vertex  1.706420e+00 -3.176732e+00  1.864286e+00
     vertex  1.999929e+00 -3.231143e+00  6.214286e-01
   endloop
 endfacet
 facet normal -8.183780e-01 -5.719854e-01 -5.558959e-02
   outer loop
     vertex  1.051533e+00 -2.251271e+00  6.214286e-01
     vertex  1.114604e+00 -2.220721e+00 -6.214286e-01
     vertex  1.383682e+00 -2.605709e+00 -6.214286e-01
   endloop
 endfacet
 facet normal -9.007528e-01 -4.291686e-01 -6.677302e-02
   outer loop
     vertex  1.309647e+00 -2.643695e+00  6.214286e-01
     vertex  1.383682e+00 -2.605709e+00 -6.214286e-01
     vertex  1.407623e+00 -2.655958e+00 -6.214286e-01
   endloop
 endfacet
 facet normal -8.336304e-01 -5.483149e-01 -6.641611e-02
   outer loop
     vertex  1.309647e+00 -2.643695e+00  6.214286e-01
     vertex  1.051533e+00 -2.251271e+00  6.214286e-01
     vertex  1.383682e+00 -2.605709e+00 -6.214286e-01
   endloop
 endfacet
 facet normal -9.345501e-01 -3.493506e-01 -6.760369e-02
   outer loop
     vertex  1.332162e+00 -2.694599e+00  6.214286e-01
     vertex  1.407623e+00 -2.655958e+00 -6.214286e-01
     vertex  1.448918e+00 -2.766427e+00 -6.214286e-01
   endloop
 endfacet
 facet normal -9.124253e-01 -4.035634e-01 -6.794584e-02
   outer loop
     vertex  1.332162e+00 -2.694599e+00  6.214286e-01
     vertex  1.309647e+00 -2.643695e+00  6.214286e-01
     vertex  1.407623e+00 -2.655958e+00 -6.214286e-01
   endloop
 endfacet
 facet normal -8.306679e-01 -5.523251e-01 -7.019801e-02
   outer loop
     vertex  1.370325e+00 -2.806188e+00  6.214286e-01
     vertex  1.448918e+00 -2.766427e+00 -6.214286e-01
     vertex  1.474788e+00 -2.805333e+00 -6.214286e-01
   endloop
 endfacet
 facet normal -9.438733e-01 -3.228022e-01 -7.001383e-02
   outer loop
     vertex  1.370325e+00 -2.806188e+00  6.214286e-01
     vertex  1.332162e+00 -2.694599e+00  6.214286e-01
     vertex  1.448918e+00 -2.766427e+00 -6.214286e-01
   endloop
 endfacet
 facet normal -6.836957e-01 -7.266381e-01 -6.750737e-02
   outer loop
     vertex  1.395087e+00 -2.845808e+00  6.214286e-01
     vertex  1.474788e+00 -2.805333e+00 -6.214286e-01
     vertex  1.519262e+00 -2.847179e+00 -6.214286e-01
   endloop
 endfacet
 facet normal -8.458381e-01 -5.286321e-01 -7.145677e-02
   outer loop
     vertex  1.395087e+00 -2.845808e+00  6.214286e-01
     vertex  1.370325e+00 -2.806188e+00  6.214286e-01
     vertex  1.474788e+00 -2.805333e+00 -6.214286e-01
   endloop
 endfacet
 facet normal -5.563019e-01 -8.285108e-01 -6.401671e-02
   outer loop
     vertex  1.438363e+00 -2.888892e+00  6.214286e-01
     vertex  1.519262e+00 -2.847179e+00 -6.214286e-01
     vertex  1.686579e+00 -2.959523e+00 -6.214286e-01
   endloop
 endfacet
 facet normal -7.038175e-01 -7.069690e-01 -6.953944e-02
   outer loop
     vertex  1.438363e+00 -2.888892e+00  6.214286e-01
     vertex  1.395087e+00 -2.845808e+00  6.214286e-01
     vertex  1.519262e+00 -2.847179e+00 -6.214286e-01
   endloop
 endfacet
 facet normal -5.075781e-01 -8.590417e-01 -6.642152e-02
   outer loop
     vertex  1.602445e+00 -3.005910e+00  6.214286e-01
     vertex  1.686579e+00 -2.959523e+00 -6.214286e-01
     vertex  1.882811e+00 -3.075470e+00 -6.214286e-01
   endloop
 endfacet
 facet normal -5.792318e-01 -8.121927e-01 -6.952349e-02
   outer loop
     vertex  1.602445e+00 -3.005910e+00  6.214286e-01
     vertex  1.438363e+00 -2.888892e+00  6.214286e-01
     vertex  1.686579e+00 -2.959523e+00 -6.214286e-01
   endloop
 endfacet
 facet normal -4.261219e-01 -9.021330e-01 -6.764702e-02
   outer loop
     vertex  1.795330e+00 -3.127345e+00  6.214286e-01
     vertex  1.882811e+00 -3.075470e+00 -6.214286e-01
     vertex  2.090256e+00 -3.173457e+00 -6.214286e-01
   endloop
 endfacet
 facet normal -5.313719e-01 -8.440195e-01 -7.262973e-02
   outer loop
     vertex  1.795330e+00 -3.127345e+00  6.214286e-01
     vertex  1.602445e+00 -3.005910e+00  6.214286e-01
     vertex  1.882811e+00 -3.075470e+00 -6.214286e-01
   endloop
 endfacet
 facet normal -4.511874e-01 -8.893501e-01 -7.406926e-02
   outer loop
     vertex  1.999929e+00 -3.231143e+00  6.214286e-01
     vertex  1.795330e+00 -3.127345e+00  6.214286e-01
     vertex  2.090256e+00 -3.173457e+00 -6.214286e-01
   endloop
 endfacet
 facet normal -8.019217e-01 -5.948373e-01 -5.558959e-02
   outer loop
     vertex  1.114604e+00 -2.220721e+00 -6.214286e-01
     vertex  1.176788e+00 -2.188404e+00 -1.864286e+00
     vertex  1.456616e+00 -2.565651e+00 -1.864286e+00
   endloop
 endfacet
 facet normal -8.178356e-01 -5.716063e-01 -6.641611e-02
   outer loop
     vertex  1.383682e+00 -2.605709e+00 -6.214286e-01
     vertex  1.114604e+00 -2.220721e+00 -6.214286e-01
     vertex  1.456616e+00 -2.565651e+00 -1.864286e+00
   endloop
 endfacet
 facet normal -8.882160e-01 -4.543618e-01 -6.802742e-02
   outer loop
     vertex  1.407623e+00 -2.655958e+00 -6.214286e-01
     vertex  1.456616e+00 -2.565651e+00 -1.864286e+00
     vertex  1.481965e+00 -2.615205e+00 -1.864286e+00
   endloop
 endfacet
 facet normal -9.007578e-01 -4.291710e-01 -6.669142e-02
   outer loop
     vertex  1.407623e+00 -2.655958e+00 -6.214286e-01
     vertex  1.383682e+00 -2.605709e+00 -6.214286e-01
     vertex  1.456616e+00 -2.565651e+00 -1.864286e+00
   endloop
 endfacet
 facet normal -9.241562e-01 -3.754981e-01 -7.026067e-02
   outer loop
     vertex  1.448918e+00 -2.766427e+00 -6.214286e-01
     vertex  1.481965e+00 -2.615205e+00 -1.864286e+00
     vertex  1.526359e+00 -2.724465e+00 -1.864286e+00
   endloop
 endfacet
 facet normal -9.345658e-01 -3.493564e-01 -6.735671e-02
   outer loop
     vertex  1.448918e+00 -2.766427e+00 -6.214286e-01
     vertex  1.407623e+00 -2.655958e+00 -6.214286e-01
     vertex  1.481965e+00 -2.615205e+00 -1.864286e+00
   endloop
 endfacet
 facet normal -8.147003e-01 -5.754884e-01 -7.125022e-02
   outer loop
     vertex  1.474788e+00 -2.805333e+00 -6.214286e-01
     vertex  1.526359e+00 -2.724465e+00 -1.864286e+00
     vertex  1.553315e+00 -2.762626e+00 -1.864286e+00
   endloop
 endfacet
 facet normal -8.306558e-01 -5.523171e-01 -7.040461e-02
   outer loop
     vertex  1.474788e+00 -2.805333e+00 -6.214286e-01
     vertex  1.448918e+00 -2.766427e+00 -6.214286e-01
     vertex  1.526359e+00 -2.724465e+00 -1.864286e+00
   endloop
 endfacet
 facet normal -6.628691e-01 -7.455600e-01 -6.888334e-02
   outer loop
     vertex  1.519262e+00 -2.847179e+00 -6.214286e-01
     vertex  1.553315e+00 -2.762626e+00 -1.864286e+00
     vertex  1.598952e+00 -2.803201e+00 -1.864286e+00
   endloop
 endfacet
 facet normal -6.836651e-01 -7.266056e-01 -6.816366e-02
   outer loop
     vertex  1.519262e+00 -2.847179e+00 -6.214286e-01
     vertex  1.474788e+00 -2.805333e+00 -6.214286e-01
     vertex  1.553315e+00 -2.762626e+00 -1.864286e+00
   endloop
 endfacet
 facet normal -5.325543e-01 -8.436145e-01 -6.855957e-02
   outer loop
     vertex  1.686579e+00 -2.959523e+00 -6.214286e-01
     vertex  1.598952e+00 -2.803201e+00 -1.864286e+00
     vertex  1.769370e+00 -2.910782e+00 -1.864286e+00
   endloop
 endfacet
 facet normal -4.831501e-01 -8.730144e-01 -6.642152e-02
   outer loop
     vertex  1.686579e+00 -2.959523e+00 -6.214286e-01
     vertex  1.769370e+00 -2.910782e+00 -1.864286e+00
     vertex  1.968795e+00 -3.021149e+00 -1.864286e+00
   endloop
 endfacet
 facet normal -5.562671e-01 -8.284590e-01 -6.498151e-02
   outer loop
     vertex  1.686579e+00 -2.959523e+00 -6.214286e-01
     vertex  1.519262e+00 -2.847179e+00 -6.214286e-01
     vertex  1.598952e+00 -2.803201e+00 -1.864286e+00
   endloop
 endfacet
 facet normal -4.005110e-01 -9.137915e-01 -6.764702e-02
   outer loop
     vertex  1.882811e+00 -3.075470e+00 -6.214286e-01
     vertex  1.968795e+00 -3.021149e+00 -1.864286e+00
     vertex  2.178921e+00 -3.113247e+00 -1.864286e+00
   endloop
 endfacet
 facet normal -5.073580e-01 -8.586692e-01 -7.262973e-02
   outer loop
     vertex  1.882811e+00 -3.075470e+00 -6.214286e-01
     vertex  1.686579e+00 -2.959523e+00 -6.214286e-01
     vertex  1.968795e+00 -3.021149e+00 -1.864286e+00
   endloop
 endfacet
 facet normal -4.259270e-01 -9.017205e-01 -7.406926e-02
   outer loop
     vertex  2.090256e+00 -3.173457e+00 -6.214286e-01
     vertex  1.882811e+00 -3.075470e+00 -6.214286e-01
     vertex  2.178921e+00 -3.113247e+00 -1.864286e+00
   endloop
 endfacet
 facet normal -7.848275e-01 -6.172160e-01 -5.558959e-02
   outer loop
     vertex  1.176788e+00 -2.188404e+00 -1.864286e+00
     vertex  1.238036e+00 -2.154347e+00 -3.107143e+00
     vertex  1.528392e+00 -2.523552e+00 -3.107143e+00
   endloop
 endfacet
 facet normal -8.751234e-01 -4.792707e-01 -6.677302e-02
   outer loop
     vertex  1.456616e+00 -2.565651e+00 -1.864286e+00
     vertex  1.528392e+00 -2.523552e+00 -3.107143e+00
     vertex  1.555128e+00 -2.572371e+00 -3.107143e+00
   endloop
 endfacet
 facet normal -8.013903e-01 -5.944431e-01 -6.641611e-02
   outer loop
     vertex  1.456616e+00 -2.565651e+00 -1.864286e+00
     vertex  1.176788e+00 -2.188404e+00 -1.864286e+00
     vertex  1.528392e+00 -2.523552e+00 -3.107143e+00
   endloop
 endfacet
 facet normal -9.133671e-01 -4.014851e-01 -6.760369e-02
   outer loop
     vertex  1.481965e+00 -2.615205e+00 -1.864286e+00
     vertex  1.555128e+00 -2.572371e+00 -3.107143e+00
     vertex  1.602586e+00 -2.680336e+00 -3.107143e+00
   endloop
 endfacet
 facet normal -8.882209e-01 -4.543643e-01 -6.794584e-02
   outer loop
     vertex  1.481965e+00 -2.615205e+00 -1.864286e+00
     vertex  1.456616e+00 -2.565651e+00 -1.864286e+00
     vertex  1.555128e+00 -2.572371e+00 -3.107143e+00
   endloop
 endfacet
 facet normal -7.982063e-01 -5.982799e-01 -7.019801e-02
   outer loop
     vertex  1.526359e+00 -2.724465e+00 -1.864286e+00
     vertex  1.602586e+00 -2.680336e+00 -3.107143e+00
     vertex  1.630607e+00 -2.717722e+00 -3.107143e+00
   endloop
 endfacet
 facet normal -9.241722e-01 -3.755046e-01 -7.001383e-02
   outer loop
     vertex  1.526359e+00 -2.724465e+00 -1.864286e+00
     vertex  1.481965e+00 -2.615205e+00 -1.864286e+00
     vertex  1.602586e+00 -2.680336e+00 -3.107143e+00
   endloop
 endfacet
 facet normal -6.416401e-01 -7.640293e-01 -6.750737e-02
   outer loop
     vertex  1.553315e+00 -2.762626e+00 -1.864286e+00
     vertex  1.630607e+00 -2.717722e+00 -3.107143e+00
     vertex  1.677370e+00 -2.756993e+00 -3.107143e+00
   endloop
 endfacet
 facet normal -8.146882e-01 -5.754799e-01 -7.145677e-02
   outer loop
     vertex  1.553315e+00 -2.762626e+00 -1.864286e+00
     vertex  1.526359e+00 -2.724465e+00 -1.864286e+00
     vertex  1.630607e+00 -2.717722e+00 -3.107143e+00
   endloop
 endfacet
 facet normal -5.087053e-01 -8.585574e-01 -6.401671e-02
   outer loop
     vertex  1.598952e+00 -2.803201e+00 -1.864286e+00
     vertex  1.677370e+00 -2.756993e+00 -3.107143e+00
     vertex  1.850755e+00 -2.859726e+00 -3.107143e+00
   endloop
 endfacet
 facet normal -6.628388e-01 -7.455260e-01 -6.953944e-02
   outer loop
     vertex  1.598952e+00 -2.803201e+00 -1.864286e+00
     vertex  1.553315e+00 -2.762626e+00 -1.864286e+00
     vertex  1.677370e+00 -2.756993e+00 -3.107143e+00
   endloop
 endfacet
 facet normal -4.583377e-01 -8.862927e-01 -6.642152e-02
   outer loop
     vertex  1.769370e+00 -2.910782e+00 -1.864286e+00
     vertex  1.850755e+00 -2.859726e+00 -3.107143e+00
     vertex  2.053212e+00 -2.964425e+00 -3.107143e+00
   endloop
 endfacet
 facet normal -5.325187e-01 -8.435581e-01 -6.952349e-02
   outer loop
     vertex  1.769370e+00 -2.910782e+00 -1.864286e+00
     vertex  1.598952e+00 -2.803201e+00 -1.864286e+00
     vertex  1.850755e+00 -2.859726e+00 -3.107143e+00
   endloop
 endfacet
 facet normal -3.745815e-01 -9.247230e-01 -6.764702e-02
   outer loop
     vertex  1.968795e+00 -3.021149e+00 -1.864286e+00
     vertex  2.053212e+00 -2.964425e+00 -3.107143e+00
     vertex  2.265852e+00 -3.050560e+00 -3.107143e+00
   endloop
 endfacet
 facet normal -4.829406e-01 -8.726359e-01 -7.262973e-02
   outer loop
     vertex  1.968795e+00 -3.021149e+00 -1.864286e+00
     vertex  1.769370e+00 -2.910782e+00 -1.864286e+00
     vertex  2.053212e+00 -2.964425e+00 -3.107143e+00
   endloop
 endfacet
 facet normal -4.003279e-01 -9.133736e-01 -7.406926e-02
   outer loop
     vertex  2.178921e+00 -3.113247e+00 -1.864286e+00
     vertex  1.968795e+00 -3.021149e+00 -1.864286e+00
     vertex  2.265852e+00 -3.050560e+00 -3.107143e+00
   endloop
 endfacet
 facet normal  9.860353e-01  1.494404e-01  7.349833e-02
   outer loop
     vertex  2.348455e+00 -2.634877e+00 -1.864286e+00
     vertex  2.396115e+00 -2.949344e+00 -1.864286e+00
     vertex  2.478338e+00 -2.880598e+00 -3.107143e+00
   endloop
 endfacet
 facet normal  9.818419e-01  1.772631e-01  6.755937e-02
   outer loop
     vertex  2.348455e+00 -2.634877e+00 -1.864286e+00
     vertex  2.478338e+00 -2.880598e+00 -3.107143e+00
     vertex  2.421828e+00 -2.567599e+00 -3.107143e+00
   endloop
 endfacet
 facet normal  9.561533e-01  2.850757e-01  6.710250e-02
   outer loop
     vertex  2.293902e+00 -2.431078e+00 -1.864286e+00
     vertex  2.421828e+00 -2.567599e+00 -3.107143e+00
     vertex  2.361549e+00 -2.365419e+00 -3.107143e+00
   endloop
 endfacet
 facet normal  9.635624e-01  2.579306e-01  7.084688e-02
   outer loop
     vertex  2.293902e+00 -2.431078e+00 -1.864286e+00
     vertex  2.348455e+00 -2.634877e+00 -1.864286e+00
     vertex  2.421828e+00 -2.567599e+00 -3.107143e+00
   endloop
 endfacet
 facet normal  9.447877e-01  3.211659e-01  6.502903e-02
   outer loop
     vertex  2.250105e+00 -2.289230e+00 -1.864286e+00
     vertex  2.361549e+00 -2.365419e+00 -3.107143e+00
     vertex  2.313769e+00 -2.224863e+00 -3.107143e+00
   endloop
 endfacet
 facet normal  8.555403e-01  5.129291e-01  7.038865e-02
   outer loop
     vertex  2.250105e+00 -2.289230e+00 -1.864286e+00
     vertex  2.313769e+00 -2.224863e+00 -3.107143e+00
     vertex  2.283744e+00 -2.174783e+00 -3.107143e+00
   endloop
 endfacet
 facet normal  9.533164e-01  2.943466e-01  6.743786e-02
   outer loop
     vertex  2.250105e+00 -2.289230e+00 -1.864286e+00
     vertex  2.293902e+00 -2.431078e+00 -1.864286e+00
     vertex  2.361549e+00 -2.365419e+00 -3.107143e+00
   endloop
 endfacet
 facet normal  6.966838e-01  7.138181e-01  7.138197e-02
   outer loop
     vertex  2.221504e+00 -2.238323e+00 -1.864286e+00
     vertex  2.283744e+00 -2.174783e+00 -3.107143e+00
     vertex  2.245014e+00 -2.136982e+00 -3.107143e+00
   endloop
 endfacet
 facet normal  8.697776e-01  4.886607e-01  6.853928e-02
   outer loop
     vertex  2.221504e+00 -2.238323e+00 -1.864286e+00
     vertex  2.250105e+00 -2.289230e+00 -1.864286e+00
     vertex  2.283744e+00 -2.174783e+00 -3.107143e+00
   endloop
 endfacet
 facet normal  6.036381e-01  7.942130e-01  6.961889e-02
   outer loop
     vertex  2.183855e+00 -2.199445e+00 -1.864286e+00
     vertex  2.245014e+00 -2.136982e+00 -3.107143e+00
     vertex  2.131062e+00 -2.050374e+00 -3.107143e+00
   endloop
 endfacet
 facet normal  7.166007e-01  6.939481e-01  7.013855e-02
   outer loop
     vertex  2.183855e+00 -2.199445e+00 -1.864286e+00
     vertex  2.221504e+00 -2.238323e+00 -1.864286e+00
     vertex  2.245014e+00 -2.136982e+00 -3.107143e+00
   endloop
 endfacet
 facet normal  7.836539e-01  6.176328e-01  6.645424e-02
   outer loop
     vertex  2.072391e+00 -2.109657e+00 -1.864286e+00
     vertex  2.131062e+00 -2.050374e+00 -3.107143e+00
     vertex  2.027414e+00 -1.918865e+00 -3.107143e+00
   endloop
 endfacet
 facet normal  6.259247e-01  7.770335e-01  6.661168e-02
   outer loop
     vertex  2.072391e+00 -2.109657e+00 -1.864286e+00
     vertex  2.183855e+00 -2.199445e+00 -1.864286e+00
     vertex  2.131062e+00 -2.050374e+00 -3.107143e+00
   endloop
 endfacet
 facet normal  7.676082e-01  6.378283e-01  6.287082e-02
   outer loop
     vertex  1.972493e+00 -1.975278e+00 -1.864286e+00
     vertex  2.027414e+00 -1.918865e+00 -3.107143e+00
     vertex  1.829783e+00 -1.681022e+00 -3.107143e+00
   endloop
 endfacet
 facet normal  8.009694e-01  5.954424e-01  6.242115e-02
   outer loop
     vertex  1.972493e+00 -1.975278e+00 -1.864286e+00
     vertex  2.072391e+00 -2.109657e+00 -1.864286e+00
     vertex  2.027414e+00 -1.918865e+00 -3.107143e+00
   endloop
 endfacet
 facet normal  7.856265e-01  6.161906e-01  5.567899e-02
   outer loop
     vertex  1.781648e+00 -1.731956e+00 -1.864286e+00
     vertex  1.972493e+00 -1.975278e+00 -1.864286e+00
     vertex  1.829783e+00 -1.681022e+00 -3.107143e+00
   endloop
 endfacet
 facet normal  9.898575e-01  1.215734e-01  7.349833e-02
   outer loop
     vertex  2.273214e+00 -2.700058e+00 -6.214286e-01
     vertex  2.311986e+00 -3.015745e+00 -6.214286e-01
     vertex  2.396115e+00 -2.949344e+00 -1.864286e+00
   endloop
 endfacet
 facet normal  9.864505e-01  1.495033e-01  6.755937e-02
   outer loop
     vertex  2.273214e+00 -2.700058e+00 -6.214286e-01
     vertex  2.396115e+00 -2.949344e+00 -1.864286e+00
     vertex  2.348455e+00 -2.634877e+00 -1.864286e+00
   endloop
 endfacet
 facet normal  9.638125e-01  2.579975e-01  6.710250e-02
   outer loop
     vertex  2.224429e+00 -2.494802e+00 -6.214286e-01
     vertex  2.348455e+00 -2.634877e+00 -1.864286e+00
     vertex  2.293902e+00 -2.431078e+00 -1.864286e+00
   endloop
 endfacet
 facet normal  9.532555e-01  2.943278e-01  6.837513e-02
   outer loop
     vertex  2.224429e+00 -2.494802e+00 -6.214286e-01
     vertex  2.293902e+00 -2.431078e+00 -1.864286e+00
     vertex  2.250105e+00 -2.289230e+00 -1.864286e+00
   endloop
 endfacet
 facet normal  9.704532e-01  2.306542e-01  7.084688e-02
   outer loop
     vertex  2.224429e+00 -2.494802e+00 -6.214286e-01
     vertex  2.273214e+00 -2.700058e+00 -6.214286e-01
     vertex  2.348455e+00 -2.634877e+00 -1.864286e+00
   endloop
 endfacet
 facet normal  8.696653e-01  4.885976e-01  7.038865e-02
   outer loop
     vertex  2.184650e+00 -2.351775e+00 -6.214286e-01
     vertex  2.250105e+00 -2.289230e+00 -1.864286e+00
     vertex  2.221504e+00 -2.238323e+00 -1.864286e+00
   endloop
 endfacet
 facet normal  9.614507e-01  2.674038e-01  6.409112e-02
   outer loop
     vertex  2.184650e+00 -2.351775e+00 -6.214286e-01
     vertex  2.224429e+00 -2.494802e+00 -6.214286e-01
     vertex  2.250105e+00 -2.289230e+00 -1.864286e+00
   endloop
 endfacet
 facet normal  7.165374e-01  6.938868e-01  7.138197e-02
   outer loop
     vertex  2.157496e+00 -2.300082e+00 -6.214286e-01
     vertex  2.221504e+00 -2.238323e+00 -1.864286e+00
     vertex  2.183855e+00 -2.199445e+00 -1.864286e+00
   endloop
 endfacet
 facet normal  8.832126e-01  4.639374e-01  6.853928e-02
   outer loop
     vertex  2.157496e+00 -2.300082e+00 -6.214286e-01
     vertex  2.184650e+00 -2.351775e+00 -6.214286e-01
     vertex  2.221504e+00 -2.238323e+00 -1.864286e+00
   endloop
 endfacet
 facet normal  6.257959e-01  7.768736e-01  6.961889e-02
   outer loop
     vertex  2.120959e+00 -2.260158e+00 -6.214286e-01
     vertex  2.183855e+00 -2.199445e+00 -1.864286e+00
     vertex  2.072391e+00 -2.109657e+00 -1.864286e+00
   endloop
 endfacet
 facet normal  7.358860e-01  6.734630e-01  7.013855e-02
   outer loop
     vertex  2.120959e+00 -2.260158e+00 -6.214286e-01
     vertex  2.157496e+00 -2.300082e+00 -6.214286e-01
     vertex  2.183855e+00 -2.199445e+00 -1.864286e+00
   endloop
 endfacet
 facet normal  8.007604e-01  5.952871e-01  6.645424e-02
   outer loop
     vertex  2.012071e+00 -2.167262e+00 -6.214286e-01
     vertex  2.072391e+00 -2.109657e+00 -1.864286e+00
     vertex  1.972493e+00 -1.975278e+00 -1.864286e+00
   endloop
 endfacet
 facet normal  6.475892e-01  7.590725e-01  6.661168e-02
   outer loop
     vertex  2.012071e+00 -2.167262e+00 -6.214286e-01
     vertex  2.120959e+00 -2.260158e+00 -6.214286e-01
     vertex  2.072391e+00 -2.109657e+00 -1.864286e+00
   endloop
 endfacet
 facet normal  7.852905e-01  6.159270e-01  6.287082e-02
   outer loop
     vertex  1.916003e+00 -2.030119e+00 -6.214286e-01
     vertex  1.972493e+00 -1.975278e+00 -1.864286e+00
     vertex  1.781648e+00 -1.731956e+00 -1.864286e+00
   endloop
 endfacet
 facet normal  8.174431e-01  5.726172e-01  6.242115e-02
   outer loop
     vertex  1.916003e+00 -2.030119e+00 -6.214286e-01
     vertex  2.012071e+00 -2.167262e+00 -6.214286e-01
     vertex  1.972493e+00 -1.975278e+00 -1.864286e+00
   endloop
 endfacet
 facet normal  8.026915e-01  5.937897e-01  5.567899e-02
   outer loop
     vertex  1.732096e+00 -1.781512e+00 -6.214286e-01
     vertex  1.916003e+00 -2.030119e+00 -6.214286e-01
     vertex  1.781648e+00 -1.731956e+00 -1.864286e+00
   endloop
 endfacet
 facet normal  9.897673e-01  1.215623e-01  7.472161e-02
   outer loop
     vertex  2.226019e+00 -3.079747e+00  6.214286e-01
     vertex  2.311986e+00 -3.015745e+00 -6.214286e-01
     vertex  2.273214e+00 -2.700058e+00 -6.214286e-01
   endloop
 endfacet
 facet normal  9.703830e-01  2.306375e-01  7.185503e-02
   outer loop
     vertex  2.196165e+00 -2.763092e+00  6.214286e-01
     vertex  2.273214e+00 -2.700058e+00 -6.214286e-01
     vertex  2.224429e+00 -2.494802e+00 -6.214286e-01
   endloop
 endfacet
 facet normal  9.933923e-01  9.365680e-02  6.633423e-02
   outer loop
     vertex  2.196165e+00 -2.763092e+00  6.214286e-01
     vertex  2.226019e+00 -3.079747e+00  6.214286e-01
     vertex  2.273214e+00 -2.700058e+00 -6.214286e-01
   endloop
 endfacet
 facet normal  9.768914e-01  2.032608e-01  6.609334e-02
   outer loop
     vertex  2.153188e+00 -2.556542e+00  6.214286e-01
     vertex  2.196165e+00 -2.763092e+00  6.214286e-01
     vertex  2.224429e+00 -2.494802e+00 -6.214286e-01
   endloop
 endfacet
 facet normal  9.613923e-01  2.673876e-01  6.502903e-02
   outer loop
     vertex  2.117458e+00 -2.412450e+00  6.214286e-01
     vertex  2.224429e+00 -2.494802e+00 -6.214286e-01
     vertex  2.184650e+00 -2.351775e+00 -6.214286e-01
   endloop
 endfacet
 facet normal  9.683954e-01  2.401301e-01  6.743786e-02
   outer loop
     vertex  2.117458e+00 -2.412450e+00  6.214286e-01
     vertex  2.153188e+00 -2.556542e+00  6.214286e-01
     vertex  2.224429e+00 -2.494802e+00 -6.214286e-01
   endloop
 endfacet
 facet normal  8.831800e-01  4.639203e-01  6.907336e-02
   outer loop
     vertex  2.091773e+00 -2.360011e+00  6.214286e-01
     vertex  2.184650e+00 -2.351775e+00 -6.214286e-01
     vertex  2.157496e+00 -2.300082e+00 -6.214286e-01
   endloop
 endfacet
 facet normal  8.958630e-01  4.388049e-01  6.985472e-02
   outer loop
     vertex  2.091773e+00 -2.360011e+00  6.214286e-01
     vertex  2.117458e+00 -2.412450e+00  6.214286e-01
     vertex  2.184650e+00 -2.351775e+00 -6.214286e-01
   endloop
 endfacet
 facet normal  7.358847e-01  6.734618e-01  7.016317e-02
   outer loop
     vertex  2.056376e+00 -2.319073e+00  6.214286e-01
     vertex  2.157496e+00 -2.300082e+00 -6.214286e-01
     vertex  2.120959e+00 -2.260158e+00 -6.214286e-01
   endloop
 endfacet
 facet normal  7.545205e-01  6.523856e-01  7.135736e-02
   outer loop
     vertex  2.056376e+00 -2.319073e+00  6.214286e-01
     vertex  2.091773e+00 -2.360011e+00  6.214286e-01
     vertex  2.157496e+00 -2.300082e+00 -6.214286e-01
   endloop
 endfacet
 facet normal  6.475986e-01  7.590836e-01  6.639369e-02
   outer loop
     vertex  1.950151e+00 -2.223143e+00  6.214286e-01
     vertex  2.120959e+00 -2.260158e+00 -6.214286e-01
     vertex  2.012071e+00 -2.167262e+00 -6.214286e-01
   endloop
 endfacet
 facet normal  6.685907e-01  7.403440e-01  6.983675e-02
   outer loop
     vertex  1.950151e+00 -2.223143e+00  6.214286e-01
     vertex  2.056376e+00 -2.319073e+00  6.214286e-01
     vertex  2.120959e+00 -2.260158e+00 -6.214286e-01
   endloop
 endfacet
 facet normal  8.174299e-01  5.726079e-01  6.267855e-02
   outer loop
     vertex  1.857989e+00 -2.083345e+00  6.214286e-01
     vertex  2.012071e+00 -2.167262e+00 -6.214286e-01
     vertex  1.916003e+00 -2.030119e+00 -6.214286e-01
   endloop
 endfacet
 facet normal  8.330634e-01  5.492024e-01  6.619703e-02
   outer loop
     vertex  1.857989e+00 -2.083345e+00  6.214286e-01
     vertex  1.950151e+00 -2.223143e+00  6.214286e-01
     vertex  2.012071e+00 -2.167262e+00 -6.214286e-01
   endloop
 endfacet
 facet normal  8.026820e-01  5.937827e-01  5.589113e-02
   outer loop
     vertex  1.681166e+00 -1.829651e+00  6.214286e-01
     vertex  1.916003e+00 -2.030119e+00 -6.214286e-01
     vertex  1.732096e+00 -1.781512e+00 -6.214286e-01
   endloop
 endfacet
 facet normal  8.187785e-01  5.706800e-01  6.265893e-02
   outer loop
     vertex  1.681166e+00 -1.829651e+00  6.214286e-01
     vertex  1.857989e+00 -2.083345e+00  6.214286e-01
     vertex  1.916003e+00 -2.030119e+00 -6.214286e-01
   endloop
 endfacet
 facet normal  9.928018e-01  9.360114e-02  7.472161e-02
   outer loop
     vertex  2.138280e+00 -3.141299e+00  1.864286e+00
     vertex  2.226019e+00 -3.079747e+00  6.214286e-01
     vertex  2.196165e+00 -2.763092e+00  6.214286e-01
   endloop
 endfacet
 facet normal  9.765014e-01  2.031796e-01  7.185503e-02
   outer loop
     vertex  2.117368e+00 -2.823928e+00  1.864286e+00
     vertex  2.196165e+00 -2.763092e+00  6.214286e-01
     vertex  2.153188e+00 -2.556542e+00  6.214286e-01
   endloop
 endfacet
 facet normal  9.956384e-01  6.560451e-02  6.633423e-02
   outer loop
     vertex  2.117368e+00 -2.823928e+00  1.864286e+00
     vertex  2.138280e+00 -3.141299e+00  1.864286e+00
     vertex  2.196165e+00 -2.763092e+00  6.214286e-01
   endloop
 endfacet
 facet normal  9.683335e-01  2.401148e-01  6.837513e-02
   outer loop
     vertex  2.080233e+00 -2.616248e+00  1.864286e+00
     vertex  2.153188e+00 -2.556542e+00  6.214286e-01
     vertex  2.117458e+00 -2.412450e+00  6.214286e-01
   endloop
 endfacet
 facet normal  9.822350e-01  1.756302e-01  6.609334e-02
   outer loop
     vertex  2.080233e+00 -2.616248e+00  1.864286e+00
     vertex  2.117368e+00 -2.823928e+00  1.864286e+00
     vertex  2.153188e+00 -2.556542e+00  6.214286e-01
   endloop
 endfacet
 facet normal  9.749977e-01  2.127716e-01  6.409112e-02
   outer loop
     vertex  2.048581e+00 -2.471206e+00  1.864286e+00
     vertex  2.080233e+00 -2.616248e+00  1.864286e+00
     vertex  2.117458e+00 -2.412450e+00  6.214286e-01
   endloop
 endfacet
 facet normal  8.959119e-01  4.388289e-01  6.907336e-02
   outer loop
     vertex  2.024385e+00 -2.418064e+00  1.864286e+00
     vertex  2.117458e+00 -2.412450e+00  6.214286e-01
     vertex  2.091773e+00 -2.360011e+00  6.214286e-01
   endloop
 endfacet
 facet normal  9.078816e-01  4.133658e-01  6.985472e-02
   outer loop
     vertex  2.024385e+00 -2.418064e+00  1.864286e+00
     vertex  2.048581e+00 -2.471206e+00  1.864286e+00
     vertex  2.117458e+00 -2.412450e+00  6.214286e-01
   endloop
 endfacet
 facet normal  7.545846e-01  6.524410e-01  7.016317e-02
   outer loop
     vertex  1.990157e+00 -2.376143e+00  1.864286e+00
     vertex  2.091773e+00 -2.360011e+00  6.214286e-01
     vertex  2.056376e+00 -2.319073e+00  6.214286e-01
   endloop
 endfacet
 facet normal  7.726186e-01  6.308476e-01  7.135736e-02
   outer loop
     vertex  1.990157e+00 -2.376143e+00  1.864286e+00
     vertex  2.024385e+00 -2.418064e+00  1.864286e+00
     vertex  2.091773e+00 -2.360011e+00  6.214286e-01
   endloop
 endfacet
 facet normal  6.687483e-01  7.405185e-01  6.639369e-02
   outer loop
     vertex  1.886680e+00 -2.277256e+00  1.864286e+00
     vertex  2.056376e+00 -2.319073e+00  6.214286e-01
     vertex  1.950151e+00 -2.223143e+00  6.214286e-01
   endloop
 endfacet
 facet normal  6.892035e-01  7.211944e-01  6.983675e-02
   outer loop
     vertex  1.886680e+00 -2.277256e+00  1.864286e+00
     vertex  1.990157e+00 -2.376143e+00  1.864286e+00
     vertex  2.056376e+00 -2.319073e+00  6.214286e-01
   endloop
 endfacet
 facet normal  8.332531e-01  5.493275e-01  6.267855e-02
   outer loop
     vertex  1.798496e+00 -2.134915e+00  1.864286e+00
     vertex  1.950151e+00 -2.223143e+00  6.214286e-01
     vertex  1.857989e+00 -2.083345e+00  6.214286e-01
   endloop
 endfacet
 facet normal  8.482203e-01  5.254905e-01  6.619703e-02
   outer loop
     vertex  1.798496e+00 -2.134915e+00  1.864286e+00
     vertex  1.886680e+00 -2.277256e+00  1.864286e+00
     vertex  1.950151e+00 -2.223143e+00  6.214286e-01
   endloop
 endfacet
 facet normal  8.191082e-01  5.709098e-01  5.589113e-02
   outer loop
     vertex  1.628899e+00 -1.876335e+00  1.864286e+00
     vertex  1.857989e+00 -2.083345e+00  6.214286e-01
     vertex  1.681166e+00 -1.829651e+00  6.214286e-01
   endloop
 endfacet
 facet normal  8.345468e-01  5.473623e-01  6.265893e-02
   outer loop
     vertex  1.628899e+00 -1.876335e+00  1.864286e+00
     vertex  1.798496e+00 -2.134915e+00  1.864286e+00
     vertex  1.857989e+00 -2.083345e+00  6.214286e-01
   endloop
 endfacet
 facet normal  3.147382e-01 -9.491692e-01 -4.195647e-03
   outer loop
     vertex  9.229329e-01 -2.306976e+00  3.107143e+00
     vertex  5.703422e-01 -2.418399e+00  1.864286e+00
     vertex  9.876257e-01 -2.280030e+00  1.864286e+00
   endloop
 endfacet
 facet normal  2.878451e-01 -9.576678e-01  4.195647e-03
   outer loop
     vertex  9.229329e-01 -2.306976e+00  3.107143e+00
     vertex  5.019131e-01 -2.433521e+00  3.107143e+00
     vertex  5.703422e-01 -2.418399e+00  1.864286e+00
   endloop
 endfacet
 facet normal  9.115399e-01 -4.043659e-01  7.472161e-02
   outer loop
     vertex  3.268807e-01 -3.785915e+00  3.107143e+00
     vertex  4.335188e-01 -3.775190e+00  1.864286e+00
     vertex  5.624914e-01 -3.484454e+00  1.864286e+00
   endloop
 endfacet
 facet normal  9.509656e-01 -3.008344e-01  7.185503e-02
   outer loop
     vertex  4.640013e-01 -3.498931e+00  3.107143e+00
     vertex  5.624914e-01 -3.484454e+00  1.864286e+00
     vertex  6.261243e-01 -3.283305e+00  1.864286e+00
   endloop
 endfacet
 facet normal  9.003087e-01 -4.301674e-01  6.633423e-02
   outer loop
     vertex  4.640013e-01 -3.498931e+00  3.107143e+00
     vertex  3.268807e-01 -3.785915e+00  3.107143e+00
     vertex  5.624914e-01 -3.484454e+00  1.864286e+00
   endloop
 endfacet
 facet normal  9.424797e-01 -3.276641e-01  6.609334e-02
   outer loop
     vertex  5.332815e-01 -3.299657e+00  3.107143e+00
     vertex  4.640013e-01 -3.498931e+00  3.107143e+00
     vertex  6.261243e-01 -3.283305e+00  1.864286e+00
   endloop
 endfacet
 facet normal  9.621390e-01 -2.646881e-01  6.502903e-02
   outer loop
     vertex  5.766802e-01 -3.157686e+00  3.107143e+00
     vertex  6.261243e-01 -3.283305e+00  1.864286e+00
     vertex  6.655020e-01 -3.140167e+00  1.864286e+00
   endloop
 endfacet
 facet normal  9.541388e-01 -2.916697e-01  6.743786e-02
   outer loop
     vertex  5.766802e-01 -3.157686e+00  3.107143e+00
     vertex  5.332815e-01 -3.299657e+00  3.107143e+00
     vertex  6.261243e-01 -3.283305e+00  1.864286e+00
   endloop
 endfacet
 facet normal  9.960442e-01 -5.589942e-02  6.907336e-02
   outer loop
     vertex  5.815949e-01 -3.099502e+00  3.107143e+00
     vertex  6.655020e-01 -3.140167e+00  1.864286e+00
     vertex  6.687738e-01 -3.081868e+00  1.864286e+00
   endloop
 endfacet
 facet normal  9.940174e-01 -8.396244e-02  6.985472e-02
   outer loop
     vertex  5.815949e-01 -3.099502e+00  3.107143e+00
     vertex  5.766802e-01 -3.157686e+00  3.107143e+00
     vertex  6.655020e-01 -3.140167e+00  1.864286e+00
   endloop
 endfacet
 facet normal  9.773723e-01  1.995510e-01  7.016317e-02
   outer loop
     vertex  5.722683e-01 -3.046192e+00  3.107143e+00
     vertex  6.687738e-01 -3.081868e+00  1.864286e+00
     vertex  6.579475e-01 -3.028842e+00  1.864286e+00
   endloop
 endfacet
 facet normal  9.825277e-01  1.718937e-01  7.135736e-02
   outer loop
     vertex  5.722683e-01 -3.046192e+00  3.107143e+00
     vertex  5.815949e-01 -3.099502e+00  3.107143e+00
     vertex  6.687738e-01 -3.081868e+00  1.864286e+00
   endloop
 endfacet
 facet normal  9.456379e-01  3.183721e-01  6.639369e-02
   outer loop
     vertex  5.304428e-01 -2.909310e+00  3.107143e+00
     vertex  6.579475e-01 -3.028842e+00  1.864286e+00
     vertex  6.122784e-01 -2.893194e+00  1.864286e+00
   endloop
 endfacet
 facet normal  9.540155e-01  2.915084e-01  6.983675e-02
   outer loop
     vertex  5.304428e-01 -2.909310e+00  3.107143e+00
     vertex  5.722683e-01 -3.046192e+00  3.107143e+00
     vertex  6.579475e-01 -3.028842e+00  1.864286e+00
   endloop
 endfacet
 facet normal  9.954960e-01  7.112724e-02  6.267855e-02
   outer loop
     vertex  5.232244e-01 -2.742022e+00  3.107143e+00
     vertex  6.122784e-01 -2.893194e+00  1.864286e+00
     vertex  6.003451e-01 -2.726176e+00  1.864286e+00
   endloop
 endfacet
 facet normal  9.968790e-01  4.301479e-02  6.619703e-02
   outer loop
     vertex  5.232244e-01 -2.742022e+00  3.107143e+00
     vertex  5.304428e-01 -2.909310e+00  3.107143e+00
     vertex  6.122784e-01 -2.893194e+00  1.864286e+00
   endloop
 endfacet
 facet normal  9.937264e-01  9.687099e-02  5.589113e-02
   outer loop
     vertex  5.019131e-01 -2.433521e+00  3.107143e+00
     vertex  6.003451e-01 -2.726176e+00  1.864286e+00
     vertex  5.703422e-01 -2.418399e+00  1.864286e+00
   endloop
 endfacet
 facet normal  9.956622e-01  6.878030e-02  6.265893e-02
   outer loop
     vertex  5.019131e-01 -2.433521e+00  3.107143e+00
     vertex  5.232244e-01 -2.742022e+00  3.107143e+00
     vertex  6.003451e-01 -2.726176e+00  1.864286e+00
   endloop
 endfacet
 facet normal -9.975576e-01 -4.198926e-02 -5.581804e-02
   outer loop
     vertex -2.351354e-01 -2.940920e+00  3.107143e+00
     vertex -2.548886e-01 -2.471634e+00  3.107143e+00
     vertex -1.850838e-01 -2.477839e+00  1.864286e+00
   endloop
 endfacet
 facet normal -9.953445e-01 -7.006057e-02 -6.618810e-02
   outer loop
     vertex -2.351354e-01 -2.940920e+00  3.107143e+00
     vertex -1.850838e-01 -2.477839e+00  1.864286e+00
     vertex -1.521039e-01 -2.946381e+00  1.864286e+00
   endloop
 endfacet
 facet normal -9.931756e-01  9.473376e-02 -6.802742e-02
   outer loop
     vertex -2.419812e-01 -2.996158e+00  3.107143e+00
     vertex -1.521039e-01 -2.946381e+00  1.864286e+00
     vertex -1.573891e-01 -3.001791e+00  1.864286e+00
   endloop
 endfacet
 facet normal -9.901985e-01  1.227161e-01 -6.669142e-02
   outer loop
     vertex -2.419812e-01 -2.996158e+00  3.107143e+00
     vertex -2.351354e-01 -2.940920e+00  3.107143e+00
     vertex -1.521039e-01 -2.946381e+00  1.864286e+00
   endloop
 endfacet
 facet normal -9.810533e-01  1.805489e-01 -7.026067e-02
   outer loop
     vertex -2.665894e-01 -3.111497e+00  3.107143e+00
     vertex -1.573891e-01 -3.001791e+00  1.864286e+00
     vertex -1.787349e-01 -3.117777e+00  1.864286e+00
   endloop
 endfacet
 facet normal -9.757672e-01  2.081859e-01 -6.735671e-02
   outer loop
     vertex -2.665894e-01 -3.111497e+00  3.107143e+00
     vertex -2.419812e-01 -2.996158e+00  3.107143e+00
     vertex -1.573891e-01 -3.001791e+00  1.864286e+00
   endloop
 endfacet
 facet normal -9.963543e-01 -4.692112e-02 -7.125022e-02
   outer loop
     vertex -2.657087e-01 -3.158210e+00  3.107143e+00
     vertex -1.787349e-01 -3.117777e+00  1.864286e+00
     vertex -1.765371e-01 -3.164447e+00  1.864286e+00
   endloop
 endfacet
 facet normal -9.973412e-01 -1.880501e-02 -7.040461e-02
   outer loop
     vertex -2.657087e-01 -3.158210e+00  3.107143e+00
     vertex -2.665894e-01 -3.111497e+00  3.107143e+00
     vertex -1.787349e-01 -3.117777e+00  1.864286e+00
   endloop
 endfacet
 facet normal -9.598392e-01 -2.719627e-01 -6.888334e-02
   outer loop
     vertex -2.507251e-01 -3.217409e+00  3.107143e+00
     vertex -1.765371e-01 -3.164447e+00  1.864286e+00
     vertex -1.598900e-01 -3.223200e+00  1.864286e+00
   endloop
 endfacet
 facet normal -9.671751e-01 -2.447979e-01 -6.816366e-02
   outer loop
     vertex -2.507251e-01 -3.217409e+00  3.107143e+00
     vertex -2.657087e-01 -3.158210e+00  3.107143e+00
     vertex -1.765371e-01 -3.164447e+00  1.864286e+00
   endloop
 endfacet
 facet normal -9.027253e-01 -4.247194e-01 -6.855957e-02
   outer loop
     vertex -1.701044e-01 -3.402116e+00  3.107143e+00
     vertex -1.598900e-01 -3.223200e+00  1.864286e+00
     vertex -7.409239e-02 -3.405560e+00  1.864286e+00
   endloop
 endfacet
 facet normal -9.145634e-01 -3.991882e-01 -6.498151e-02
   outer loop
     vertex -1.701044e-01 -3.402116e+00  3.107143e+00
     vertex -2.507251e-01 -3.217409e+00  3.107143e+00
     vertex -1.598900e-01 -3.223200e+00  1.864286e+00
   endloop
 endfacet
 facet normal -8.765789e-01 -4.759088e-01 -7.155648e-02
   outer loop
     vertex -6.704515e-02 -3.605413e+00  3.107143e+00
     vertex -7.409239e-02 -3.405560e+00  1.864286e+00
     vertex  3.465917e-02 -3.605870e+00  1.864286e+00
   endloop
 endfacet
 facet normal -8.899039e-01 -4.511267e-01 -6.749593e-02
   outer loop
     vertex -6.704515e-02 -3.605413e+00  3.107143e+00
     vertex -1.701044e-01 -3.402116e+00  3.107143e+00
     vertex -7.409239e-02 -3.405560e+00  1.864286e+00
   endloop
 endfacet
 facet normal -8.288566e-01 -5.547025e-01 -7.281432e-02
   outer loop
     vertex  5.512711e-02 -3.799600e+00  3.107143e+00
     vertex  3.465917e-02 -3.605870e+00  1.864286e+00
     vertex  1.622592e-01 -3.796534e+00  1.864286e+00
   endloop
 endfacet
 facet normal -8.444055e-01 -5.312549e-01 -6.890335e-02
   outer loop
     vertex  5.512711e-02 -3.799600e+00  3.107143e+00
     vertex -6.704515e-02 -3.605413e+00  3.107143e+00
     vertex  3.465917e-02 -3.605870e+00  1.864286e+00
   endloop
 endfacet
 facet normal -9.959767e-01 -7.010507e-02 -5.581804e-02
   outer loop
     vertex -1.521039e-01 -2.946381e+00  1.864286e+00
     vertex -1.850838e-01 -2.477839e+00  1.864286e+00
     vertex -1.151316e-01 -2.482073e+00  6.214286e-01
   endloop
 endfacet
 facet normal -9.929728e-01 -9.810280e-02 -6.618810e-02
   outer loop
     vertex -1.521039e-01 -2.946381e+00  1.864286e+00
     vertex -1.151316e-01 -2.482073e+00  6.214286e-01
     vertex -6.895138e-02 -2.949499e+00  6.214286e-01
   endloop
 endfacet
 facet normal -9.954522e-01  6.668715e-02 -6.802742e-02
   outer loop
     vertex -1.573891e-01 -3.001791e+00  1.864286e+00
     vertex -6.895138e-02 -2.949499e+00  6.214286e-01
     vertex -7.267188e-02 -3.005035e+00  6.214286e-01
   endloop
 endfacet
 facet normal -9.932654e-01  9.474233e-02 -6.669142e-02
   outer loop
     vertex -1.573891e-01 -3.001791e+00  1.864286e+00
     vertex -1.521039e-01 -2.946381e+00  1.864286e+00
     vertex -6.895138e-02 -2.949499e+00  6.214286e-01
   endloop
 endfacet
 facet normal -9.857548e-01  1.528100e-01 -7.026067e-02
   outer loop
     vertex -1.787349e-01 -3.117777e+00  1.864286e+00
     vertex -7.267188e-02 -3.005035e+00  6.214286e-01
     vertex -9.073814e-02 -3.121578e+00  6.214286e-01
   endloop
 endfacet
 facet normal -9.812503e-01  1.805851e-01 -6.735671e-02
   outer loop
     vertex -1.787349e-01 -3.117777e+00  1.864286e+00
     vertex -1.573891e-01 -3.001791e+00  1.864286e+00
     vertex -7.267188e-02 -3.005035e+00  6.214286e-01
   endloop
 endfacet
 facet normal -9.946347e-01 -7.500103e-02 -7.125022e-02
   outer loop
     vertex -1.765371e-01 -3.164447e+00  1.864286e+00
     vertex -9.073814e-02 -3.121578e+00  6.214286e-01
     vertex -8.722504e-02 -3.168167e+00  6.214286e-01
   endloop
 endfacet
 facet normal -9.964142e-01 -4.692394e-02 -7.040461e-02
   outer loop
     vertex -1.765371e-01 -3.164447e+00  1.864286e+00
     vertex -1.787349e-01 -3.117777e+00  1.864286e+00
     vertex -9.073814e-02 -3.121578e+00  6.214286e-01
   endloop
 endfacet
 facet normal -9.517878e-01 -2.989233e-01 -6.888334e-02
   outer loop
     vertex -1.598900e-01 -3.223200e+00  1.864286e+00
     vertex -8.722504e-02 -3.168167e+00  6.214286e-01
     vertex -6.892771e-02 -3.226427e+00  6.214286e-01
   endloop
 endfacet
 facet normal -9.598868e-01 -2.719762e-01 -6.816366e-02
   outer loop
     vertex -1.598900e-01 -3.223200e+00  1.864286e+00
     vertex -1.765371e-01 -3.164447e+00  1.864286e+00
     vertex -8.722504e-02 -3.168167e+00  6.214286e-01
   endloop
 endfacet
 facet normal -8.903886e-01 -4.500086e-01 -6.855957e-02
   outer loop
     vertex -7.409239e-02 -3.405560e+00  1.864286e+00
     vertex -6.892771e-02 -3.226427e+00  6.214286e-01
     vertex  2.197859e-02 -3.406295e+00  6.214286e-01
   endloop
 endfacet
 facet normal -9.029420e-01 -4.248214e-01 -6.498151e-02
   outer loop
     vertex -7.409239e-02 -3.405560e+00  1.864286e+00
     vertex -1.598900e-01 -3.223200e+00  1.864286e+00
     vertex -6.892771e-02 -3.226427e+00  6.214286e-01
   endloop
 endfacet
 facet normal -8.628089e-01 -5.004402e-01 -7.155648e-02
   outer loop
     vertex  3.465917e-02 -3.605870e+00  1.864286e+00
     vertex  2.197859e-02 -3.406295e+00  6.214286e-01
     vertex  1.363359e-01 -3.603458e+00  6.214286e-01
   endloop
 endfacet
 facet normal -8.768276e-01 -4.760438e-01 -6.749593e-02
   outer loop
     vertex  3.465917e-02 -3.605870e+00  1.864286e+00
     vertex -7.409239e-02 -3.405560e+00  1.864286e+00
     vertex  2.197859e-02 -3.406295e+00  6.214286e-01
   endloop
 endfacet
 facet normal -8.128835e-01 -5.778567e-01 -7.281432e-02
   outer loop
     vertex  1.622592e-01 -3.796534e+00  1.864286e+00
     vertex  1.363359e-01 -3.603458e+00  6.214286e-01
     vertex  2.692622e-01 -3.790448e+00  6.214286e-01
   endloop
 endfacet
 facet normal -8.290875e-01 -5.548570e-01 -6.890335e-02
   outer loop
     vertex  1.622592e-01 -3.796534e+00  1.864286e+00
     vertex  3.465917e-02 -3.605870e+00  1.864286e+00
     vertex  1.363359e-01 -3.603458e+00  6.214286e-01
   endloop
 endfacet
 facet normal -9.904526e-01 -1.261487e-01 -5.558959e-02
   outer loop
     vertex -1.151316e-01 -2.482073e+00  6.214286e-01
     vertex -4.508793e-02 -2.484333e+00 -6.214286e-01
     vertex  1.425600e-02 -2.950270e+00 -6.214286e-01
   endloop
 endfacet
 facet normal -9.970216e-01  3.859077e-02 -6.677302e-02
   outer loop
     vertex -6.895138e-02 -2.949499e+00  6.214286e-01
     vertex  1.425600e-02 -2.950270e+00 -6.214286e-01
     vertex  1.210319e-02 -3.005889e+00 -6.214286e-01
   endloop
 endfacet
 facet normal -9.929577e-01 -9.810131e-02 -6.641611e-02
   outer loop
     vertex -6.895138e-02 -2.949499e+00  6.214286e-01
     vertex -1.151316e-01 -2.482073e+00  6.214286e-01
     vertex  1.425600e-02 -2.950270e+00 -6.214286e-01
   endloop
 endfacet
 facet normal -9.898543e-01  1.249725e-01 -6.760369e-02
   outer loop
     vertex -7.267188e-02 -3.005035e+00  6.214286e-01
     vertex  1.210319e-02 -3.005889e+00 -6.214286e-01
     vertex -2.669214e-03 -3.122895e+00 -6.214286e-01
   endloop
 endfacet
 facet normal -9.954578e-01  6.668752e-02 -6.794584e-02
   outer loop
     vertex -7.267188e-02 -3.005035e+00  6.214286e-01
     vertex -6.895138e-02 -2.949499e+00  6.214286e-01
     vertex  1.210319e-02 -3.005889e+00 -6.214286e-01
   endloop
 endfacet
 facet normal -9.921982e-01 -1.030290e-01 -7.019801e-02
   outer loop
     vertex -9.073814e-02 -3.121578e+00  6.214286e-01
     vertex -2.669214e-03 -3.122895e+00 -6.214286e-01
     vertex  2.156372e-03 -3.169367e+00 -6.214286e-01
   endloop
 endfacet
 facet normal -9.857720e-01  1.528126e-01 -7.001383e-02
   outer loop
     vertex -9.073814e-02 -3.121578e+00  6.214286e-01
     vertex -7.267188e-02 -3.005035e+00  6.214286e-01
     vertex -2.669214e-03 -3.122895e+00 -6.214286e-01
   endloop
 endfacet
 facet normal -9.430680e-01 -3.256769e-01 -6.750737e-02
   outer loop
     vertex -8.722504e-02 -3.168167e+00  6.214286e-01
     vertex  2.156372e-03 -3.169367e+00 -6.214286e-01
     vertex  2.208943e-02 -3.227088e+00 -6.214286e-01
   endloop
 endfacet
 facet normal -9.946200e-01 -7.499992e-02 -7.145677e-02
   outer loop
     vertex -8.722504e-02 -3.168167e+00  6.214286e-01
     vertex -9.073814e-02 -3.121578e+00  6.214286e-01
     vertex  2.156372e-03 -3.169367e+00 -6.214286e-01
   endloop
 endfacet
 facet normal -8.776090e-01 -4.750835e-01 -6.401671e-02
   outer loop
     vertex -6.892771e-02 -3.226427e+00  6.214286e-01
     vertex  2.208943e-02 -3.227088e+00 -6.214286e-01
     vertex  1.180321e-01 -3.404320e+00 -6.214286e-01
   endloop
 endfacet
 facet normal -9.517443e-01 -2.989097e-01 -6.953944e-02
   outer loop
     vertex -6.892771e-02 -3.226427e+00  6.214286e-01
     vertex -8.722504e-02 -3.168167e+00  6.214286e-01
     vertex  2.208943e-02 -3.227088e+00 -6.214286e-01
   endloop
 endfacet
 facet normal -8.486547e-01 -5.247603e-01 -6.642152e-02
   outer loop
     vertex  2.197859e-02 -3.406295e+00  6.214286e-01
     vertex  1.180321e-01 -3.404320e+00 -6.214286e-01
     vertex  2.379042e-01 -3.598180e+00 -6.214286e-01
   endloop
 endfacet
 facet normal -8.903291e-01 -4.499785e-01 -6.952349e-02
   outer loop
     vertex  2.197859e-02 -3.406295e+00  6.214286e-01
     vertex -6.892771e-02 -3.226427e+00  6.214286e-01
     vertex  1.180321e-01 -3.404320e+00 -6.214286e-01
   endloop
 endfacet
 facet normal -7.965543e-01 -6.007704e-01 -6.764702e-02
   outer loop
     vertex  1.363359e-01 -3.603458e+00  6.214286e-01
     vertex  2.379042e-01 -3.598180e+00 -6.214286e-01
     vertex  3.760510e-01 -3.781347e+00 -6.214286e-01
   endloop
 endfacet
 facet normal -8.627418e-01 -5.004013e-01 -7.262973e-02
   outer loop
     vertex  1.363359e-01 -3.603458e+00  6.214286e-01
     vertex  2.197859e-02 -3.406295e+00  6.214286e-01
     vertex  2.379042e-01 -3.598180e+00 -6.214286e-01
   endloop
 endfacet
 facet normal -8.128082e-01 -5.778032e-01 -7.406926e-02
   outer loop
     vertex  2.692622e-01 -3.790448e+00  6.214286e-01
     vertex  1.363359e-01 -3.603458e+00  6.214286e-01
     vertex  3.760510e-01 -3.781347e+00 -6.214286e-01
   endloop
 endfacet
 facet normal -9.904399e-01 -1.261471e-01 -5.581804e-02
   outer loop
     vertex  1.425600e-02 -2.950270e+00 -6.214286e-01
     vertex -4.508793e-02 -2.484333e+00 -6.214286e-01
     vertex  2.499164e-02 -2.484616e+00 -1.864286e+00
   endloop
 endfacet
 facet normal -9.858623e-01 -1.539309e-01 -6.618810e-02
   outer loop
     vertex  1.425600e-02 -2.950270e+00 -6.214286e-01
     vertex  2.499164e-02 -2.484616e+00 -1.864286e+00
     vertex  9.745204e-02 -2.948695e+00 -1.864286e+00
   endloop
 endfacet
 facet normal -9.976286e-01  1.045714e-02 -6.802742e-02
   outer loop
     vertex  1.210319e-02 -3.005889e+00 -6.214286e-01
     vertex  9.745204e-02 -2.948695e+00 -1.864286e+00
     vertex  9.686863e-02 -3.004353e+00 -1.864286e+00
   endloop
 endfacet
 facet normal -9.970271e-01  3.859098e-02 -6.669142e-02
   outer loop
     vertex  1.210319e-02 -3.005889e+00 -6.214286e-01
     vertex  1.425600e-02 -2.950270e+00 -6.214286e-01
     vertex  9.745204e-02 -2.948695e+00 -1.864286e+00
   endloop
 endfacet
 facet normal -9.928023e-01  9.698972e-02 -7.026067e-02
   outer loop
     vertex -2.669214e-03 -3.122895e+00 -6.214286e-01
     vertex  9.686863e-02 -3.004353e+00 -1.864286e+00
     vertex  8.540183e-02 -3.121729e+00 -1.864286e+00
   endloop
 endfacet
 facet normal -9.898709e-01  1.249746e-01 -6.735671e-02
   outer loop
     vertex -2.669214e-03 -3.122895e+00 -6.214286e-01
     vertex  1.210319e-02 -3.005889e+00 -6.214286e-01
     vertex  9.686863e-02 -3.004353e+00 -1.864286e+00
   endloop
 endfacet
 facet normal -9.888240e-01 -1.309596e-01 -7.125022e-02
   outer loop
     vertex  2.156372e-03 -3.169367e+00 -6.214286e-01
     vertex  8.540183e-02 -3.121729e+00 -1.864286e+00
     vertex  9.153607e-02 -3.168046e+00 -1.864286e+00
   endloop
 endfacet
 facet normal -9.921837e-01 -1.030275e-01 -7.040461e-02
   outer loop
     vertex  2.156372e-03 -3.169367e+00 -6.214286e-01
     vertex -2.669214e-03 -3.122895e+00 -6.214286e-01
     vertex  8.540183e-02 -3.121729e+00 -1.864286e+00
   endloop
 endfacet
 facet normal -9.334204e-01 -3.521100e-01 -6.888334e-02
   outer loop
     vertex  2.208943e-02 -3.227088e+00 -6.214286e-01
     vertex  9.153607e-02 -3.168046e+00 -1.864286e+00
     vertex  1.130890e-01 -3.225181e+00 -1.864286e+00
   endloop
 endfacet
 facet normal -9.430259e-01 -3.256623e-01 -6.816366e-02
   outer loop
     vertex  2.208943e-02 -3.227088e+00 -6.214286e-01
     vertex  2.156372e-03 -3.169367e+00 -6.214286e-01
     vertex  9.153607e-02 -3.168046e+00 -1.864286e+00
   endloop
 endfacet
 facet normal -8.636007e-01 -4.994932e-01 -6.855957e-02
   outer loop
     vertex  1.180321e-01 -3.404320e+00 -6.214286e-01
     vertex  1.130890e-01 -3.225181e+00 -1.864286e+00
     vertex  2.139917e-01 -3.399637e+00 -1.864286e+00
   endloop
 endfacet
 facet normal -8.775542e-01 -4.750538e-01 -6.498151e-02
   outer loop
     vertex  1.180321e-01 -3.404320e+00 -6.214286e-01
     vertex  2.208943e-02 -3.227088e+00 -6.214286e-01
     vertex  1.130890e-01 -3.225181e+00 -1.864286e+00
   endloop
 endfacet
 facet normal -8.332215e-01 -5.482897e-01 -7.155648e-02
   outer loop
     vertex  2.379042e-01 -3.598180e+00 -6.214286e-01
     vertex  2.139917e-01 -3.399637e+00 -1.864286e+00
     vertex  3.392833e-01 -3.590040e+00 -1.864286e+00
   endloop
 endfacet
 facet normal -8.485934e-01 -5.247224e-01 -6.749593e-02
   outer loop
     vertex  2.379042e-01 -3.598180e+00 -6.214286e-01
     vertex  1.180321e-01 -3.404320e+00 -6.214286e-01
     vertex  2.139917e-01 -3.399637e+00 -1.864286e+00
   endloop
 endfacet
 facet normal -7.790108e-01 -6.227682e-01 -7.281432e-02
   outer loop
     vertex  3.760510e-01 -3.781347e+00 -6.214286e-01
     vertex  3.392833e-01 -3.590040e+00 -1.864286e+00
     vertex  4.825407e-01 -3.769238e+00 -1.864286e+00
   endloop
 endfacet
 facet normal -7.964857e-01 -6.007186e-01 -6.890335e-02
   outer loop
     vertex  3.760510e-01 -3.781347e+00 -6.214286e-01
     vertex  2.379042e-01 -3.598180e+00 -6.214286e-01
     vertex  3.392833e-01 -3.590040e+00 -1.864286e+00
   endloop
 endfacet
 facet normal -9.817648e-01 -1.817901e-01 -5.558959e-02
   outer loop
     vertex  2.499164e-02 -2.484616e+00 -1.864286e+00
     vertex  9.505133e-02 -2.482923e+00 -3.107143e+00
     vertex  1.805706e-01 -2.944773e+00 -3.107143e+00
   endloop
 endfacet
 facet normal -9.976115e-01 -1.768303e-02 -6.677302e-02
   outer loop
     vertex  9.745204e-02 -2.948695e+00 -1.864286e+00
     vertex  1.805706e-01 -2.944773e+00 -3.107143e+00
     vertex  1.815570e-01 -3.000426e+00 -3.107143e+00
   endloop
 endfacet
 facet normal -9.858473e-01 -1.539286e-01 -6.641611e-02
   outer loop
     vertex  9.745204e-02 -2.948695e+00 -1.864286e+00
     vertex  2.499164e-02 -2.484616e+00 -1.864286e+00
     vertex  1.805706e-01 -2.944773e+00 -3.107143e+00
   endloop
 endfacet
 facet normal -9.953258e-01  6.896543e-02 -6.760369e-02
   outer loop
     vertex  9.686863e-02 -3.004353e+00 -1.864286e+00
     vertex  1.815570e-01 -3.000426e+00 -3.107143e+00
     vertex  1.734049e-01 -3.118078e+00 -3.107143e+00
   endloop
 endfacet
 facet normal -9.976342e-01  1.045720e-02 -6.794584e-02
   outer loop
     vertex  9.686863e-02 -3.004353e+00 -1.864286e+00
     vertex  9.745204e-02 -2.948695e+00 -1.864286e+00
     vertex  1.815570e-01 -3.000426e+00 -3.107143e+00
   endloop
 endfacet
 facet normal -9.848112e-01 -1.588056e-01 -7.019801e-02
   outer loop
     vertex  8.540183e-02 -3.121729e+00 -1.864286e+00
     vertex  1.734049e-01 -3.118078e+00 -3.107143e+00
     vertex  1.808429e-01 -3.164204e+00 -3.107143e+00
   endloop
 endfacet
 facet normal -9.928196e-01  9.699141e-02 -7.001383e-02
   outer loop
     vertex  8.540183e-02 -3.121729e+00 -1.864286e+00
     vertex  9.686863e-02 -3.004353e+00 -1.864286e+00
     vertex  1.734049e-01 -3.118078e+00 -3.107143e+00
   endloop
 endfacet
 facet normal -9.232062e-01 -3.783293e-01 -6.750737e-02
   outer loop
     vertex  9.153607e-02 -3.168046e+00 -1.864286e+00
     vertex  1.808429e-01 -3.164204e+00 -3.107143e+00
     vertex  2.039986e-01 -3.220709e+00 -3.107143e+00
   endloop
 endfacet
 facet normal -9.888094e-01 -1.309576e-01 -7.145677e-02
   outer loop
     vertex  9.153607e-02 -3.168046e+00 -1.864286e+00
     vertex  8.540183e-02 -3.121729e+00 -1.864286e+00
     vertex  1.808429e-01 -3.164204e+00 -3.107143e+00
   endloop
 endfacet
 facet normal -8.494277e-01 -5.238077e-01 -6.401671e-02
   outer loop
     vertex  1.130890e-01 -3.225181e+00 -1.864286e+00
     vertex  2.039986e-01 -3.220709e+00 -3.107143e+00
     vertex  3.097811e-01 -3.392250e+00 -3.107143e+00
   endloop
 endfacet
 facet normal -9.333778e-01 -3.520939e-01 -6.953944e-02
   outer loop
     vertex  1.130890e-01 -3.225181e+00 -1.864286e+00
     vertex  9.153607e-02 -3.168046e+00 -1.864286e+00
     vertex  2.039986e-01 -3.220709e+00 -3.107143e+00
   endloop
 endfacet
 facet normal -8.177186e-01 -5.717731e-01 -6.642152e-02
   outer loop
     vertex  2.139917e-01 -3.399637e+00 -1.864286e+00
     vertex  3.097811e-01 -3.392250e+00 -3.107143e+00
     vertex  4.403924e-01 -3.579043e+00 -3.107143e+00
   endloop
 endfacet
 facet normal -8.635429e-01 -4.994598e-01 -6.952349e-02
   outer loop
     vertex  2.139917e-01 -3.399637e+00 -1.864286e+00
     vertex  1.130890e-01 -3.225181e+00 -1.864286e+00
     vertex  3.097811e-01 -3.392250e+00 -3.107143e+00
   endloop
 endfacet
 facet normal -7.614156e-01 -6.447248e-01 -6.764702e-02
   outer loop
     vertex  3.392833e-01 -3.590040e+00 -1.864286e+00
     vertex  4.403924e-01 -3.579043e+00 -3.107143e+00
     vertex  5.886465e-01 -3.754130e+00 -3.107143e+00
   endloop
 endfacet
 facet normal -8.331567e-01 -5.482470e-01 -7.262973e-02
   outer loop
     vertex  3.392833e-01 -3.590040e+00 -1.864286e+00
     vertex  2.139917e-01 -3.399637e+00 -1.864286e+00
     vertex  4.403924e-01 -3.579043e+00 -3.107143e+00
   endloop
 endfacet
 facet normal -7.789386e-01 -6.227105e-01 -7.406926e-02
   outer loop
     vertex  4.825407e-01 -3.769238e+00 -1.864286e+00
     vertex  3.392833e-01 -3.590040e+00 -1.864286e+00
     vertex  5.886465e-01 -3.754130e+00 -3.107143e+00
   endloop
 endfacet
 facet normal  9.512688e-01 -2.991727e-01  7.472161e-02
   outer loop
     vertex  7.510259e-01 -3.725045e+00 -1.864286e+00
     vertex  8.557786e-01 -3.702383e+00 -3.107143e+00
     vertex  9.511999e-01 -3.398976e+00 -3.107143e+00
   endloop
 endfacet
 facet normal  9.787882e-01 -1.918609e-01  7.185503e-02
   outer loop
     vertex  8.549657e-01 -3.424449e+00 -1.864286e+00
     vertex  9.511999e-01 -3.398976e+00 -3.107143e+00
     vertex  9.917825e-01 -3.191941e+00 -3.107143e+00
   endloop
 endfacet
 facet normal  9.430138e-01 -3.260746e-01  6.633423e-02
   outer loop
     vertex  8.549657e-01 -3.424449e+00 -1.864286e+00
     vertex  7.510259e-01 -3.725045e+00 -1.864286e+00
     vertex  9.511999e-01 -3.398976e+00 -3.107143e+00
   endloop
 endfacet
 facet normal  9.856002e-01 -1.546518e-01  6.837513e-02
   outer loop
     vertex  9.013709e-01 -3.218641e+00 -1.864286e+00
     vertex  9.917825e-01 -3.191941e+00 -3.107143e+00
     vertex  1.014795e+00 -3.045281e+00 -3.107143e+00
   endloop
 endfacet
 facet normal  9.733767e-01 -2.194754e-01  6.609334e-02
   outer loop
     vertex  9.013709e-01 -3.218641e+00 -1.864286e+00
     vertex  8.549657e-01 -3.424449e+00 -1.864286e+00
     vertex  9.917825e-01 -3.191941e+00 -3.107143e+00
   endloop
 endfacet
 facet normal  9.959133e-01  5.658673e-02  7.038865e-02
   outer loop
     vertex  9.285105e-01 -3.072688e+00 -1.864286e+00
     vertex  1.014795e+00 -3.045281e+00 -3.107143e+00
     vertex  1.011483e+00 -2.986983e+00 -3.107143e+00
   endloop
 endfacet
 facet normal  9.811263e-01 -1.824375e-01  6.409112e-02
   outer loop
     vertex  9.285105e-01 -3.072688e+00 -1.864286e+00
     vertex  9.013709e-01 -3.218641e+00 -1.864286e+00
     vertex  1.014795e+00 -3.045281e+00 -3.107143e+00
   endloop
 endfacet
 facet normal  9.486107e-01  3.082894e-01  7.138197e-02
   outer loop
     vertex  9.268435e-01 -3.014320e+00 -1.864286e+00
     vertex  1.011483e+00 -2.986983e+00 -3.107143e+00
     vertex  9.947557e-01 -2.935514e+00 -3.107143e+00
   endloop
 endfacet
 facet normal  9.972418e-01  2.848176e-02  6.853928e-02
   outer loop
     vertex  9.268435e-01 -3.014320e+00 -1.864286e+00
     vertex  9.285105e-01 -3.072688e+00 -1.864286e+00
     vertex  1.011483e+00 -2.986983e+00 -3.107143e+00
   endloop
 endfacet
 facet normal  9.035842e-01  4.227160e-01  6.961889e-02
   outer loop
     vertex  9.115745e-01 -2.962400e+00 -1.864286e+00
     vertex  9.947557e-01 -2.935514e+00 -3.107143e+00
     vertex  9.341055e-01 -2.805870e+00 -3.107143e+00
   endloop
 endfacet
 facet normal  9.570122e-01  2.814396e-01  7.013855e-02
   outer loop
     vertex  9.115745e-01 -2.962400e+00 -1.864286e+00
     vertex  9.268435e-01 -3.014320e+00 -1.864286e+00
     vertex  9.947557e-01 -2.935514e+00 -3.107143e+00
   endloop
 endfacet
 facet normal  9.809194e-01  1.827046e-01  6.645424e-02
   outer loop
     vertex  8.546045e-01 -2.831097e+00 -1.864286e+00
     vertex  9.341055e-01 -2.805870e+00 -3.107143e+00
     vertex  9.034449e-01 -2.641257e+00 -3.107143e+00
   endloop
 endfacet
 facet normal  9.153343e-01  3.971473e-01  6.661168e-02
   outer loop
     vertex  8.546045e-01 -2.831097e+00 -1.864286e+00
     vertex  9.115745e-01 -2.962400e+00 -1.864286e+00
     vertex  9.341055e-01 -2.805870e+00 -3.107143e+00
   endloop
 endfacet
 facet normal  9.760969e-01  2.080436e-01  6.287082e-02
   outer loop
     vertex  8.285985e-01 -2.665685e+00 -1.864286e+00
     vertex  9.034449e-01 -2.641257e+00 -3.107143e+00
     vertex  8.389828e-01 -2.338814e+00 -3.107143e+00
   endloop
 endfacet
 facet normal  9.859390e-01  1.550091e-01  6.242115e-02
   outer loop
     vertex  8.285985e-01 -2.665685e+00 -1.864286e+00
     vertex  8.546045e-01 -2.831097e+00 -1.864286e+00
     vertex  9.034449e-01 -2.641257e+00 -3.107143e+00
   endloop
 endfacet
 facet normal  9.819958e-01  1.805108e-01  5.567899e-02
   outer loop
     vertex  7.726913e-01 -2.361544e+00 -1.864286e+00
     vertex  8.285985e-01 -2.665685e+00 -1.864286e+00
     vertex  8.389828e-01 -2.338814e+00 -3.107143e+00
   endloop
 endfacet
 facet normal  9.329733e-01 -3.523618e-01  7.349833e-02
   outer loop
     vertex  7.580514e-01 -3.447198e+00 -6.214286e-01
     vertex  6.456757e-01 -3.744743e+00 -6.214286e-01
     vertex  7.510259e-01 -3.725045e+00 -1.864286e+00
   endloop
 endfacet
 facet normal  9.429361e-01 -3.260478e-01  6.755937e-02
   outer loop
     vertex  7.580514e-01 -3.447198e+00 -6.214286e-01
     vertex  7.510259e-01 -3.725045e+00 -1.864286e+00
     vertex  8.549657e-01 -3.424449e+00 -1.864286e+00
   endloop
 endfacet
 facet normal  9.733110e-01 -2.194605e-01  6.710250e-02
   outer loop
     vertex  8.102422e-01 -3.242781e+00 -6.214286e-01
     vertex  8.549657e-01 -3.424449e+00 -1.864286e+00
     vertex  9.013709e-01 -3.218641e+00 -1.864286e+00
   endloop
 endfacet
 facet normal  9.664840e-01 -2.467579e-01  7.084688e-02
   outer loop
     vertex  8.102422e-01 -3.242781e+00 -6.214286e-01
     vertex  7.580514e-01 -3.447198e+00 -6.214286e-01
     vertex  8.549657e-01 -3.424449e+00 -1.864286e+00
   endloop
 endfacet
 facet normal  9.810667e-01 -1.824265e-01  6.502903e-02
   outer loop
     vertex  8.414871e-01 -3.097651e+00 -6.214286e-01
     vertex  9.013709e-01 -3.218641e+00 -1.864286e+00
     vertex  9.285105e-01 -3.072688e+00 -1.864286e+00
   endloop
 endfacet
 facet normal  9.971131e-01  2.847808e-02  7.038865e-02
   outer loop
     vertex  8.414871e-01 -3.097651e+00 -6.214286e-01
     vertex  9.285105e-01 -3.072688e+00 -1.864286e+00
     vertex  9.268435e-01 -3.014320e+00 -1.864286e+00
   endloop
 endfacet
 facet normal  9.753755e-01 -2.099877e-01  6.743786e-02
   outer loop
     vertex  8.414871e-01 -3.097651e+00 -6.214286e-01
     vertex  8.102422e-01 -3.242781e+00 -6.214286e-01
     vertex  9.013709e-01 -3.218641e+00 -1.864286e+00
   endloop
 endfacet
 facet normal  9.569276e-01  2.814147e-01  7.138197e-02
   outer loop
     vertex  8.414668e-01 -3.039260e+00 -6.214286e-01
     vertex  9.268435e-01 -3.014320e+00 -1.864286e+00
     vertex  9.115745e-01 -2.962400e+00 -1.864286e+00
   endloop
 endfacet
 facet normal  9.976484e-01  3.468252e-04  6.853928e-02
   outer loop
     vertex  8.414668e-01 -3.039260e+00 -6.214286e-01
     vertex  8.414871e-01 -3.097651e+00 -6.214286e-01
     vertex  9.268435e-01 -3.014320e+00 -1.864286e+00
   endloop
 endfacet
 facet normal  9.151460e-01  3.970656e-01  6.961889e-02
   outer loop
     vertex  8.276681e-01 -2.986929e+00 -6.214286e-01
     vertex  9.115745e-01 -2.962400e+00 -1.864286e+00
     vertex  8.546045e-01 -2.831097e+00 -1.864286e+00
   endloop
 endfacet
 facet normal  9.645685e-01  2.543386e-01  7.013855e-02
   outer loop
     vertex  8.276681e-01 -2.986929e+00 -6.214286e-01
     vertex  8.414668e-01 -3.039260e+00 -6.214286e-01
     vertex  9.115745e-01 -2.962400e+00 -1.864286e+00
   endloop
 endfacet
 facet normal  9.856818e-01  1.549686e-01  6.645424e-02
   outer loop
     vertex  7.744237e-01 -2.854072e+00 -6.214286e-01
     vertex  8.546045e-01 -2.831097e+00 -1.864286e+00
     vertex  8.285985e-01 -2.665685e+00 -1.864286e+00
   endloop
 endfacet
 facet normal  9.261704e-01  3.711756e-01  6.661168e-02
   outer loop
     vertex  7.744237e-01 -2.854072e+00 -6.214286e-01
     vertex  8.276681e-01 -2.986929e+00 -6.214286e-01
     vertex  8.546045e-01 -2.831097e+00 -1.864286e+00
   endloop
 endfacet
 facet normal  9.815758e-01  1.804336e-01  6.287082e-02
   outer loop
     vertex  7.530929e-01 -2.687992e+00 -6.214286e-01
     vertex  8.285985e-01 -2.665685e+00 -1.864286e+00
     vertex  7.726913e-01 -2.361544e+00 -1.864286e+00
   endloop
 endfacet
 facet normal  9.899184e-01  1.271426e-01  6.242115e-02
   outer loop
     vertex  7.530929e-01 -2.687992e+00 -6.214286e-01
     vertex  7.744237e-01 -2.854072e+00 -6.214286e-01
     vertex  8.285985e-01 -2.665685e+00 -1.864286e+00
   endloop
 endfacet
 facet normal  9.866959e-01  1.527454e-01  5.567899e-02
   outer loop
     vertex  7.057851e-01 -2.382396e+00 -6.214286e-01
     vertex  7.530929e-01 -2.687992e+00 -6.214286e-01
     vertex  7.726913e-01 -2.361544e+00 -1.864286e+00
   endloop
 endfacet
 facet normal  9.328882e-01 -3.523297e-01  7.472161e-02
   outer loop
     vertex  5.398119e-01 -3.761463e+00  6.214286e-01
     vertex  6.456757e-01 -3.744743e+00 -6.214286e-01
     vertex  7.580514e-01 -3.447198e+00 -6.214286e-01
   endloop
 endfacet
 facet normal  9.664141e-01 -2.467401e-01  7.185503e-02
   outer loop
     vertex  6.605342e-01 -3.467205e+00  6.214286e-01
     vertex  7.580514e-01 -3.447198e+00 -6.214286e-01
     vertex  8.102422e-01 -3.242781e+00 -6.214286e-01
   endloop
 endfacet
 facet normal  9.231296e-01 -3.787234e-01  6.633423e-02
   outer loop
     vertex  6.605342e-01 -3.467205e+00  6.214286e-01
     vertex  5.398119e-01 -3.761463e+00  6.214286e-01
     vertex  7.580514e-01 -3.447198e+00 -6.214286e-01
   endloop
 endfacet
 facet normal  9.594543e-01 -2.740056e-01  6.609334e-02
   outer loop
     vertex  7.184690e-01 -3.264341e+00  6.214286e-01
     vertex  6.605342e-01 -3.467205e+00  6.214286e-01
     vertex  8.102422e-01 -3.242781e+00 -6.214286e-01
   endloop
 endfacet
 facet normal  9.755318e-01 -2.100213e-01  6.502903e-02
   outer loop
     vertex  7.537944e-01 -3.120150e+00  6.214286e-01
     vertex  8.102422e-01 -3.242781e+00 -6.214286e-01
     vertex  8.414871e-01 -3.097651e+00 -6.214286e-01
   endloop
 endfacet
 facet normal  9.690656e-01 -2.374111e-01  6.743786e-02
   outer loop
     vertex  7.537944e-01 -3.120150e+00  6.214286e-01
     vertex  7.184690e-01 -3.264341e+00  6.214286e-01
     vertex  8.102422e-01 -3.242781e+00 -6.214286e-01
   endloop
 endfacet
 facet normal  9.976115e-01  3.468124e-04  6.907336e-02
   outer loop
     vertex  7.554208e-01 -3.061782e+00  6.214286e-01
     vertex  8.414871e-01 -3.097651e+00 -6.214286e-01
     vertex  8.414668e-01 -3.039260e+00 -6.214286e-01
   endloop
 endfacet
 facet normal  9.971701e-01 -2.778584e-02  6.985472e-02
   outer loop
     vertex  7.554208e-01 -3.061782e+00  6.214286e-01
     vertex  7.537944e-01 -3.120150e+00  6.214286e-01
     vertex  8.414871e-01 -3.097651e+00 -6.214286e-01
   endloop
 endfacet
 facet normal  9.645669e-01  2.543381e-01  7.016317e-02
   outer loop
     vertex  7.431034e-01 -3.009082e+00  6.214286e-01
     vertex  8.414668e-01 -3.039260e+00 -6.214286e-01
     vertex  8.276681e-01 -2.986929e+00 -6.214286e-01
   endloop
 endfacet
 facet normal  9.712734e-01  2.270156e-01  7.135736e-02
   outer loop
     vertex  7.431034e-01 -3.009082e+00  6.214286e-01
     vertex  7.554208e-01 -3.061782e+00  6.214286e-01
     vertex  8.414668e-01 -3.039260e+00 -6.214286e-01
   endloop
 endfacet
 facet normal  9.261838e-01  3.711810e-01  6.639369e-02
   outer loop
     vertex  6.936269e-01 -2.874776e+00  6.214286e-01
     vertex  8.276681e-01 -2.986929e+00 -6.214286e-01
     vertex  7.744237e-01 -2.854072e+00 -6.214286e-01
   endloop
 endfacet
 facet normal  9.360627e-01  3.448325e-01  6.983675e-02
   outer loop
     vertex  6.936269e-01 -2.874776e+00  6.214286e-01
     vertex  7.431034e-01 -3.009082e+00  6.214286e-01
     vertex  8.276681e-01 -2.986929e+00 -6.214286e-01
   endloop
 endfacet
 facet normal  9.899024e-01  1.271405e-01  6.267855e-02
   outer loop
     vertex  6.769883e-01 -2.708161e+00  6.214286e-01
     vertex  7.744237e-01 -2.854072e+00 -6.214286e-01
     vertex  7.530929e-01 -2.687992e+00 -6.214286e-01
   endloop
 endfacet
 facet normal  9.928681e-01  9.915074e-02  6.619703e-02
   outer loop
     vertex  6.769883e-01 -2.708161e+00  6.214286e-01
     vertex  6.936269e-01 -2.874776e+00  6.214286e-01
     vertex  7.744237e-01 -2.854072e+00 -6.214286e-01
   endloop
 endfacet
 facet normal  9.866841e-01  1.527435e-01  5.589113e-02
   outer loop
     vertex  6.383175e-01 -2.401352e+00  6.214286e-01
     vertex  7.530929e-01 -2.687992e+00 -6.214286e-01
     vertex  7.057851e-01 -2.382396e+00 -6.214286e-01
   endloop
 endfacet
 facet normal  9.902006e-01  1.248067e-01  6.265893e-02
   outer loop
     vertex  6.383175e-01 -2.401352e+00  6.214286e-01
     vertex  6.769883e-01 -2.708161e+00  6.214286e-01
     vertex  7.530929e-01 -2.687992e+00 -6.214286e-01
   endloop
 endfacet
 facet normal  9.116230e-01 -4.044027e-01  7.349833e-02
   outer loop
     vertex  5.624914e-01 -3.484454e+00  1.864286e+00
     vertex  4.335188e-01 -3.775190e+00  1.864286e+00
     vertex  5.398119e-01 -3.761463e+00  6.214286e-01
   endloop
 endfacet
 facet normal  9.230536e-01 -3.786922e-01  6.755937e-02
   outer loop
     vertex  5.624914e-01 -3.484454e+00  1.864286e+00
     vertex  5.398119e-01 -3.761463e+00  6.214286e-01
     vertex  6.605342e-01 -3.467205e+00  6.214286e-01
   endloop
 endfacet
 facet normal  9.593896e-01 -2.739871e-01  6.710250e-02
   outer loop
     vertex  6.261243e-01 -3.283305e+00  1.864286e+00
     vertex  6.605342e-01 -3.467205e+00  6.214286e-01
     vertex  7.184690e-01 -3.264341e+00  6.214286e-01
   endloop
 endfacet
 facet normal  9.690036e-01 -2.373959e-01  6.837513e-02
   outer loop
     vertex  6.261243e-01 -3.283305e+00  1.864286e+00
     vertex  7.184690e-01 -3.264341e+00  6.214286e-01
     vertex  7.537944e-01 -3.120150e+00  6.214286e-01
   endloop
 endfacet
 facet normal  9.510343e-01 -3.008561e-01  7.084688e-02
   outer loop
     vertex  6.261243e-01 -3.283305e+00  1.864286e+00
     vertex  5.624914e-01 -3.484454e+00  1.864286e+00
     vertex  6.605342e-01 -3.467205e+00  6.214286e-01
   endloop
 endfacet
 facet normal  9.971326e-01 -2.778480e-02  7.038865e-02
   outer loop
     vertex  6.655020e-01 -3.140167e+00  1.864286e+00
     vertex  7.537944e-01 -3.120150e+00  6.214286e-01
     vertex  7.554208e-01 -3.061782e+00  6.214286e-01
   endloop
 endfacet
 facet normal  9.621975e-01 -2.647042e-01  6.409112e-02
   outer loop
     vertex  6.655020e-01 -3.140167e+00  1.864286e+00
     vertex  6.261243e-01 -3.283305e+00  1.864286e+00
     vertex  7.537944e-01 -3.120150e+00  6.214286e-01
   endloop
 endfacet
 facet normal  9.712717e-01  2.270152e-01  7.138197e-02
   outer loop
     vertex  6.687738e-01 -3.081868e+00  1.864286e+00
     vertex  7.554208e-01 -3.061782e+00  6.214286e-01
     vertex  7.431034e-01 -3.009082e+00  6.214286e-01
   endloop
 endfacet
 facet normal  9.960810e-01 -5.590148e-02  6.853928e-02
   outer loop
     vertex  6.687738e-01 -3.081868e+00  1.864286e+00
     vertex  6.655020e-01 -3.140167e+00  1.864286e+00
     vertex  7.554208e-01 -3.061782e+00  6.214286e-01
   endloop
 endfacet
 facet normal  9.360770e-01  3.448378e-01  6.961889e-02
   outer loop
     vertex  6.579475e-01 -3.028842e+00  1.864286e+00
     vertex  7.431034e-01 -3.009082e+00  6.214286e-01
     vertex  6.936269e-01 -2.874776e+00  6.214286e-01
   endloop
 endfacet
 facet normal  9.773740e-01  1.995513e-01  7.013855e-02
   outer loop
     vertex  6.579475e-01 -3.028842e+00  1.864286e+00
     vertex  6.687738e-01 -3.081868e+00  1.864286e+00
     vertex  7.431034e-01 -3.009082e+00  6.214286e-01
   endloop
 endfacet
 facet normal  9.928511e-01  9.914905e-02  6.645424e-02
   outer loop
     vertex  6.122784e-01 -2.893194e+00  1.864286e+00
     vertex  6.936269e-01 -2.874776e+00  6.214286e-01
     vertex  6.769883e-01 -2.708161e+00  6.214286e-01
   endloop
 endfacet
 facet normal  9.456242e-01  3.183674e-01  6.661168e-02
   outer loop
     vertex  6.122784e-01 -2.893194e+00  1.864286e+00
     vertex  6.579475e-01 -3.028842e+00  1.864286e+00
     vertex  6.936269e-01 -2.874776e+00  6.214286e-01
   endloop
 endfacet
 facet normal  9.901873e-01  1.248050e-01  6.287082e-02
   outer loop
     vertex  6.003451e-01 -2.726176e+00  1.864286e+00
     vertex  6.769883e-01 -2.708161e+00  6.214286e-01
     vertex  6.383175e-01 -2.401352e+00  6.214286e-01
   endloop
 endfacet
 facet normal  9.955121e-01  7.112839e-02  6.242115e-02
   outer loop
     vertex  6.003451e-01 -2.726176e+00  1.864286e+00
     vertex  6.122784e-01 -2.893194e+00  1.864286e+00
     vertex  6.769883e-01 -2.708161e+00  6.214286e-01
   endloop
 endfacet
 facet normal  9.937382e-01  9.687214e-02  5.567899e-02
   outer loop
     vertex  5.703422e-01 -2.418399e+00  1.864286e+00
     vertex  6.003451e-01 -2.726176e+00  1.864286e+00
     vertex  6.383175e-01 -2.401352e+00  6.214286e-01
   endloop
 endfacet
 facet normal -1.624141e-01 -9.867138e-01 -4.195647e-03
   outer loop
     vertex -2.548886e-01 -2.471634e+00  3.107143e+00
     vertex -6.188730e-01 -2.406437e+00  1.864286e+00
     vertex -1.850838e-01 -2.477839e+00  1.864286e+00
   endloop
 endfacet
 facet normal -1.901762e-01 -9.817410e-01  4.195647e-03
   outer loop
     vertex -2.548886e-01 -2.471634e+00  3.107143e+00
     vertex -6.864918e-01 -2.388027e+00  3.107143e+00
     vertex -6.188730e-01 -2.406437e+00  1.864286e+00
   endloop
 endfacet
 facet normal  6.192103e-01 -7.816619e-01  7.472161e-02
   outer loop
     vertex -1.469964e+00 -3.504170e+00  3.107143e+00
     vertex -1.370557e+00 -3.544231e+00  1.864286e+00
     vertex -1.121245e+00 -3.346734e+00  1.864286e+00
   endloop
 endfacet
 facet normal  7.022335e-01 -7.083114e-01  7.185503e-02
   outer loop
     vertex -1.215182e+00 -3.313782e+00  3.107143e+00
     vertex -1.121245e+00 -3.346734e+00  1.864286e+00
     vertex -9.714223e-01 -3.198197e+00  1.864286e+00
   endloop
 endfacet
 facet normal  5.972750e-01 -7.992886e-01  6.633423e-02
   outer loop
     vertex -1.215182e+00 -3.313782e+00  3.107143e+00
     vertex -1.469964e+00 -3.504170e+00  3.107143e+00
     vertex -1.121245e+00 -3.346734e+00  1.864286e+00
   endloop
 endfacet
 facet normal  7.287617e-01 -6.813452e-01  6.837513e-02
   outer loop
     vertex -1.061230e+00 -3.169529e+00  3.107143e+00
     vertex -9.714223e-01 -3.198197e+00  1.864286e+00
     vertex -8.700357e-01 -3.089754e+00  1.864286e+00
   endloop
 endfacet
 facet normal  6.822512e-01 -7.281243e-01  6.609334e-02
   outer loop
     vertex -1.061230e+00 -3.169529e+00  3.107143e+00
     vertex -1.215182e+00 -3.313782e+00  3.107143e+00
     vertex -9.714223e-01 -3.198197e+00  1.864286e+00
   endloop
 endfacet
 facet normal  7.094591e-01 -7.018263e-01  6.409112e-02
   outer loop
     vertex -9.568250e-01 -3.063989e+00  3.107143e+00
     vertex -1.061230e+00 -3.169529e+00  3.107143e+00
     vertex -8.700357e-01 -3.089754e+00  1.864286e+00
   endloop
 endfacet
 facet normal  8.559756e-01 -5.123813e-01  6.907336e-02
   outer loop
     vertex -9.254338e-01 -3.014754e+00  3.107143e+00
     vertex -8.700357e-01 -3.089754e+00  1.864286e+00
     vertex -8.400455e-01 -3.039653e+00  1.864286e+00
   endloop
 endfacet
 facet normal  8.411394e-01 -5.362880e-01  6.985472e-02
   outer loop
     vertex -9.254338e-01 -3.014754e+00  3.107143e+00
     vertex -9.568250e-01 -3.063989e+00  3.107143e+00
     vertex -8.700357e-01 -3.089754e+00  1.864286e+00
   endloop
 endfacet
 facet normal  9.581561e-01 -2.775139e-01  7.016317e-02
   outer loop
     vertex -9.089178e-01 -2.963216e+00  3.107143e+00
     vertex -8.400455e-01 -3.039653e+00  1.864286e+00
     vertex -8.249895e-01 -2.987670e+00  1.864286e+00
   endloop
 endfacet
 facet normal  9.498681e-01 -3.043991e-01  7.135736e-02
   outer loop
     vertex -9.089178e-01 -2.963216e+00  3.107143e+00
     vertex -9.254338e-01 -3.014754e+00  3.107143e+00
     vertex -8.400455e-01 -3.039653e+00  1.864286e+00
   endloop
 endfacet
 facet normal  9.852757e-01 -1.575554e-01  6.639369e-02
   outer loop
     vertex -8.823403e-01 -2.822576e+00  3.107143e+00
     vertex -8.249895e-01 -2.987670e+00  1.864286e+00
     vertex -8.023888e-01 -2.846336e+00  1.864286e+00
   endloop
 endfacet
 facet normal  9.802095e-01 -1.852352e-01  6.983675e-02
   outer loop
     vertex -8.823403e-01 -2.822576e+00  3.107143e+00
     vertex -9.089178e-01 -2.963216e+00  3.107143e+00
     vertex -8.249895e-01 -2.987670e+00  1.864286e+00
   endloop
 endfacet
 facet normal  9.145224e-01 -3.996500e-01  6.267855e-02
   outer loop
     vertex -8.109891e-01 -2.671095e+00  3.107143e+00
     vertex -8.023888e-01 -2.846336e+00  1.864286e+00
     vertex -7.353380e-01 -2.692903e+00  1.864286e+00
   endloop
 endfacet
 facet normal  9.026825e-01 -4.251851e-01  6.619703e-02
   outer loop
     vertex -8.109891e-01 -2.671095e+00  3.107143e+00
     vertex -8.823403e-01 -2.822576e+00  3.107143e+00
     vertex -8.023888e-01 -2.846336e+00  1.864286e+00
   endloop
 endfacet
 facet normal  9.249192e-01 -3.760327e-01  5.589113e-02
   outer loop
     vertex -6.864918e-01 -2.388027e+00  3.107143e+00
     vertex -7.353380e-01 -2.692903e+00  1.864286e+00
     vertex -6.188730e-01 -2.406437e+00  1.864286e+00
   endloop
 endfacet
 facet normal  9.135789e-01 -4.018053e-01  6.265893e-02
   outer loop
     vertex -6.864918e-01 -2.388027e+00  3.107143e+00
     vertex -8.109891e-01 -2.671095e+00  3.107143e+00
     vertex -7.353380e-01 -2.692903e+00  1.864286e+00
   endloop
 endfacet
 facet normal -9.144847e-01  4.007836e-01 -5.558959e-02
   outer loop
     vertex -1.374318e+00 -2.070071e+00  3.107143e+00
     vertex -1.315393e+00 -2.108005e+00  1.864286e+00
     vertex -1.503933e+00 -2.538205e+00  1.864286e+00
   endloop
 endfacet
 facet normal -8.354593e-01  5.454806e-01 -6.677302e-02
   outer loop
     vertex -1.574916e+00 -2.494782e+00  3.107143e+00
     vertex -1.503933e+00 -2.538205e+00  1.864286e+00
     vertex -1.534363e+00 -2.584811e+00  1.864286e+00
   endloop
 endfacet
 facet normal -9.022200e-01  4.261314e-01 -6.641611e-02
   outer loop
     vertex -1.574916e+00 -2.494782e+00  3.107143e+00
     vertex -1.374318e+00 -2.070071e+00  3.107143e+00
     vertex -1.503933e+00 -2.538205e+00  1.864286e+00
   endloop
 endfacet
 facet normal -7.849187e-01  6.158996e-01 -6.760369e-02
   outer loop
     vertex -1.606648e+00 -2.540512e+00  3.107143e+00
     vertex -1.534363e+00 -2.584811e+00  1.864286e+00
     vertex -1.607165e+00 -2.677593e+00  1.864286e+00
   endloop
 endfacet
 facet normal -8.196786e-01  5.687796e-01 -6.794584e-02
   outer loop
     vertex -1.606648e+00 -2.540512e+00  3.107143e+00
     vertex -1.574916e+00 -2.494782e+00  3.107143e+00
     vertex -1.534363e+00 -2.584811e+00  1.864286e+00
   endloop
 endfacet
 facet normal -9.041008e-01  4.215139e-01 -7.019801e-02
   outer loop
     vertex -1.682038e+00 -2.631203e+00  3.107143e+00
     vertex -1.607165e+00 -2.677593e+00  1.864286e+00
     vertex -1.626908e+00 -2.719938e+00  1.864286e+00
   endloop
 endfacet
 facet normal -7.671095e-01  6.376842e-01 -7.001383e-02
   outer loop
     vertex -1.682038e+00 -2.631203e+00  3.107143e+00
     vertex -1.606648e+00 -2.540512e+00  3.107143e+00
     vertex -1.607165e+00 -2.677593e+00  1.864286e+00
   endloop
 endfacet
 facet normal -9.763749e-01  2.052679e-01 -6.750737e-02
   outer loop
     vertex -1.702967e+00 -2.672975e+00  3.107143e+00
     vertex -1.626908e+00 -2.719938e+00  1.864286e+00
     vertex -1.639471e+00 -2.779697e+00  1.864286e+00
   endloop
 endfacet
 facet normal -8.917740e-01  4.468031e-01 -7.145677e-02
   outer loop
     vertex -1.702967e+00 -2.672975e+00  3.107143e+00
     vertex -1.682038e+00 -2.631203e+00  3.107143e+00
     vertex -1.626908e+00 -2.719938e+00  1.864286e+00
   endloop
 endfacet
 facet normal -9.970020e-01  4.346015e-02 -6.401671e-02
   outer loop
     vertex -1.717210e+00 -2.732356e+00  3.107143e+00
     vertex -1.639471e+00 -2.779697e+00  1.864286e+00
     vertex -1.648248e+00 -2.981041e+00  1.864286e+00
   endloop
 endfacet
 facet normal -9.700619e-01  2.326888e-01 -6.953944e-02
   outer loop
     vertex -1.717210e+00 -2.732356e+00  3.107143e+00
     vertex -1.702967e+00 -2.672975e+00  3.107143e+00
     vertex -1.639471e+00 -2.779697e+00  1.864286e+00
   endloop
 endfacet
 facet normal -9.976929e-01 -1.403476e-02 -6.642152e-02
   outer loop
     vertex -1.731662e+00 -2.933372e+00  3.107143e+00
     vertex -1.648248e+00 -2.981041e+00  1.864286e+00
     vertex -1.645042e+00 -3.208946e+00  1.864286e+00
   endloop
 endfacet
 facet normal -9.950123e-01  7.153328e-02 -6.952349e-02
   outer loop
     vertex -1.731662e+00 -2.933372e+00  3.107143e+00
     vertex -1.717210e+00 -2.732356e+00  3.107143e+00
     vertex -1.648248e+00 -2.981041e+00  1.864286e+00
   endloop
 endfacet
 facet normal -9.920609e-01 -1.060144e-01 -6.764702e-02
   outer loop
     vertex -1.734884e+00 -3.161277e+00  3.107143e+00
     vertex -1.645042e+00 -3.208946e+00  1.864286e+00
     vertex -1.620664e+00 -3.437070e+00  1.864286e+00
   endloop
 endfacet
 facet normal -9.972593e-01  1.410103e-02 -7.262973e-02
   outer loop
     vertex -1.734884e+00 -3.161277e+00  3.107143e+00
     vertex -1.731662e+00 -2.933372e+00  3.107143e+00
     vertex -1.645042e+00 -3.208946e+00  1.864286e+00
   endloop
 endfacet
 facet normal -9.942012e-01 -7.795911e-02 -7.406926e-02
   outer loop
     vertex -1.716950e+00 -3.389998e+00  3.107143e+00
     vertex -1.734884e+00 -3.161277e+00  3.107143e+00
     vertex -1.620664e+00 -3.437070e+00  1.864286e+00
   endloop
 endfacet
 facet normal -9.144730e-01  4.007785e-01 -5.581804e-02
   outer loop
     vertex -1.503933e+00 -2.538205e+00  1.864286e+00
     vertex -1.315393e+00 -2.108005e+00  1.864286e+00
     vertex -1.255421e+00 -2.144262e+00  6.214286e-01
   endloop
 endfacet
 facet normal -9.248244e-01  3.745918e-01 -6.618810e-02
   outer loop
     vertex -1.503933e+00 -2.538205e+00  1.864286e+00
     vertex -1.255421e+00 -2.144262e+00  6.214286e-01
     vertex -1.431754e+00 -2.579608e+00  6.214286e-01
   endloop
 endfacet
 facet normal -8.504381e-01  5.216582e-01 -6.802742e-02
   outer loop
     vertex -1.534363e+00 -2.584811e+00  1.864286e+00
     vertex -1.431754e+00 -2.579608e+00  6.214286e-01
     vertex -1.460857e+00 -2.627054e+00  6.214286e-01
   endloop
 endfacet
 facet normal -8.354639e-01  5.454836e-01 -6.669142e-02
   outer loop
     vertex -1.534363e+00 -2.584811e+00  1.864286e+00
     vertex -1.503933e+00 -2.538205e+00  1.864286e+00
     vertex -1.431754e+00 -2.579608e+00  6.214286e-01
   endloop
 endfacet
 facet normal -8.018282e-01  5.934096e-01 -7.026067e-02
   outer loop
     vertex -1.607165e+00 -2.677593e+00  1.864286e+00
     vertex -1.460857e+00 -2.627054e+00  6.214286e-01
     vertex -1.531014e+00 -2.721852e+00  6.214286e-01
   endloop
 endfacet
 facet normal -7.849319e-01  6.159099e-01 -6.735671e-02
   outer loop
     vertex -1.607165e+00 -2.677593e+00  1.864286e+00
     vertex -1.534363e+00 -2.584811e+00  1.864286e+00
     vertex -1.460857e+00 -2.627054e+00  6.214286e-01
   endloop
 endfacet
 facet normal -9.155600e-01  3.958197e-01 -7.125022e-02
   outer loop
     vertex -1.626908e+00 -2.719938e+00  1.864286e+00
     vertex -1.531014e+00 -2.721852e+00  6.214286e-01
     vertex -1.549555e+00 -2.764737e+00  6.214286e-01
   endloop
 endfacet
 facet normal -9.040876e-01  4.215077e-01 -7.040461e-02
   outer loop
     vertex -1.626908e+00 -2.719938e+00  1.864286e+00
     vertex -1.607165e+00 -2.677593e+00  1.864286e+00
     vertex -1.531014e+00 -2.721852e+00  6.214286e-01
   endloop
 endfacet
 facet normal -9.816828e-01  1.776344e-01 -6.888334e-02
   outer loop
     vertex -1.639471e+00 -2.779697e+00  1.864286e+00
     vertex -1.549555e+00 -2.764737e+00  6.214286e-01
     vertex -1.560428e+00 -2.824827e+00  6.214286e-01
   endloop
 endfacet
 facet normal -9.763312e-01  2.052587e-01 -6.816366e-02
   outer loop
     vertex -1.639471e+00 -2.779697e+00  1.864286e+00
     vertex -1.626908e+00 -2.719938e+00  1.864286e+00
     vertex -1.549555e+00 -2.764737e+00  6.214286e-01
   endloop
 endfacet
 facet normal -9.975294e-01  1.532139e-02 -6.855957e-02
   outer loop
     vertex -1.648248e+00 -2.981041e+00  1.864286e+00
     vertex -1.560428e+00 -2.824827e+00  6.214286e-01
     vertex -1.563523e+00 -3.026338e+00  6.214286e-01
   endloop
 endfacet
 facet normal -9.969397e-01  4.345743e-02 -6.498151e-02
   outer loop
     vertex -1.648248e+00 -2.981041e+00  1.864286e+00
     vertex -1.639471e+00 -2.779697e+00  1.864286e+00
     vertex -1.560428e+00 -2.824827e+00  6.214286e-01
   endloop
 endfacet
 facet normal -9.965455e-01 -4.215050e-02 -7.155648e-02
   outer loop
     vertex -1.645042e+00 -3.208946e+00  1.864286e+00
     vertex -1.563523e+00 -3.026338e+00  6.214286e-01
     vertex -1.553891e+00 -3.254062e+00  6.214286e-01
   endloop
 endfacet
 facet normal -9.886766e-01 -1.339498e-01 -6.764702e-02
   outer loop
     vertex -1.645042e+00 -3.208946e+00  1.864286e+00
     vertex -1.553891e+00 -3.254062e+00  6.214286e-01
     vertex -1.523089e+00 -3.481408e+00  6.214286e-01
   endloop
 endfacet
 facet normal -9.976208e-01 -1.403374e-02 -6.749593e-02
   outer loop
     vertex -1.645042e+00 -3.208946e+00  1.864286e+00
     vertex -1.648248e+00 -2.981041e+00  1.864286e+00
     vertex -1.563523e+00 -3.026338e+00  6.214286e-01
   endloop
 endfacet
 facet normal -9.916073e-01 -1.059660e-01 -7.406926e-02
   outer loop
     vertex -1.620664e+00 -3.437070e+00  1.864286e+00
     vertex -1.645042e+00 -3.208946e+00  1.864286e+00
     vertex -1.523089e+00 -3.481408e+00  6.214286e-01
   endloop
 endfacet
 facet normal -9.254118e-01  3.748297e-01 -5.581804e-02
   outer loop
     vertex -1.431754e+00 -2.579608e+00  6.214286e-01
     vertex -1.255421e+00 -2.144262e+00  6.214286e-01
     vertex -1.194450e+00 -2.178814e+00 -6.214286e-01
   endloop
 endfacet
 facet normal -9.350206e-01  3.483614e-01 -6.618810e-02
   outer loop
     vertex -1.431754e+00 -2.579608e+00  6.214286e-01
     vertex -1.194450e+00 -2.178814e+00 -6.214286e-01
     vertex -1.358436e+00 -2.618959e+00 -6.214286e-01
   endloop
 endfacet
 facet normal -8.648113e-01  4.974672e-01 -6.802742e-02
   outer loop
     vertex -1.460857e+00 -2.627054e+00  6.214286e-01
     vertex -1.358436e+00 -2.618959e+00 -6.214286e-01
     vertex -1.386190e+00 -2.667208e+00 -6.214286e-01
   endloop
 endfacet
 facet normal -8.505150e-01  5.217054e-01 -6.669142e-02
   outer loop
     vertex -1.460857e+00 -2.627054e+00  6.214286e-01
     vertex -1.431754e+00 -2.579608e+00  6.214286e-01
     vertex -1.358436e+00 -2.618959e+00 -6.214286e-01
   endloop
 endfacet
 facet normal -8.182443e-01  5.705609e-01 -7.026067e-02
   outer loop
     vertex -1.531014e+00 -2.721852e+00  6.214286e-01
     vertex -1.386190e+00 -2.667208e+00 -6.214286e-01
     vertex -1.453645e+00 -2.763946e+00 -6.214286e-01
   endloop
 endfacet
 facet normal -8.019892e-01  5.935288e-01 -6.735671e-02
   outer loop
     vertex -1.531014e+00 -2.721852e+00  6.214286e-01
     vertex -1.460857e+00 -2.627054e+00  6.214286e-01
     vertex -1.386190e+00 -2.667208e+00 -6.214286e-01
   endloop
 endfacet
 facet normal -9.263585e-01  3.698422e-01 -7.125022e-02
   outer loop
     vertex -1.549555e+00 -2.764737e+00  6.214286e-01
     vertex -1.453645e+00 -2.763946e+00 -6.214286e-01
     vertex -1.470969e+00 -2.807337e+00 -6.214286e-01
   endloop
 endfacet
 facet normal -9.156151e-01  3.958435e-01 -7.040461e-02
   outer loop
     vertex -1.549555e+00 -2.764737e+00  6.214286e-01
     vertex -1.531014e+00 -2.721852e+00  6.214286e-01
     vertex -1.453645e+00 -2.763946e+00 -6.214286e-01
   endloop
 endfacet
 facet normal -9.863019e-01  1.498789e-01 -6.888334e-02
   outer loop
     vertex -1.560428e+00 -2.824827e+00  6.214286e-01
     vertex -1.470969e+00 -2.807337e+00 -6.214286e-01
     vertex -1.480143e+00 -2.867710e+00 -6.214286e-01
   endloop
 endfacet
 facet normal -9.817314e-01  1.776432e-01 -6.816366e-02
   outer loop
     vertex -1.560428e+00 -2.824827e+00  6.214286e-01
     vertex -1.549555e+00 -2.764737e+00  6.214286e-01
     vertex -1.470969e+00 -2.807337e+00 -6.214286e-01
   endloop
 endfacet
 facet normal -9.975647e-01 -1.281642e-02 -6.855957e-02
   outer loop
     vertex -1.563523e+00 -3.026338e+00  6.214286e-01
     vertex -1.480143e+00 -2.867710e+00 -6.214286e-01
     vertex -1.477554e+00 -3.069228e+00 -6.214286e-01
   endloop
 endfacet
 facet normal -9.977688e-01  1.532506e-02 -6.498151e-02
   outer loop
     vertex -1.563523e+00 -3.026338e+00  6.214286e-01
     vertex -1.560428e+00 -2.824827e+00  6.214286e-01
     vertex -1.480143e+00 -2.867710e+00 -6.214286e-01
   endloop
 endfacet
 facet normal -9.949605e-01 -7.023770e-02 -7.155648e-02
   outer loop
     vertex -1.553891e+00 -3.254062e+00  6.214286e-01
     vertex -1.477554e+00 -3.069228e+00 -6.214286e-01
     vertex -1.461504e+00 -3.296590e+00 -6.214286e-01
   endloop
 endfacet
 facet normal -9.845058e-01 -1.617785e-01 -6.764702e-02
   outer loop
     vertex -1.553891e+00 -3.254062e+00  6.214286e-01
     vertex -1.461504e+00 -3.296590e+00 -6.214286e-01
     vertex -1.424303e+00 -3.522976e+00 -6.214286e-01
   endloop
 endfacet
 facet normal -9.968283e-01 -4.216246e-02 -6.749593e-02
   outer loop
     vertex -1.553891e+00 -3.254062e+00  6.214286e-01
     vertex -1.563523e+00 -3.026338e+00  6.214286e-01
     vertex -1.477554e+00 -3.069228e+00 -6.214286e-01
   endloop
 endfacet
 facet normal -9.882245e-01 -1.338885e-01 -7.406926e-02
   outer loop
     vertex -1.523089e+00 -3.481408e+00  6.214286e-01
     vertex -1.553891e+00 -3.254062e+00  6.214286e-01
     vertex -1.424303e+00 -3.522976e+00 -6.214286e-01
   endloop
 endfacet
 facet normal -9.356145e-01  3.485827e-01 -5.581804e-02
   outer loop
     vertex -1.358436e+00 -2.618959e+00 -6.214286e-01
     vertex -1.194450e+00 -2.178814e+00 -6.214286e-01
     vertex -1.132530e+00 -2.211633e+00 -1.864286e+00
   endloop
 endfacet
 facet normal -9.444729e-01  3.218540e-01 -6.618810e-02
   outer loop
     vertex -1.358436e+00 -2.618959e+00 -6.214286e-01
     vertex -1.132530e+00 -2.211633e+00 -1.864286e+00
     vertex -1.284037e+00 -2.656228e+00 -1.864286e+00
   endloop
 endfacet
 facet normal -8.784966e-01  4.728805e-01 -6.802742e-02
   outer loop
     vertex -1.386190e+00 -2.667208e+00 -6.214286e-01
     vertex -1.284037e+00 -2.656228e+00 -1.864286e+00
     vertex -1.310419e+00 -2.705239e+00 -1.864286e+00
   endloop
 endfacet
 facet normal -8.648895e-01  4.975122e-01 -6.669142e-02
   outer loop
     vertex -1.386190e+00 -2.667208e+00 -6.214286e-01
     vertex -1.358436e+00 -2.618959e+00 -6.214286e-01
     vertex -1.284037e+00 -2.656228e+00 -1.864286e+00
   endloop
 endfacet
 facet normal -8.340094e-01  5.472584e-01 -7.026067e-02
   outer loop
     vertex -1.453645e+00 -2.763946e+00 -6.214286e-01
     vertex -1.310419e+00 -2.705239e+00 -1.864286e+00
     vertex -1.375120e+00 -2.803842e+00 -1.864286e+00
   endloop
 endfacet
 facet normal -8.184085e-01  5.706755e-01 -6.735671e-02
   outer loop
     vertex -1.453645e+00 -2.763946e+00 -6.214286e-01
     vertex -1.386190e+00 -2.667208e+00 -6.214286e-01
     vertex -1.310419e+00 -2.705239e+00 -1.864286e+00
   endloop
 endfacet
 facet normal -9.364202e-01  3.435705e-01 -7.125022e-02
   outer loop
     vertex -1.470969e+00 -2.807337e+00 -6.214286e-01
     vertex -1.375120e+00 -2.803842e+00 -1.864286e+00
     vertex -1.391213e+00 -2.847704e+00 -1.864286e+00
   endloop
 endfacet
 facet normal -9.264143e-01  3.698645e-01 -7.040461e-02
   outer loop
     vertex -1.470969e+00 -2.807337e+00 -6.214286e-01
     vertex -1.453645e+00 -2.763946e+00 -6.214286e-01
     vertex -1.375120e+00 -2.803842e+00 -1.864286e+00
   endloop
 endfacet
 facet normal -9.901364e-01  1.220042e-01 -6.888334e-02
   outer loop
     vertex -1.480143e+00 -2.867710e+00 -6.214286e-01
     vertex -1.391213e+00 -2.847704e+00 -1.864286e+00
     vertex -1.398681e+00 -2.908311e+00 -1.864286e+00
   endloop
 endfacet
 facet normal -9.863508e-01  1.498863e-01 -6.816366e-02
   outer loop
     vertex -1.480143e+00 -2.867710e+00 -6.214286e-01
     vertex -1.470969e+00 -2.807337e+00 -6.214286e-01
     vertex -1.391213e+00 -2.847704e+00 -1.864286e+00
   endloop
 endfacet
 facet normal -9.968065e-01 -4.094403e-02 -6.855957e-02
   outer loop
     vertex -1.477554e+00 -3.069228e+00 -6.214286e-01
     vertex -1.398681e+00 -2.908311e+00 -1.864286e+00
     vertex -1.390410e+00 -3.109676e+00 -1.864286e+00
   endloop
 endfacet
 facet normal -9.978041e-01 -1.281950e-02 -6.498151e-02
   outer loop
     vertex -1.477554e+00 -3.069228e+00 -6.214286e-01
     vertex -1.480143e+00 -2.867710e+00 -6.214286e-01
     vertex -1.398681e+00 -2.908311e+00 -1.864286e+00
   endloop
 endfacet
 facet normal -9.925839e-01 -9.826903e-02 -7.155648e-02
   outer loop
     vertex -1.461504e+00 -3.296590e+00 -6.214286e-01
     vertex -1.390410e+00 -3.109676e+00 -1.864286e+00
     vertex -1.367954e+00 -3.336495e+00 -1.864286e+00
   endloop
 endfacet
 facet normal -9.795518e-01 -1.894786e-01 -6.764702e-02
   outer loop
     vertex -1.461504e+00 -3.296590e+00 -6.214286e-01
     vertex -1.367954e+00 -3.336495e+00 -1.864286e+00
     vertex -1.324384e+00 -3.561742e+00 -1.864286e+00
   endloop
 endfacet
 facet normal -9.952428e-01 -7.025763e-02 -6.749593e-02
   outer loop
     vertex -1.461504e+00 -3.296590e+00 -6.214286e-01
     vertex -1.477554e+00 -3.069228e+00 -6.214286e-01
     vertex -1.390410e+00 -3.109676e+00 -1.864286e+00
   endloop
 endfacet
 facet normal -9.840556e-01 -1.617046e-01 -7.406926e-02
   outer loop
     vertex -1.424303e+00 -3.522976e+00 -6.214286e-01
     vertex -1.461504e+00 -3.296590e+00 -6.214286e-01
     vertex -1.324384e+00 -3.561742e+00 -1.864286e+00
   endloop
 endfacet
 facet normal -9.450729e-01  3.220584e-01 -5.581804e-02
   outer loop
     vertex -1.284037e+00 -2.656228e+00 -1.864286e+00
     vertex -1.132530e+00 -2.211633e+00 -1.864286e+00
     vertex -1.069708e+00 -2.242692e+00 -3.107143e+00
   endloop
 endfacet
 facet normal -9.531740e-01  2.950905e-01 -6.618810e-02
   outer loop
     vertex -1.284037e+00 -2.656228e+00 -1.864286e+00
     vertex -1.069708e+00 -2.242692e+00 -3.107143e+00
     vertex -1.208617e+00 -2.691383e+00 -3.107143e+00
   endloop
 endfacet
 facet normal -8.914831e-01  4.479176e-01 -6.802742e-02
   outer loop
     vertex -1.310419e+00 -2.705239e+00 -1.864286e+00
     vertex -1.208617e+00 -2.691383e+00 -3.107143e+00
     vertex -1.233607e+00 -2.741119e+00 -3.107143e+00
   endloop
 endfacet
 facet normal -8.785760e-01  4.729232e-01 -6.669142e-02
   outer loop
     vertex -1.310419e+00 -2.705239e+00 -1.864286e+00
     vertex -1.284037e+00 -2.656228e+00 -1.864286e+00
     vertex -1.208617e+00 -2.691383e+00 -3.107143e+00
   endloop
 endfacet
 facet normal -8.491111e-01  5.235205e-01 -7.026067e-02
   outer loop
     vertex -1.375120e+00 -2.803842e+00 -1.864286e+00
     vertex -1.233607e+00 -2.741119e+00 -3.107143e+00
     vertex -1.295501e+00 -2.841507e+00 -3.107143e+00
   endloop
 endfacet
 facet normal -8.341769e-01  5.473683e-01 -6.735671e-02
   outer loop
     vertex -1.375120e+00 -2.803842e+00 -1.864286e+00
     vertex -1.310419e+00 -2.705239e+00 -1.864286e+00
     vertex -1.233607e+00 -2.741119e+00 -3.107143e+00
   endloop
 endfacet
 facet normal -9.457369e-01  3.170255e-01 -7.125022e-02
   outer loop
     vertex -1.391213e+00 -2.847704e+00 -1.864286e+00
     vertex -1.295501e+00 -2.841507e+00 -3.107143e+00
     vertex -1.310351e+00 -2.885806e+00 -3.107143e+00
   endloop
 endfacet
 facet normal -9.364765e-01  3.435912e-01 -7.040461e-02
   outer loop
     vertex -1.391213e+00 -2.847704e+00 -1.864286e+00
     vertex -1.375120e+00 -2.803842e+00 -1.864286e+00
     vertex -1.295501e+00 -2.841507e+00 -3.107143e+00
   endloop
 endfacet
 facet normal -9.931833e-01  9.403245e-02 -6.888334e-02
   outer loop
     vertex -1.398681e+00 -2.908311e+00 -1.864286e+00
     vertex -1.310351e+00 -2.885806e+00 -3.107143e+00
     vertex -1.316106e+00 -2.946599e+00 -3.107143e+00
   endloop
 endfacet
 facet normal -9.901854e-01  1.220102e-01 -6.816366e-02
   outer loop
     vertex -1.398681e+00 -2.908311e+00 -1.864286e+00
     vertex -1.391213e+00 -2.847704e+00 -1.864286e+00
     vertex -1.310351e+00 -2.885806e+00 -3.107143e+00
   endloop
 endfacet
 facet normal -9.952553e-01 -6.903907e-02 -6.855957e-02
   outer loop
     vertex -1.390410e+00 -3.109676e+00 -1.864286e+00
     vertex -1.316106e+00 -2.946599e+00 -3.107143e+00
     vertex -1.302160e+00 -3.147651e+00 -3.107143e+00
   endloop
 endfacet
 facet normal -9.970457e-01 -4.095386e-02 -6.498151e-02
   outer loop
     vertex -1.390410e+00 -3.109676e+00 -1.864286e+00
     vertex -1.398681e+00 -2.908311e+00 -1.864286e+00
     vertex -1.316106e+00 -2.946599e+00 -3.107143e+00
   endloop
 endfacet
 facet normal -9.894178e-01 -1.262222e-01 -7.155648e-02
   outer loop
     vertex -1.367954e+00 -3.336495e+00 -1.864286e+00
     vertex -1.302160e+00 -3.147651e+00 -3.107143e+00
     vertex -1.273316e+00 -3.373746e+00 -3.107143e+00
   endloop
 endfacet
 facet normal -9.738186e-01 -2.170280e-01 -6.764702e-02
   outer loop
     vertex -1.367954e+00 -3.336495e+00 -1.864286e+00
     vertex -1.273316e+00 -3.373746e+00 -3.107143e+00
     vertex -1.223411e+00 -3.597675e+00 -3.107143e+00
   endloop
 endfacet
 facet normal -9.928656e-01 -9.829691e-02 -6.749593e-02
   outer loop
     vertex -1.367954e+00 -3.336495e+00 -1.864286e+00
     vertex -1.390410e+00 -3.109676e+00 -1.864286e+00
     vertex -1.302160e+00 -3.147651e+00 -3.107143e+00
   endloop
 endfacet
 facet normal -9.791039e-01 -1.893920e-01 -7.406926e-02
   outer loop
     vertex -1.324384e+00 -3.561742e+00 -1.864286e+00
     vertex -1.367954e+00 -3.336495e+00 -1.864286e+00
     vertex -1.223411e+00 -3.597675e+00 -3.107143e+00
   endloop
 endfacet
 facet normal  7.032742e-01 -7.069810e-01  7.472161e-02
   outer loop
     vertex -1.066114e+00 -3.647383e+00 -1.864286e+00
     vertex -9.628290e-01 -3.675998e+00 -3.107143e+00
     vertex -7.373372e-01 -3.451688e+00 -3.107143e+00
   endloop
 endfacet
 facet normal  7.775117e-01 -6.247499e-01  7.185503e-02
   outer loop
     vertex -8.343863e-01 -3.429521e+00 -1.864286e+00
     vertex -7.373372e-01 -3.451688e+00 -3.107143e+00
     vertex -6.051893e-01 -3.287228e+00 -3.107143e+00
   endloop
 endfacet
 facet normal  6.834628e-01 -7.269651e-01  6.633423e-02
   outer loop
     vertex -8.343863e-01 -3.429521e+00 -1.864286e+00
     vertex -1.066114e+00 -3.647383e+00 -1.864286e+00
     vertex -7.373372e-01 -3.451688e+00 -3.107143e+00
   endloop
 endfacet
 facet normal  8.008353e-01 -5.949686e-01  6.837513e-02
   outer loop
     vertex -6.976530e-01 -3.268853e+00 -1.864286e+00
     vertex -6.051893e-01 -3.287228e+00 -3.107143e+00
     vertex -5.166559e-01 -3.168061e+00 -3.107143e+00
   endloop
 endfacet
 facet normal  7.598870e-01 -6.466865e-01  6.609334e-02
   outer loop
     vertex -6.976530e-01 -3.268853e+00 -1.864286e+00
     vertex -8.343863e-01 -3.429521e+00 -1.864286e+00
     vertex -6.051893e-01 -3.287228e+00 -3.107143e+00
   endloop
 endfacet
 facet normal  7.839613e-01 -6.174926e-01  6.409112e-02
   outer loop
     vertex -6.057941e-01 -3.152230e+00 -1.864286e+00
     vertex -6.976530e-01 -3.268853e+00 -1.864286e+00
     vertex -5.166559e-01 -3.168061e+00 -3.107143e+00
   endloop
 endfacet
 facet normal  9.082183e-01 -4.127570e-01  6.907336e-02
   outer loop
     vertex -5.801454e-01 -3.099774e+00 -1.864286e+00
     vertex -5.166559e-01 -3.168061e+00 -3.107143e+00
     vertex -4.924967e-01 -3.114902e+00 -3.107143e+00
   endloop
 endfacet
 facet normal  8.961679e-01 -4.381819e-01  6.985472e-02
   outer loop
     vertex -5.801454e-01 -3.099774e+00 -1.864286e+00
     vertex -6.057941e-01 -3.152230e+00 -1.864286e+00
     vertex -5.166559e-01 -3.168061e+00 -3.107143e+00
   endloop
 endfacet
 facet normal  9.833075e-01 -1.678792e-01  7.016317e-02
   outer loop
     vertex -5.695366e-01 -3.046704e+00 -1.864286e+00
     vertex -4.924967e-01 -3.114902e+00 -3.107143e+00
     vertex -4.833888e-01 -3.061554e+00 -3.107143e+00
   endloop
 endfacet
 facet normal  9.780989e-01 -1.955264e-01  7.135736e-02
   outer loop
     vertex -5.695366e-01 -3.046704e+00 -1.864286e+00
     vertex -5.801454e-01 -3.099774e+00 -1.864286e+00
     vertex -4.924967e-01 -3.114902e+00 -3.107143e+00
   endloop
 endfacet
 facet normal  9.967496e-01 -4.563009e-02  6.639369e-02
   outer loop
     vertex -5.589615e-01 -2.903966e+00 -1.864286e+00
     vertex -4.833888e-01 -3.061554e+00 -3.107143e+00
     vertex -4.768433e-01 -2.918575e+00 -3.107143e+00
   endloop
 endfacet
 facet normal  9.948319e-01 -7.370430e-02  6.983675e-02
   outer loop
     vertex -5.589615e-01 -2.903966e+00 -1.864286e+00
     vertex -5.695366e-01 -3.046704e+00 -1.864286e+00
     vertex -4.833888e-01 -3.061554e+00 -3.107143e+00
   endloop
 endfacet
 facet normal  9.537015e-01 -2.941511e-01  6.267855e-02
   outer loop
     vertex -5.051179e-01 -2.745415e+00 -1.864286e+00
     vertex -4.768433e-01 -2.918575e+00 -3.107143e+00
     vertex -4.274925e-01 -2.758569e+00 -3.107143e+00
   endloop
 endfacet
 facet normal  9.448116e-01 -3.208568e-01  6.619703e-02
   outer loop
     vertex -5.051179e-01 -2.745415e+00 -1.864286e+00
     vertex -5.589615e-01 -2.903966e+00 -1.864286e+00
     vertex -4.768433e-01 -2.918575e+00 -3.107143e+00
   endloop
 endfacet
 facet normal  9.613733e-01 -2.695134e-01  5.589113e-02
   outer loop
     vertex -4.132802e-01 -2.450131e+00 -1.864286e+00
     vertex -4.274925e-01 -2.758569e+00 -3.107143e+00
     vertex -3.440187e-01 -2.460812e+00 -3.107143e+00
   endloop
 endfacet
 facet normal  9.530066e-01 -2.963989e-01  6.265893e-02
   outer loop
     vertex -4.132802e-01 -2.450131e+00 -1.864286e+00
     vertex -5.051179e-01 -2.745415e+00 -1.864286e+00
     vertex -4.274925e-01 -2.758569e+00 -3.107143e+00
   endloop
 endfacet
 facet normal  6.623561e-01 -7.455752e-01  7.349833e-02
   outer loop
     vertex -9.307717e-01 -3.404627e+00 -6.214286e-01
     vertex -1.168552e+00 -3.615866e+00 -6.214286e-01
     vertex -1.066114e+00 -3.647383e+00 -1.864286e+00
   endloop
 endfacet
 facet normal  6.834065e-01 -7.269052e-01  6.755937e-02
   outer loop
     vertex -9.307717e-01 -3.404627e+00 -6.214286e-01
     vertex -1.066114e+00 -3.647383e+00 -1.864286e+00
     vertex -8.343863e-01 -3.429521e+00 -1.864286e+00
   endloop
 endfacet
 facet normal  7.598357e-01 -6.466428e-01  6.710250e-02
   outer loop
     vertex -7.895617e-01 -3.247878e+00 -6.214286e-01
     vertex -8.343863e-01 -3.429521e+00 -1.864286e+00
     vertex -6.976530e-01 -3.268853e+00 -1.864286e+00
   endloop
 endfacet
 facet normal  7.411049e-01 -6.676408e-01  7.084688e-02
   outer loop
     vertex -7.895617e-01 -3.247878e+00 -6.214286e-01
     vertex -9.307717e-01 -3.404627e+00 -6.214286e-01
     vertex -8.343863e-01 -3.429521e+00 -1.864286e+00
   endloop
 endfacet
 facet normal  7.839136e-01 -6.174550e-01  6.502903e-02
   outer loop
     vertex -6.944504e-01 -3.133892e+00 -6.214286e-01
     vertex -6.976530e-01 -3.268853e+00 -1.864286e+00
     vertex -6.057941e-01 -3.152230e+00 -1.864286e+00
   endloop
 endfacet
 facet normal  7.660659e-01 -6.392144e-01  6.743786e-02
   outer loop
     vertex -6.944504e-01 -3.133892e+00 -6.214286e-01
     vertex -7.895617e-01 -3.247878e+00 -6.214286e-01
     vertex -6.976530e-01 -3.268853e+00 -1.864286e+00
   endloop
 endfacet
 facet normal  8.962168e-01 -4.382058e-01  6.907336e-02
   outer loop
     vertex -6.673326e-01 -3.082180e+00 -6.214286e-01
     vertex -6.057941e-01 -3.152230e+00 -1.864286e+00
     vertex -5.801454e-01 -3.099774e+00 -1.864286e+00
   endloop
 endfacet
 facet normal  8.834541e-01 -4.632808e-01  6.985472e-02
   outer loop
     vertex -6.673326e-01 -3.082180e+00 -6.214286e-01
     vertex -6.944504e-01 -3.133892e+00 -6.214286e-01
     vertex -6.057941e-01 -3.152230e+00 -1.864286e+00
   endloop
 endfacet
 facet normal  9.781820e-01 -1.955430e-01  7.016317e-02
   outer loop
     vertex -6.552313e-01 -3.029431e+00 -6.214286e-01
     vertex -5.801454e-01 -3.099774e+00 -1.864286e+00
     vertex -5.695366e-01 -3.046704e+00 -1.864286e+00
   endloop
 endfacet
 facet normal  9.721958e-01 -2.230324e-01  7.135736e-02
   outer loop
     vertex -6.552313e-01 -3.029431e+00 -6.214286e-01
     vertex -6.673326e-01 -3.082180e+00 -6.214286e-01
     vertex -5.801454e-01 -3.099774e+00 -1.864286e+00
   endloop
 endfacet
 facet normal  9.950663e-01 -7.372167e-02  6.639369e-02
   outer loop
     vertex -6.406351e-01 -2.887048e+00 -6.214286e-01
     vertex -5.695366e-01 -3.046704e+00 -1.864286e+00
     vertex -5.589615e-01 -2.903966e+00 -1.864286e+00
   endloop
 endfacet
 facet normal  9.923577e-01 -1.017306e-01  6.983675e-02
   outer loop
     vertex -6.406351e-01 -2.887048e+00 -6.214286e-01
     vertex -6.552313e-01 -3.029431e+00 -6.214286e-01
     vertex -5.695366e-01 -3.046704e+00 -1.864286e+00
   endloop
 endfacet
 facet normal  9.450267e-01 -3.209298e-01  6.267855e-02
   outer loop
     vertex -5.823415e-01 -2.730078e+00 -6.214286e-01
     vertex -5.589615e-01 -2.903966e+00 -1.864286e+00
     vertex -5.051179e-01 -2.745415e+00 -1.864286e+00
   endloop
 endfacet
 facet normal  9.353872e-01 -3.473741e-01  6.619703e-02
   outer loop
     vertex -5.823415e-01 -2.730078e+00 -6.214286e-01
     vertex -6.406351e-01 -2.887048e+00 -6.214286e-01
     vertex -5.589615e-01 -2.903966e+00 -1.864286e+00
   endloop
 endfacet
 facet normal  9.533903e-01 -2.965183e-01  5.589113e-02
   outer loop
     vertex -4.822129e-01 -2.437502e+00 -6.214286e-01
     vertex -5.051179e-01 -2.745415e+00 -1.864286e+00
     vertex -4.132802e-01 -2.450131e+00 -1.864286e+00
   endloop
 endfacet
 facet normal  9.442687e-01 -3.231572e-01  6.265893e-02
   outer loop
     vertex -4.822129e-01 -2.437502e+00 -6.214286e-01
     vertex -5.823415e-01 -2.730078e+00 -6.214286e-01
     vertex -5.051179e-01 -2.745415e+00 -1.864286e+00
   endloop
 endfacet
 facet normal  6.410664e-01 -7.639580e-01  7.349833e-02
   outer loop
     vertex -1.026417e+00 -3.377023e+00  6.214286e-01
     vertex -1.270059e+00 -3.581473e+00  6.214286e-01
     vertex -1.168552e+00 -3.615866e+00 -6.214286e-01
   endloop
 endfacet
 facet normal  6.626350e-01 -7.458891e-01  6.755937e-02
   outer loop
     vertex -1.026417e+00 -3.377023e+00  6.214286e-01
     vertex -1.168552e+00 -3.615866e+00 -6.214286e-01
     vertex -9.307717e-01 -3.404627e+00 -6.214286e-01
   endloop
 endfacet
 facet normal  7.412973e-01 -6.678141e-01  6.710250e-02
   outer loop
     vertex -8.808424e-01 -3.224320e+00  6.214286e-01
     vertex -9.307717e-01 -3.404627e+00 -6.214286e-01
     vertex -7.895617e-01 -3.247878e+00 -6.214286e-01
   endloop
 endfacet
 facet normal  7.219817e-01 -6.882754e-01  7.084688e-02
   outer loop
     vertex -8.808424e-01 -3.224320e+00  6.214286e-01
     vertex -1.026417e+00 -3.377023e+00  6.214286e-01
     vertex -9.307717e-01 -3.404627e+00 -6.214286e-01
   endloop
 endfacet
 facet normal  7.661887e-01 -6.393169e-01  6.502903e-02
   outer loop
     vertex -7.825543e-01 -3.113061e+00  6.214286e-01
     vertex -7.895617e-01 -3.247878e+00 -6.214286e-01
     vertex -6.944504e-01 -3.133892e+00 -6.214286e-01
   endloop
 endfacet
 facet normal  8.834209e-01 -4.632634e-01  7.038865e-02
   outer loop
     vertex -7.825543e-01 -3.113061e+00  6.214286e-01
     vertex -6.944504e-01 -3.133892e+00 -6.214286e-01
     vertex -6.673326e-01 -3.082180e+00 -6.214286e-01
   endloop
 endfacet
 facet normal  7.477345e-01 -6.605643e-01  6.743786e-02
   outer loop
     vertex -7.825543e-01 -3.113061e+00  6.214286e-01
     vertex -8.808424e-01 -3.224320e+00  6.214286e-01
     vertex -7.895617e-01 -3.247878e+00 -6.214286e-01
   endloop
 endfacet
 facet normal  9.721941e-01 -2.230320e-01  7.138197e-02
   outer loop
     vertex -7.539889e-01 -3.062134e+00  6.214286e-01
     vertex -6.673326e-01 -3.082180e+00 -6.214286e-01
     vertex -6.552313e-01 -3.029431e+00 -6.214286e-01
   endloop
 endfacet
 facet normal  8.701172e-01 -4.880558e-01  6.853928e-02
   outer loop
     vertex -7.539889e-01 -3.062134e+00  6.214286e-01
     vertex -7.825543e-01 -3.113061e+00  6.214286e-01
     vertex -6.673326e-01 -3.082180e+00 -6.214286e-01
   endloop
 endfacet
 facet normal  9.923728e-01 -1.017322e-01  6.961889e-02
   outer loop
     vertex -7.404049e-01 -3.009747e+00  6.214286e-01
     vertex -6.552313e-01 -3.029431e+00 -6.214286e-01
     vertex -6.406351e-01 -2.887048e+00 -6.214286e-01
   endloop
 endfacet
 facet normal  9.656030e-01 -2.503827e-01  7.013855e-02
   outer loop
     vertex -7.404049e-01 -3.009747e+00  6.214286e-01
     vertex -7.539889e-01 -3.062134e+00  6.214286e-01
     vertex -6.552313e-01 -3.029431e+00 -6.214286e-01
   endloop
 endfacet
 facet normal  9.353711e-01 -3.473682e-01  6.645424e-02
   outer loop
     vertex -7.217990e-01 -2.867832e+00  6.214286e-01
     vertex -6.406351e-01 -2.887048e+00 -6.214286e-01
     vertex -5.823415e-01 -2.730078e+00 -6.214286e-01
   endloop
 endfacet
 facet normal  9.893127e-01 -1.297047e-01  6.661168e-02
   outer loop
     vertex -7.217990e-01 -2.867832e+00  6.214286e-01
     vertex -7.404049e-01 -3.009747e+00  6.214286e-01
     vertex -6.406351e-01 -2.887048e+00 -6.214286e-01
   endloop
 endfacet
 facet normal  9.442561e-01 -3.231529e-01  6.287082e-02
   outer loop
     vertex -6.591019e-01 -2.712570e+00  6.214286e-01
     vertex -5.823415e-01 -2.730078e+00 -6.214286e-01
     vertex -4.822129e-01 -2.437502e+00 -6.214286e-01
   endloop
 endfacet
 facet normal  9.254443e-01 -3.737063e-01  6.242115e-02
   outer loop
     vertex -6.591019e-01 -2.712570e+00  6.214286e-01
     vertex -7.217990e-01 -2.867832e+00  6.214286e-01
     vertex -5.823415e-01 -2.730078e+00 -6.214286e-01
   endloop
 endfacet
 facet normal  9.351671e-01 -3.498033e-01  5.567899e-02
   outer loop
     vertex -5.507620e-01 -2.422933e+00  6.214286e-01
     vertex -6.591019e-01 -2.712570e+00  6.214286e-01
     vertex -4.822129e-01 -2.437502e+00 -6.214286e-01
   endloop
 endfacet
 facet normal  6.410080e-01 -7.638884e-01  7.472161e-02
   outer loop
     vertex -1.370557e+00 -3.544231e+00  1.864286e+00
     vertex -1.270059e+00 -3.581473e+00  6.214286e-01
     vertex -1.026417e+00 -3.377023e+00  6.214286e-01
   endloop
 endfacet
 facet normal  7.219295e-01 -6.882257e-01  7.185503e-02
   outer loop
     vertex -1.121245e+00 -3.346734e+00  1.864286e+00
     vertex -1.026417e+00 -3.377023e+00  6.214286e-01
     vertex -8.808424e-01 -3.224320e+00  6.214286e-01
   endloop
 endfacet
 facet normal  6.195785e-01 -7.821267e-01  6.633423e-02
   outer loop
     vertex -1.121245e+00 -3.346734e+00  1.864286e+00
     vertex -1.370557e+00 -3.544231e+00  1.864286e+00
     vertex -1.026417e+00 -3.377023e+00  6.214286e-01
   endloop
 endfacet
 facet normal  7.476867e-01 -6.605221e-01  6.837513e-02
   outer loop
     vertex -9.714223e-01 -3.198197e+00  1.864286e+00
     vertex -8.808424e-01 -3.224320e+00  6.214286e-01
     vertex -7.825543e-01 -3.113061e+00  6.214286e-01
   endloop
 endfacet
 facet normal  7.025140e-01 -7.085943e-01  6.609334e-02
   outer loop
     vertex -9.714223e-01 -3.198197e+00  1.864286e+00
     vertex -1.121245e+00 -3.346734e+00  1.864286e+00
     vertex -8.808424e-01 -3.224320e+00  6.214286e-01
   endloop
 endfacet
 facet normal  7.289694e-01 -6.815394e-01  6.409112e-02
   outer loop
     vertex -8.700357e-01 -3.089754e+00  1.864286e+00
     vertex -9.714223e-01 -3.198197e+00  1.864286e+00
     vertex -7.825543e-01 -3.113061e+00  6.214286e-01
   endloop
 endfacet
 facet normal  8.700850e-01 -4.880378e-01  6.907336e-02
   outer loop
     vertex -8.400455e-01 -3.039653e+00  1.864286e+00
     vertex -7.825543e-01 -3.113061e+00  6.214286e-01
     vertex -7.539889e-01 -3.062134e+00  6.214286e-01
   endloop
 endfacet
 facet normal  8.559289e-01 -5.123534e-01  6.985472e-02
   outer loop
     vertex -8.400455e-01 -3.039653e+00  1.864286e+00
     vertex -8.700357e-01 -3.089754e+00  1.864286e+00
     vertex -7.825543e-01 -3.113061e+00  6.214286e-01
   endloop
 endfacet
 facet normal  9.656013e-01 -2.503822e-01  7.016317e-02
   outer loop
     vertex -8.249895e-01 -2.987670e+00  1.864286e+00
     vertex -7.539889e-01 -3.062134e+00  6.214286e-01
     vertex -7.404049e-01 -3.009747e+00  6.214286e-01
   endloop
 endfacet
 facet normal  9.580747e-01 -2.774904e-01  7.135736e-02
   outer loop
     vertex -8.249895e-01 -2.987670e+00  1.864286e+00
     vertex -8.400455e-01 -3.039653e+00  1.864286e+00
     vertex -7.539889e-01 -3.062134e+00  6.214286e-01
   endloop
 endfacet
 facet normal  9.893271e-01 -1.297066e-01  6.639369e-02
   outer loop
     vertex -8.023888e-01 -2.846336e+00  1.864286e+00
     vertex -7.404049e-01 -3.009747e+00  6.214286e-01
     vertex -7.217990e-01 -2.867832e+00  6.214286e-01
   endloop
 endfacet
 facet normal  9.850436e-01 -1.575183e-01  6.983675e-02
   outer loop
     vertex -8.023888e-01 -2.846336e+00  1.864286e+00
     vertex -8.249895e-01 -2.987670e+00  1.864286e+00
     vertex -7.404049e-01 -3.009747e+00  6.214286e-01
   endloop
 endfacet
 facet normal  9.254294e-01 -3.737003e-01  6.267855e-02
   outer loop
     vertex -7.353380e-01 -2.692903e+00  1.864286e+00
     vertex -7.217990e-01 -2.867832e+00  6.214286e-01
     vertex -6.591019e-01 -2.712570e+00  6.214286e-01
   endloop
 endfacet
 facet normal  9.143142e-01 -3.995590e-01  6.619703e-02
   outer loop
     vertex -7.353380e-01 -2.692903e+00  1.864286e+00
     vertex -8.023888e-01 -2.846336e+00  1.864286e+00
     vertex -7.217990e-01 -2.867832e+00  6.214286e-01
   endloop
 endfacet
 facet normal  9.351560e-01 -3.497991e-01  5.589113e-02
   outer loop
     vertex -6.188730e-01 -2.406437e+00  1.864286e+00
     vertex -6.591019e-01 -2.712570e+00  6.214286e-01
     vertex -5.507620e-01 -2.422933e+00  6.214286e-01
   endloop
 endfacet
 facet normal  9.245470e-01 -3.758813e-01  6.265893e-02
   outer loop
     vertex -6.188730e-01 -2.406437e+00  1.864286e+00
     vertex -7.353380e-01 -2.692903e+00  1.864286e+00
     vertex -6.591019e-01 -2.712570e+00  6.214286e-01
   endloop
 endfacet
 facet normal -6.023593e-01 -7.982141e-01 -4.195647e-03
   outer loop
     vertex -1.374318e+00 -2.070071e+00  3.107143e+00
     vertex -1.666312e+00 -1.843189e+00  1.864286e+00
     vertex -1.315393e+00 -2.108005e+00  1.864286e+00
   endloop
 endfacet
 facet normal -6.246304e-01 -7.809092e-01  4.195647e-03
   outer loop
     vertex -1.374318e+00 -2.070071e+00  3.107143e+00
     vertex -1.717630e+00 -1.795464e+00  3.107143e+00
     vertex -1.666312e+00 -1.843189e+00  1.864286e+00
   endloop
 endfacet
 facet normal  1.850271e-01 -9.798886e-01  7.472161e-02
   outer loop
     vertex -2.930057e+00 -2.419662e+00  3.107143e+00
     vertex -2.860654e+00 -2.501331e+00  1.864286e+00
     vertex -2.548118e+00 -2.442317e+00  1.864286e+00
   endloop
 endfacet
 facet normal  2.926282e-01 -9.535227e-01  7.185503e-02
   outer loop
     vertex -2.615981e+00 -2.369485e+00  3.107143e+00
     vertex -2.548118e+00 -2.442317e+00  1.864286e+00
     vertex -2.346428e+00 -2.380420e+00  1.864286e+00
   endloop
 endfacet
 facet normal  1.574128e-01 -9.853025e-01  6.633423e-02
   outer loop
     vertex -2.615981e+00 -2.369485e+00  3.107143e+00
     vertex -2.930057e+00 -2.419662e+00  3.107143e+00
     vertex -2.548118e+00 -2.442317e+00  1.864286e+00
   endloop
 endfacet
 facet normal  3.286495e-01 -9.419736e-01  6.837513e-02
   outer loop
     vertex -2.412626e+00 -2.313301e+00  3.107143e+00
     vertex -2.346428e+00 -2.380420e+00  1.864286e+00
     vertex -2.206259e+00 -2.331516e+00  1.864286e+00
   endloop
 endfacet
 facet normal  2.657272e-01 -9.617800e-01  6.609334e-02
   outer loop
     vertex -2.412626e+00 -2.313301e+00  3.107143e+00
     vertex -2.615981e+00 -2.369485e+00  3.107143e+00
     vertex -2.346428e+00 -2.380420e+00  1.864286e+00
   endloop
 endfacet
 facet normal  3.020399e-01 -9.511384e-01  6.409112e-02
   outer loop
     vertex -2.271133e+00 -2.268369e+00  3.107143e+00
     vertex -2.412626e+00 -2.313301e+00  3.107143e+00
     vertex -2.206259e+00 -2.331516e+00  1.864286e+00
   endloop
 endfacet
 facet normal  5.198133e-01 -8.514828e-01  6.907336e-02
   outer loop
     vertex -2.220457e+00 -2.239361e+00  3.107143e+00
     vertex -2.206259e+00 -2.331516e+00  1.864286e+00
     vertex -2.156421e+00 -2.301090e+00  1.864286e+00
   endloop
 endfacet
 facet normal  4.955665e-01 -8.657564e-01  6.985472e-02
   outer loop
     vertex -2.220457e+00 -2.239361e+00  3.107143e+00
     vertex -2.271133e+00 -2.268369e+00  3.107143e+00
     vertex -2.206259e+00 -2.331516e+00  1.864286e+00
   endloop
 endfacet
 facet normal  7.194379e-01 -6.910037e-01  7.016317e-02
   outer loop
     vertex -2.181882e+00 -2.201402e+00  3.107143e+00
     vertex -2.156421e+00 -2.301090e+00  1.864286e+00
     vertex -2.118931e+00 -2.262059e+00  1.864286e+00
   endloop
 endfacet
 facet normal  6.996051e-01 -7.109577e-01  7.135736e-02
   outer loop
     vertex -2.181882e+00 -2.201402e+00  3.107143e+00
     vertex -2.220457e+00 -2.239361e+00  3.107143e+00
     vertex -2.156421e+00 -2.301090e+00  1.864286e+00
   endloop
 endfacet
 facet normal  7.991987e-01 -5.973888e-01  6.639369e-02
   outer loop
     vertex -2.092990e+00 -2.089223e+00  3.107143e+00
     vertex -2.118931e+00 -2.262059e+00  1.864286e+00
     vertex -2.033238e+00 -2.147417e+00  1.864286e+00
   endloop
 endfacet
 facet normal  7.818493e-01 -6.195437e-01  6.983675e-02
   outer loop
     vertex -2.092990e+00 -2.089223e+00  3.107143e+00
     vertex -2.181882e+00 -2.201402e+00  3.107143e+00
     vertex -2.118931e+00 -2.262059e+00  1.864286e+00
   endloop
 endfacet
 facet normal  6.240428e-01 -7.788723e-01  6.267855e-02
   outer loop
     vertex -1.959415e+00 -1.988251e+00  3.107143e+00
     vertex -2.033238e+00 -2.147417e+00  1.864286e+00
     vertex -1.902564e+00 -2.042719e+00  1.864286e+00
   endloop
 endfacet
 facet normal  6.016923e-01 -7.959801e-01  6.619703e-02
   outer loop
     vertex -1.959415e+00 -1.988251e+00  3.107143e+00
     vertex -2.092990e+00 -2.089223e+00  3.107143e+00
     vertex -2.033238e+00 -2.147417e+00  1.864286e+00
   endloop
 endfacet
 facet normal  6.442242e-01 -7.627918e-01  5.589113e-02
   outer loop
     vertex -1.717630e+00 -1.795464e+00  3.107143e+00
     vertex -1.902564e+00 -2.042719e+00  1.864286e+00
     vertex -1.666312e+00 -1.843189e+00  1.864286e+00
   endloop
 endfacet
 facet normal  6.222057e-01 -7.803422e-01  6.265893e-02
   outer loop
     vertex -1.717630e+00 -1.795464e+00  3.107143e+00
     vertex -1.959415e+00 -1.988251e+00  3.107143e+00
     vertex -1.902564e+00 -2.042719e+00  1.864286e+00
   endloop
 endfacet
 facet normal -6.012338e-01  7.971212e-01 -5.581804e-02
   outer loop
     vertex -2.553901e+00 -1.477120e+00  3.107143e+00
     vertex -2.178908e+00 -1.194279e+00  3.107143e+00
     vertex -2.144361e+00 -1.255252e+00  1.864286e+00
   endloop
 endfacet
 facet normal -6.230788e-01  7.793535e-01 -6.618810e-02
   outer loop
     vertex -2.553901e+00 -1.477120e+00  3.107143e+00
     vertex -2.144361e+00 -1.255252e+00  1.864286e+00
     vertex -2.511229e+00 -1.548556e+00  1.864286e+00
   endloop
 endfacet
 facet normal -4.862237e-01  8.711824e-01 -6.802742e-02
   outer loop
     vertex -2.603251e+00 -1.502865e+00  3.107143e+00
     vertex -2.511229e+00 -1.548556e+00  1.864286e+00
     vertex -2.559832e+00 -1.575683e+00  1.864286e+00
   endloop
 endfacet
 facet normal -4.615035e-01  8.846281e-01 -6.669142e-02
   outer loop
     vertex -2.603251e+00 -1.502865e+00  3.107143e+00
     vertex -2.553901e+00 -1.477120e+00  3.107143e+00
     vertex -2.511229e+00 -1.548556e+00  1.864286e+00
   endloop
 endfacet
 facet normal -4.087130e-01  9.099545e-01 -7.026067e-02
   outer loop
     vertex -2.712152e+00 -1.548133e+00  3.107143e+00
     vertex -2.559832e+00 -1.575683e+00  1.864286e+00
     vertex -2.667414e+00 -1.624004e+00  1.864286e+00
   endloop
 endfacet
 facet normal -3.829653e-01  9.213038e-01 -6.735671e-02
   outer loop
     vertex -2.712152e+00 -1.548133e+00  3.107143e+00
     vertex -2.603251e+00 -1.502865e+00  3.107143e+00
     vertex -2.559832e+00 -1.575683e+00  1.864286e+00
   endloop
 endfacet
 facet normal -6.046091e-01  7.933292e-01 -7.125022e-02
   outer loop
     vertex -2.750096e+00 -1.575394e+00  3.107143e+00
     vertex -2.667414e+00 -1.624004e+00  1.864286e+00
     vertex -2.704574e+00 -1.652324e+00  1.864286e+00
   endloop
 endfacet
 facet normal -5.820306e-01  8.101133e-01 -7.040461e-02
   outer loop
     vertex -2.750096e+00 -1.575394e+00  3.107143e+00
     vertex -2.712152e+00 -1.548133e+00  3.107143e+00
     vertex -2.667414e+00 -1.624004e+00  1.864286e+00
   endloop
 endfacet
 facet normal -7.690718e-01  6.354398e-01 -6.888334e-02
   outer loop
     vertex -2.790304e+00 -1.621354e+00  3.107143e+00
     vertex -2.704574e+00 -1.652324e+00  1.864286e+00
     vertex -2.743469e+00 -1.699399e+00  1.864286e+00
   endloop
 endfacet
 facet normal -7.508828e-01  6.569085e-01 -6.816366e-02
   outer loop
     vertex -2.790304e+00 -1.621354e+00  3.107143e+00
     vertex -2.750096e+00 -1.575394e+00  3.107143e+00
     vertex -2.704574e+00 -1.652324e+00  1.864286e+00
   endloop
 endfacet
 facet normal -8.623437e-01  5.016602e-01 -6.855957e-02
   outer loop
     vertex -2.896517e+00 -1.792629e+00  3.107143e+00
     vertex -2.743469e+00 -1.699399e+00  1.864286e+00
     vertex -2.844810e+00 -1.873601e+00  1.864286e+00
   endloop
 endfacet
 facet normal -8.480566e-01  5.259062e-01 -6.498151e-02
   outer loop
     vertex -2.896517e+00 -1.792629e+00  3.107143e+00
     vertex -2.790304e+00 -1.621354e+00  3.107143e+00
     vertex -2.743469e+00 -1.699399e+00  1.864286e+00
   endloop
 endfacet
 facet normal -8.896188e-01  4.510633e-01 -7.155648e-02
   outer loop
     vertex -3.005283e+00 -1.992931e+00  3.107143e+00
     vertex -2.844810e+00 -1.873601e+00  1.864286e+00
     vertex -2.947884e+00 -2.076891e+00  1.864286e+00
   endloop
 endfacet
 facet normal -8.767930e-01  4.761074e-01 -6.749593e-02
   outer loop
     vertex -3.005283e+00 -1.992931e+00  3.107143e+00
     vertex -2.896517e+00 -1.792629e+00  3.107143e+00
     vertex -2.844810e+00 -1.873601e+00  1.864286e+00
   endloop
 endfacet
 facet normal -9.273554e-01  3.670287e-01 -7.281432e-02
   outer loop
     vertex -3.095694e+00 -2.203788e+00  3.107143e+00
     vertex -2.947884e+00 -2.076891e+00  1.864286e+00
     vertex -3.032313e+00 -2.290214e+00  1.864286e+00
   endloop
 endfacet
 facet normal -9.168912e-01  3.931449e-01 -6.890335e-02
   outer loop
     vertex -3.095694e+00 -2.203788e+00  3.107143e+00
     vertex -3.005283e+00 -1.992931e+00  3.107143e+00
     vertex -2.947884e+00 -2.076891e+00  1.864286e+00
   endloop
 endfacet
 facet normal -6.452277e-01  7.619653e-01 -5.558959e-02
   outer loop
     vertex -2.144361e+00 -1.255252e+00  1.864286e+00
     vertex -2.108108e+00 -1.315227e+00  6.214286e-01
     vertex -2.466559e+00 -1.618760e+00  6.214286e-01
   endloop
 endfacet
 facet normal -5.106422e-01  8.571965e-01 -6.677302e-02
   outer loop
     vertex -2.511229e+00 -1.548556e+00  1.864286e+00
     vertex -2.466559e+00 -1.618760e+00  6.214286e-01
     vertex -2.514378e+00 -1.647247e+00  6.214286e-01
   endloop
 endfacet
 facet normal -6.230694e-01  7.793417e-01 -6.641611e-02
   outer loop
     vertex -2.511229e+00 -1.548556e+00  1.864286e+00
     vertex -2.144361e+00 -1.255252e+00  1.864286e+00
     vertex -2.466559e+00 -1.618760e+00  6.214286e-01
   endloop
 endfacet
 facet normal -4.342923e-01  8.982316e-01 -6.760369e-02
   outer loop
     vertex -2.559832e+00 -1.575683e+00  1.864286e+00
     vertex -2.514378e+00 -1.647247e+00  6.214286e-01
     vertex -2.620553e+00 -1.698582e+00  6.214286e-01
   endloop
 endfacet
 facet normal -4.862264e-01  8.711873e-01 -6.794584e-02
   outer loop
     vertex -2.559832e+00 -1.575683e+00  1.864286e+00
     vertex -2.511229e+00 -1.548556e+00  1.864286e+00
     vertex -2.514378e+00 -1.647247e+00  6.214286e-01
   endloop
 endfacet
 facet normal -6.267884e-01  7.760209e-01 -7.019801e-02
   outer loop
     vertex -2.667414e+00 -1.624004e+00  1.864286e+00
     vertex -2.620553e+00 -1.698582e+00  6.214286e-01
     vertex -2.656900e+00 -1.727939e+00  6.214286e-01
   endloop
 endfacet
 facet normal -4.087201e-01  9.099703e-01 -7.001383e-02
   outer loop
     vertex -2.667414e+00 -1.624004e+00  1.864286e+00
     vertex -2.559832e+00 -1.575683e+00  1.864286e+00
     vertex -2.620553e+00 -1.698582e+00  6.214286e-01
   endloop
 endfacet
 facet normal -7.867603e-01  6.135560e-01 -6.750737e-02
   outer loop
     vertex -2.704574e+00 -1.652324e+00  1.864286e+00
     vertex -2.656900e+00 -1.727939e+00  6.214286e-01
     vertex -2.694453e+00 -1.776093e+00  6.214286e-01
   endloop
 endfacet
 facet normal -6.046001e-01  7.933175e-01 -7.145677e-02
   outer loop
     vertex -2.704574e+00 -1.652324e+00  1.864286e+00
     vertex -2.667414e+00 -1.624004e+00  1.864286e+00
     vertex -2.656900e+00 -1.727939e+00  6.214286e-01
   endloop
 endfacet
 facet normal -8.764132e-01  4.772858e-01 -6.401671e-02
   outer loop
     vertex -2.743469e+00 -1.699399e+00  1.864286e+00
     vertex -2.694453e+00 -1.776093e+00  6.214286e-01
     vertex -2.790840e+00 -1.953084e+00  6.214286e-01
   endloop
 endfacet
 facet normal -7.690367e-01  6.354108e-01 -6.953944e-02
   outer loop
     vertex -2.743469e+00 -1.699399e+00  1.864286e+00
     vertex -2.704574e+00 -1.652324e+00  1.864286e+00
     vertex -2.694453e+00 -1.776093e+00  6.214286e-01
   endloop
 endfacet
 facet normal -9.023067e-01  4.259470e-01 -6.642152e-02
   outer loop
     vertex -2.844810e+00 -1.873601e+00  1.864286e+00
     vertex -2.790840e+00 -1.953084e+00  6.214286e-01
     vertex -2.888140e+00 -2.159200e+00  6.214286e-01
   endloop
 endfacet
 facet normal -8.622860e-01  5.016267e-01 -6.952349e-02
   outer loop
     vertex -2.844810e+00 -1.873601e+00  1.864286e+00
     vertex -2.743469e+00 -1.699399e+00  1.864286e+00
     vertex -2.790840e+00 -1.953084e+00  6.214286e-01
   endloop
 endfacet
 facet normal -9.376792e-01  3.408543e-01 -6.764702e-02
   outer loop
     vertex -2.947884e+00 -2.076891e+00  1.864286e+00
     vertex -2.888140e+00 -2.159200e+00  6.214286e-01
     vertex -2.966519e+00 -2.374818e+00  6.214286e-01
   endloop
 endfacet
 facet normal -8.895496e-01  4.510282e-01 -7.262973e-02
   outer loop
     vertex -2.947884e+00 -2.076891e+00  1.864286e+00
     vertex -2.844810e+00 -1.873601e+00  1.864286e+00
     vertex -2.888140e+00 -2.159200e+00  6.214286e-01
   endloop
 endfacet
 facet normal -9.272695e-01  3.669947e-01 -7.406926e-02
   outer loop
     vertex -3.032313e+00 -2.290214e+00  1.864286e+00
     vertex -2.947884e+00 -2.076891e+00  1.864286e+00
     vertex -2.966519e+00 -2.374818e+00  6.214286e-01
   endloop
 endfacet
 facet normal -6.452194e-01  7.619555e-01 -5.581804e-02
   outer loop
     vertex -2.466559e+00 -1.618760e+00  6.214286e-01
     vertex -2.108108e+00 -1.315227e+00  6.214286e-01
     vertex -2.070179e+00 -1.374155e+00 -6.214286e-01
   endloop
 endfacet
 facet normal -6.660280e-01  7.429844e-01 -6.618810e-02
   outer loop
     vertex -2.466559e+00 -1.618760e+00  6.214286e-01
     vertex -2.070179e+00 -1.374155e+00 -6.214286e-01
     vertex -2.419926e+00 -1.687677e+00 -6.214286e-01
   endloop
 endfacet
 facet normal -5.345678e-01  8.423832e-01 -6.802742e-02
   outer loop
     vertex -2.514378e+00 -1.647247e+00  6.214286e-01
     vertex -2.419926e+00 -1.687677e+00 -6.214286e-01
     vertex -2.466923e+00 -1.717501e+00 -6.214286e-01
   endloop
 endfacet
 facet normal -5.106450e-01  8.572012e-01 -6.669142e-02
   outer loop
     vertex -2.514378e+00 -1.647247e+00  6.214286e-01
     vertex -2.466559e+00 -1.618760e+00  6.214286e-01
     vertex -2.419926e+00 -1.687677e+00 -6.214286e-01
   endloop
 endfacet
 facet normal -4.593664e-01  8.854637e-01 -7.026067e-02
   outer loop
     vertex -2.620553e+00 -1.698582e+00  6.214286e-01
     vertex -2.466923e+00 -1.717501e+00 -6.214286e-01
     vertex -2.571609e+00 -1.771810e+00 -6.214286e-01
   endloop
 endfacet
 facet normal -4.342996e-01  8.982466e-01 -6.735671e-02
   outer loop
     vertex -2.620553e+00 -1.698582e+00  6.214286e-01
     vertex -2.514378e+00 -1.647247e+00  6.214286e-01
     vertex -2.466923e+00 -1.717501e+00 -6.214286e-01
   endloop
 endfacet
 facet normal -6.483755e-01  7.579793e-01 -7.125022e-02
   outer loop
     vertex -2.656900e+00 -1.727939e+00  6.214286e-01
     vertex -2.571609e+00 -1.771810e+00 -6.214286e-01
     vertex -2.607113e+00 -1.802180e+00 -6.214286e-01
   endloop
 endfacet
 facet normal -6.267793e-01  7.760096e-01 -7.040461e-02
   outer loop
     vertex -2.656900e+00 -1.727939e+00  6.214286e-01
     vertex -2.620553e+00 -1.698582e+00  6.214286e-01
     vertex -2.571609e+00 -1.771810e+00 -6.214286e-01
   endloop
 endfacet
 facet normal -8.036748e-01  5.910685e-01 -6.888334e-02
   outer loop
     vertex -2.694453e+00 -1.776093e+00  6.214286e-01
     vertex -2.607113e+00 -1.802180e+00 -6.214286e-01
     vertex -2.643293e+00 -1.851374e+00 -6.214286e-01
   endloop
 endfacet
 facet normal -7.867251e-01  6.135286e-01 -6.816366e-02
   outer loop
     vertex -2.694453e+00 -1.776093e+00  6.214286e-01
     vertex -2.656900e+00 -1.727939e+00  6.214286e-01
     vertex -2.607113e+00 -1.802180e+00 -6.214286e-01
   endloop
 endfacet
 facet normal -8.892558e-01  4.522431e-01 -6.855957e-02
   outer loop
     vertex -2.790840e+00 -1.953084e+00  6.214286e-01
     vertex -2.643293e+00 -1.851374e+00 -6.214286e-01
     vertex -2.734650e+00 -2.031013e+00 -6.214286e-01
   endloop
 endfacet
 facet normal -8.763585e-01  4.772559e-01 -6.498151e-02
   outer loop
     vertex -2.790840e+00 -1.953084e+00  6.214286e-01
     vertex -2.694453e+00 -1.776093e+00  6.214286e-01
     vertex -2.643293e+00 -1.851374e+00 -6.214286e-01
   endloop
 endfacet
 facet normal -9.136348e-01  4.001888e-01 -7.155648e-02
   outer loop
     vertex -2.888140e+00 -2.159200e+00  6.214286e-01
     vertex -2.734650e+00 -2.031013e+00 -6.214286e-01
     vertex -2.826099e+00 -2.239790e+00 -6.214286e-01
   endloop
 endfacet
 facet normal -9.022415e-01  4.259162e-01 -6.749593e-02
   outer loop
     vertex -2.888140e+00 -2.159200e+00  6.214286e-01
     vertex -2.790840e+00 -1.953084e+00  6.214286e-01
     vertex -2.734650e+00 -2.031013e+00 -6.214286e-01
   endloop
 endfacet
 facet normal -9.465735e-01  3.141603e-01 -7.281432e-02
   outer loop
     vertex -2.966519e+00 -2.374818e+00  6.214286e-01
     vertex -2.826099e+00 -2.239790e+00 -6.214286e-01
     vertex -2.898366e+00 -2.457534e+00 -6.214286e-01
   endloop
 endfacet
 facet normal -9.375984e-01  3.408249e-01 -6.890335e-02
   outer loop
     vertex -2.966519e+00 -2.374818e+00  6.214286e-01
     vertex -2.888140e+00 -2.159200e+00  6.214286e-01
     vertex -2.826099e+00 -2.239790e+00 -6.214286e-01
   endloop
 endfacet
 facet normal -6.871612e-01  7.243751e-01 -5.558959e-02
   outer loop
     vertex -2.070179e+00 -1.374155e+00 -6.214286e-01
     vertex -2.030602e+00 -1.431991e+00 -1.864286e+00
     vertex -2.371369e+00 -1.755251e+00 -1.864286e+00
   endloop
 endfacet
 facet normal -5.581590e-01  8.270429e-01 -6.677302e-02
   outer loop
     vertex -2.419926e+00 -1.687677e+00 -6.214286e-01
     vertex -2.371369e+00 -1.755251e+00 -1.864286e+00
     vertex -2.417506e+00 -1.786388e+00 -1.864286e+00
   endloop
 endfacet
 facet normal -6.660178e-01  7.429732e-01 -6.641611e-02
   outer loop
     vertex -2.419926e+00 -1.687677e+00 -6.214286e-01
     vertex -2.070179e+00 -1.374155e+00 -6.214286e-01
     vertex -2.371369e+00 -1.755251e+00 -1.864286e+00
   endloop
 endfacet
 facet normal -4.842441e-01  8.723172e-01 -6.760369e-02
   outer loop
     vertex -2.466923e+00 -1.717501e+00 -6.214286e-01
     vertex -2.417506e+00 -1.786388e+00 -1.864286e+00
     vertex -2.520618e+00 -1.843628e+00 -1.864286e+00
   endloop
 endfacet
 facet normal -5.345708e-01  8.423879e-01 -6.794584e-02
   outer loop
     vertex -2.466923e+00 -1.717501e+00 -6.214286e-01
     vertex -2.419926e+00 -1.687677e+00 -6.214286e-01
     vertex -2.417506e+00 -1.786388e+00 -1.864286e+00
   endloop
 endfacet
 facet normal -6.695438e-01  7.394480e-01 -7.019801e-02
   outer loop
     vertex -2.571609e+00 -1.771810e+00 -6.214286e-01
     vertex -2.520618e+00 -1.843628e+00 -1.864286e+00
     vertex -2.555252e+00 -1.874988e+00 -1.864286e+00
   endloop
 endfacet
 facet normal -4.593744e-01  8.854791e-01 -7.001383e-02
   outer loop
     vertex -2.571609e+00 -1.771810e+00 -6.214286e-01
     vertex -2.466923e+00 -1.717501e+00 -6.214286e-01
     vertex -2.520618e+00 -1.843628e+00 -1.864286e+00
   endloop
 endfacet
 facet normal -8.201014e-01  5.682222e-01 -6.750737e-02
   outer loop
     vertex -2.607113e+00 -1.802180e+00 -6.214286e-01
     vertex -2.555252e+00 -1.874988e+00 -1.864286e+00
     vertex -2.590030e+00 -1.925182e+00 -1.864286e+00
   endloop
 endfacet
 facet normal -6.483659e-01  7.579681e-01 -7.145677e-02
   outer loop
     vertex -2.607113e+00 -1.802180e+00 -6.214286e-01
     vertex -2.571609e+00 -1.771810e+00 -6.214286e-01
     vertex -2.555252e+00 -1.874988e+00 -1.864286e+00
   endloop
 endfacet
 facet normal -9.019287e-01  4.271141e-01 -6.401671e-02
   outer loop
     vertex -2.643293e+00 -1.851374e+00 -6.214286e-01
     vertex -2.590030e+00 -1.925182e+00 -1.864286e+00
     vertex -2.676285e+00 -2.107326e+00 -1.864286e+00
   endloop
 endfacet
 facet normal -8.036381e-01  5.910415e-01 -6.953944e-02
   outer loop
     vertex -2.643293e+00 -1.851374e+00 -6.214286e-01
     vertex -2.607113e+00 -1.802180e+00 -6.214286e-01
     vertex -2.590030e+00 -1.925182e+00 -1.864286e+00
   endloop
 endfacet
 facet normal -9.248865e-01  3.743971e-01 -6.642152e-02
   outer loop
     vertex -2.734650e+00 -2.031013e+00 -6.214286e-01
     vertex -2.676285e+00 -2.107326e+00 -1.864286e+00
     vertex -2.761810e+00 -2.318600e+00 -1.864286e+00
   endloop
 endfacet
 facet normal -8.891963e-01  4.522128e-01 -6.952349e-02
   outer loop
     vertex -2.734650e+00 -2.031013e+00 -6.214286e-01
     vertex -2.643293e+00 -1.851374e+00 -6.214286e-01
     vertex -2.676285e+00 -2.107326e+00 -1.864286e+00
   endloop
 endfacet
 facet normal -9.554052e-01  2.874454e-01 -6.764702e-02
   outer loop
     vertex -2.826099e+00 -2.239790e+00 -6.214286e-01
     vertex -2.761810e+00 -2.318600e+00 -1.864286e+00
     vertex -2.827908e+00 -2.538294e+00 -1.864286e+00
   endloop
 endfacet
 facet normal -9.135638e-01  4.001577e-01 -7.262973e-02
   outer loop
     vertex -2.826099e+00 -2.239790e+00 -6.214286e-01
     vertex -2.734650e+00 -2.031013e+00 -6.214286e-01
     vertex -2.761810e+00 -2.318600e+00 -1.864286e+00
   endloop
 endfacet
 facet normal -9.464858e-01  3.141312e-01 -7.406926e-02
   outer loop
     vertex -2.898366e+00 -2.457534e+00 -6.214286e-01
     vertex -2.826099e+00 -2.239790e+00 -6.214286e-01
     vertex -2.827908e+00 -2.538294e+00 -1.864286e+00
   endloop
 endfacet
 facet normal -7.073163e-01  7.047081e-01 -5.558959e-02
   outer loop
     vertex -2.030602e+00 -1.431991e+00 -1.864286e+00
     vertex -1.989411e+00 -1.488687e+00 -3.107143e+00
     vertex -2.320925e+00 -1.821429e+00 -3.107143e+00
   endloop
 endfacet
 facet normal -5.812608e-01  8.109730e-01 -6.677302e-02
   outer loop
     vertex -2.371369e+00 -1.755251e+00 -1.864286e+00
     vertex -2.320925e+00 -1.821429e+00 -3.107143e+00
     vertex -2.366166e+00 -1.853855e+00 -3.107143e+00
   endloop
 endfacet
 facet normal -6.867058e-01  7.238950e-01 -6.641611e-02
   outer loop
     vertex -2.371369e+00 -1.755251e+00 -1.864286e+00
     vertex -2.030602e+00 -1.431991e+00 -1.864286e+00
     vertex -2.320925e+00 -1.821429e+00 -3.107143e+00
   endloop
 endfacet
 facet normal -5.086521e-01  8.583139e-01 -6.760369e-02
   outer loop
     vertex -2.417506e+00 -1.786388e+00 -1.864286e+00
     vertex -2.366166e+00 -1.853855e+00 -3.107143e+00
     vertex -2.467623e+00 -1.913980e+00 -3.107143e+00
   endloop
 endfacet
 facet normal -5.581147e-01  8.269772e-01 -6.794584e-02
   outer loop
     vertex -2.417506e+00 -1.786388e+00 -1.864286e+00
     vertex -2.371369e+00 -1.755251e+00 -1.864286e+00
     vertex -2.366166e+00 -1.853855e+00 -3.107143e+00
   endloop
 endfacet
 facet normal -6.901309e-01  7.202718e-01 -7.019801e-02
   outer loop
     vertex -2.520618e+00 -1.843628e+00 -1.864286e+00
     vertex -2.467623e+00 -1.913980e+00 -3.107143e+00
     vertex -2.501359e+00 -1.946304e+00 -3.107143e+00
   endloop
 endfacet
 facet normal -4.841634e-01  8.721719e-01 -7.001383e-02
   outer loop
     vertex -2.520618e+00 -1.843628e+00 -1.864286e+00
     vertex -2.417506e+00 -1.786388e+00 -1.864286e+00
     vertex -2.467623e+00 -1.913980e+00 -3.107143e+00
   endloop
 endfacet
 facet normal -8.357998e-01  5.448682e-01 -6.750737e-02
   outer loop
     vertex -2.555252e+00 -1.874988e+00 -1.864286e+00
     vertex -2.501359e+00 -1.946304e+00 -3.107143e+00
     vertex -2.534707e+00 -1.997459e+00 -3.107143e+00
   endloop
 endfacet
 facet normal -6.694838e-01  7.393818e-01 -7.145677e-02
   outer loop
     vertex -2.555252e+00 -1.874988e+00 -1.864286e+00
     vertex -2.520618e+00 -1.843628e+00 -1.864286e+00
     vertex -2.501359e+00 -1.946304e+00 -3.107143e+00
   endloop
 endfacet
 facet normal -9.136152e-01  4.015086e-01 -6.401671e-02
   outer loop
     vertex -2.590030e+00 -1.925182e+00 -1.864286e+00
     vertex -2.534707e+00 -1.997459e+00 -3.107143e+00
     vertex -2.615791e+00 -2.181963e+00 -3.107143e+00
   endloop
 endfacet
 facet normal -8.199866e-01  5.681427e-01 -6.953944e-02
   outer loop
     vertex -2.590030e+00 -1.925182e+00 -1.864286e+00
     vertex -2.555252e+00 -1.874988e+00 -1.864286e+00
     vertex -2.534707e+00 -1.997459e+00 -3.107143e+00
   endloop
 endfacet
 facet normal -9.350771e-01  3.481651e-01 -6.642152e-02
   outer loop
     vertex -2.676285e+00 -2.107326e+00 -1.864286e+00
     vertex -2.615791e+00 -2.181963e+00 -3.107143e+00
     vertex -2.695324e+00 -2.395564e+00 -3.107143e+00
   endloop
 endfacet
 facet normal -9.015957e-01  4.269564e-01 -6.952349e-02
   outer loop
     vertex -2.676285e+00 -2.107326e+00 -1.864286e+00
     vertex -2.590030e+00 -1.925182e+00 -1.864286e+00
     vertex -2.615791e+00 -2.181963e+00 -3.107143e+00
   endloop
 endfacet
 facet normal -9.631315e-01  2.603874e-01 -6.764702e-02
   outer loop
     vertex -2.761810e+00 -2.318600e+00 -1.864286e+00
     vertex -2.695324e+00 -2.395564e+00 -3.107143e+00
     vertex -2.755199e+00 -2.617036e+00 -3.107143e+00
   endloop
 endfacet
 facet normal -9.244854e-01  3.742347e-01 -7.262973e-02
   outer loop
     vertex -2.761810e+00 -2.318600e+00 -1.864286e+00
     vertex -2.676285e+00 -2.107326e+00 -1.864286e+00
     vertex -2.695324e+00 -2.395564e+00 -3.107143e+00
   endloop
 endfacet
 facet normal -9.549683e-01  2.873140e-01 -7.406926e-02
   outer loop
     vertex -2.827908e+00 -2.538294e+00 -1.864286e+00
     vertex -2.761810e+00 -2.318600e+00 -1.864286e+00
     vertex -2.755199e+00 -2.617036e+00 -3.107143e+00
   endloop
 endfacet
 facet normal  2.941679e-01 -9.528284e-01  7.472161e-02
   outer loop
     vertex -2.639021e+00 -2.734149e+00 -1.864286e+00
     vertex -2.560864e+00 -2.807485e+00 -3.107143e+00
     vertex -2.256959e+00 -2.713660e+00 -3.107143e+00
   endloop
 endfacet
 facet normal  2.673387e-01 -9.613167e-01  6.633423e-02
   outer loop
     vertex -2.332590e+00 -2.648932e+00 -1.864286e+00
     vertex -2.639021e+00 -2.734149e+00 -1.864286e+00
     vertex -2.256959e+00 -2.713660e+00 -3.107143e+00
   endloop
 endfacet
 facet normal  3.982488e-01 -9.148197e-01  6.710250e-02
   outer loop
     vertex -2.136853e+00 -2.570210e+00 -1.864286e+00
     vertex -2.256959e+00 -2.713660e+00 -3.107143e+00
     vertex -2.063520e+00 -2.629450e+00 -3.107143e+00
   endloop
 endfacet
 facet normal  3.721946e-01 -9.254469e-01  7.084688e-02
   outer loop
     vertex -2.136853e+00 -2.570210e+00 -1.864286e+00
     vertex -2.332590e+00 -2.648932e+00 -1.864286e+00
     vertex -2.256959e+00 -2.713660e+00 -3.107143e+00
   endloop
 endfacet
 facet normal  4.327058e-01 -8.991868e-01  6.502903e-02
   outer loop
     vertex -2.001319e+00 -2.509635e+00 -1.864286e+00
     vertex -2.063520e+00 -2.629450e+00 -3.107143e+00
     vertex -1.929747e+00 -2.565077e+00 -3.107143e+00
   endloop
 endfacet
 facet normal  4.071101e-01 -9.108861e-01  6.743786e-02
   outer loop
     vertex -2.001319e+00 -2.509635e+00 -1.864286e+00
     vertex -2.136853e+00 -2.570210e+00 -1.864286e+00
     vertex -2.063520e+00 -2.629450e+00 -3.107143e+00
   endloop
 endfacet
 facet normal  6.123697e-01 -7.875483e-01  6.907336e-02
   outer loop
     vertex -1.954230e+00 -2.475106e+00 -1.864286e+00
     vertex -1.929747e+00 -2.565077e+00 -3.107143e+00
     vertex -1.883651e+00 -2.529234e+00 -3.107143e+00
   endloop
 endfacet
 facet normal  5.898840e-01 -8.044608e-01  6.985472e-02
   outer loop
     vertex -1.954230e+00 -2.475106e+00 -1.864286e+00
     vertex -2.001319e+00 -2.509635e+00 -1.864286e+00
     vertex -1.929747e+00 -2.565077e+00 -3.107143e+00
   endloop
 endfacet
 facet normal  7.926582e-01 -6.056154e-01  7.016317e-02
   outer loop
     vertex -1.920174e+00 -2.433046e+00 -1.864286e+00
     vertex -1.883651e+00 -2.529234e+00 -3.107143e+00
     vertex -1.850795e+00 -2.486230e+00 -3.107143e+00
   endloop
 endfacet
 facet normal  7.751979e-01 -6.276753e-01  7.135736e-02
   outer loop
     vertex -1.920174e+00 -2.433046e+00 -1.864286e+00
     vertex -1.954230e+00 -2.475106e+00 -1.864286e+00
     vertex -1.883651e+00 -2.529234e+00 -3.107143e+00
   endloop
 endfacet
 facet normal  8.613726e-01 -5.036161e-01  6.639369e-02
   outer loop
     vertex -1.844476e+00 -2.311572e+00 -1.864286e+00
     vertex -1.850795e+00 -2.486230e+00 -3.107143e+00
     vertex -1.778553e+00 -2.362669e+00 -3.107143e+00
   endloop
 endfacet
 facet normal  8.466278e-01 -5.275833e-01  6.983675e-02
   outer loop
     vertex -1.844476e+00 -2.311572e+00 -1.864286e+00
     vertex -1.920174e+00 -2.433046e+00 -1.864286e+00
     vertex -1.850795e+00 -2.486230e+00 -3.107143e+00
   endloop
 endfacet
 facet normal  7.077619e-01 -7.036650e-01  6.267855e-02
   outer loop
     vertex -1.723118e+00 -2.196205e+00 -1.864286e+00
     vertex -1.778553e+00 -2.362669e+00 -3.107143e+00
     vertex -1.660496e+00 -2.243925e+00 -3.107143e+00
   endloop
 endfacet
 facet normal  6.874795e-01 -7.231804e-01  6.619703e-02
   outer loop
     vertex -1.723118e+00 -2.196205e+00 -1.864286e+00
     vertex -1.844476e+00 -2.311572e+00 -1.864286e+00
     vertex -1.778553e+00 -2.362669e+00 -3.107143e+00
   endloop
 endfacet
 facet normal  7.260047e-01 -6.854148e-01  5.589113e-02
   outer loop
     vertex -1.504574e+00 -1.977422e+00 -1.864286e+00
     vertex -1.660496e+00 -2.243925e+00 -3.107143e+00
     vertex -1.448210e+00 -2.019067e+00 -3.107143e+00
   endloop
 endfacet
 facet normal  7.061019e-01 -7.053325e-01  6.265893e-02
   outer loop
     vertex -1.504574e+00 -1.977422e+00 -1.864286e+00
     vertex -1.723118e+00 -2.196205e+00 -1.864286e+00
     vertex -1.660496e+00 -2.243925e+00 -3.107143e+00
   endloop
 endfacet
 facet normal  2.400011e-01 -9.679863e-01  7.349833e-02
   outer loop
     vertex -2.406366e+00 -2.582096e+00 -6.214286e-01
     vertex -2.715078e+00 -2.658637e+00 -6.214286e-01
     vertex -2.639021e+00 -2.734149e+00 -1.864286e+00
   endloop
 endfacet
 facet normal  2.673167e-01 -9.612375e-01  6.755937e-02
   outer loop
     vertex -2.406366e+00 -2.582096e+00 -6.214286e-01
     vertex -2.639021e+00 -2.734149e+00 -1.864286e+00
     vertex -2.332590e+00 -2.648932e+00 -1.864286e+00
   endloop
 endfacet
 facet normal  3.722912e-01 -9.256871e-01  6.710250e-02
   outer loop
     vertex -2.208487e+00 -2.508926e+00 -6.214286e-01
     vertex -2.332590e+00 -2.648932e+00 -1.864286e+00
     vertex -2.136853e+00 -2.570210e+00 -1.864286e+00
   endloop
 endfacet
 facet normal  4.070841e-01 -9.108279e-01  6.837513e-02
   outer loop
     vertex -2.208487e+00 -2.508926e+00 -6.214286e-01
     vertex -2.136853e+00 -2.570210e+00 -1.864286e+00
     vertex -2.001319e+00 -2.509635e+00 -1.864286e+00
   endloop
 endfacet
 facet normal  3.459477e-01 -9.355752e-01  7.084688e-02
   outer loop
     vertex -2.208487e+00 -2.508926e+00 -6.214286e-01
     vertex -2.406366e+00 -2.582096e+00 -6.214286e-01
     vertex -2.332590e+00 -2.648932e+00 -1.864286e+00
   endloop
 endfacet
 facet normal  5.898618e-01 -8.044306e-01  7.038865e-02
   outer loop
     vertex -2.071298e+00 -2.452197e+00 -6.214286e-01
     vertex -2.001319e+00 -2.509635e+00 -1.864286e+00
     vertex -1.954230e+00 -2.475106e+00 -1.864286e+00
   endloop
 endfacet
 facet normal  3.813442e-01 -9.222087e-01  6.409112e-02
   outer loop
     vertex -2.071298e+00 -2.452197e+00 -6.214286e-01
     vertex -2.208487e+00 -2.508926e+00 -6.214286e-01
     vertex -2.001319e+00 -2.509635e+00 -1.864286e+00
   endloop
 endfacet
 facet normal  7.751966e-01 -6.276742e-01  7.138197e-02
   outer loop
     vertex -2.023254e+00 -2.419010e+00 -6.214286e-01
     vertex -1.954230e+00 -2.475106e+00 -1.864286e+00
     vertex -1.920174e+00 -2.433046e+00 -1.864286e+00
   endloop
 endfacet
 facet normal  5.670143e-01 -8.208515e-01  6.853928e-02
   outer loop
     vertex -2.023254e+00 -2.419010e+00 -6.214286e-01
     vertex -2.071298e+00 -2.452197e+00 -6.214286e-01
     vertex -1.954230e+00 -2.475106e+00 -1.864286e+00
   endloop
 endfacet
 facet normal  8.466407e-01 -5.275914e-01  6.961889e-02
   outer loop
     vertex -1.988025e+00 -2.377927e+00 -6.214286e-01
     vertex -1.920174e+00 -2.433046e+00 -1.864286e+00
     vertex -1.844476e+00 -2.311572e+00 -1.864286e+00
   endloop
 endfacet
 facet normal  7.572539e-01 -6.493436e-01  7.013855e-02
   outer loop
     vertex -1.988025e+00 -2.377927e+00 -6.214286e-01
     vertex -2.023254e+00 -2.419010e+00 -6.214286e-01
     vertex -1.920174e+00 -2.433046e+00 -1.864286e+00
   endloop
 endfacet
 facet normal  6.874677e-01 -7.231680e-01  6.645424e-02
   outer loop
     vertex -1.908932e+00 -2.258636e+00 -6.214286e-01
     vertex -1.844476e+00 -2.311572e+00 -1.864286e+00
     vertex -1.723118e+00 -2.196205e+00 -1.864286e+00
   endloop
 endfacet
 facet normal  8.315963e-01 -5.513715e-01  6.661168e-02
   outer loop
     vertex -1.908932e+00 -2.258636e+00 -6.214286e-01
     vertex -1.988025e+00 -2.377927e+00 -6.214286e-01
     vertex -1.844476e+00 -2.311572e+00 -1.864286e+00
   endloop
 endfacet
 facet normal  7.060925e-01 -7.053231e-01  6.287082e-02
   outer loop
     vertex -1.784369e+00 -2.146737e+00 -6.214286e-01
     vertex -1.723118e+00 -2.196205e+00 -1.864286e+00
     vertex -1.504574e+00 -1.977422e+00 -1.864286e+00
   endloop
 endfacet
 facet normal  6.669740e-01 -7.424616e-01  6.242115e-02
   outer loop
     vertex -1.784369e+00 -2.146737e+00 -6.214286e-01
     vertex -1.908932e+00 -2.258636e+00 -6.214286e-01
     vertex -1.723118e+00 -2.196205e+00 -1.864286e+00
   endloop
 endfacet
 facet normal  6.862141e-01 -7.252655e-01  5.567899e-02
   outer loop
     vertex -1.559742e+00 -1.934205e+00 -6.214286e-01
     vertex -1.784369e+00 -2.146737e+00 -6.214286e-01
     vertex -1.504574e+00 -1.977422e+00 -1.864286e+00
   endloop
 endfacet
 facet normal  2.399792e-01 -9.678981e-01  7.472161e-02
   outer loop
     vertex -2.788975e+00 -2.581011e+00  6.214286e-01
     vertex -2.715078e+00 -2.658637e+00 -6.214286e-01
     vertex -2.406366e+00 -2.582096e+00 -6.214286e-01
   endloop
 endfacet
 facet normal  3.459226e-01 -9.355075e-01  7.185503e-02
   outer loop
     vertex -2.478228e+00 -2.513206e+00  6.214286e-01
     vertex -2.406366e+00 -2.582096e+00 -6.214286e-01
     vertex -2.208487e+00 -2.508926e+00 -6.214286e-01
   endloop
 endfacet
 facet normal  2.127141e-01 -9.748602e-01  6.633423e-02
   outer loop
     vertex -2.478228e+00 -2.513206e+00  6.214286e-01
     vertex -2.788975e+00 -2.581011e+00  6.214286e-01
     vertex -2.406366e+00 -2.582096e+00 -6.214286e-01
   endloop
 endfacet
 facet normal  3.812356e-01 -9.219459e-01  6.837513e-02
   outer loop
     vertex -2.278363e+00 -2.445646e+00  6.214286e-01
     vertex -2.208487e+00 -2.508926e+00 -6.214286e-01
     vertex -2.071298e+00 -2.452197e+00 -6.214286e-01
   endloop
 endfacet
 facet normal  3.195300e-01 -9.452683e-01  6.609334e-02
   outer loop
     vertex -2.278363e+00 -2.445646e+00  6.214286e-01
     vertex -2.478228e+00 -2.513206e+00  6.214286e-01
     vertex -2.208487e+00 -2.508926e+00 -6.214286e-01
   endloop
 endfacet
 facet normal  3.551850e-01 -9.325963e-01  6.409112e-02
   outer loop
     vertex -2.139629e+00 -2.392808e+00  6.214286e-01
     vertex -2.278363e+00 -2.445646e+00  6.214286e-01
     vertex -2.071298e+00 -2.452197e+00 -6.214286e-01
   endloop
 endfacet
 facet normal  5.669934e-01 -8.208212e-01  6.907336e-02
   outer loop
     vertex -2.090669e+00 -2.360989e+00  6.214286e-01
     vertex -2.071298e+00 -2.452197e+00 -6.214286e-01
     vertex -2.023254e+00 -2.419010e+00 -6.214286e-01
   endloop
 endfacet
 facet normal  5.435899e-01 -8.364391e-01  6.985472e-02
   outer loop
     vertex -2.090669e+00 -2.360989e+00  6.214286e-01
     vertex -2.139629e+00 -2.392808e+00  6.214286e-01
     vertex -2.071298e+00 -2.452197e+00 -6.214286e-01
   endloop
 endfacet
 facet normal  7.572526e-01 -6.493425e-01  7.016317e-02
   outer loop
     vertex -2.054295e+00 -2.320916e+00  6.214286e-01
     vertex -2.023254e+00 -2.419010e+00 -6.214286e-01
     vertex -1.988025e+00 -2.377927e+00 -6.214286e-01
   endloop
 endfacet
 facet normal  7.385763e-01 -6.703828e-01  7.135736e-02
   outer loop
     vertex -2.054295e+00 -2.320916e+00  6.214286e-01
     vertex -2.090669e+00 -2.360989e+00  6.214286e-01
     vertex -2.023254e+00 -2.419010e+00 -6.214286e-01
   endloop
 endfacet
 facet normal  8.316084e-01 -5.513795e-01  6.639369e-02
   outer loop
     vertex -1.971869e+00 -2.203903e+00  6.214286e-01
     vertex -1.988025e+00 -2.377927e+00 -6.214286e-01
     vertex -1.908932e+00 -2.258636e+00 -6.214286e-01
   endloop
 endfacet
 facet normal  8.155358e-01 -5.744773e-01  6.983675e-02
   outer loop
     vertex -1.971869e+00 -2.203903e+00  6.214286e-01
     vertex -2.054295e+00 -2.320916e+00  6.214286e-01
     vertex -1.988025e+00 -2.377927e+00 -6.214286e-01
   endloop
 endfacet
 facet normal  6.669632e-01 -7.424496e-01  6.267855e-02
   outer loop
     vertex -1.844200e+00 -2.095561e+00  6.214286e-01
     vertex -1.908932e+00 -2.258636e+00 -6.214286e-01
     vertex -1.784369e+00 -2.146737e+00 -6.214286e-01
   endloop
 endfacet
 facet normal  6.456128e-01 -7.607904e-01  6.619703e-02
   outer loop
     vertex -1.844200e+00 -2.095561e+00  6.214286e-01
     vertex -1.971869e+00 -2.203903e+00  6.214286e-01
     vertex -1.908932e+00 -2.258636e+00 -6.214286e-01
   endloop
 endfacet
 facet normal  6.862059e-01 -7.252569e-01  5.589113e-02
   outer loop
     vertex -1.613669e+00 -1.889449e+00  6.214286e-01
     vertex -1.784369e+00 -2.146737e+00 -6.214286e-01
     vertex -1.559742e+00 -1.934205e+00 -6.214286e-01
   endloop
 endfacet
 facet normal  6.652119e-01 -7.440208e-01  6.265893e-02
   outer loop
     vertex -1.613669e+00 -1.889449e+00  6.214286e-01
     vertex -1.844200e+00 -2.095561e+00  6.214286e-01
     vertex -1.784369e+00 -2.146737e+00 -6.214286e-01
   endloop
 endfacet
 facet normal  1.850440e-01 -9.799779e-01  7.349833e-02
   outer loop
     vertex -2.548118e+00 -2.442317e+00  1.864286e+00
     vertex -2.860654e+00 -2.501331e+00  1.864286e+00
     vertex -2.788975e+00 -2.581011e+00  6.214286e-01
   endloop
 endfacet
 facet normal  2.126966e-01 -9.747799e-01  6.755937e-02
   outer loop
     vertex -2.548118e+00 -2.442317e+00  1.864286e+00
     vertex -2.788975e+00 -2.581011e+00  6.214286e-01
     vertex -2.478228e+00 -2.513206e+00  6.214286e-01
   endloop
 endfacet
 facet normal  3.195084e-01 -9.452045e-01  6.710250e-02
   outer loop
     vertex -2.346428e+00 -2.380420e+00  1.864286e+00
     vertex -2.478228e+00 -2.513206e+00  6.214286e-01
     vertex -2.278363e+00 -2.445646e+00  6.214286e-01
   endloop
 endfacet
 facet normal  2.926493e-01 -9.535917e-01  7.084688e-02
   outer loop
     vertex -2.346428e+00 -2.380420e+00  1.864286e+00
     vertex -2.548118e+00 -2.442317e+00  1.864286e+00
     vertex -2.478228e+00 -2.513206e+00  6.214286e-01
   endloop
 endfacet
 facet normal  3.551634e-01 -9.325396e-01  6.502903e-02
   outer loop
     vertex -2.206259e+00 -2.331516e+00  1.864286e+00
     vertex -2.278363e+00 -2.445646e+00  6.214286e-01
     vertex -2.139629e+00 -2.392808e+00  6.214286e-01
   endloop
 endfacet
 facet normal  5.435694e-01 -8.364076e-01  7.038865e-02
   outer loop
     vertex -2.206259e+00 -2.331516e+00  1.864286e+00
     vertex -2.139629e+00 -2.392808e+00  6.214286e-01
     vertex -2.090669e+00 -2.360989e+00  6.214286e-01
   endloop
 endfacet
 facet normal  3.286705e-01 -9.420339e-01  6.743786e-02
   outer loop
     vertex -2.206259e+00 -2.331516e+00  1.864286e+00
     vertex -2.346428e+00 -2.380420e+00  1.864286e+00
     vertex -2.278363e+00 -2.445646e+00  6.214286e-01
   endloop
 endfacet
 facet normal  7.385750e-01 -6.703816e-01  7.138197e-02
   outer loop
     vertex -2.156421e+00 -2.301090e+00  1.864286e+00
     vertex -2.090669e+00 -2.360989e+00  6.214286e-01
     vertex -2.054295e+00 -2.320916e+00  6.214286e-01
   endloop
 endfacet
 facet normal  5.198325e-01 -8.515143e-01  6.853928e-02
   outer loop
     vertex -2.156421e+00 -2.301090e+00  1.864286e+00
     vertex -2.206259e+00 -2.331516e+00  1.864286e+00
     vertex -2.090669e+00 -2.360989e+00  6.214286e-01
   endloop
 endfacet
 facet normal  8.155482e-01 -5.744861e-01  6.961889e-02
   outer loop
     vertex -2.118931e+00 -2.262059e+00  1.864286e+00
     vertex -2.054295e+00 -2.320916e+00  6.214286e-01
     vertex -1.971869e+00 -2.203903e+00  6.214286e-01
   endloop
 endfacet
 facet normal  7.194392e-01 -6.910049e-01  7.013855e-02
   outer loop
     vertex -2.118931e+00 -2.262059e+00  1.864286e+00
     vertex -2.156421e+00 -2.301090e+00  1.864286e+00
     vertex -2.054295e+00 -2.320916e+00  6.214286e-01
   endloop
 endfacet
 facet normal  6.456018e-01 -7.607774e-01  6.645424e-02
   outer loop
     vertex -2.033238e+00 -2.147417e+00  1.864286e+00
     vertex -1.971869e+00 -2.203903e+00  6.214286e-01
     vertex -1.844200e+00 -2.095561e+00  6.214286e-01
   endloop
 endfacet
 facet normal  7.991870e-01 -5.973801e-01  6.661168e-02
   outer loop
     vertex -2.033238e+00 -2.147417e+00  1.864286e+00
     vertex -2.118931e+00 -2.262059e+00  1.864286e+00
     vertex -1.971869e+00 -2.203903e+00  6.214286e-01
   endloop
 endfacet
 facet normal  6.652030e-01 -7.440109e-01  6.287082e-02
   outer loop
     vertex -1.902564e+00 -2.042719e+00  1.864286e+00
     vertex -1.844200e+00 -2.095561e+00  6.214286e-01
     vertex -1.613669e+00 -1.889449e+00  6.214286e-01
   endloop
 endfacet
 facet normal  6.240528e-01 -7.788849e-01  6.242115e-02
   outer loop
     vertex -1.902564e+00 -2.042719e+00  1.864286e+00
     vertex -2.033238e+00 -2.147417e+00  1.864286e+00
     vertex -1.844200e+00 -2.095561e+00  6.214286e-01
   endloop
 endfacet
 facet normal  6.442319e-01 -7.628009e-01  5.567899e-02
   outer loop
     vertex -1.666312e+00 -1.843189e+00  1.864286e+00
     vertex -1.902564e+00 -2.042719e+00  1.864286e+00
     vertex -1.613669e+00 -1.889449e+00  6.214286e-01
   endloop
 endfacet
 facet normal -9.043112e-01 -4.268531e-01 -4.195647e-03
   outer loop
     vertex -2.178908e+00 -1.194279e+00  3.107143e+00
     vertex -2.332019e+00 -8.576895e-01  1.864286e+00
     vertex -2.144361e+00 -1.255252e+00  1.864286e+00
   endloop
 endfacet
 facet normal -9.159894e-01 -4.011805e-01  4.195647e-03
   outer loop
     vertex -2.178908e+00 -1.194279e+00  3.107143e+00
     vertex -2.355279e+00 -7.915822e-01  3.107143e+00
     vertex -2.332019e+00 -8.576895e-01  1.864286e+00
   endloop
 endfacet
 facet normal -2.915436e-01 -9.536346e-01  7.472161e-02
   outer loop
     vertex -3.718910e+00 -7.808390e-01  3.107143e+00
     vertex -3.695410e+00 -8.854068e-01  1.864286e+00
     vertex -3.391248e+00 -9.783948e-01  1.864286e+00
   endloop
 endfacet
 facet normal -1.840147e-01 -9.802935e-01  7.185503e-02
   outer loop
     vertex -3.417491e+00 -8.823677e-01  3.107143e+00
     vertex -3.391248e+00 -9.783948e-01  1.864286e+00
     vertex -3.183895e+00 -1.017318e+00  1.864286e+00
   endloop
 endfacet
 facet normal -3.185107e-01 -9.455954e-01  6.633423e-02
   outer loop
     vertex -3.417491e+00 -8.823677e-01  3.107143e+00
     vertex -3.718910e+00 -7.808390e-01  3.107143e+00
     vertex -3.391248e+00 -9.783948e-01  1.864286e+00
   endloop
 endfacet
 facet normal -2.116717e-01 -9.751035e-01  6.609334e-02
   outer loop
     vertex -3.211318e+00 -9.271229e-01  3.107143e+00
     vertex -3.417491e+00 -8.823677e-01  3.107143e+00
     vertex -3.183895e+00 -1.017318e+00  1.864286e+00
   endloop
 endfacet
 facet normal -1.467852e-01 -9.870285e-01  6.502903e-02
   outer loop
     vertex -3.065152e+00 -9.530926e-01  3.107143e+00
     vertex -3.183895e+00 -1.017318e+00  1.864286e+00
     vertex -3.037054e+00 -1.039155e+00  1.864286e+00
   endloop
 endfacet
 facet normal -1.745344e-01 -9.823390e-01  6.743786e-02
   outer loop
     vertex -3.065152e+00 -9.530926e-01  3.107143e+00
     vertex -3.211318e+00 -9.271229e-01  3.107143e+00
     vertex -3.183895e+00 -1.017318e+00  1.864286e+00
   endloop
 endfacet
 facet normal  6.456802e-02 -9.955199e-01  6.907336e-02
   outer loop
     vertex -3.006800e+00 -9.509581e-01  3.107143e+00
     vertex -3.037054e+00 -1.039155e+00  1.864286e+00
     vertex -2.978786e+00 -1.035376e+00  1.864286e+00
   endloop
 endfacet
 facet normal  3.646530e-02 -9.968905e-01  6.985472e-02
   outer loop
     vertex -3.006800e+00 -9.509581e-01  3.107143e+00
     vertex -3.065152e+00 -9.530926e-01  3.107143e+00
     vertex -3.037054e+00 -1.039155e+00  1.864286e+00
   endloop
 endfacet
 facet normal  3.159052e-01 -9.461929e-01  7.016317e-02
   outer loop
     vertex -2.955003e+00 -9.352737e-01  3.107143e+00
     vertex -2.978786e+00 -1.035376e+00  1.864286e+00
     vertex -2.927452e+00 -1.018237e+00  1.864286e+00
   endloop
 endfacet
 facet normal  2.890711e-01 -9.546445e-01  7.135736e-02
   outer loop
     vertex -2.955003e+00 -9.352737e-01  3.107143e+00
     vertex -3.006800e+00 -9.509581e-01  3.107143e+00
     vertex -2.978786e+00 -1.035376e+00  1.864286e+00
   endloop
 endfacet
 facet normal  4.300348e-01 -9.003677e-01  6.639369e-02
   outer loop
     vertex -2.824161e+00 -8.772539e-01  3.107143e+00
     vertex -2.927452e+00 -1.018237e+00  1.864286e+00
     vertex -2.798297e+00 -9.565502e-01  1.864286e+00
   endloop
 endfacet
 facet normal  4.043769e-01 -9.119222e-01  6.983675e-02
   outer loop
     vertex -2.824161e+00 -8.772539e-01  3.107143e+00
     vertex -2.955003e+00 -9.352737e-01  3.107143e+00
     vertex -2.927452e+00 -1.018237e+00  1.864286e+00
   endloop
 endfacet
 facet normal  1.906024e-01 -9.796643e-01  6.267855e-02
   outer loop
     vertex -2.658962e+00 -8.499237e-01  3.107143e+00
     vertex -2.798297e+00 -9.565502e-01  1.864286e+00
     vertex -2.633936e+00 -9.245721e-01  1.864286e+00
   endloop
 endfacet
 facet normal  1.628616e-01 -9.844257e-01  6.619703e-02
   outer loop
     vertex -2.658962e+00 -8.499237e-01  3.107143e+00
     vertex -2.824161e+00 -8.772539e-01  3.107143e+00
     vertex -2.798297e+00 -9.565502e-01  1.864286e+00
   endloop
 endfacet
 facet normal  2.159452e-01 -9.748045e-01  5.589113e-02
   outer loop
     vertex -2.355279e+00 -7.915822e-01  3.107143e+00
     vertex -2.633936e+00 -9.245721e-01  1.864286e+00
     vertex -2.332019e+00 -8.576895e-01  1.864286e+00
   endloop
 endfacet
 facet normal  1.882926e-01 -9.801121e-01  6.265893e-02
   outer loop
     vertex -2.355279e+00 -7.915822e-01  3.107143e+00
     vertex -2.658962e+00 -8.499237e-01  3.107143e+00
     vertex -2.633936e+00 -9.245721e-01  1.864286e+00
   endloop
 endfacet
 facet normal -1.896481e-01  9.802772e-01 -5.558959e-02
   outer loop
     vertex -2.484336e+00 -4.489234e-02  3.107143e+00
     vertex -2.482082e+00 -1.149362e-01  1.864286e+00
     vertex -2.943233e+00 -2.041521e-01  1.864286e+00
   endloop
 endfacet
 facet normal -1.618202e-01  9.845827e-01 -6.641611e-02
   outer loop
     vertex -2.947819e+00 -1.210676e-01  3.107143e+00
     vertex -2.484336e+00 -4.489234e-02  3.107143e+00
     vertex -2.943233e+00 -2.041521e-01  1.864286e+00
   endloop
 endfacet
 facet normal -2.567104e-02  9.973531e-01 -6.802742e-02
   outer loop
     vertex -3.003480e+00 -1.209301e-01  3.107143e+00
     vertex -2.943233e+00 -2.041521e-01  1.864286e+00
     vertex -2.998875e+00 -2.055843e-01  1.864286e+00
   endloop
 endfacet
 facet normal  6.099077e-02  9.958463e-01 -6.760369e-02
   outer loop
     vertex -3.003480e+00 -1.209301e-01  3.107143e+00
     vertex -2.998875e+00 -2.055843e-01  1.864286e+00
     vertex -3.116589e+00 -1.983748e-01  1.864286e+00
   endloop
 endfacet
 facet normal  2.466133e-03  9.977706e-01 -6.669142e-02
   outer loop
     vertex -3.003480e+00 -1.209301e-01  3.107143e+00
     vertex -2.947819e+00 -1.210676e-01  3.107143e+00
     vertex -2.943233e+00 -2.041521e-01  1.864286e+00
   endloop
 endfacet
 facet normal -1.666887e-01  9.835076e-01 -7.019801e-02
   outer loop
     vertex -3.120944e+00 -1.104038e-01  3.107143e+00
     vertex -3.116589e+00 -1.983748e-01  1.864286e+00
     vertex -3.162654e+00 -2.061821e-01  1.864286e+00
   endloop
 endfacet
 facet normal  8.903593e-02  9.935646e-01 -7.001383e-02
   outer loop
     vertex -3.120944e+00 -1.104038e-01  3.107143e+00
     vertex -3.003480e+00 -1.209301e-01  3.107143e+00
     vertex -3.116589e+00 -1.983748e-01  1.864286e+00
   endloop
 endfacet
 facet normal -3.857120e-01  9.201462e-01 -6.750737e-02
   outer loop
     vertex -3.167211e+00 -1.169088e-01  3.107143e+00
     vertex -3.162654e+00 -2.061821e-01  1.864286e+00
     vertex -3.218972e+00 -2.297896e-01  1.864286e+00
   endloop
 endfacet
 facet normal -1.388737e-01  9.877287e-01 -7.145677e-02
   outer loop
     vertex -3.167211e+00 -1.169088e-01  3.107143e+00
     vertex -3.120944e+00 -1.104038e-01  3.107143e+00
     vertex -3.162654e+00 -2.061821e-01  1.864286e+00
   endloop
 endfacet
 facet normal -5.305947e-01  8.452048e-01 -6.401671e-02
   outer loop
     vertex -3.224172e+00 -1.389187e-01  3.107143e+00
     vertex -3.218972e+00 -2.297896e-01  1.864286e+00
     vertex -3.389660e+00 -3.369427e-01  1.864286e+00
   endloop
 endfacet
 facet normal -3.595589e-01  9.305276e-01 -6.953944e-02
   outer loop
     vertex -3.224172e+00 -1.389187e-01  3.107143e+00
     vertex -3.167211e+00 -1.169088e-01  3.107143e+00
     vertex -3.218972e+00 -2.297896e-01  1.864286e+00
   endloop
 endfacet
 facet normal -5.783046e-01  8.131125e-01 -6.642152e-02
   outer loop
     vertex -3.397814e+00 -2.412155e-01  3.107143e+00
     vertex -3.389660e+00 -3.369427e-01  1.864286e+00
     vertex -3.575401e+00 -4.690460e-01  1.864286e+00
   endloop
 endfacet
 facet normal -5.063607e-01  8.595146e-01 -6.952349e-02
   outer loop
     vertex -3.397814e+00 -2.412155e-01  3.107143e+00
     vertex -3.224172e+00 -1.389187e-01  3.107143e+00
     vertex -3.389660e+00 -3.369427e-01  1.864286e+00
   endloop
 endfacet
 facet normal -6.508030e-01  7.562270e-01 -6.764702e-02
   outer loop
     vertex -3.587207e+00 -3.680282e-01  3.107143e+00
     vertex -3.575401e+00 -4.690460e-01  1.864286e+00
     vertex -3.749295e+00 -6.186978e-01  1.864286e+00
   endloop
 endfacet
 facet normal -5.549029e-01  8.287386e-01 -7.262973e-02
   outer loop
     vertex -3.587207e+00 -3.680282e-01  3.107143e+00
     vertex -3.397814e+00 -2.412155e-01  3.107143e+00
     vertex -3.575401e+00 -4.690460e-01  1.864286e+00
   endloop
 endfacet
 facet normal -6.289298e-01  7.739258e-01 -7.406926e-02
   outer loop
     vertex -3.765252e+00 -5.127164e-01  3.107143e+00
     vertex -3.587207e+00 -3.680282e-01  3.107143e+00
     vertex -3.749295e+00 -6.186978e-01  1.864286e+00
   endloop
 endfacet
 facet normal -1.896457e-01  9.802647e-01 -5.581804e-02
   outer loop
     vertex -2.943233e+00 -2.041521e-01  1.864286e+00
     vertex -2.482082e+00 -1.149362e-01  1.864286e+00
     vertex -2.477854e+00 -1.848887e-01  6.214286e-01
   endloop
 endfacet
 facet normal -2.170772e-01  9.739079e-01 -6.618810e-02
   outer loop
     vertex -2.943233e+00 -2.041521e-01  1.864286e+00
     vertex -2.477854e+00 -1.848887e-01  6.214286e-01
     vertex -2.936305e+00 -2.870741e-01  6.214286e-01
   endloop
 endfacet
 facet normal -5.378758e-02  9.962325e-01 -6.802742e-02
   outer loop
     vertex -2.998875e+00 -2.055843e-01  1.864286e+00
     vertex -2.936305e+00 -2.870741e-01  6.214286e-01
     vertex -2.991885e+00 -2.900749e-01  6.214286e-01
   endloop
 endfacet
 facet normal -2.567336e-02  9.974433e-01 -6.669142e-02
   outer loop
     vertex -2.998875e+00 -2.055843e-01  1.864286e+00
     vertex -2.943233e+00 -2.041521e-01  1.864286e+00
     vertex -2.936305e+00 -2.870741e-01  6.214286e-01
   endloop
 endfacet
 facet normal  3.287622e-02  9.969868e-01 -7.026067e-02
   outer loop
     vertex -3.116589e+00 -1.983748e-01  1.864286e+00
     vertex -2.991885e+00 -2.900749e-01  6.214286e-01
     vertex -3.109755e+00 -2.861881e-01  6.214286e-01
   endloop
 endfacet
 facet normal  6.099179e-02  9.958630e-01 -6.735671e-02
   outer loop
     vertex -3.116589e+00 -1.983748e-01  1.864286e+00
     vertex -2.998875e+00 -2.055843e-01  1.864286e+00
     vertex -2.991885e+00 -2.900749e-01  6.214286e-01
   endloop
 endfacet
 facet normal -1.943442e-01  9.783424e-01 -7.125022e-02
   outer loop
     vertex -3.162654e+00 -2.061821e-01  1.864286e+00
     vertex -3.109755e+00 -2.861881e-01  6.214286e-01
     vertex -3.155582e+00 -2.952913e-01  6.214286e-01
   endloop
 endfacet
 facet normal -1.666863e-01  9.834932e-01 -7.040461e-02
   outer loop
     vertex -3.162654e+00 -2.061821e-01  1.864286e+00
     vertex -3.116589e+00 -1.983748e-01  1.864286e+00
     vertex -3.109755e+00 -2.861881e-01  6.214286e-01
   endloop
 endfacet
 facet normal -4.114692e-01  9.088169e-01 -6.888334e-02
   outer loop
     vertex -3.218972e+00 -2.297896e-01  1.864286e+00
     vertex -3.155582e+00 -2.952913e-01  6.214286e-01
     vertex -3.211211e+00 -3.204777e-01  6.214286e-01
   endloop
 endfacet
 facet normal -3.856947e-01  9.201050e-01 -6.816366e-02
   outer loop
     vertex -3.218972e+00 -2.297896e-01  1.864286e+00
     vertex -3.162654e+00 -2.061821e-01  1.864286e+00
     vertex -3.155582e+00 -2.952913e-01  6.214286e-01
   endloop
 endfacet
 facet normal -5.540520e-01  8.296541e-01 -6.855957e-02
   outer loop
     vertex -3.389660e+00 -3.369427e-01  1.864286e+00
     vertex -3.211211e+00 -3.204777e-01  6.214286e-01
     vertex -3.378810e+00 -4.324018e-01  6.214286e-01
   endloop
 endfacet
 facet normal -5.305616e-01  8.451520e-01 -6.498151e-02
   outer loop
     vertex -3.389660e+00 -3.369427e-01  1.864286e+00
     vertex -3.218972e+00 -2.297896e-01  1.864286e+00
     vertex -3.211211e+00 -3.204777e-01  6.214286e-01
   endloop
 endfacet
 facet normal -6.007916e-01  7.961967e-01 -7.155648e-02
   outer loop
     vertex -3.575401e+00 -4.690460e-01  1.864286e+00
     vertex -3.378810e+00 -4.324018e-01  6.214286e-01
     vertex -3.560751e+00 -5.696907e-01  6.214286e-01
   endloop
 endfacet
 facet normal -5.782628e-01  8.130538e-01 -6.749593e-02
   outer loop
     vertex -3.575401e+00 -4.690460e-01  1.864286e+00
     vertex -3.389660e+00 -3.369427e-01  1.864286e+00
     vertex -3.378810e+00 -4.324018e-01  6.214286e-01
   endloop
 endfacet
 facet normal -6.716258e-01  7.373038e-01 -7.281432e-02
   outer loop
     vertex -3.749295e+00 -6.186978e-01  1.864286e+00
     vertex -3.560751e+00 -5.696907e-01  6.214286e-01
     vertex -3.730356e+00 -7.241870e-01  6.214286e-01
   endloop
 endfacet
 facet normal -6.507469e-01  7.561619e-01 -6.890335e-02
   outer loop
     vertex -3.749295e+00 -6.186978e-01  1.864286e+00
     vertex -3.575401e+00 -4.690460e-01  1.864286e+00
     vertex -3.560751e+00 -5.696907e-01  6.214286e-01
   endloop
 endfacet
 facet normal -2.172150e-01  9.745265e-01 -5.581804e-02
   outer loop
     vertex -2.936305e+00 -2.870741e-01  6.214286e-01
     vertex -2.477854e+00 -1.848887e-01  6.214286e-01
     vertex -2.471654e+00 -2.546941e-01 -6.214286e-01
   endloop
 endfacet
 facet normal -2.444564e-01  9.673987e-01 -6.618810e-02
   outer loop
     vertex -2.936305e+00 -2.870741e-01  6.214286e-01
     vertex -2.471654e+00 -2.546941e-01 -6.214286e-01
     vertex -2.927041e+00 -3.697678e-01 -6.214286e-01
   endloop
 endfacet
 facet normal -8.186132e-02  9.943194e-01 -6.802742e-02
   outer loop
     vertex -2.991885e+00 -2.900749e-01  6.214286e-01
     vertex -2.927041e+00 -3.697678e-01 -6.214286e-01
     vertex -2.982514e+00 -3.743349e-01 -6.214286e-01
   endloop
 endfacet
 facet normal -5.379244e-02  9.963226e-01 -6.669142e-02
   outer loop
     vertex -2.991885e+00 -2.900749e-01  6.214286e-01
     vertex -2.936305e+00 -2.870741e-01  6.214286e-01
     vertex -2.927041e+00 -3.697678e-01 -6.214286e-01
   endloop
 endfacet
 facet normal  4.746729e-03  9.975174e-01 -7.026067e-02
   outer loop
     vertex -3.109755e+00 -2.861881e-01  6.214286e-01
     vertex -2.982514e+00 -3.743349e-01 -6.214286e-01
     vertex -3.100448e+00 -3.737737e-01 -6.214286e-01
   endloop
 endfacet
 facet normal  3.288282e-02  9.971869e-01 -6.735671e-02
   outer loop
     vertex -3.109755e+00 -2.861881e-01  6.214286e-01
     vertex -2.991885e+00 -2.900749e-01  6.214286e-01
     vertex -2.982514e+00 -3.743349e-01 -6.214286e-01
   endloop
 endfacet
 facet normal -2.218575e-01  9.724725e-01 -7.125022e-02
   outer loop
     vertex -3.155582e+00 -2.952913e-01  6.214286e-01
     vertex -3.100448e+00 -3.737737e-01 -6.214286e-01
     vertex -3.145999e+00 -3.841656e-01 -6.214286e-01
   endloop
 endfacet
 facet normal -1.943559e-01  9.784012e-01 -7.040461e-02
   outer loop
     vertex -3.155582e+00 -2.952913e-01  6.214286e-01
     vertex -3.109755e+00 -2.861881e-01  6.214286e-01
     vertex -3.100448e+00 -3.737737e-01 -6.214286e-01
   endloop
 endfacet
 facet normal -4.369354e-01  8.968515e-01 -6.888334e-02
   outer loop
     vertex -3.211211e+00 -3.204777e-01  6.214286e-01
     vertex -3.145999e+00 -3.841656e-01 -6.214286e-01
     vertex -3.200896e+00 -4.109108e-01 -6.214286e-01
   endloop
 endfacet
 facet normal -4.114896e-01  9.088620e-01 -6.816366e-02
   outer loop
     vertex -3.211211e+00 -3.204777e-01  6.214286e-01
     vertex -3.155582e+00 -2.952913e-01  6.214286e-01
     vertex -3.145999e+00 -3.841656e-01 -6.214286e-01
   endloop
 endfacet
 facet normal -5.772290e-01  8.136991e-01 -6.855957e-02
   outer loop
     vertex -3.378810e+00 -4.324018e-01  6.214286e-01
     vertex -3.200896e+00 -4.109108e-01 -6.214286e-01
     vertex -3.365271e+00 -5.275169e-01 -6.214286e-01
   endloop
 endfacet
 facet normal -5.541850e-01  8.298532e-01 -6.498151e-02
   outer loop
     vertex -3.378810e+00 -4.324018e-01  6.214286e-01
     vertex -3.211211e+00 -3.204777e-01  6.214286e-01
     vertex -3.200896e+00 -4.109108e-01 -6.214286e-01
   endloop
 endfacet
 facet normal -6.230065e-01  7.789369e-01 -7.155648e-02
   outer loop
     vertex -3.560751e+00 -5.696907e-01  6.214286e-01
     vertex -3.365271e+00 -5.275169e-01 -6.214286e-01
     vertex -3.543269e+00 -6.698823e-01 -6.214286e-01
   endloop
 endfacet
 facet normal -6.924041e-01  7.183317e-01 -6.764702e-02
   outer loop
     vertex -3.560751e+00 -5.696907e-01  6.214286e-01
     vertex -3.543269e+00 -6.698823e-01 -6.214286e-01
     vertex -3.708449e+00 -8.291002e-01 -6.214286e-01
   endloop
 endfacet
 facet normal -6.009620e-01  7.964226e-01 -6.749593e-02
   outer loop
     vertex -3.560751e+00 -5.696907e-01  6.214286e-01
     vertex -3.378810e+00 -4.324018e-01  6.214286e-01
     vertex -3.365271e+00 -5.275169e-01 -6.214286e-01
   endloop
 endfacet
 facet normal -6.715636e-01  7.372355e-01 -7.406926e-02
   outer loop
     vertex -3.730356e+00 -7.241870e-01  6.214286e-01
     vertex -3.560751e+00 -5.696907e-01  6.214286e-01
     vertex -3.708449e+00 -8.291002e-01 -6.214286e-01
   endloop
 endfacet
 facet normal -2.718172e-01  9.607420e-01 -5.558959e-02
   outer loop
     vertex -2.471654e+00 -2.546941e-01 -6.214286e-01
     vertex -2.463488e+00 -3.242968e-01 -1.864286e+00
     vertex -2.915449e+00 -4.521674e-01 -1.864286e+00
   endloop
 endfacet
 facet normal -1.098793e-01  9.916995e-01 -6.677302e-02
   outer loop
     vertex -2.927041e+00 -3.697678e-01 -6.214286e-01
     vertex -2.915449e+00 -4.521674e-01 -1.864286e+00
     vertex -2.970771e+00 -4.582970e-01 -1.864286e+00
   endloop
 endfacet
 facet normal -2.444527e-01  9.673840e-01 -6.641611e-02
   outer loop
     vertex -2.927041e+00 -3.697678e-01 -6.214286e-01
     vertex -2.471654e+00 -2.546941e-01 -6.214286e-01
     vertex -2.915449e+00 -4.521674e-01 -1.864286e+00
   endloop
 endfacet
 facet normal -2.339084e-02  9.974380e-01 -6.760369e-02
   outer loop
     vertex -2.982514e+00 -3.743349e-01 -6.214286e-01
     vertex -2.970771e+00 -4.582970e-01 -1.864286e+00
     vertex -3.088674e+00 -4.610620e-01 -1.864286e+00
   endloop
 endfacet
 facet normal -8.186178e-02  9.943249e-01 -6.794584e-02
   outer loop
     vertex -2.982514e+00 -3.743349e-01 -6.214286e-01
     vertex -2.927041e+00 -3.697678e-01 -6.214286e-01
     vertex -2.970771e+00 -4.582970e-01 -1.864286e+00
   endloop
 endfacet
 facet normal -2.492129e-01  9.659012e-01 -7.019801e-02
   outer loop
     vertex -3.100448e+00 -3.737737e-01 -6.214286e-01
     vertex -3.088674e+00 -4.610620e-01 -1.864286e+00
     vertex -3.133914e+00 -4.727344e-01 -1.864286e+00
   endloop
 endfacet
 facet normal  4.746811e-03  9.975347e-01 -7.001383e-02
   outer loop
     vertex -3.100448e+00 -3.737737e-01 -6.214286e-01
     vertex -2.982514e+00 -3.743349e-01 -6.214286e-01
     vertex -3.088674e+00 -4.610620e-01 -1.864286e+00
   endloop
 endfacet
 facet normal -4.620977e-01  8.842559e-01 -6.750737e-02
   outer loop
     vertex -3.145999e+00 -3.841656e-01 -6.214286e-01
     vertex -3.133914e+00 -4.727344e-01 -1.864286e+00
     vertex -3.188035e+00 -5.010171e-01 -1.864286e+00
   endloop
 endfacet
 facet normal -2.218542e-01  9.724580e-01 -7.145677e-02
   outer loop
     vertex -3.145999e+00 -3.841656e-01 -6.214286e-01
     vertex -3.100448e+00 -3.737737e-01 -6.214286e-01
     vertex -3.133914e+00 -4.727344e-01 -1.864286e+00
   endloop
 endfacet
 facet normal -6.001284e-01  7.973379e-01 -6.401671e-02
   outer loop
     vertex -3.200896e+00 -4.109108e-01 -6.214286e-01
     vertex -3.188035e+00 -5.010171e-01 -1.864286e+00
     vertex -3.349056e+00 -6.222124e-01 -1.864286e+00
   endloop
 endfacet
 facet normal -4.369155e-01  8.968105e-01 -6.953944e-02
   outer loop
     vertex -3.200896e+00 -4.109108e-01 -6.214286e-01
     vertex -3.145999e+00 -3.841656e-01 -6.214286e-01
     vertex -3.188035e+00 -5.010171e-01 -1.864286e+00
   endloop
 endfacet
 facet normal -6.449553e-01  7.613283e-01 -6.642152e-02
   outer loop
     vertex -3.365271e+00 -5.275169e-01 -6.214286e-01
     vertex -3.349056e+00 -6.222124e-01 -1.864286e+00
     vertex -3.522968e+00 -7.695409e-01 -1.864286e+00
   endloop
 endfacet
 facet normal -5.771904e-01  8.136447e-01 -6.952349e-02
   outer loop
     vertex -3.365271e+00 -5.275169e-01 -6.214286e-01
     vertex -3.200896e+00 -4.109108e-01 -6.214286e-01
     vertex -3.349056e+00 -6.222124e-01 -1.864286e+00
   endloop
 endfacet
 facet normal -7.123867e-01  6.985192e-01 -6.764702e-02
   outer loop
     vertex -3.543269e+00 -6.698823e-01 -6.214286e-01
     vertex -3.522968e+00 -7.695409e-01 -1.864286e+00
     vertex -3.683592e+00 -9.333538e-01 -1.864286e+00
   endloop
 endfacet
 facet normal -6.229580e-01  7.788763e-01 -7.262973e-02
   outer loop
     vertex -3.543269e+00 -6.698823e-01 -6.214286e-01
     vertex -3.365271e+00 -5.275169e-01 -6.214286e-01
     vertex -3.522968e+00 -7.695409e-01 -1.864286e+00
   endloop
 endfacet
 facet normal -6.920875e-01  7.180032e-01 -7.406926e-02
   outer loop
     vertex -3.708449e+00 -8.291002e-01 -6.214286e-01
     vertex -3.543269e+00 -6.698823e-01 -6.214286e-01
     vertex -3.683592e+00 -9.333538e-01 -1.864286e+00
   endloop
 endfacet
 facet normal -2.988033e-01  9.526943e-01 -5.558959e-02
   outer loop
     vertex -2.463488e+00 -3.242968e-01 -1.864286e+00
     vertex -2.453363e+00 -3.936416e-01 -3.107143e+00
     vertex -2.901537e+00 -5.342072e-01 -3.107143e+00
   endloop
 endfacet
 facet normal -2.716370e-01  9.601053e-01 -6.641611e-02
   outer loop
     vertex -2.915449e+00 -4.521674e-01 -1.864286e+00
     vertex -2.463488e+00 -3.242968e-01 -1.864286e+00
     vertex -2.901537e+00 -5.342072e-01 -3.107143e+00
   endloop
 endfacet
 facet normal -1.377912e-01  9.881224e-01 -6.802742e-02
   outer loop
     vertex -2.970771e+00 -4.582970e-01 -1.864286e+00
     vertex -2.901537e+00 -5.342072e-01 -3.107143e+00
     vertex -2.956665e+00 -5.418946e-01 -3.107143e+00
   endloop
 endfacet
 facet normal -5.151067e-02  9.963816e-01 -6.760369e-02
   outer loop
     vertex -2.970771e+00 -4.582970e-01 -1.864286e+00
     vertex -2.956665e+00 -5.418946e-01 -3.107143e+00
     vertex -3.074442e+00 -5.479835e-01 -3.107143e+00
   endloop
 endfacet
 facet normal -1.098799e-01  9.917049e-01 -6.669142e-02
   outer loop
     vertex -2.970771e+00 -4.582970e-01 -1.864286e+00
     vertex -2.915449e+00 -4.521674e-01 -1.864286e+00
     vertex -2.901537e+00 -5.342072e-01 -3.107143e+00
   endloop
 endfacet
 facet normal -2.338694e-02  9.972718e-01 -7.001383e-02
   outer loop
     vertex -3.088674e+00 -4.610620e-01 -1.864286e+00
     vertex -2.970771e+00 -4.582970e-01 -1.864286e+00
     vertex -3.074442e+00 -5.479835e-01 -3.107143e+00
   endloop
 endfacet
 facet normal -2.763329e-01  9.584172e-01 -7.125022e-02
   outer loop
     vertex -3.133914e+00 -4.727344e-01 -1.864286e+00
     vertex -3.074442e+00 -5.479835e-01 -3.107143e+00
     vertex -3.119335e+00 -5.609271e-01 -3.107143e+00
   endloop
 endfacet
 facet normal -4.868511e-01  8.708724e-01 -6.750737e-02
   outer loop
     vertex -3.133914e+00 -4.727344e-01 -1.864286e+00
     vertex -3.119335e+00 -5.609271e-01 -3.107143e+00
     vertex -3.172637e+00 -5.907248e-01 -3.107143e+00
   endloop
 endfacet
 facet normal -2.492093e-01  9.658871e-01 -7.040461e-02
   outer loop
     vertex -3.133914e+00 -4.727344e-01 -1.864286e+00
     vertex -3.088674e+00 -4.610620e-01 -1.864286e+00
     vertex -3.074442e+00 -5.479835e-01 -3.107143e+00
   endloop
 endfacet
 facet normal -6.223757e-01  7.800963e-01 -6.401671e-02
   outer loop
     vertex -3.188035e+00 -5.010171e-01 -1.864286e+00
     vertex -3.172637e+00 -5.907248e-01 -3.107143e+00
     vertex -3.330177e+00 -7.164130e-01 -3.107143e+00
   endloop
 endfacet
 facet normal -4.620330e-01  8.841322e-01 -6.953944e-02
   outer loop
     vertex -3.188035e+00 -5.010171e-01 -1.864286e+00
     vertex -3.133914e+00 -4.727344e-01 -1.864286e+00
     vertex -3.172637e+00 -5.907248e-01 -3.107143e+00
   endloop
 endfacet
 facet normal -6.661693e-01  7.428369e-01 -6.642152e-02
   outer loop
     vertex -3.349056e+00 -6.222124e-01 -1.864286e+00
     vertex -3.330177e+00 -7.164130e-01 -3.107143e+00
     vertex -3.499865e+00 -8.685875e-01 -3.107143e+00
   endloop
 endfacet
 facet normal -5.999068e-01  7.970435e-01 -6.952349e-02
   outer loop
     vertex -3.349056e+00 -6.222124e-01 -1.864286e+00
     vertex -3.188035e+00 -5.010171e-01 -1.864286e+00
     vertex -3.330177e+00 -7.164130e-01 -3.107143e+00
   endloop
 endfacet
 facet normal -7.318026e-01  6.781511e-01 -6.764702e-02
   outer loop
     vertex -3.522968e+00 -7.695409e-01 -1.864286e+00
     vertex -3.499865e+00 -8.685875e-01 -3.107143e+00
     vertex -3.655805e+00 -1.036865e+00 -3.107143e+00
   endloop
 endfacet
 facet normal -6.446756e-01  7.609982e-01 -7.262973e-02
   outer loop
     vertex -3.522968e+00 -7.695409e-01 -1.864286e+00
     vertex -3.349056e+00 -6.222124e-01 -1.864286e+00
     vertex -3.499865e+00 -8.685875e-01 -3.107143e+00
   endloop
 endfacet
 facet normal -7.120609e-01  6.981998e-01 -7.406926e-02
   outer loop
     vertex -3.683592e+00 -9.333538e-01 -1.864286e+00
     vertex -3.522968e+00 -7.695409e-01 -1.864286e+00
     vertex -3.655805e+00 -1.036865e+00 -3.107143e+00
   endloop
 endfacet
 facet normal -1.823286e-01 -9.803943e-01  7.472161e-02
   outer loop
     vertex -3.607359e+00 -1.194555e+00 -1.864286e+00
     vertex -3.572236e+00 -1.295812e+00 -3.107143e+00
     vertex -3.259539e+00 -1.353966e+00 -3.107143e+00
   endloop
 endfacet
 facet normal -7.248211e-02 -9.947780e-01  7.185503e-02
   outer loop
     vertex -3.296426e+00 -1.261504e+00 -1.864286e+00
     vertex -3.259539e+00 -1.353966e+00 -3.107143e+00
     vertex -3.049122e+00 -1.369297e+00 -3.107143e+00
   endloop
 endfacet
 facet normal -2.100294e-01 -9.754422e-01  6.633423e-02
   outer loop
     vertex -3.296426e+00 -1.261504e+00 -1.864286e+00
     vertex -3.607359e+00 -1.194555e+00 -1.864286e+00
     vertex -3.259539e+00 -1.353966e+00 -3.107143e+00
   endloop
 endfacet
 facet normal -1.005475e-01 -9.927345e-01  6.609334e-02
   outer loop
     vertex -3.086526e+00 -1.282763e+00 -1.864286e+00
     vertex -3.296426e+00 -1.261504e+00 -1.864286e+00
     vertex -3.049122e+00 -1.369297e+00 -3.107143e+00
   endloop
 endfacet
 facet normal -3.473101e-02 -9.972788e-01  6.502903e-02
   outer loop
     vertex -2.938365e+00 -1.292112e+00 -1.864286e+00
     vertex -3.049122e+00 -1.369297e+00 -3.107143e+00
     vertex -2.900757e+00 -1.374464e+00 -3.107143e+00
   endloop
 endfacet
 facet normal -6.283177e-02 -9.957431e-01  6.743786e-02
   outer loop
     vertex -2.938365e+00 -1.292112e+00 -1.864286e+00
     vertex -3.086526e+00 -1.282763e+00 -1.864286e+00
     vertex -3.049122e+00 -1.369297e+00 -3.107143e+00
   endloop
 endfacet
 facet normal  1.762345e-01 -9.819217e-01  6.907336e-02
   outer loop
     vertex -2.880624e+00 -1.283422e+00 -1.864286e+00
     vertex -2.900757e+00 -1.374464e+00 -3.107143e+00
     vertex -2.843284e+00 -1.364149e+00 -3.107143e+00
   endloop
 endfacet
 facet normal  1.484647e-01 -9.864474e-01  6.985472e-02
   outer loop
     vertex -2.880624e+00 -1.283422e+00 -1.864286e+00
     vertex -2.938365e+00 -1.292112e+00 -1.864286e+00
     vertex -2.900757e+00 -1.374464e+00 -3.107143e+00
   endloop
 endfacet
 facet normal  4.204205e-01 -9.046125e-01  7.016317e-02
   outer loop
     vertex -2.830922e+00 -1.262006e+00 -1.864286e+00
     vertex -2.843284e+00 -1.364149e+00 -3.107143e+00
     vertex -2.794206e+00 -1.341340e+00 -3.107143e+00
   endloop
 endfacet
 facet normal  3.947084e-01 -9.160313e-01  7.135736e-02
   outer loop
     vertex -2.830922e+00 -1.262006e+00 -1.864286e+00
     vertex -2.880624e+00 -1.283422e+00 -1.864286e+00
     vertex -2.843284e+00 -1.364149e+00 -3.107143e+00
   endloop
 endfacet
 facet normal  5.286655e-01 -8.462297e-01  6.639369e-02
   outer loop
     vertex -2.707444e+00 -1.189624e+00 -1.864286e+00
     vertex -2.794206e+00 -1.341340e+00 -3.107143e+00
     vertex -2.672818e+00 -1.265505e+00 -3.107143e+00
   endloop
 endfacet
 facet normal  5.044715e-01 -8.605994e-01  6.983675e-02
   outer loop
     vertex -2.707444e+00 -1.189624e+00 -1.864286e+00
     vertex -2.830922e+00 -1.262006e+00 -1.864286e+00
     vertex -2.794206e+00 -1.341340e+00 -3.107143e+00
   endloop
 endfacet
 facet normal  2.996826e-01 -9.519778e-01  6.267855e-02
   outer loop
     vertex -2.546372e+00 -1.143870e+00 -1.864286e+00
     vertex -2.672818e+00 -1.265505e+00 -3.107143e+00
     vertex -2.513101e+00 -1.215226e+00 -3.107143e+00
   endloop
 endfacet
 facet normal  2.726542e-01 -9.598321e-01  6.619703e-02
   outer loop
     vertex -2.546372e+00 -1.143870e+00 -1.864286e+00
     vertex -2.707444e+00 -1.189624e+00 -1.864286e+00
     vertex -2.672818e+00 -1.265505e+00 -3.107143e+00
   endloop
 endfacet
 facet normal  3.243171e-01 -9.442958e-01  5.589113e-02
   outer loop
     vertex -2.251188e+00 -1.051710e+00 -1.864286e+00
     vertex -2.513101e+00 -1.215226e+00 -3.107143e+00
     vertex -2.220633e+00 -1.114779e+00 -3.107143e+00
   endloop
 endfacet
 facet normal  2.974379e-01 -9.526828e-01  6.265893e-02
   outer loop
     vertex -2.251188e+00 -1.051710e+00 -1.864286e+00
     vertex -2.546372e+00 -1.143870e+00 -1.864286e+00
     vertex -2.513101e+00 -1.215226e+00 -3.107143e+00
   endloop
 endfacet
 facet normal -2.373352e-01 -9.686434e-01  7.349833e-02
   outer loop
     vertex -3.330691e+00 -1.168038e+00 -6.214286e-01
     vertex -3.639612e+00 -1.092347e+00 -6.214286e-01
     vertex -3.607359e+00 -1.194555e+00 -1.864286e+00
   endloop
 endfacet
 facet normal -2.100121e-01 -9.753618e-01  6.755937e-02
   outer loop
     vertex -3.330691e+00 -1.168038e+00 -6.214286e-01
     vertex -3.607359e+00 -1.194555e+00 -1.864286e+00
     vertex -3.296426e+00 -1.261504e+00 -1.864286e+00
   endloop
 endfacet
 facet normal -1.005408e-01 -9.926675e-01  6.710250e-02
   outer loop
     vertex -3.121474e+00 -1.195209e+00 -6.214286e-01
     vertex -3.296426e+00 -1.261504e+00 -1.864286e+00
     vertex -3.086526e+00 -1.282763e+00 -1.864286e+00
   endloop
 endfacet
 facet normal -6.282775e-02 -9.956794e-01  6.837513e-02
   outer loop
     vertex -3.121474e+00 -1.195209e+00 -6.214286e-01
     vertex -3.086526e+00 -1.282763e+00 -1.864286e+00
     vertex -2.938365e+00 -1.292112e+00 -1.864286e+00
   endloop
 endfacet
 facet normal -1.284620e-01 -9.891806e-01  7.084688e-02
   outer loop
     vertex -3.121474e+00 -1.195209e+00 -6.214286e-01
     vertex -3.330691e+00 -1.168038e+00 -6.214286e-01
     vertex -3.296426e+00 -1.261504e+00 -1.864286e+00
   endloop
 endfacet
 facet normal  1.484591e-01 -9.864103e-01  7.038865e-02
   outer loop
     vertex -2.973636e+00 -1.208732e+00 -6.214286e-01
     vertex -2.938365e+00 -1.292112e+00 -1.864286e+00
     vertex -2.880624e+00 -1.283422e+00 -1.864286e+00
   endloop
 endfacet
 facet normal -9.090821e-02 -9.937948e-01  6.409112e-02
   outer loop
     vertex -2.973636e+00 -1.208732e+00 -6.214286e-01
     vertex -3.121474e+00 -1.195209e+00 -6.214286e-01
     vertex -2.938365e+00 -1.292112e+00 -1.864286e+00
   endloop
 endfacet
 facet normal  3.947077e-01 -9.160297e-01  7.138197e-02
   outer loop
     vertex -2.915673e+00 -1.201674e+00 -6.214286e-01
     vertex -2.880624e+00 -1.283422e+00 -1.864286e+00
     vertex -2.830922e+00 -1.262006e+00 -1.864286e+00
   endloop
 endfacet
 facet normal  1.205975e-01 -9.903326e-01  6.853928e-02
   outer loop
     vertex -2.915673e+00 -1.201674e+00 -6.214286e-01
     vertex -2.973636e+00 -1.208732e+00 -6.214286e-01
     vertex -2.880624e+00 -1.283422e+00 -1.864286e+00
   endloop
 endfacet
 facet normal  5.044792e-01 -8.606126e-01  6.961889e-02
   outer loop
     vertex -2.865386e+00 -1.181668e+00 -6.214286e-01
     vertex -2.830922e+00 -1.262006e+00 -1.864286e+00
     vertex -2.707444e+00 -1.189624e+00 -1.864286e+00
   endloop
 endfacet
 facet normal  3.687500e-01 -9.268786e-01  7.013855e-02
   outer loop
     vertex -2.865386e+00 -1.181668e+00 -6.214286e-01
     vertex -2.915673e+00 -1.201674e+00 -6.214286e-01
     vertex -2.830922e+00 -1.262006e+00 -1.864286e+00
   endloop
 endfacet
 facet normal  2.726495e-01 -9.598156e-01  6.645424e-02
   outer loop
     vertex -2.739916e+00 -1.112798e+00 -6.214286e-01
     vertex -2.707444e+00 -1.189624e+00 -1.864286e+00
     vertex -2.546372e+00 -1.143870e+00 -1.864286e+00
   endloop
 endfacet
 facet normal  4.801069e-01 -8.746772e-01  6.661168e-02
   outer loop
     vertex -2.739916e+00 -1.112798e+00 -6.214286e-01
     vertex -2.865386e+00 -1.181668e+00 -6.214286e-01
     vertex -2.707444e+00 -1.189624e+00 -1.864286e+00
   endloop
 endfacet
 facet normal  2.974339e-01 -9.526701e-01  6.287082e-02
   outer loop
     vertex -2.577618e+00 -1.071604e+00 -6.214286e-01
     vertex -2.546372e+00 -1.143870e+00 -1.864286e+00
     vertex -2.251188e+00 -1.051710e+00 -1.864286e+00
   endloop
 endfacet
 facet normal  2.455370e-01 -9.673754e-01  6.242115e-02
   outer loop
     vertex -2.577618e+00 -1.071604e+00 -6.214286e-01
     vertex -2.739916e+00 -1.112798e+00 -6.214286e-01
     vertex -2.546372e+00 -1.143870e+00 -1.864286e+00
   endloop
 endfacet
 facet normal  2.705647e-01 -9.610903e-01  5.567899e-02
   outer loop
     vertex -2.279953e+00 -9.878052e-01 -6.214286e-01
     vertex -2.577618e+00 -1.071604e+00 -6.214286e-01
     vertex -2.251188e+00 -1.051710e+00 -1.864286e+00
   endloop
 endfacet
 facet normal -2.373136e-01 -9.685551e-01  7.472161e-02
   outer loop
     vertex -3.668970e+00 -9.892704e-01  6.214286e-01
     vertex -3.639612e+00 -1.092347e+00 -6.214286e-01
     vertex -3.330691e+00 -1.168038e+00 -6.214286e-01
   endloop
 endfacet
 facet normal -1.284527e-01 -9.891091e-01  7.185503e-02
   outer loop
     vertex -3.362307e+00 -1.073644e+00  6.214286e-01
     vertex -3.330691e+00 -1.168038e+00 -6.214286e-01
     vertex -3.121474e+00 -1.195209e+00 -6.214286e-01
   endloop
 endfacet
 facet normal -2.646911e-01 -9.620491e-01  6.633423e-02
   outer loop
     vertex -3.362307e+00 -1.073644e+00  6.214286e-01
     vertex -3.668970e+00 -9.892704e-01  6.214286e-01
     vertex -3.330691e+00 -1.168038e+00 -6.214286e-01
   endloop
 endfacet
 facet normal -9.088231e-02 -9.935116e-01  6.837513e-02
   outer loop
     vertex -3.153939e+00 -1.106703e+00  6.214286e-01
     vertex -3.121474e+00 -1.195209e+00 -6.214286e-01
     vertex -2.973636e+00 -1.208732e+00 -6.214286e-01
   endloop
 endfacet
 facet normal -1.563583e-01 -9.854866e-01  6.609334e-02
   outer loop
     vertex -3.153939e+00 -1.106703e+00  6.214286e-01
     vertex -3.362307e+00 -1.073644e+00  6.214286e-01
     vertex -3.121474e+00 -1.195209e+00 -6.214286e-01
   endloop
 endfacet
 facet normal  1.205820e-01 -9.902047e-01  7.038865e-02
   outer loop
     vertex -3.006541e+00 -1.124391e+00  6.214286e-01
     vertex -2.973636e+00 -1.208732e+00 -6.214286e-01
     vertex -2.915673e+00 -1.201674e+00 -6.214286e-01
   endloop
 endfacet
 facet normal -1.188984e-01 -9.908358e-01  6.409112e-02
   outer loop
     vertex -3.006541e+00 -1.124391e+00  6.214286e-01
     vertex -3.153939e+00 -1.106703e+00  6.214286e-01
     vertex -2.973636e+00 -1.208732e+00 -6.214286e-01
   endloop
 endfacet
 facet normal  3.687174e-01 -9.267967e-01  7.138197e-02
   outer loop
     vertex -2.948402e+00 -1.118970e+00  6.214286e-01
     vertex -2.915673e+00 -1.201674e+00 -6.214286e-01
     vertex -2.865386e+00 -1.181668e+00 -6.214286e-01
   endloop
 endfacet
 facet normal  9.262080e-02 -9.933397e-01  6.853928e-02
   outer loop
     vertex -2.948402e+00 -1.118970e+00  6.214286e-01
     vertex -3.006541e+00 -1.124391e+00  6.214286e-01
     vertex -2.915673e+00 -1.201674e+00 -6.214286e-01
   endloop
 endfacet
 facet normal  4.800081e-01 -8.744973e-01  6.961889e-02
   outer loop
     vertex -2.897571e+00 -1.100390e+00  6.214286e-01
     vertex -2.865386e+00 -1.181668e+00 -6.214286e-01
     vertex -2.739916e+00 -1.112798e+00 -6.214286e-01
   endloop
 endfacet
 facet normal  3.424641e-01 -9.369092e-01  7.013855e-02
   outer loop
     vertex -2.897571e+00 -1.100390e+00  6.214286e-01
     vertex -2.948402e+00 -1.118970e+00  6.214286e-01
     vertex -2.865386e+00 -1.181668e+00 -6.214286e-01
   endloop
 endfacet
 facet normal  2.454730e-01 -9.671230e-01  6.645424e-02
   outer loop
     vertex -2.770208e+00 -1.035086e+00  6.214286e-01
     vertex -2.739916e+00 -1.112798e+00 -6.214286e-01
     vertex -2.577618e+00 -1.071604e+00 -6.214286e-01
   endloop
 endfacet
 facet normal  4.552488e-01 -8.878690e-01  6.661168e-02
   outer loop
     vertex -2.770208e+00 -1.035086e+00  6.214286e-01
     vertex -2.897571e+00 -1.100390e+00  6.214286e-01
     vertex -2.739916e+00 -1.112798e+00 -6.214286e-01
   endloop
 endfacet
 facet normal  2.704490e-01 -9.606792e-01  6.287082e-02
   outer loop
     vertex -2.606814e+00 -9.984850e-01  6.214286e-01
     vertex -2.577618e+00 -1.071604e+00 -6.214286e-01
     vertex -2.279953e+00 -9.878052e-01 -6.214286e-01
   endloop
 endfacet
 facet normal  2.181580e-01 -9.739151e-01  6.242115e-02
   outer loop
     vertex -2.606814e+00 -9.984850e-01  6.214286e-01
     vertex -2.770208e+00 -1.035086e+00  6.214286e-01
     vertex -2.577618e+00 -1.071604e+00 -6.214286e-01
   endloop
 endfacet
 facet normal  2.433530e-01 -9.683383e-01  5.567899e-02
   outer loop
     vertex -2.306903e+00 -9.231145e-01  6.214286e-01
     vertex -2.606814e+00 -9.984850e-01  6.214286e-01
     vertex -2.279953e+00 -9.878052e-01 -6.214286e-01
   endloop
 endfacet
 facet normal -2.915702e-01 -9.537216e-01  7.349833e-02
   outer loop
     vertex -3.391248e+00 -9.783948e-01  1.864286e+00
     vertex -3.695410e+00 -8.854068e-01  1.864286e+00
     vertex -3.668970e+00 -9.892704e-01  6.214286e-01
   endloop
 endfacet
 facet normal -2.646693e-01 -9.619698e-01  6.755937e-02
   outer loop
     vertex -3.391248e+00 -9.783948e-01  1.864286e+00
     vertex -3.668970e+00 -9.892704e-01  6.214286e-01
     vertex -3.362307e+00 -1.073644e+00  6.214286e-01
   endloop
 endfacet
 facet normal -1.563478e-01 -9.854200e-01  6.710250e-02
   outer loop
     vertex -3.183895e+00 -1.017318e+00  1.864286e+00
     vertex -3.362307e+00 -1.073644e+00  6.214286e-01
     vertex -3.153939e+00 -1.106703e+00  6.214286e-01
   endloop
 endfacet
 facet normal -1.840280e-01 -9.803644e-01  7.084688e-02
   outer loop
     vertex -3.183895e+00 -1.017318e+00  1.864286e+00
     vertex -3.391248e+00 -9.783948e-01  1.864286e+00
     vertex -3.362307e+00 -1.073644e+00  6.214286e-01
   endloop
 endfacet
 facet normal -1.188912e-01 -9.907755e-01  6.502903e-02
   outer loop
     vertex -3.037054e+00 -1.039155e+00  1.864286e+00
     vertex -3.153939e+00 -1.106703e+00  6.214286e-01
     vertex -3.006541e+00 -1.124391e+00  6.214286e-01
   endloop
 endfacet
 facet normal  9.260884e-02 -9.932115e-01  7.038865e-02
   outer loop
     vertex -3.037054e+00 -1.039155e+00  1.864286e+00
     vertex -3.006541e+00 -1.124391e+00  6.214286e-01
     vertex -2.948402e+00 -1.118970e+00  6.214286e-01
   endloop
 endfacet
 facet normal -1.467617e-01 -9.868704e-01  6.743786e-02
   outer loop
     vertex -3.037054e+00 -1.039155e+00  1.864286e+00
     vertex -3.183895e+00 -1.017318e+00  1.864286e+00
     vertex -3.153939e+00 -1.106703e+00  6.214286e-01
   endloop
 endfacet
 facet normal  3.424338e-01 -9.368264e-01  7.138197e-02
   outer loop
     vertex -2.978786e+00 -1.035376e+00  1.864286e+00
     vertex -2.948402e+00 -1.118970e+00  6.214286e-01
     vertex -2.897571e+00 -1.100390e+00  6.214286e-01
   endloop
 endfacet
 facet normal  6.457040e-02 -9.955566e-01  6.853928e-02
   outer loop
     vertex -2.978786e+00 -1.035376e+00  1.864286e+00
     vertex -3.037054e+00 -1.039155e+00  1.864286e+00
     vertex -2.948402e+00 -1.118970e+00  6.214286e-01
   endloop
 endfacet
 facet normal  4.551551e-01 -8.876863e-01  6.961889e-02
   outer loop
     vertex -2.927452e+00 -1.018237e+00  1.864286e+00
     vertex -2.897571e+00 -1.100390e+00  6.214286e-01
     vertex -2.770208e+00 -1.035086e+00  6.214286e-01
   endloop
 endfacet
 facet normal  3.159058e-01 -9.461946e-01  7.013855e-02
   outer loop
     vertex -2.927452e+00 -1.018237e+00  1.864286e+00
     vertex -2.978786e+00 -1.035376e+00  1.864286e+00
     vertex -2.897571e+00 -1.100390e+00  6.214286e-01
   endloop
 endfacet
 facet normal  2.181011e-01 -9.736610e-01  6.645424e-02
   outer loop
     vertex -2.798297e+00 -9.565502e-01  1.864286e+00
     vertex -2.770208e+00 -1.035086e+00  6.214286e-01
     vertex -2.606814e+00 -9.984850e-01  6.214286e-01
   endloop
 endfacet
 facet normal  4.300286e-01 -9.003545e-01  6.661168e-02
   outer loop
     vertex -2.798297e+00 -9.565502e-01  1.864286e+00
     vertex -2.927452e+00 -1.018237e+00  1.864286e+00
     vertex -2.770208e+00 -1.035086e+00  6.214286e-01
   endloop
 endfacet
 facet normal  2.432489e-01 -9.679242e-01  6.287082e-02
   outer loop
     vertex -2.633936e+00 -9.245721e-01  1.864286e+00
     vertex -2.606814e+00 -9.984850e-01  6.214286e-01
     vertex -2.306903e+00 -9.231145e-01  6.214286e-01
   endloop
 endfacet
 facet normal  1.906055e-01 -9.796801e-01  6.242115e-02
   outer loop
     vertex -2.633936e+00 -9.245721e-01  1.864286e+00
     vertex -2.798297e+00 -9.565502e-01  1.864286e+00
     vertex -2.606814e+00 -9.984850e-01  6.214286e-01
   endloop
 endfacet
 facet normal  2.159477e-01 -9.748161e-01  5.567899e-02
   outer loop
     vertex -2.332019e+00 -8.576895e-01  1.864286e+00
     vertex -2.633936e+00 -9.245721e-01  1.864286e+00
     vertex -2.306903e+00 -9.231145e-01  6.214286e-01
   endloop
 endfacet
 facet normal -1.000000e+00  0.000000e+00  0.000000e+00
   outer loop
     vertex  1.250000e+00 -1.224745e+00  3.850000e+00
     vertex  1.250000e+00  1.224745e+00 -3.850000e+00
     vertex  1.250000e+00 -1.224745e+00 -3.850000e+00
   endloop
 endfacet
 facet normal -1.000000e+00  0.000000e+00  0.000000e+00
   outer loop
     vertex  1.250000e+00 -1.224745e+00  3.850000e+00
     vertex  1.250000e+00  1.224745e+00  3.850000e+00
     vertex  1.250000e+00  1.224745e+00 -3.850000e+00
   endloop
 endfacet
 facet normal -6.246255e-01  7.809030e-01  5.779683e-03
   outer loop
     vertex -1.315393e+00  2.108005e+00 -1.864286e+00
     vertex -1.374318e+00  2.070071e+00 -3.107143e+00
     vertex -1.717630e+00  1.795464e+00 -3.107143e+00
   endloop
 endfacet
 facet normal -6.023545e-01  7.982078e-01 -5.779683e-03
   outer loop
     vertex -1.666312e+00  1.843189e+00 -1.864286e+00
     vertex -1.315393e+00  2.108005e+00 -1.864286e+00
     vertex -1.717630e+00  1.795464e+00 -3.107143e+00
   endloop
 endfacet
 facet normal -1.901762e-01  9.817410e-01 -4.195647e-03
   outer loop
     vertex -6.188730e-01  2.406437e+00 -1.864286e+00
     vertex -2.548886e-01  2.471634e+00 -3.107143e+00
     vertex -6.864918e-01  2.388027e+00 -3.107143e+00
   endloop
 endfacet
 facet normal -1.624141e-01  9.867138e-01  4.195647e-03
   outer loop
     vertex -6.188730e-01  2.406437e+00 -1.864286e+00
     vertex -1.850838e-01  2.477839e+00 -1.864286e+00
     vertex -2.548886e-01  2.471634e+00 -3.107143e+00
   endloop
 endfacet
 facet normal  2.878451e-01  9.576678e-01 -4.195647e-03
   outer loop
     vertex  5.703422e-01  2.418399e+00 -1.864286e+00
     vertex  9.229329e-01  2.306976e+00 -3.107143e+00
     vertex  5.019131e-01  2.433521e+00 -3.107143e+00
   endloop
 endfacet
 facet normal  3.147382e-01  9.491692e-01  4.195647e-03
   outer loop
     vertex  5.703422e-01  2.418399e+00 -1.864286e+00
     vertex  9.876257e-01  2.280030e+00 -1.864286e+00
     vertex  9.229329e-01  2.306976e+00 -3.107143e+00
   endloop
 endfacet
 facet normal  6.999246e-01  7.142044e-01 -4.195647e-03
   outer loop
     vertex  1.628899e+00  1.876335e+00 -1.864286e+00
     vertex  1.889322e+00  1.613817e+00 -3.107143e+00
     vertex  1.575336e+00  1.921525e+00 -3.107143e+00
   endloop
 endfacet
 facet normal  7.197878e-01  6.941815e-01  4.195647e-03
   outer loop
     vertex  1.628899e+00  1.876335e+00 -1.864286e+00
     vertex  1.934082e+00  1.559894e+00 -1.864286e+00
     vertex  1.889322e+00  1.613817e+00 -3.107143e+00
   endloop
 endfacet
 facet normal  9.516598e-01  3.071254e-01 -4.195647e-03
   outer loop
     vertex  2.314294e+00  9.044247e-01 -1.864286e+00
     vertex  2.422890e+00  5.509528e-01 -3.107143e+00
     vertex  2.287868e+00  9.693313e-01 -3.107143e+00
   endloop
 endfacet
 facet normal  9.599427e-01  2.801651e-01  4.195647e-03
   outer loop
     vertex  2.314294e+00  9.044247e-01 -1.864286e+00
     vertex  2.437464e+00  4.824048e-01 -1.864286e+00
     vertex  2.422890e+00  5.509528e-01 -3.107143e+00
   endloop
 endfacet
 facet normal  9.853812e-01 -1.703123e-01 -4.195647e-03
   outer loop
     vertex  2.469513e+00 -2.746780e-01 -1.864286e+00
     vertex  2.401403e+00 -6.381285e-01 -3.107143e+00
     vertex  2.476277e+00 -2.049250e-01 -3.107143e+00
   endloop
 endfacet
 facet normal  9.801862e-01 -1.980337e-01  4.195647e-03
   outer loop
     vertex  2.469513e+00 -2.746780e-01 -1.864286e+00
     vertex  2.382451e+00 -7.055976e-01 -1.864286e+00
     vertex  2.401403e+00 -6.381285e-01 -3.107143e+00
   endloop
 endfacet
 facet normal  7.933636e-01 -6.087336e-01 -4.195647e-03
   outer loop
     vertex  2.058996e+00 -1.390855e+00 -1.864286e+00
     vertex  1.829783e+00 -1.681022e+00 -3.107143e+00
     vertex  2.097401e+00 -1.332235e+00 -3.107143e+00
   endloop
 endfacet
 facet normal  7.758809e-01 -6.308654e-01  4.195647e-03
   outer loop
     vertex  2.058996e+00 -1.390855e+00 -1.864286e+00
     vertex  1.781648e+00 -1.731956e+00 -1.864286e+00
     vertex  1.829783e+00 -1.681022e+00 -3.107143e+00
   endloop
 endfacet
 facet normal  4.195927e-01 -9.076941e-01  5.779683e-03
   outer loop
     vertex  7.726913e-01 -2.361544e+00 -1.864286e+00
     vertex  8.389828e-01 -2.338814e+00 -3.107143e+00
     vertex  1.238036e+00 -2.154347e+00 -3.107143e+00
   endloop
 endfacet
 facet normal  3.938276e-01 -9.191662e-01 -5.779683e-03
   outer loop
     vertex  1.176788e+00 -2.188404e+00 -1.864286e+00
     vertex  7.726913e-01 -2.361544e+00 -1.864286e+00
     vertex  1.238036e+00 -2.154347e+00 -3.107143e+00
   endloop
 endfacet
 facet normal -5.029599e-02 -9.987255e-01 -4.195647e-03
   outer loop
     vertex  2.499164e-02 -2.484616e+00 -1.864286e+00
     vertex -3.440187e-01 -2.460812e+00 -3.107143e+00
     vertex  9.505133e-02 -2.482923e+00 -3.107143e+00
   endloop
 endfacet
 facet normal -7.844144e-02 -9.969099e-01  4.195647e-03
   outer loop
     vertex  2.499164e-02 -2.484616e+00 -1.864286e+00
     vertex -4.132802e-01 -2.450131e+00 -1.864286e+00
     vertex -3.440187e-01 -2.460812e+00 -3.107143e+00
   endloop
 endfacet
 facet normal -5.086658e-01 -8.609538e-01 -4.195647e-03
   outer loop
     vertex -1.132530e+00 -2.211633e+00 -1.864286e+00
     vertex -1.448210e+00 -2.019067e+00 -3.107143e+00
     vertex -1.069708e+00 -2.242692e+00 -3.107143e+00
   endloop
 endfacet
 facet normal -5.327436e-01 -8.462663e-01  4.195647e-03
   outer loop
     vertex -1.132530e+00 -2.211633e+00 -1.864286e+00
     vertex -1.504574e+00 -1.977422e+00 -1.864286e+00
     vertex -1.448210e+00 -2.019067e+00 -3.107143e+00
   endloop
 endfacet
 facet normal -8.505064e-01 -5.259480e-01 -4.195647e-03
   outer loop
     vertex -2.030602e+00 -1.431991e+00 -1.864286e+00
     vertex -2.220633e+00 -1.114779e+00 -3.107143e+00
     vertex -1.989411e+00 -1.488687e+00 -3.107143e+00
   endloop
 endfacet
 facet normal -8.650006e-01 -5.017533e-01  4.195647e-03
   outer loop
     vertex -2.030602e+00 -1.431991e+00 -1.864286e+00
     vertex -2.251188e+00 -1.051710e+00 -1.864286e+00
     vertex -2.220633e+00 -1.114779e+00 -3.107143e+00
   endloop
 endfacet
 facet normal -5.563976e-01  8.309056e-01 -4.195647e-03
   outer loop
     vertex -1.504574e+00  1.977422e+00  1.864286e+00
     vertex -1.194450e+00  2.178814e+00  6.214286e-01
     vertex -1.559742e+00  1.934205e+00  6.214286e-01
   endloop
 endfacet
 facet normal -5.327436e-01  8.462663e-01  4.195647e-03
   outer loop
     vertex -1.504574e+00  1.977422e+00  1.864286e+00
     vertex -1.132530e+00  2.211633e+00  1.864286e+00
     vertex -1.194450e+00  2.178814e+00  6.214286e-01
   endloop
 endfacet
 facet normal -5.796090e-01  8.148840e-01 -4.195647e-03
   outer loop
     vertex -1.559742e+00  1.934205e+00  6.214286e-01
     vertex -1.255421e+00  2.144262e+00 -6.214286e-01
     vertex -1.613669e+00  1.889449e+00 -6.214286e-01
   endloop
 endfacet
 facet normal -5.563976e-01  8.309056e-01  4.195647e-03
   outer loop
     vertex -1.559742e+00  1.934205e+00  6.214286e-01
     vertex -1.194450e+00  2.178814e+00  6.214286e-01
     vertex -1.255421e+00  2.144262e+00 -6.214286e-01
   endloop
 endfacet
 facet normal -6.023593e-01  7.982141e-01 -4.195647e-03
   outer loop
     vertex -1.613669e+00  1.889449e+00 -6.214286e-01
     vertex -1.315393e+00  2.108005e+00 -1.864286e+00
     vertex -1.666312e+00  1.843189e+00 -1.864286e+00
   endloop
 endfacet
 facet normal -5.796090e-01  8.148840e-01  4.195647e-03
   outer loop
     vertex -1.613669e+00  1.889449e+00 -6.214286e-01
     vertex -1.255421e+00  2.144262e+00 -6.214286e-01
     vertex -1.315393e+00  2.108005e+00 -1.864286e+00
   endloop
 endfacet
 facet normal -1.065245e-01  9.943012e-01 -4.195647e-03
   outer loop
     vertex -4.132802e-01  2.450131e+00  1.864286e+00
     vertex -4.508793e-02  2.484333e+00  6.214286e-01
     vertex -4.822129e-01  2.437502e+00  6.214286e-01
   endloop
 endfacet
 facet normal -7.844144e-02  9.969099e-01  4.195647e-03
   outer loop
     vertex -4.132802e-01  2.450131e+00  1.864286e+00
     vertex  2.499164e-02  2.484616e+00  1.864286e+00
     vertex -4.508793e-02  2.484333e+00  6.214286e-01
   endloop
 endfacet
 facet normal -1.345228e-01  9.909016e-01 -4.195647e-03
   outer loop
     vertex -4.822129e-01  2.437502e+00  6.214286e-01
     vertex -1.151316e-01  2.482073e+00 -6.214286e-01
     vertex -5.507620e-01  2.422933e+00 -6.214286e-01
   endloop
 endfacet
 facet normal -1.065245e-01  9.943012e-01  4.195647e-03
   outer loop
     vertex -4.822129e-01  2.437502e+00  6.214286e-01
     vertex -4.508793e-02  2.484333e+00  6.214286e-01
     vertex -1.151316e-01  2.482073e+00 -6.214286e-01
   endloop
 endfacet
 facet normal -1.624128e-01  9.867060e-01  5.779683e-03
   outer loop
     vertex -1.151316e-01  2.482073e+00 -6.214286e-01
     vertex -1.850838e-01  2.477839e+00 -1.864286e+00
     vertex -6.188730e-01  2.406437e+00 -1.864286e+00
   endloop
 endfacet
 facet normal -1.345217e-01  9.908938e-01 -5.779683e-03
   outer loop
     vertex -5.507620e-01  2.422933e+00 -6.214286e-01
     vertex -1.151316e-01  2.482073e+00 -6.214286e-01
     vertex -6.188730e-01  2.406437e+00 -1.864286e+00
   endloop
 endfacet
 facet normal  3.677492e-01  9.299071e-01  5.779683e-03
   outer loop
     vertex  1.176788e+00  2.188404e+00  1.864286e+00
     vertex  1.114604e+00  2.220721e+00  6.214286e-01
     vertex  7.057851e-01  2.382396e+00  6.214286e-01
   endloop
 endfacet
 facet normal  3.938276e-01  9.191662e-01 -5.779683e-03
   outer loop
     vertex  7.726913e-01  2.361544e+00  1.864286e+00
     vertex  1.176788e+00  2.188404e+00  1.864286e+00
     vertex  7.057851e-01  2.382396e+00  6.214286e-01
   endloop
 endfacet
 facet normal  3.413809e-01  9.399157e-01 -4.195647e-03
   outer loop
     vertex  7.057851e-01  2.382396e+00  6.214286e-01
     vertex  1.051533e+00  2.251271e+00 -6.214286e-01
     vertex  6.383175e-01  2.401352e+00 -6.214286e-01
   endloop
 endfacet
 facet normal  3.677521e-01  9.299144e-01  4.195647e-03
   outer loop
     vertex  7.057851e-01  2.382396e+00  6.214286e-01
     vertex  1.114604e+00  2.220721e+00  6.214286e-01
     vertex  1.051533e+00  2.251271e+00 -6.214286e-01
   endloop
 endfacet
 facet normal  3.147382e-01  9.491692e-01 -4.195647e-03
   outer loop
     vertex  6.383175e-01  2.401352e+00 -6.214286e-01
     vertex  9.876257e-01  2.280030e+00 -1.864286e+00
     vertex  5.703422e-01  2.418399e+00 -1.864286e+00
   endloop
 endfacet
 facet normal  3.413809e-01  9.399157e-01  4.195647e-03
   outer loop
     vertex  6.383175e-01  2.401352e+00 -6.214286e-01
     vertex  1.051533e+00  2.251271e+00 -6.214286e-01
     vertex  9.876257e-01  2.280030e+00 -1.864286e+00
   endloop
 endfacet
 facet normal  7.577811e-01  6.524954e-01 -4.195647e-03
   outer loop
     vertex  1.781648e+00  1.731956e+00  1.864286e+00
     vertex  2.018953e+00  1.448369e+00  6.214286e-01
     vertex  1.732096e+00  1.781512e+00  6.214286e-01
   endloop
 endfacet
 facet normal  7.758809e-01  6.308654e-01  4.195647e-03
   outer loop
     vertex  1.781648e+00  1.731956e+00  1.864286e+00
     vertex  2.058996e+00  1.390855e+00  1.864286e+00
     vertex  2.018953e+00  1.448369e+00  6.214286e-01
   endloop
 endfacet
 facet normal  7.390726e-01  6.736010e-01  5.779683e-03
   outer loop
     vertex  2.018953e+00  1.448369e+00  6.214286e-01
     vertex  1.977304e+00  1.504730e+00 -6.214286e-01
     vertex  1.681166e+00  1.829651e+00 -6.214286e-01
   endloop
 endfacet
 facet normal  7.577751e-01  6.524902e-01 -5.779683e-03
   outer loop
     vertex  1.732096e+00  1.781512e+00  6.214286e-01
     vertex  2.018953e+00  1.448369e+00  6.214286e-01
     vertex  1.681166e+00  1.829651e+00 -6.214286e-01
   endloop
 endfacet
 facet normal  7.197878e-01  6.941815e-01 -4.195647e-03
   outer loop
     vertex  1.681166e+00  1.829651e+00 -6.214286e-01
     vertex  1.934082e+00  1.559894e+00 -1.864286e+00
     vertex  1.628899e+00  1.876335e+00 -1.864286e+00
   endloop
 endfacet
 facet normal  7.390784e-01  6.736064e-01  4.195647e-03
   outer loop
     vertex  1.681166e+00  1.829651e+00 -6.214286e-01
     vertex  1.977304e+00  1.504730e+00 -6.214286e-01
     vertex  1.934082e+00  1.559894e+00 -1.864286e+00
   endloop
 endfacet
 facet normal  9.742115e-01  2.255976e-01 -4.195647e-03
   outer loop
     vertex  2.382451e+00  7.055976e-01  1.864286e+00
     vertex  2.460785e+00  3.442124e-01  6.214286e-01
     vertex  2.361605e+00  7.725054e-01  6.214286e-01
   endloop
 endfacet
 facet normal  9.801862e-01  1.980337e-01  4.195647e-03
   outer loop
     vertex  2.382451e+00  7.055976e-01  1.864286e+00
     vertex  2.469513e+00  2.746780e-01  1.864286e+00
     vertex  2.460785e+00  3.442124e-01  6.214286e-01
   endloop
 endfacet
 facet normal  9.674619e-01  2.529820e-01 -4.195647e-03
   outer loop
     vertex  2.361605e+00  7.725054e-01  6.214286e-01
     vertex  2.450099e+00  4.134731e-01 -6.214286e-01
     vertex  2.338880e+00  8.387986e-01 -6.214286e-01
   endloop
 endfacet
 facet normal  9.742115e-01  2.255976e-01  4.195647e-03
   outer loop
     vertex  2.361605e+00  7.725054e-01  6.214286e-01
     vertex  2.460785e+00  3.442124e-01  6.214286e-01
     vertex  2.450099e+00  4.134731e-01 -6.214286e-01
   endloop
 endfacet
 facet normal  9.599351e-01  2.801629e-01  5.779683e-03
   outer loop
     vertex  2.450099e+00  4.134731e-01 -6.214286e-01
     vertex  2.437464e+00  4.824048e-01 -1.864286e+00
     vertex  2.314294e+00  9.044247e-01 -1.864286e+00
   endloop
 endfacet
 facet normal  9.674543e-01  2.529800e-01 -5.779683e-03
   outer loop
     vertex  2.338880e+00  8.387986e-01 -6.214286e-01
     vertex  2.450099e+00  4.134731e-01 -6.214286e-01
     vertex  2.314294e+00  9.044247e-01 -1.864286e+00
   endloop
 endfacet
 facet normal  9.674619e-01 -2.529820e-01 -4.195647e-03
   outer loop
     vertex  2.437464e+00 -4.824048e-01  1.864286e+00
     vertex  2.338880e+00 -8.387986e-01  6.214286e-01
     vertex  2.450099e+00 -4.134731e-01  6.214286e-01
   endloop
 endfacet
 facet normal  9.599427e-01 -2.801651e-01  4.195647e-03
   outer loop
     vertex  2.437464e+00 -4.824048e-01  1.864286e+00
     vertex  2.314294e+00 -9.044247e-01  1.864286e+00
     vertex  2.338880e+00 -8.387986e-01  6.214286e-01
   endloop
 endfacet
 facet normal  9.742038e-01 -2.255958e-01  5.779683e-03
   outer loop
     vertex  2.338880e+00 -8.387986e-01  6.214286e-01
     vertex  2.361605e+00 -7.725054e-01 -6.214286e-01
     vertex  2.460785e+00 -3.442124e-01 -6.214286e-01
   endloop
 endfacet
 facet normal  9.674543e-01 -2.529800e-01 -5.779683e-03
   outer loop
     vertex  2.450099e+00 -4.134731e-01  6.214286e-01
     vertex  2.338880e+00 -8.387986e-01  6.214286e-01
     vertex  2.460785e+00 -3.442124e-01 -6.214286e-01
   endloop
 endfacet
 facet normal  9.801862e-01 -1.980337e-01 -4.195647e-03
   outer loop
     vertex  2.460785e+00 -3.442124e-01 -6.214286e-01
     vertex  2.382451e+00 -7.055976e-01 -1.864286e+00
     vertex  2.469513e+00 -2.746780e-01 -1.864286e+00
   endloop
 endfacet
 facet normal  9.742115e-01 -2.255976e-01  4.195647e-03
   outer loop
     vertex  2.460785e+00 -3.442124e-01 -6.214286e-01
     vertex  2.361605e+00 -7.725054e-01 -6.214286e-01
     vertex  2.382451e+00 -7.055976e-01 -1.864286e+00
   endloop
 endfacet
 facet normal  7.390784e-01 -6.736064e-01 -4.195647e-03
   outer loop
     vertex  1.934082e+00 -1.559894e+00  1.864286e+00
     vertex  1.681166e+00 -1.829651e+00  6.214286e-01
     vertex  1.977304e+00 -1.504730e+00  6.214286e-01
   endloop
 endfacet
 facet normal  7.197878e-01 -6.941815e-01  4.195647e-03
   outer loop
     vertex  1.934082e+00 -1.559894e+00  1.864286e+00
     vertex  1.628899e+00 -1.876335e+00  1.864286e+00
     vertex  1.681166e+00 -1.829651e+00  6.214286e-01
   endloop
 endfacet
 facet normal  7.577811e-01 -6.524954e-01 -4.195647e-03
   outer loop
     vertex  1.977304e+00 -1.504730e+00  6.214286e-01
     vertex  1.732096e+00 -1.781512e+00 -6.214286e-01
     vertex  2.018953e+00 -1.448369e+00 -6.214286e-01
   endloop
 endfacet
 facet normal  7.390784e-01 -6.736064e-01  4.195647e-03
   outer loop
     vertex  1.977304e+00 -1.504730e+00  6.214286e-01
     vertex  1.681166e+00 -1.829651e+00  6.214286e-01
     vertex  1.732096e+00 -1.781512e+00 -6.214286e-01
   endloop
 endfacet
 facet normal  7.758748e-01 -6.308604e-01  5.779683e-03
   outer loop
     vertex  1.732096e+00 -1.781512e+00 -6.214286e-01
     vertex  1.781648e+00 -1.731956e+00 -1.864286e+00
     vertex  2.058996e+00 -1.390855e+00 -1.864286e+00
   endloop
 endfacet
 facet normal  7.577751e-01 -6.524902e-01 -5.779683e-03
   outer loop
     vertex  2.018953e+00 -1.448369e+00 -6.214286e-01
     vertex  1.732096e+00 -1.781512e+00 -6.214286e-01
     vertex  2.058996e+00 -1.390855e+00 -1.864286e+00
   endloop
 endfacet
 facet normal  3.413809e-01 -9.399157e-01 -4.195647e-03
   outer loop
     vertex  9.876257e-01 -2.280030e+00  1.864286e+00
     vertex  6.383175e-01 -2.401352e+00  6.214286e-01
     vertex  1.051533e+00 -2.251271e+00  6.214286e-01
   endloop
 endfacet
 facet normal  3.147382e-01 -9.491692e-01  4.195647e-03
   outer loop
     vertex  9.876257e-01 -2.280030e+00  1.864286e+00
     vertex  5.703422e-01 -2.418399e+00  1.864286e+00
     vertex  6.383175e-01 -2.401352e+00  6.214286e-01
   endloop
 endfacet
 facet normal  3.677521e-01 -9.299144e-01 -4.195647e-03
   outer loop
     vertex  1.051533e+00 -2.251271e+00  6.214286e-01
     vertex  7.057851e-01 -2.382396e+00 -6.214286e-01
     vertex  1.114604e+00 -2.220721e+00 -6.214286e-01
   endloop
 endfacet
 facet normal  3.413809e-01 -9.399157e-01  4.195647e-03
   outer loop
     vertex  1.051533e+00 -2.251271e+00  6.214286e-01
     vertex  6.383175e-01 -2.401352e+00  6.214286e-01
     vertex  7.057851e-01 -2.382396e+00 -6.214286e-01
   endloop
 endfacet
 facet normal  3.938307e-01 -9.191734e-01 -4.195647e-03
   outer loop
     vertex  1.114604e+00 -2.220721e+00 -6.214286e-01
     vertex  7.726913e-01 -2.361544e+00 -1.864286e+00
     vertex  1.176788e+00 -2.188404e+00 -1.864286e+00
   endloop
 endfacet
 facet normal  3.677521e-01 -9.299144e-01  4.195647e-03
   outer loop
     vertex  1.114604e+00 -2.220721e+00 -6.214286e-01
     vertex  7.057851e-01 -2.382396e+00 -6.214286e-01
     vertex  7.726913e-01 -2.361544e+00 -1.864286e+00
   endloop
 endfacet
 facet normal -1.345228e-01 -9.909016e-01 -4.195647e-03
   outer loop
     vertex -1.850838e-01 -2.477839e+00  1.864286e+00
     vertex -5.507620e-01 -2.422933e+00  6.214286e-01
     vertex -1.151316e-01 -2.482073e+00  6.214286e-01
   endloop
 endfacet
 facet normal -1.624141e-01 -9.867138e-01  4.195647e-03
   outer loop
     vertex -1.850838e-01 -2.477839e+00  1.864286e+00
     vertex -6.188730e-01 -2.406437e+00  1.864286e+00
     vertex -5.507620e-01 -2.422933e+00  6.214286e-01
   endloop
 endfacet
 facet normal -1.065236e-01 -9.942934e-01  5.779683e-03
   outer loop
     vertex -5.507620e-01 -2.422933e+00  6.214286e-01
     vertex -4.822129e-01 -2.437502e+00 -6.214286e-01
     vertex -4.508793e-02 -2.484333e+00 -6.214286e-01
   endloop
 endfacet
 facet normal -1.345217e-01 -9.908938e-01 -5.779683e-03
   outer loop
     vertex -1.151316e-01 -2.482073e+00  6.214286e-01
     vertex -5.507620e-01 -2.422933e+00  6.214286e-01
     vertex -4.508793e-02 -2.484333e+00 -6.214286e-01
   endloop
 endfacet
 facet normal -7.844144e-02 -9.969099e-01 -4.195647e-03
   outer loop
     vertex -4.508793e-02 -2.484333e+00 -6.214286e-01
     vertex -4.132802e-01 -2.450131e+00 -1.864286e+00
     vertex  2.499164e-02 -2.484616e+00 -1.864286e+00
   endloop
 endfacet
 facet normal -1.065245e-01 -9.943012e-01  4.195647e-03
   outer loop
     vertex -4.508793e-02 -2.484333e+00 -6.214286e-01
     vertex -4.822129e-01 -2.437502e+00 -6.214286e-01
     vertex -4.132802e-01 -2.450131e+00 -1.864286e+00
   endloop
 endfacet
 facet normal -5.796044e-01 -8.148775e-01  5.779683e-03
   outer loop
     vertex -1.666312e+00 -1.843189e+00  1.864286e+00
     vertex -1.613669e+00 -1.889449e+00  6.214286e-01
     vertex -1.255421e+00 -2.144262e+00  6.214286e-01
   endloop
 endfacet
 facet normal -6.023545e-01 -7.982078e-01 -5.779683e-03
   outer loop
     vertex -1.315393e+00 -2.108005e+00  1.864286e+00
     vertex -1.666312e+00 -1.843189e+00  1.864286e+00
     vertex -1.255421e+00 -2.144262e+00  6.214286e-01
   endloop
 endfacet
 facet normal -5.563976e-01 -8.309056e-01 -4.195647e-03
   outer loop
     vertex -1.255421e+00 -2.144262e+00  6.214286e-01
     vertex -1.559742e+00 -1.934205e+00 -6.214286e-01
     vertex -1.194450e+00 -2.178814e+00 -6.214286e-01
   endloop
 endfacet
 facet normal -5.796090e-01 -8.148840e-01  4.195647e-03
   outer loop
     vertex -1.255421e+00 -2.144262e+00  6.214286e-01
     vertex -1.613669e+00 -1.889449e+00  6.214286e-01
     vertex -1.559742e+00 -1.934205e+00 -6.214286e-01
   endloop
 endfacet
 facet normal -5.327436e-01 -8.462663e-01 -4.195647e-03
   outer loop
     vertex -1.194450e+00 -2.178814e+00 -6.214286e-01
     vertex -1.504574e+00 -1.977422e+00 -1.864286e+00
     vertex -1.132530e+00 -2.211633e+00 -1.864286e+00
   endloop
 endfacet
 facet normal -5.563976e-01 -8.309056e-01  4.195647e-03
   outer loop
     vertex -1.194450e+00 -2.178814e+00 -6.214286e-01
     vertex -1.559742e+00 -1.934205e+00 -6.214286e-01
     vertex -1.504574e+00 -1.977422e+00 -1.864286e+00
   endloop
 endfacet
 facet normal -8.919137e-01 -4.521862e-01 -4.195647e-03
   outer loop
     vertex -2.144361e+00 -1.255252e+00  1.864286e+00
     vertex -2.306903e+00 -9.231145e-01  6.214286e-01
     vertex -2.108108e+00 -1.315227e+00  6.214286e-01
   endloop
 endfacet
 facet normal -9.043112e-01 -4.268531e-01  4.195647e-03
   outer loop
     vertex -2.144361e+00 -1.255252e+00  1.864286e+00
     vertex -2.332019e+00 -8.576895e-01  1.864286e+00
     vertex -2.306903e+00 -9.231145e-01  6.214286e-01
   endloop
 endfacet
 facet normal -8.787997e-01 -4.771558e-01  5.779683e-03
   outer loop
     vertex -2.306903e+00 -9.231145e-01  6.214286e-01
     vertex -2.279953e+00 -9.878052e-01 -6.214286e-01
     vertex -2.070179e+00 -1.374155e+00 -6.214286e-01
   endloop
 endfacet
 facet normal -8.919067e-01 -4.521826e-01 -5.779683e-03
   outer loop
     vertex -2.108108e+00 -1.315227e+00  6.214286e-01
     vertex -2.306903e+00 -9.231145e-01  6.214286e-01
     vertex -2.070179e+00 -1.374155e+00 -6.214286e-01
   endloop
 endfacet
 facet normal -8.650006e-01 -5.017533e-01 -4.195647e-03
   outer loop
     vertex -2.070179e+00 -1.374155e+00 -6.214286e-01
     vertex -2.251188e+00 -1.051710e+00 -1.864286e+00
     vertex -2.030602e+00 -1.431991e+00 -1.864286e+00
   endloop
 endfacet
 facet normal -8.788067e-01 -4.771595e-01  4.195647e-03
   outer loop
     vertex -2.070179e+00 -1.374155e+00 -6.214286e-01
     vertex -2.279953e+00 -9.878052e-01 -6.214286e-01
     vertex -2.251188e+00 -1.051710e+00 -1.864286e+00
   endloop
 endfacet
endsolid
